{"type":"FeatureCollection","metadata":{"source":"regions.geojson","display_simplification_degrees":0.002},"features":[{"type":"Feature","properties":{"ADM1_PCODE":"PH01","ADM1_EN":"Region I (Ilocos Region)"},"geometry":{"type":"MultiPolygon","coordinates":[[[[119.864794,15.814656],[119.866105,15.812581],[119.863887,15.812574],[119.864794,15.814656]]],[[[119.778255,15.880413],[119.778452,15.881749],[119.778945,15.88112],[119.778255,15.880413]]],[[[119.775294,15.912607],[119.775548,15.912837],[119.776064,15.912398],[119.775294,15.912607]]],[[[119.774027,15.915972],[119.772465,15.914226],[119.771341,15.915227],[119.774027,15.915972]]],[[[119.994157,16.209565],[119.996142,16.210984],[120.002625,16.211073],[119.996963,16.208438],[119.994157,16.209565]]],[[[119.924926,16.266433],[119.923293,16.267134],[119.924908,16.267234],[119.924926,16.266433]]],[[[119.937565,16.268534],[119.937056,16.267642],[119.936163,16.268124],[119.937565,16.268534]]],[[[119.989685,16.350102],[119.991048,16.342217],[120.000075,16.33864],[119.996063,16.328607],[119.998167,16.323104],[120.011368,16.314164],[120.020984,16.31359],[120.011253,16.302692],[119.998137,16.278023],[120.006119,16.260129],[120.018647,16.252969],[120.016845,16.244054],[120.017985,16.240737],[120.013888,16.232585],[119.992986,16.222179],[119.983564,16.236497],[119.987085,16.238141],[119.979843,16.241135],[119.978475,16.251103],[119.961039,16.263734],[119.948545,16.26657],[119.957709,16.270415],[119.954668,16.278946],[119.944312,16.287279],[119.94099,16.284661],[119.937592,16.286292],[119.939195,16.292215],[119.93522,16.295729],[119.922385,16.285148],[119.917456,16.29868],[119.920424,16.30782],[119.924913,16.310007],[119.929637,16.307139],[119.939108,16.314343],[119.938053,16.322876],[119.943102,16.324668],[119.943711,16.330407],[119.951413,16.33275],[119.952611,16.329637],[119.955674,16.330927],[119.964315,16.326375],[119.967033,16.336804],[119.965196,16.343398],[119.970294,16.34878],[119.979536,16.347025],[119.989685,16.350102]]],[[[119.91523,16.295178],[119.915757,16.298758],[119.915897,16.294854],[119.91523,16.295178]]],[[[119.921183,16.312991],[119.923281,16.311922],[119.921467,16.311023],[119.921183,16.312991]]],[[[119.932583,16.318516],[119.933409,16.317367],[119.932239,16.31738],[119.932583,16.318516]]],[[[119.950164,16.337023],[119.942789,16.340784],[119.943788,16.346315],[119.950734,16.341959],[119.950164,16.337023]]],[[[119.94188,16.344816],[119.94267,16.345291],[119.942504,16.344853],[119.94188,16.344816]]],[[[119.941987,16.355104],[119.943556,16.352711],[119.94094,16.352724],[119.941987,16.355104]]],[[[119.965053,16.365368],[119.955473,16.353618],[119.94729,16.350728],[119.946853,16.362323],[119.950524,16.363719],[119.951698,16.361066],[119.952863,16.364802],[119.961541,16.366909],[119.965053,16.365368]]],[[[119.990514,16.363265],[119.989124,16.356597],[119.98727,16.361014],[119.990514,16.363265]]],[[[119.929936,16.372762],[119.929312,16.371893],[119.929503,16.372567],[119.929936,16.372762]]],[[[119.909101,16.404525],[119.916139,16.424712],[119.92665,16.421804],[119.936931,16.42618],[119.936744,16.421098],[119.939952,16.421345],[119.945892,16.411068],[119.951923,16.409277],[119.955878,16.399619],[119.962374,16.403678],[119.960267,16.399334],[119.964019,16.380086],[119.961113,16.376498],[119.964078,16.371205],[119.961244,16.369467],[119.952497,16.372554],[119.944841,16.379464],[119.936207,16.377962],[119.935968,16.380569],[119.93285,16.377483],[119.93129,16.38643],[119.927399,16.389879],[119.916385,16.39001],[119.91152,16.385005],[119.909101,16.404525]]],[[[119.962333,16.40465],[119.960464,16.407724],[119.964554,16.407799],[119.964706,16.406058],[119.962333,16.40465]]],[[[119.921558,16.441721],[119.924791,16.44276],[119.922775,16.439862],[119.921558,16.441721]]],[[[120.039773,16.190278],[120.040822,16.190198],[120.040578,16.189738],[120.039773,16.190278]]],[[[120.039599,16.194124],[120.041327,16.193981],[120.040776,16.193468],[120.039599,16.194124]]],[[[120.033456,16.192705],[120.02966,16.195827],[120.034571,16.193419],[120.033456,16.192705]]],[[[120.03532,16.197755],[120.039499,16.192342],[120.035705,16.19265],[120.03532,16.197755]]],[[[120.032689,16.195868],[120.032079,16.1953],[120.032063,16.196003],[120.032689,16.195868]]],[[[120.043122,16.194906],[120.041705,16.196333],[120.039846,16.196451],[120.041535,16.197247],[120.043122,16.194906]]],[[[120.037656,16.199199],[120.036807,16.198412],[120.037041,16.199113],[120.037656,16.199199]]],[[[120.03476,16.200551],[120.034362,16.196449],[120.030007,16.197288],[120.031983,16.201761],[120.03476,16.200551]]],[[[120.029472,16.202017],[120.029869,16.202861],[120.030154,16.202069],[120.029472,16.202017]]],[[[120.031358,16.204516],[120.029921,16.203757],[120.031054,16.205155],[120.031358,16.204516]]],[[[120.041463,16.205239],[120.042679,16.204016],[120.041161,16.204651],[120.041463,16.205239]]],[[[120.040273,16.202313],[120.036446,16.20572],[120.037453,16.20767],[120.038838,16.20427],[120.040273,16.202313]]],[[[120.038894,16.206905],[120.041198,16.208429],[120.041314,16.207602],[120.038894,16.206905]]],[[[120.042851,16.209475],[120.038597,16.211442],[120.042049,16.211076],[120.042851,16.209475]]],[[[120.040991,16.213441],[120.042339,16.212735],[120.040812,16.21238],[120.040991,16.213441]]],[[[120.036345,16.212246],[120.03785,16.215731],[120.036499,16.211138],[120.036345,16.212246]]],[[[120.04229,16.214599],[120.041772,16.213466],[120.041408,16.213731],[120.04229,16.214599]]],[[[120.040079,16.215451],[120.039412,16.21455],[120.039473,16.215486],[120.040079,16.215451]]],[[[120.018008,16.243172],[120.017246,16.243871],[120.01761,16.244017],[120.018008,16.243172]]],[[[120.025075,16.319694],[120.02658,16.320691],[120.024748,16.318107],[120.025075,16.319694]]],[[[120.511823,16.232201],[120.520203,16.233441],[120.542754,16.222234],[120.558021,16.218416],[120.62994,16.180256],[120.632372,16.183949],[120.681966,16.183927],[120.697753,16.191001],[120.768914,16.19805],[120.801195,16.18766],[120.841509,16.168612],[120.857889,16.130261],[120.870447,16.11887],[120.88054,16.07658],[120.905653,16.028259],[120.904466,16.010059],[120.918426,15.98379],[120.920529,15.966318],[120.901516,15.912568],[120.885721,15.900199],[120.87758,15.899472],[120.86752,15.884703],[120.867623,15.87487],[120.872613,15.868065],[120.868532,15.85567],[120.863882,15.854494],[120.856651,15.836458],[120.84864,15.839964],[120.839225,15.831207],[120.84295,15.818642],[120.834173,15.814385],[120.819058,15.793216],[120.803269,15.818083],[120.790532,15.821754],[120.790197,15.827182],[120.748198,15.843805],[120.747352,15.851279],[120.728628,15.851058],[120.702359,15.836105],[120.694171,15.835702],[120.69094,15.831161],[120.680203,15.830137],[120.678403,15.832946],[120.667443,15.825739],[120.660488,15.827752],[120.615064,15.815561],[120.603631,15.860894],[120.590094,15.862431],[120.580104,15.84129],[120.580368,15.829906],[120.574665,15.822953],[120.576178,15.816798],[120.561296,15.793118],[120.557994,15.771484],[120.551038,15.763747],[120.523678,15.756471],[120.467594,15.722243],[120.448245,15.742417],[120.427683,15.753784],[120.42056,15.752771],[120.422357,15.75006],[120.405861,15.755669],[120.394262,15.755678],[120.385315,15.750394],[120.383413,15.745251],[120.378594,15.748306],[120.371618,15.736792],[120.366068,15.73729],[120.360253,15.73351],[120.356359,15.718988],[120.358393,15.711757],[120.350401,15.704686],[120.350605,15.70146],[120.342914,15.69844],[120.335089,15.684891],[120.327862,15.680753],[120.327446,15.671447],[120.315905,15.657228],[120.315,15.647848],[120.311162,15.644614],[120.295756,15.644585],[120.288714,15.640647],[120.283687,15.643884],[120.270515,15.642465],[120.265393,15.639273],[120.252857,15.61777],[120.212452,15.6872],[120.177776,15.735479],[120.159557,15.769265],[120.153525,15.788377],[120.15032,15.817239],[120.145616,15.825531],[120.126378,15.826256],[120.122107,15.82899],[120.116148,15.826375],[120.11266,15.828911],[120.105134,15.823164],[120.101718,15.824687],[120.101312,15.829723],[120.090009,15.829612],[120.090782,15.833153],[120.085887,15.83565],[120.077678,15.835988],[120.076651,15.832553],[120.072633,15.841251],[120.067808,15.842139],[120.066166,15.838653],[120.060754,15.8431],[120.060737,15.84926],[120.055499,15.848463],[120.050859,15.854641],[120.04665,15.852476],[120.048706,15.858505],[120.040321,15.864854],[120.039653,15.872371],[120.036416,15.87415],[120.017496,15.870032],[120.016938,15.859398],[120.007325,15.852775],[120.006356,15.847048],[120.013785,15.844296],[120.014266,15.84086],[120.004891,15.840589],[120.004411,15.835814],[119.999954,15.834566],[120.003029,15.82377],[119.997925,15.819099],[119.989416,15.818377],[119.981965,15.80756],[119.972382,15.804933],[119.963962,15.809306],[119.957693,15.806339],[119.952528,15.810574],[119.942301,15.8045],[119.937241,15.812774],[119.926618,15.807086],[119.924873,15.816023],[119.916519,15.808331],[119.903083,15.806918],[119.886261,15.81477],[119.883119,15.813174],[119.881967,15.81529],[119.907463,15.828633],[119.913945,15.839763],[119.906533,15.852239],[119.909949,15.85574],[119.908612,15.85887],[119.894414,15.874452],[119.891597,15.892165],[119.881988,15.904971],[119.878561,15.919717],[119.86571,15.941058],[119.862067,15.952929],[119.864766,15.955677],[119.860174,15.95645],[119.855787,15.964605],[119.855212,15.962322],[119.846566,15.963702],[119.831349,15.957927],[119.821502,15.960605],[119.811194,15.953753],[119.804548,15.922645],[119.797952,15.920713],[119.791674,15.929198],[119.78416,15.931628],[119.773529,15.92289],[119.773996,15.916199],[119.771341,15.915937],[119.7621,15.932561],[119.764888,15.934032],[119.76417,15.938831],[119.757494,15.945038],[119.749862,15.964168],[119.751101,15.973159],[119.763282,15.988845],[119.758781,15.998686],[119.761156,16.002405],[119.759991,16.011928],[119.76379,16.010979],[119.774572,16.023611],[119.768899,16.037366],[119.758448,16.040431],[119.755765,16.050162],[119.765144,16.07049],[119.764669,16.081175],[119.769967,16.084968],[119.762004,16.102695],[119.763603,16.1128],[119.765493,16.117642],[119.769846,16.114677],[119.774427,16.117334],[119.781307,16.132977],[119.776329,16.132304],[119.775042,16.141687],[119.770607,16.1463],[119.770685,16.164507],[119.757715,16.166744],[119.753963,16.164547],[119.755723,16.168784],[119.753361,16.170316],[119.760312,16.181656],[119.758523,16.193288],[119.764191,16.202891],[119.763843,16.20991],[119.77686,16.233962],[119.783549,16.238801],[119.772778,16.250443],[119.775569,16.254353],[119.77297,16.255955],[119.772196,16.276345],[119.779629,16.295333],[119.779819,16.310302],[119.790683,16.335681],[119.816682,16.360016],[119.836809,16.363489],[119.855705,16.356798],[119.856461,16.368207],[119.881667,16.39347],[119.88705,16.388412],[119.894834,16.393861],[119.901412,16.392168],[119.910028,16.378432],[119.920069,16.384892],[119.925129,16.383493],[119.924245,16.373248],[119.919757,16.368696],[119.92522,16.366281],[119.927164,16.361033],[119.929972,16.367038],[119.925589,16.342115],[119.928579,16.335945],[119.927681,16.328732],[119.923024,16.3234],[119.923988,16.31892],[119.919064,16.314407],[119.913626,16.297887],[119.922017,16.276073],[119.913091,16.26372],[119.923495,16.254993],[119.918584,16.247743],[119.924377,16.244624],[119.928129,16.251104],[119.930257,16.242691],[119.933336,16.244105],[119.941891,16.237059],[119.953102,16.237424],[119.957459,16.22935],[119.957302,16.220306],[119.961936,16.222311],[119.962736,16.231764],[119.977053,16.228444],[119.980705,16.22154],[119.972334,16.2153],[119.971665,16.210622],[119.9789,16.209457],[119.982512,16.201938],[119.993592,16.201294],[119.99691,16.195907],[120.004008,16.192847],[120.012203,16.170934],[120.020682,16.169155],[120.020797,16.171912],[120.026392,16.173315],[120.029711,16.179369],[120.029776,16.190952],[120.039171,16.191174],[120.040333,16.188557],[120.043434,16.193827],[120.04351,16.188983],[120.036141,16.184939],[120.044174,16.185078],[120.0471,16.189738],[120.045263,16.192462],[120.047769,16.190984],[120.049234,16.185669],[120.047401,16.177717],[120.053331,16.179715],[120.053141,16.176268],[120.064602,16.172799],[120.072659,16.178387],[120.06884,16.168963],[120.072817,16.16287],[120.080512,16.162054],[120.088002,16.167981],[120.086455,16.163624],[120.092233,16.156969],[120.10061,16.153307],[120.102812,16.146754],[120.110757,16.143994],[120.105612,16.135076],[120.102802,16.140987],[120.096713,16.141602],[120.096517,16.145395],[120.093001,16.142162],[120.086864,16.14577],[120.090566,16.137843],[120.098611,16.135629],[120.104911,16.123423],[120.101102,16.120968],[120.093241,16.12431],[120.09344,16.119949],[120.088423,16.116233],[120.088576,16.107819],[120.093223,16.102936],[120.093595,16.095653],[120.098825,16.091277],[120.106474,16.091299],[120.10601,16.086825],[120.113859,16.078809],[120.112113,16.0736],[120.10574,16.084248],[120.09893,16.081238],[120.096336,16.076609],[120.098878,16.073712],[120.09711,16.065185],[120.10403,16.061718],[120.110448,16.062774],[120.112989,16.055337],[120.142296,16.038067],[120.170984,16.037112],[120.177184,16.044094],[120.191407,16.049028],[120.192885,16.045185],[120.214677,16.037481],[120.232197,16.037407],[120.27958,16.04869],[120.328087,16.069481],[120.330403,16.068538],[120.32706,16.065071],[120.330365,16.062458],[120.332821,16.075281],[120.362239,16.095314],[120.371697,16.110387],[120.376967,16.111914],[120.404346,16.136885],[120.423132,16.162379],[120.425503,16.171906],[120.417464,16.205624],[120.401331,16.249058],[120.394052,16.256443],[120.387008,16.256969],[120.374483,16.272983],[120.366558,16.270268],[120.363994,16.272638],[120.363217,16.264534],[120.36975,16.257038],[120.374458,16.244721],[120.383132,16.240172],[120.376293,16.238416],[120.372388,16.249204],[120.361353,16.259066],[120.35546,16.274232],[120.347901,16.281905],[120.342294,16.2966],[120.339421,16.315378],[120.343948,16.344725],[120.332292,16.361489],[120.330177,16.37701],[120.320276,16.384019],[120.334142,16.420436],[120.329832,16.469567],[120.322369,16.488645],[120.318391,16.492343],[120.306856,16.494352],[120.304041,16.501075],[120.30696,16.515416],[120.304929,16.51888],[120.308682,16.520287],[120.318873,16.543245],[120.319765,16.57528],[120.311537,16.582043],[120.307622,16.579752],[120.299867,16.582786],[120.301571,16.593323],[120.299268,16.602565],[120.294128,16.606686],[120.286674,16.606619],[120.277891,16.618277],[120.281932,16.6253],[120.291582,16.617603],[120.294704,16.609513],[120.309069,16.613521],[120.316418,16.6293],[120.30727,16.638558],[120.307722,16.644482],[120.330319,16.668399],[120.336274,16.679317],[120.338331,16.689089],[120.334078,16.696449],[120.341192,16.735109],[120.339837,16.739826],[120.334528,16.742789],[120.336827,16.760104],[120.331078,16.769186],[120.329548,16.793105],[120.325123,16.800482],[120.329222,16.80632],[120.327541,16.814193],[120.334852,16.820306],[120.331998,16.827553],[120.335288,16.836739],[120.34613,16.846601],[120.373496,16.857718],[120.40013,16.882225],[120.40182,16.905583],[120.408717,16.918538],[120.423198,16.934035],[120.443875,16.972135],[120.449873,16.99817],[120.448185,17.043524],[120.437094,17.077358],[120.433689,17.126452],[120.426303,17.168977],[120.415844,17.201567],[120.404386,17.210776],[120.420662,17.232399],[120.416767,17.255584],[120.421775,17.276105],[120.435148,17.2869],[120.432528,17.289289],[120.422524,17.288629],[120.422845,17.306222],[120.428398,17.31631],[120.427394,17.336486],[120.436112,17.340309],[120.444115,17.337289],[120.445145,17.352714],[120.453376,17.355631],[120.454498,17.362069],[120.448502,17.373844],[120.458622,17.390409],[120.461275,17.407822],[120.447255,17.433715],[120.447758,17.445549],[120.435766,17.44565],[120.43232,17.451123],[120.434314,17.465947],[120.43064,17.47033],[120.435607,17.48022],[120.422687,17.495609],[120.423997,17.507024],[120.421062,17.508898],[120.415935,17.508122],[120.420301,17.510786],[120.415684,17.512977],[120.418553,17.515684],[120.412548,17.513611],[120.415719,17.516639],[120.403804,17.514124],[120.390004,17.5172],[120.392661,17.511483],[120.382889,17.523905],[120.353374,17.546511],[120.345417,17.560638],[120.344418,17.578002],[120.352075,17.634281],[120.356598,17.638491],[120.357707,17.645777],[120.366409,17.654178],[120.37111,17.671665],[120.365686,17.679569],[120.352807,17.678192],[120.351861,17.682605],[120.357357,17.693406],[120.360963,17.692555],[120.362743,17.683898],[120.374296,17.682938],[120.382124,17.690066],[120.380681,17.695415],[120.389283,17.692743],[120.401486,17.703501],[120.411897,17.705103],[120.41928,17.716459],[120.419645,17.728107],[120.428764,17.728631],[120.436168,17.733838],[120.433729,17.748107],[120.428988,17.755068],[120.407218,17.758486],[120.407338,17.762805],[120.413352,17.76132],[120.421226,17.764277],[120.426148,17.774003],[120.41468,17.781478],[120.406086,17.780916],[120.402727,17.79703],[120.407357,17.803035],[120.416816,17.800654],[120.431301,17.812927],[120.435506,17.813272],[120.437952,17.815856],[120.435093,17.823313],[120.453111,17.81913],[120.457314,17.82488],[120.448383,17.836357],[120.451639,17.842125],[120.445182,17.84596],[120.446956,17.854798],[120.440139,17.865251],[120.440031,17.868451],[120.449133,17.875314],[120.444161,17.883408],[120.444723,17.902011],[120.437391,17.902409],[120.429283,17.915602],[120.438614,17.918573],[120.43888,17.92565],[120.442853,17.931094],[120.450251,17.931456],[120.465405,17.943521],[120.473339,17.959746],[120.470858,17.968158],[120.474362,17.969132],[120.475763,17.97803],[120.477955,17.978003],[120.476056,17.979969],[120.480817,17.977498],[120.497879,17.997445],[120.497632,18.003475],[120.488033,18.009112],[120.486201,18.017205],[120.480268,18.016807],[120.473838,18.031036],[120.481011,18.056658],[120.477848,18.081415],[120.470621,18.086559],[120.495903,18.11174],[120.512236,18.135351],[120.518219,18.153517],[120.517125,18.180693],[120.523511,18.204804],[120.548653,18.233601],[120.567125,18.279186],[120.583993,18.300097],[120.594705,18.322619],[120.600342,18.367384],[120.59491,18.411319],[120.589604,18.429229],[120.583373,18.436704],[120.579728,18.460972],[120.572836,18.460266],[120.569789,18.463505],[120.569503,18.478296],[120.567065,18.479095],[120.570064,18.479166],[120.564207,18.485986],[120.563986,18.492737],[120.573468,18.505317],[120.582053,18.509185],[120.581954,18.51466],[120.598582,18.518244],[120.601301,18.525236],[120.609847,18.531226],[120.612861,18.529629],[120.615199,18.538075],[120.624563,18.545708],[120.635809,18.548011],[120.645035,18.539251],[120.658359,18.538807],[120.668471,18.53195],[120.701269,18.529233],[120.734354,18.529957],[120.761509,18.539564],[120.778184,18.554074],[120.787774,18.570428],[120.787488,18.575481],[120.782165,18.580088],[120.785557,18.58462],[120.785471,18.592524],[120.77767,18.600878],[120.783159,18.622153],[120.799182,18.633152],[120.810364,18.634863],[120.815212,18.631369],[120.827134,18.634893],[120.833238,18.638211],[120.840977,18.649942],[120.846658,18.651008],[120.852887,18.647527],[120.86029,18.635061],[120.859091,18.622918],[120.868145,18.62301],[120.871448,18.605826],[120.883474,18.597389],[120.895935,18.573888],[120.906787,18.566046],[120.928009,18.559398],[120.955462,18.559624],[120.97144,18.579973],[120.976454,18.568959],[120.969145,18.510116],[120.947044,18.420626],[120.948363,18.381693],[120.916666,18.28456],[120.926764,18.241938],[120.93879,18.220895],[120.970069,18.181864],[120.928141,18.088193],[120.927533,18.078633],[120.935462,18.068995],[120.932988,18.05757],[120.935841,18.048434],[120.933396,18.02913],[120.92775,18.020743],[120.932257,18.013896],[120.938123,18.012403],[120.939315,18.005185],[120.946946,17.997094],[120.945593,17.991135],[120.937722,17.984299],[120.920396,17.956265],[120.909974,17.949925],[120.894586,17.951472],[120.864945,17.96152],[120.850205,17.962861],[120.833695,17.959454],[120.783752,17.911236],[120.743652,17.901404],[120.728249,17.892508],[120.713091,17.859956],[120.690869,17.83458],[120.602226,17.809285],[120.582793,17.799098],[120.571822,17.786033],[120.542744,17.735324],[120.53877,17.713123],[120.516385,17.64924],[120.497818,17.62513],[120.488096,17.584617],[120.49009,17.556015],[120.485315,17.547937],[120.487538,17.544978],[120.475736,17.534418],[120.468167,17.514727],[120.467786,17.495665],[120.474416,17.484248],[120.496032,17.487307],[120.517573,17.499614],[120.533743,17.498413],[120.543337,17.492196],[120.565491,17.501756],[120.575893,17.491013],[120.588891,17.492162],[120.581659,17.471827],[120.57786,17.430013],[120.542809,17.371764],[120.537814,17.356986],[120.538611,17.343605],[120.559011,17.311669],[120.564614,17.311435],[120.56676,17.30716],[120.593611,17.310186],[120.611949,17.302219],[120.63617,17.275629],[120.678401,17.256839],[120.676707,17.249287],[120.669494,17.244611],[120.682708,17.243607],[120.679876,17.235215],[120.68347,17.226154],[120.682035,17.218058],[120.675997,17.21133],[120.680013,17.198794],[120.672134,17.192853],[120.679272,17.191396],[120.680547,17.187246],[120.687846,17.184097],[120.691626,17.17273],[120.70276,17.174975],[120.733683,17.167989],[120.739226,17.159274],[120.744091,17.162442],[120.751333,17.155256],[120.786224,17.158849],[120.796195,17.161848],[120.804746,17.17127],[120.812355,17.155872],[120.774824,17.108021],[120.767613,17.066791],[120.77708,17.017552],[120.780091,17.016488],[120.785274,16.921335],[120.770621,16.921185],[120.758824,16.926498],[120.747513,16.926551],[120.741509,16.918565],[120.734096,16.914688],[120.669563,16.911981],[120.660078,16.90899],[120.657155,16.901457],[120.644332,16.897367],[120.624536,16.877777],[120.613051,16.856985],[120.610184,16.840017],[120.586016,16.836661],[120.586284,16.770516],[120.589617,16.747183],[120.599036,16.738318],[120.574522,16.671265],[120.565065,16.669766],[120.555653,16.657593],[120.54122,16.638014],[120.517857,16.594692],[120.512038,16.571698],[120.517081,16.568623],[120.513382,16.562263],[120.516358,16.55802],[120.512631,16.550258],[120.48809,16.540866],[120.478208,16.529996],[120.479047,16.522823],[120.469259,16.508641],[120.467346,16.502706],[120.473115,16.472721],[120.46997,16.424879],[120.466683,16.423752],[120.466731,16.417731],[120.458958,16.416685],[120.454109,16.40803],[120.45016,16.408602],[120.455253,16.404883],[120.453822,16.396987],[120.444614,16.38613],[120.469037,16.379757],[120.4844,16.35889],[120.482053,16.354388],[120.479093,16.355366],[120.479805,16.348712],[120.496282,16.345442],[120.493259,16.341989],[120.496794,16.339735],[120.495924,16.335077],[120.490631,16.332446],[120.499125,16.323064],[120.49737,16.312977],[120.50083,16.293355],[120.506548,16.287194],[120.516699,16.249475],[120.511823,16.232201]]],[[[120.116638,16.122657],[120.123596,16.118633],[120.125186,16.110707],[120.110163,16.108907],[120.109993,16.119233],[120.112165,16.117801],[120.116638,16.122657]]],[[[120.112208,16.123257],[120.111143,16.123352],[120.111541,16.123639],[120.112208,16.123257]]],[[[120.046195,16.195037],[120.046485,16.195664],[120.047299,16.195023],[120.046195,16.195037]]],[[[120.044355,16.206954],[120.043557,16.207025],[120.044785,16.207848],[120.044355,16.206954]]],[[[120.047722,16.210557],[120.046987,16.211135],[120.048065,16.2111],[120.047722,16.210557]]],[[[120.048034,16.213457],[120.047616,16.212819],[120.047553,16.213487],[120.048034,16.213457]]],[[[120.044249,16.214937],[120.04496,16.214864],[120.044015,16.213988],[120.044249,16.214937]]],[[[120.042116,16.214771],[120.043319,16.216447],[120.043422,16.215659],[120.042116,16.214771]]],[[[120.050111,16.21871],[120.051426,16.219039],[120.050471,16.218233],[120.050111,16.21871]]],[[[120.046673,16.221829],[120.046707,16.222465],[120.04787,16.222234],[120.046673,16.221829]]],[[[120.051439,16.222359],[120.05109,16.223162],[120.051306,16.223975],[120.051439,16.222359]]],[[[120.049051,16.225633],[120.049347,16.224438],[120.048079,16.224907],[120.049051,16.225633]]],[[[120.388021,17.501043],[120.402947,17.500613],[120.422951,17.507221],[120.421368,17.495756],[120.407478,17.4889],[120.391415,17.494691],[120.388021,17.501043]]],[[[120.410519,17.508063],[120.393006,17.506635],[120.407267,17.512306],[120.414383,17.511789],[120.410519,17.508063]]]]}},{"type":"Feature","properties":{"ADM1_PCODE":"PH02","ADM1_EN":"Region II (Cagayan Valley)"},"geometry":{"type":"MultiPolygon","coordinates":[[[[121.47115,15.886741],[121.373768,15.831618],[121.316604,15.804171],[121.316315,15.797563],[121.289903,15.766188],[121.284763,15.754419],[121.280339,15.767132],[121.193998,15.922088],[121.192498,15.942888],[121.18786,15.948387],[121.192106,15.997634],[121.185045,16.071748],[121.174249,16.090109],[121.134515,16.106296],[121.122242,16.11534],[121.113974,16.112774],[121.087871,16.113999],[121.063308,16.132069],[121.047739,16.137989],[120.998774,16.136511],[120.987894,16.125825],[120.958881,16.132038],[120.925213,16.132779],[120.870447,16.11887],[120.857889,16.130261],[120.841509,16.168612],[120.801195,16.18766],[120.768966,16.198034],[120.800053,16.304846],[120.81312,16.303561],[120.815927,16.31315],[120.823177,16.318529],[120.845523,16.3195],[120.860347,16.353389],[120.86392,16.374813],[120.871158,16.384244],[120.878145,16.421579],[120.889427,16.436073],[120.883206,16.505392],[120.89211,16.55846],[120.904409,16.59536],[120.929506,16.600054],[120.94754,16.579197],[120.973111,16.56945],[120.983717,16.569471],[121.035703,16.610006],[121.072132,16.62783],[121.105634,16.630561],[121.135498,16.644747],[121.160583,16.638689],[121.169907,16.645898],[121.176696,16.64027],[121.197748,16.638961],[121.204472,16.642878],[121.211883,16.641666],[121.213122,16.645721],[121.222413,16.644663],[121.224713,16.647957],[121.232596,16.649162],[121.236041,16.654164],[121.258888,16.651144],[121.260383,16.658332],[121.269459,16.658989],[121.276433,16.668529],[121.284683,16.657784],[121.289884,16.657925],[121.294828,16.663304],[121.291372,16.673553],[121.294042,16.679246],[121.288374,16.688371],[121.293654,16.694119],[121.304366,16.69306],[121.313765,16.696883],[121.314345,16.717912],[121.330367,16.735431],[121.333815,16.751936],[121.339306,16.755222],[121.32973,16.753672],[121.326168,16.757541],[121.331747,16.764861],[121.345772,16.769469],[121.343541,16.777541],[121.33632,16.7805],[121.339173,16.78847],[121.344673,16.789026],[121.35409,16.783639],[121.354755,16.774421],[121.359538,16.778848],[121.358422,16.787018],[121.377964,16.790436],[121.372008,16.798355],[121.386013,16.796678],[121.394596,16.805247],[121.401748,16.80487],[121.419519,16.817469],[121.458263,16.826284],[121.479135,16.835973],[121.502349,16.834543],[121.521322,16.838935],[121.531828,16.851338],[121.531975,16.863393],[121.537979,16.877821],[121.548872,16.873689],[121.558424,16.899087],[121.568222,16.909512],[121.569836,16.948085],[121.562027,16.953169],[121.564642,16.961138],[121.572874,16.968785],[121.56254,16.967387],[121.558755,17.012191],[121.568733,17.019169],[121.571491,17.040943],[121.566041,17.085725],[121.565604,17.120796],[121.568219,17.130746],[121.559902,17.144528],[121.562665,17.152951],[121.562439,17.185352],[121.555393,17.187029],[121.549135,17.196524],[121.550429,17.210119],[121.542784,17.247162],[121.544976,17.264894],[121.53709,17.266306],[121.530175,17.274919],[121.533217,17.296519],[121.5387,17.317269],[121.548171,17.323746],[121.559931,17.350483],[121.582195,17.353559],[121.593478,17.396917],[121.606081,17.421432],[121.629096,17.41832],[121.627935,17.43139],[121.642367,17.46864],[121.647231,17.500484],[121.639615,17.504361],[121.633246,17.519257],[121.634877,17.521842],[121.625973,17.528588],[121.632575,17.533222],[121.614203,17.560317],[121.603043,17.563412],[121.59972,17.548195],[121.576734,17.555491],[121.573305,17.564789],[121.546723,17.580621],[121.525817,17.583678],[121.514076,17.590183],[121.496614,17.591043],[121.491908,17.609355],[121.487236,17.610049],[121.488842,17.625984],[121.484091,17.6385],[121.476188,17.645451],[121.485124,17.647322],[121.472191,17.660301],[121.477344,17.667742],[121.473537,17.671701],[121.466322,17.672322],[121.463708,17.669227],[121.457833,17.669549],[121.457624,17.663079],[121.450788,17.660811],[121.4401,17.666039],[121.436756,17.671348],[121.43931,17.69013],[121.431406,17.701014],[121.430414,17.72098],[121.424689,17.740362],[121.416503,17.749347],[121.414118,17.763194],[121.388297,17.79363],[121.358673,17.804647],[121.325365,17.803086],[121.313468,17.807667],[121.306053,17.815184],[121.319445,17.815231],[121.315935,17.827856],[121.320724,17.826205],[121.324139,17.847131],[121.346962,17.879415],[121.357067,17.913197],[121.357452,17.922369],[121.315118,17.970783],[121.318245,17.970964],[121.318308,17.975117],[121.32663,17.975108],[121.320889,17.98347],[121.321494,17.988276],[121.324398,17.992105],[121.331776,17.991225],[121.333295,17.998084],[121.330956,17.999776],[121.338374,18.007371],[121.336591,18.013412],[121.34445,18.016939],[121.343954,18.02258],[121.349199,18.025159],[121.348282,18.029744],[121.343563,18.031746],[121.346891,18.038611],[121.364469,18.061619],[121.427838,18.035335],[121.460359,18.04941],[121.465673,18.104679],[121.460365,18.124116],[121.468932,18.125649],[121.473792,18.131069],[121.471221,18.139876],[121.477689,18.141472],[121.484526,18.148202],[121.482501,18.168326],[121.486595,18.177993],[121.484187,18.17887],[121.489484,18.238845],[121.48059,18.26338],[121.467914,18.262597],[121.464627,18.284911],[121.480223,18.306371],[121.466846,18.307332],[121.461257,18.31462],[121.415834,18.323572],[121.402383,18.340896],[121.318623,18.387155],[121.285557,18.388538],[121.248844,18.42888],[121.226541,18.436471],[121.225797,18.472818],[121.220861,18.483044],[121.222081,18.500581],[121.167864,18.521978],[121.169231,18.539121],[121.156003,18.543775],[121.118481,18.543111],[121.089064,18.495391],[121.089054,18.527138],[121.092356,18.53046],[121.090566,18.538185],[121.093501,18.541746],[121.061365,18.539198],[121.042779,18.528186],[121.038808,18.50503],[121.023473,18.498689],[121.002874,18.466106],[120.958673,18.463202],[120.969145,18.510116],[120.975254,18.5573],[120.976454,18.568959],[120.97144,18.579973],[120.990143,18.599312],[121.001481,18.594725],[121.024391,18.605789],[121.029146,18.611534],[121.027722,18.615791],[121.034817,18.620331],[121.037446,18.615428],[121.047086,18.61134],[121.050234,18.617944],[121.051499,18.609986],[121.062614,18.60726],[121.091806,18.614059],[121.09718,18.62692],[121.130354,18.628412],[121.160982,18.622326],[121.196775,18.608828],[121.282119,18.542028],[121.315713,18.520016],[121.344666,18.507022],[121.353987,18.499226],[121.362295,18.498549],[121.357997,18.501524],[121.440003,18.465032],[121.443927,18.461164],[121.441693,18.45918],[121.451583,18.460188],[121.520532,18.413001],[121.589728,18.376917],[121.603283,18.37418],[121.621518,18.351346],[121.629637,18.354059],[121.629146,18.361924],[121.640168,18.360121],[121.820219,18.294972],[121.900717,18.271607],[121.901324,18.266051],[121.908427,18.269701],[121.941648,18.267717],[121.946055,18.272105],[121.964058,18.27389],[121.981719,18.282381],[122.007548,18.286413],[122.015376,18.294123],[122.024682,18.297598],[122.027815,18.307838],[122.052927,18.321735],[122.052224,18.328433],[122.062775,18.334127],[122.063151,18.342769],[122.079955,18.349644],[122.082438,18.356284],[122.086936,18.356449],[122.097604,18.365191],[122.100189,18.382355],[122.107076,18.381741],[122.109992,18.383316],[122.110721,18.385518],[122.112625,18.386863],[122.109039,18.378254],[122.117878,18.374524],[122.128736,18.381971],[122.130499,18.388617],[122.131775,18.386734],[122.125001,18.402628],[122.132494,18.414217],[122.125309,18.422424],[122.124857,18.427158],[122.147464,18.479501],[122.146651,18.507007],[122.153518,18.511305],[122.163325,18.510815],[122.162872,18.514461],[122.158731,18.515885],[122.166876,18.521698],[122.173075,18.519827],[122.176715,18.51462],[122.186853,18.519725],[122.191218,18.517721],[122.187843,18.516037],[122.190505,18.510682],[122.194784,18.51696],[122.195048,18.511614],[122.199088,18.509981],[122.200742,18.514181],[122.201696,18.513632],[122.208894,18.516077],[122.211,18.514978],[122.21427,18.520555],[122.225196,18.522871],[122.237064,18.514806],[122.241903,18.505154],[122.246411,18.488509],[122.240839,18.478605],[122.241367,18.472375],[122.250202,18.459672],[122.249564,18.448903],[122.257337,18.445429],[122.258769,18.435756],[122.264514,18.433652],[122.261427,18.428908],[122.271912,18.425193],[122.276973,18.416314],[122.294748,18.410778],[122.302006,18.39494],[122.313221,18.388215],[122.311672,18.380158],[122.320424,18.378977],[122.323445,18.368846],[122.3209,18.36783],[122.324899,18.367306],[122.327171,18.355371],[122.327631,18.350369],[122.323524,18.34745],[122.324614,18.336168],[122.332809,18.325918],[122.329646,18.315978],[122.337592,18.309769],[122.3277,18.291986],[122.330237,18.285542],[122.334638,18.284756],[122.332302,18.27631],[122.320471,18.258917],[122.320315,18.247146],[122.30732,18.240392],[122.304909,18.235651],[122.307218,18.232216],[122.298809,18.229039],[122.302904,18.219388],[122.290015,18.210233],[122.287291,18.199993],[122.26609,18.185983],[122.263104,18.169711],[122.215907,18.151817],[122.214528,18.145156],[122.208121,18.144027],[122.194927,18.117438],[122.181747,18.11665],[122.17082,18.08882],[122.167581,18.086906],[122.16793,18.075181],[122.164773,18.071423],[122.167535,18.064456],[122.17392,18.061649],[122.18011,18.063526],[122.183537,18.060198],[122.177238,18.054309],[122.173983,18.034979],[122.175013,18.031849],[122.179965,18.030886],[122.18815,18.017811],[122.184326,18.009765],[122.189785,18.001967],[122.186075,17.991247],[122.178632,17.987046],[122.184162,17.975064],[122.177047,17.967999],[122.17907,17.947824],[122.182984,17.944248],[122.178359,17.932937],[122.182849,17.924956],[122.18149,17.920601],[122.190223,17.917462],[122.1872,17.917015],[122.189584,17.911333],[122.184969,17.908744],[122.188029,17.901382],[122.174589,17.896959],[122.175012,17.891439],[122.166904,17.885419],[122.162819,17.87766],[122.161855,17.862727],[122.168492,17.847722],[122.164589,17.841468],[122.159639,17.842929],[122.158653,17.839704],[122.15201,17.839112],[122.154744,17.83577],[122.149577,17.835219],[122.152004,17.831079],[122.147192,17.82545],[122.155738,17.822637],[122.15656,17.817105],[122.150212,17.809048],[122.142429,17.807244],[122.139909,17.802976],[122.140995,17.798759],[122.136868,17.793759],[122.139768,17.785288],[122.136834,17.78353],[122.14459,17.765714],[122.145765,17.760427],[122.143162,17.756911],[122.14586,17.759301],[122.148417,17.755597],[122.144794,17.74948],[122.144038,17.738308],[122.151332,17.731989],[122.149334,17.72814],[122.152025,17.72068],[122.162052,17.710359],[122.157661,17.706987],[122.158597,17.703679],[122.16365,17.704794],[122.168522,17.698652],[122.161283,17.692499],[122.15629,17.680898],[122.160296,17.678943],[122.159706,17.675922],[122.165485,17.674648],[122.163456,17.670132],[122.167311,17.66922],[122.162983,17.657267],[122.166446,17.633046],[122.162329,17.61886],[122.163874,17.609309],[122.173624,17.583085],[122.180682,17.579923],[122.177824,17.573772],[122.179846,17.564515],[122.184446,17.564685],[122.187298,17.560449],[122.184985,17.554731],[122.190682,17.547958],[122.184596,17.539006],[122.189639,17.536427],[122.188109,17.528184],[122.194935,17.525602],[122.195525,17.521022],[122.191689,17.519289],[122.192728,17.508519],[122.204228,17.478522],[122.232007,17.424963],[122.249573,17.412291],[122.248853,17.408256],[122.244746,17.409376],[122.236508,17.404233],[122.235758,17.399057],[122.242788,17.388572],[122.24671,17.388038],[122.247133,17.390968],[122.247976,17.387545],[122.250077,17.390389],[122.254178,17.38816],[122.244731,17.373984],[122.245755,17.366184],[122.250184,17.361607],[122.25588,17.363252],[122.256243,17.356702],[122.265332,17.353988],[122.27102,17.362554],[122.285018,17.362428],[122.285715,17.351414],[122.290058,17.348914],[122.286812,17.340141],[122.295119,17.333668],[122.306593,17.339893],[122.306326,17.33553],[122.312838,17.332555],[122.322356,17.342422],[122.338603,17.338823],[122.342704,17.340657],[122.353911,17.334048],[122.358687,17.351831],[122.361901,17.354024],[122.37331,17.352377],[122.394191,17.323061],[122.38785,17.319987],[122.377683,17.323981],[122.37332,17.320766],[122.376705,17.31528],[122.389058,17.308557],[122.39765,17.311267],[122.397363,17.305791],[122.390202,17.301605],[122.399065,17.298185],[122.399169,17.289776],[122.403306,17.296073],[122.412271,17.297919],[122.403384,17.304923],[122.402249,17.318459],[122.393186,17.329185],[122.392667,17.339563],[122.39783,17.340471],[122.407582,17.333177],[122.421704,17.303579],[122.438334,17.290707],[122.439612,17.274035],[122.443693,17.263803],[122.443141,17.244677],[122.440462,17.241327],[122.42805,17.271366],[122.428392,17.282047],[122.424288,17.285273],[122.423879,17.279351],[122.417295,17.280336],[122.415473,17.274749],[122.412514,17.274774],[122.422039,17.270044],[122.420669,17.25816],[122.424529,17.256632],[122.421614,17.256383],[122.419068,17.248833],[122.422488,17.236412],[122.419069,17.221802],[122.425221,17.220309],[122.430891,17.213671],[122.42196,17.209825],[122.427202,17.192409],[122.423222,17.189616],[122.420113,17.191682],[122.414923,17.182195],[122.414836,17.175026],[122.410991,17.171959],[122.413232,17.160876],[122.410625,17.156926],[122.417667,17.139555],[122.426082,17.129853],[122.43806,17.122716],[122.459594,17.119697],[122.471537,17.122594],[122.470584,17.119748],[122.462664,17.118823],[122.44279,17.120126],[122.447347,17.117991],[122.442538,17.110673],[122.44645,17.101916],[122.446064,17.112368],[122.450095,17.116239],[122.459072,17.116706],[122.458101,17.114504],[122.472817,17.119489],[122.483119,17.116598],[122.496554,17.129535],[122.506287,17.133231],[122.509559,17.142334],[122.516653,17.13348],[122.519881,17.121914],[122.517792,17.112395],[122.521304,17.111995],[122.521469,17.103472],[122.528455,17.097585],[122.51994,17.090636],[122.514359,17.064312],[122.506982,17.054447],[122.511314,17.04557],[122.510607,17.037695],[122.498547,17.0338],[122.50181,17.028451],[122.500925,17.019446],[122.493776,17.021892],[122.487144,17.019554],[122.483567,17.006501],[122.48083,17.006364],[122.473436,16.99081],[122.471987,16.981341],[122.466524,16.976137],[122.46574,16.961188],[122.468024,16.957535],[122.472386,16.95769],[122.476336,16.950553],[122.472772,16.945287],[122.471411,16.928245],[122.464834,16.923612],[122.460991,16.917758],[122.460783,16.906279],[122.45731,16.901999],[122.464276,16.887537],[122.459196,16.880482],[122.458178,16.871612],[122.447397,16.85826],[122.448845,16.853275],[122.440985,16.846981],[122.439184,16.837624],[122.430943,16.830043],[122.429071,16.8188],[122.433531,16.814334],[122.434636,16.797923],[122.426362,16.795644],[122.418957,16.78771],[122.413992,16.770066],[122.406395,16.762953],[122.406957,16.750533],[122.397888,16.745594],[122.39848,16.739228],[122.392093,16.732663],[122.387545,16.718933],[122.380215,16.714652],[122.374223,16.701125],[122.367031,16.695153],[122.350614,16.655135],[122.339225,16.638577],[122.338499,16.627452],[122.324274,16.610793],[122.316097,16.585747],[122.308868,16.578232],[122.298745,16.552668],[122.279396,16.526351],[122.263038,16.517891],[122.250816,16.516272],[122.24245,16.504844],[122.238968,16.491528],[122.2306,16.484009],[122.214273,16.479844],[122.058808,16.509255],[122.02489,16.465353],[121.967235,16.400232],[121.893534,16.301854],[121.862826,16.271396],[121.845896,16.249156],[121.781252,16.193219],[121.764924,16.17382],[121.723251,16.144656],[121.628979,16.063865],[121.528826,15.969869],[121.515674,15.961863],[121.510936,15.94969],[121.501296,15.950181],[121.474549,15.929848],[121.463544,15.926616],[121.470898,15.925375],[121.468498,15.910028],[121.47115,15.886741]]],[[[121.256402,18.853509],[121.243438,18.856866],[121.242267,18.862056],[121.246749,18.872965],[121.252446,18.875736],[121.261232,18.872425],[121.264194,18.867806],[121.260804,18.856319],[121.256402,18.853509]]],[[[121.316338,18.839724],[121.284846,18.846021],[121.276111,18.856097],[121.274601,18.862718],[121.282358,18.872052],[121.281124,18.882975],[121.28517,18.8848],[121.309126,18.876754],[121.328451,18.881363],[121.344737,18.891342],[121.361206,18.888152],[121.377708,18.898718],[121.399834,18.905446],[121.415118,18.905783],[121.462067,18.88101],[121.479105,18.884299],[121.482894,18.880416],[121.476911,18.870856],[121.450709,18.855131],[121.425048,18.855909],[121.391785,18.848324],[121.373798,18.850166],[121.345486,18.84154],[121.332838,18.843076],[121.316338,18.839724]]],[[[121.824477,18.873553],[121.822004,18.875065],[121.821943,18.876651],[121.824477,18.873553]]],[[[121.264717,18.877424],[121.251393,18.885834],[121.252079,18.889219],[121.259437,18.883826],[121.268606,18.884185],[121.269651,18.880665],[121.264717,18.877424]]],[[[121.833101,18.907431],[121.838921,18.904041],[121.838441,18.896455],[121.833884,18.897166],[121.830183,18.903634],[121.833101,18.907431]]],[[[121.854675,18.81215],[121.837249,18.822055],[121.835321,18.838528],[121.826194,18.861447],[121.829843,18.867001],[121.828409,18.875746],[121.835758,18.871512],[121.861887,18.880477],[121.870961,18.892226],[121.864298,18.912896],[121.850739,18.917241],[121.849383,18.921552],[121.851089,18.927984],[121.870609,18.946851],[121.866533,18.960372],[121.867517,18.964113],[121.870784,18.963933],[121.86669,18.97408],[121.871527,18.980858],[121.893451,18.994477],[121.899991,19.00236],[121.945138,19.002543],[121.963481,18.980845],[121.965145,18.972948],[121.97141,18.969175],[121.978844,18.970398],[121.99148,18.961561],[121.989056,18.94291],[121.9792,18.935285],[121.97346,18.938251],[121.967083,18.932662],[121.960568,18.935474],[121.958285,18.930381],[121.951225,18.926588],[121.950175,18.923333],[121.957189,18.915983],[121.953628,18.903497],[121.939696,18.899453],[121.942671,18.8931],[121.934044,18.892077],[121.928592,18.885871],[121.923216,18.8856],[121.920156,18.879595],[121.911292,18.879797],[121.891039,18.868506],[121.890292,18.85695],[121.881832,18.851708],[121.878795,18.845919],[121.880783,18.835682],[121.877603,18.827193],[121.860068,18.813101],[121.854675,18.81215]]],[[[121.213826,18.980302],[121.214966,18.982882],[121.218682,18.986887],[121.218595,18.983023],[121.213826,18.980302]]],[[[121.238832,19.01277],[121.235257,19.030664],[121.213536,19.040063],[121.199141,19.059833],[121.196225,19.070527],[121.195476,19.107445],[121.198069,19.108617],[121.205677,19.136217],[121.210865,19.143091],[121.211576,19.16169],[121.217594,19.172084],[121.225478,19.166401],[121.229124,19.156184],[121.232109,19.155239],[121.234896,19.126995],[121.247696,19.103992],[121.245926,19.092346],[121.249581,19.086141],[121.248601,19.060534],[121.253705,19.026041],[121.249706,19.013344],[121.238832,19.01277]]],[[[121.511613,19.244225],[121.499328,19.253633],[121.476636,19.258358],[121.468087,19.266573],[121.44446,19.267406],[121.436749,19.276937],[121.420261,19.281091],[121.415195,19.286057],[121.402551,19.283559],[121.404256,19.291198],[121.390043,19.300925],[121.393733,19.313512],[121.389633,19.322252],[121.390639,19.329049],[121.38225,19.331317],[121.381574,19.335638],[121.369424,19.341514],[121.357239,19.353607],[121.346676,19.356924],[121.347556,19.362058],[121.360277,19.366461],[121.368285,19.360353],[121.388795,19.369264],[121.392609,19.379113],[121.391089,19.391026],[121.412579,19.392179],[121.434824,19.382837],[121.479089,19.373079],[121.488171,19.367088],[121.501451,19.371285],[121.515099,19.388484],[121.523477,19.388182],[121.522886,19.374315],[121.531687,19.351101],[121.522118,19.320511],[121.527586,19.31498],[121.525996,19.307122],[121.529146,19.306924],[121.534733,19.29845],[121.533933,19.293818],[121.539148,19.28859],[121.542161,19.273394],[121.538717,19.267383],[121.511594,19.259751],[121.511613,19.244225]]],[[[121.512023,19.423766],[121.504685,19.436334],[121.508276,19.448702],[121.51533,19.440558],[121.517563,19.426618],[121.512023,19.423766]]],[[[121.858548,20.260282],[121.848401,20.271277],[121.840681,20.287724],[121.847182,20.292781],[121.84184,20.298423],[121.83795,20.32464],[121.84466,20.356097],[121.864205,20.341113],[121.872022,20.339808],[121.888912,20.313259],[121.885957,20.288033],[121.8835,20.285062],[121.870689,20.283255],[121.860852,20.270676],[121.865957,20.262941],[121.858548,20.260282]]],[[[121.806626,20.300811],[121.798554,20.308395],[121.800017,20.334093],[121.809946,20.336608],[121.819558,20.3263],[121.819134,20.321579],[121.811191,20.301051],[121.806626,20.300811]]],[[[121.787282,20.327971],[121.779889,20.332942],[121.777445,20.336798],[121.782412,20.338713],[121.791182,20.332495],[121.787282,20.327971]]],[[[121.799211,20.689005],[121.800098,20.694859],[121.789758,20.703543],[121.782524,20.718518],[121.788742,20.735727],[121.800959,20.754522],[121.806324,20.757281],[121.810568,20.755603],[121.815208,20.760272],[121.816504,20.776085],[121.828224,20.789114],[121.834656,20.805362],[121.836869,20.825404],[121.85979,20.836012],[121.865525,20.834069],[121.880198,20.819962],[121.883347,20.807965],[121.880347,20.794038],[121.8728,20.791599],[121.867951,20.782469],[121.873373,20.777143],[121.871757,20.769197],[121.876456,20.766723],[121.876536,20.758862],[121.856652,20.751363],[121.856547,20.730757],[121.846131,20.71354],[121.833406,20.706289],[121.830154,20.707629],[121.822971,20.697645],[121.811925,20.690473],[121.799211,20.689005]]],[[[121.910147,20.898108],[121.911597,20.89796],[121.910709,20.897602],[121.910147,20.898108]]],[[[121.898661,20.900901],[121.901575,20.909036],[121.907329,20.905116],[121.906304,20.900081],[121.898661,20.900901]]],[[[121.908376,20.920567],[121.908692,20.921493],[121.909154,20.921171],[121.908376,20.920567]]],[[[121.908857,20.926718],[121.907809,20.92423],[121.907117,20.924431],[121.908857,20.926718]]],[[[122.136751,18.509062],[122.135773,18.504433],[122.133778,18.503363],[122.13165,18.511554],[122.136751,18.509062]]],[[[122.157764,18.52523],[122.157953,18.526309],[122.15834,18.525891],[122.157764,18.52523]]],[[[122.158904,18.526641],[122.159734,18.525316],[122.158974,18.524956],[122.158904,18.526641]]],[[[122.158331,18.528167],[122.157388,18.52717],[122.157734,18.528997],[122.158331,18.528167]]],[[[122.133314,18.581716],[122.145042,18.577515],[122.156282,18.580318],[122.15423,18.573161],[122.159638,18.570064],[122.156319,18.567615],[122.156438,18.544933],[122.151289,18.543207],[122.145766,18.534422],[122.152918,18.522287],[122.149383,18.521144],[122.147749,18.514248],[122.142438,18.520379],[122.134162,18.518849],[122.114205,18.501545],[122.117479,18.509791],[122.114573,18.518362],[122.118103,18.521602],[122.115268,18.523982],[122.120682,18.532021],[122.116532,18.536894],[122.125205,18.54152],[122.126181,18.545742],[122.12352,18.547709],[122.117448,18.544685],[122.111251,18.548616],[122.113822,18.552741],[122.112086,18.560254],[122.118042,18.562989],[122.115802,18.567795],[122.121609,18.569201],[122.121343,18.572808],[122.139482,18.575342],[122.133314,18.581716]]],[[[122.164917,18.573486],[122.1651,18.572327],[122.164673,18.57251],[122.164917,18.573486]]],[[[122.138124,18.584996],[122.137231,18.587149],[122.139212,18.58571],[122.138124,18.584996]]],[[[122.141863,18.590736],[122.137865,18.589502],[122.140982,18.59263],[122.141863,18.590736]]],[[[121.954966,19.477304],[121.943041,19.488484],[121.928262,19.494782],[121.913325,19.510594],[121.90175,19.514587],[121.897774,19.520779],[121.900413,19.526017],[121.893555,19.534529],[121.892752,19.541305],[121.896028,19.549137],[121.901805,19.55136],[121.923118,19.5533],[121.936657,19.55905],[121.94367,19.555328],[121.954262,19.560306],[121.969443,19.573924],[121.9932,19.552669],[121.994157,19.512952],[121.990491,19.503745],[121.968975,19.48339],[121.96627,19.476049],[121.954966,19.477304]]],[[[121.963295,20.439323],[121.962267,20.442601],[121.967562,20.446717],[121.959878,20.453881],[121.957525,20.469875],[121.975587,20.471562],[122.002137,20.489344],[122.024494,20.483325],[122.035676,20.46795],[122.02238,20.452643],[121.9863,20.438048],[121.983651,20.432045],[121.98555,20.427958],[121.969511,20.418218],[121.966792,20.411983],[121.962423,20.412614],[121.963895,20.399939],[121.969489,20.39541],[121.976713,20.395716],[121.980246,20.391421],[121.978015,20.389969],[121.980399,20.382413],[121.970238,20.376838],[121.971185,20.366129],[121.959463,20.365434],[121.947733,20.347604],[121.920643,20.350129],[121.915021,20.347473],[121.913094,20.370469],[121.920495,20.379763],[121.925771,20.408261],[121.930975,20.406627],[121.946121,20.41594],[121.948705,20.427182],[121.955907,20.429736],[121.963295,20.439323]]],[[[121.983514,20.421361],[121.983819,20.422135],[121.984605,20.421668],[121.983514,20.421361]]],[[[121.983515,20.423227],[121.982989,20.422586],[121.982607,20.423366],[121.983515,20.423227]]],[[[121.986484,20.423547],[121.985465,20.423523],[121.985824,20.423996],[121.986484,20.423547]]],[[[121.943244,20.700232],[121.942484,20.69876],[121.941822,20.699118],[121.943244,20.700232]]],[[[121.933049,20.712344],[121.935145,20.698435],[121.921122,20.700504],[121.926175,20.710283],[121.933049,20.712344]]],[[[121.924494,20.709151],[121.92373,20.710488],[121.924716,20.709713],[121.924494,20.709151]]],[[[121.933692,20.713687],[121.932852,20.714018],[121.933273,20.714205],[121.933692,20.713687]]],[[[121.931898,20.922042],[121.915185,20.928974],[121.913939,20.93313],[121.920591,20.935626],[121.931898,20.922042]]],[[[121.927751,21.062296],[121.928003,21.065834],[121.936115,21.068246],[121.934828,21.062089],[121.927751,21.062296]]],[[[121.947946,21.10324],[121.946931,21.117777],[121.945453,21.121732],[121.955594,21.113547],[121.95492,21.108225],[121.947946,21.10324]]],[[[122.470575,16.919156],[122.467235,16.919496],[122.466003,16.921037],[122.469295,16.920714],[122.470575,16.919156]]],[[[122.466898,16.923188],[122.466536,16.923881],[122.466953,16.923802],[122.466898,16.923188]]],[[[122.467322,16.923116],[122.468887,16.923953],[122.468921,16.923168],[122.467322,16.923116]]],[[[122.508993,17.031603],[122.507662,17.03383],[122.505781,17.034766],[122.507565,17.034784],[122.508993,17.031603]]],[[[122.516142,17.044275],[122.517554,17.044954],[122.516943,17.043907],[122.516142,17.044275]]],[[[122.422879,17.270677],[122.424144,17.270894],[122.42354,17.270086],[122.422879,17.270677]]],[[[122.420076,17.273419],[122.422379,17.273277],[122.419773,17.272762],[122.420076,17.273419]]],[[[122.384679,17.31452],[122.383637,17.315763],[122.384934,17.316254],[122.384679,17.31452]]],[[[122.392285,17.350471],[122.394409,17.345549],[122.389878,17.343834],[122.388686,17.349371],[122.392285,17.350471]]],[[[122.367662,17.356863],[122.362801,17.35598],[122.366992,17.362889],[122.369138,17.361816],[122.367662,17.356863]]],[[[122.329704,18.247025],[122.326889,18.245814],[122.325302,18.246369],[122.326835,18.248209],[122.329704,18.247025]]],[[[122.334304,18.281709],[122.335071,18.282332],[122.335352,18.281729],[122.334304,18.281709]]],[[[122.313821,18.387409],[122.313637,18.386213],[122.313268,18.387136],[122.313821,18.387409]]],[[[122.3131,18.388638],[122.313429,18.390282],[122.314562,18.389801],[122.3131,18.388638]]],[[[122.313704,18.391942],[122.309631,18.390777],[122.309171,18.395737],[122.313704,18.391942]]],[[[122.200953,18.51458],[122.202274,18.514649],[122.20205,18.514135],[122.200953,18.51458]]],[[[122.177741,18.550218],[122.176739,18.549654],[122.17747,18.550834],[122.177741,18.550218]]],[[[122.169495,18.583923],[122.168701,18.583679],[122.168884,18.584473],[122.169495,18.583923]]],[[[122.168274,18.590881],[122.168701,18.589722],[122.168274,18.589478],[122.168274,18.590881]]]]}},{"type":"Feature","properties":{"ADM1_PCODE":"PH03","ADM1_EN":"Region III (Central Luzon)"},"geometry":{"type":"MultiPolygon","coordinates":[[[[120.550432,14.744096],[120.546583,14.726362],[120.549351,14.72121],[120.545358,14.720877],[120.548588,14.720504],[120.552196,14.70521],[120.562104,14.701579],[120.559654,14.694298],[120.562517,14.700581],[120.566979,14.694417],[120.559121,14.688978],[120.566307,14.689928],[120.567365,14.675945],[120.584099,14.643158],[120.586508,14.592231],[120.589284,14.586176],[120.59289,14.586302],[120.592727,14.577802],[120.600153,14.56039],[120.599397,14.548656],[120.603264,14.544846],[120.600854,14.53864],[120.605725,14.534237],[120.612845,14.533649],[120.608424,14.533553],[120.605976,14.529656],[120.611263,14.510553],[120.609064,14.479244],[120.605048,14.476831],[120.603902,14.47141],[120.609139,14.468399],[120.603927,14.469257],[120.601602,14.460785],[120.594777,14.457066],[120.592422,14.450432],[120.57637,14.431959],[120.570375,14.43215],[120.571104,14.425681],[120.567606,14.430711],[120.563669,14.423509],[120.540053,14.421159],[120.531604,14.424101],[120.531899,14.429508],[120.521386,14.429305],[120.519719,14.422661],[120.512472,14.425635],[120.507913,14.438204],[120.503735,14.433081],[120.503166,14.43667],[120.498737,14.434723],[120.495963,14.436893],[120.486399,14.433448],[120.484392,14.428267],[120.494242,14.414525],[120.500149,14.411576],[120.500166,14.408046],[120.493968,14.409667],[120.491183,14.416253],[120.485324,14.410629],[120.484451,14.416954],[120.477524,14.409269],[120.47987,14.419148],[120.469375,14.414544],[120.472286,14.421591],[120.463639,14.419516],[120.46749,14.426316],[120.461947,14.424606],[120.458311,14.426899],[120.459351,14.434339],[120.455421,14.435149],[120.456499,14.438533],[120.452829,14.441268],[120.447352,14.44103],[120.446847,14.445919],[120.43907,14.441164],[120.43711,14.446052],[120.431131,14.446935],[120.424937,14.440716],[120.420409,14.445776],[120.421879,14.452877],[120.414668,14.451661],[120.413909,14.455266],[120.404933,14.456383],[120.400016,14.453987],[120.400641,14.458725],[120.388536,14.460074],[120.393548,14.469824],[120.38564,14.469552],[120.382403,14.472866],[120.381711,14.475572],[120.390043,14.48019],[120.384907,14.485136],[120.387958,14.490129],[120.377254,14.498143],[120.381119,14.516659],[120.374743,14.524687],[120.381319,14.534226],[120.389279,14.535871],[120.390251,14.545089],[120.381593,14.549554],[120.388711,14.551839],[120.391125,14.56062],[120.382916,14.568594],[120.384472,14.573886],[120.389866,14.573884],[120.394435,14.580058],[120.392809,14.58794],[120.389296,14.589401],[120.376251,14.614264],[120.368257,14.619253],[120.368037,14.625766],[120.358072,14.620704],[120.356279,14.624559],[120.348588,14.619553],[120.346351,14.631868],[120.338148,14.629719],[120.331725,14.636263],[120.312357,14.626075],[120.312672,14.639881],[120.302246,14.635306],[120.301815,14.642047],[120.289137,14.659143],[120.275608,14.669761],[120.265434,14.66899],[120.26084,14.67989],[120.252933,14.684338],[120.248394,14.691692],[120.251906,14.710864],[120.249525,14.715916],[120.255596,14.721677],[120.250283,14.726267],[120.255853,14.73108],[120.254216,14.733853],[120.270732,14.735026],[120.275307,14.731537],[120.279549,14.736169],[120.277996,14.744177],[120.264585,14.743711],[120.253626,14.749594],[120.248825,14.748515],[120.246549,14.750438],[120.248201,14.756021],[120.242016,14.761595],[120.262016,14.76614],[120.256322,14.769661],[120.258343,14.774223],[120.265836,14.770903],[120.266168,14.775652],[120.275382,14.774802],[120.280755,14.779218],[120.278307,14.783124],[120.258399,14.788363],[120.25726,14.791946],[120.265332,14.795351],[120.260388,14.80148],[120.263009,14.805002],[120.270767,14.798021],[120.284091,14.80074],[120.287895,14.793398],[120.297537,14.802349],[120.29475,14.802907],[120.294422,14.808935],[120.298123,14.816253],[120.29361,14.817275],[120.291521,14.82351],[120.286405,14.822649],[120.29036,14.820269],[120.286362,14.819418],[120.289552,14.818513],[120.286487,14.818636],[120.287886,14.812635],[120.269223,14.821804],[120.270233,14.82613],[120.267623,14.823749],[120.266633,14.847588],[120.260066,14.850424],[120.255758,14.847384],[120.244756,14.849408],[120.241464,14.853891],[120.2435,14.859157],[120.235142,14.862561],[120.233991,14.874677],[120.229034,14.878651],[120.226509,14.875279],[120.222976,14.877915],[120.22295,14.874801],[120.221713,14.877575],[120.206055,14.872972],[120.203654,14.86089],[120.211263,14.850065],[120.212794,14.827807],[120.214891,14.82747],[120.21314,14.821679],[120.208155,14.819876],[120.212612,14.819685],[120.215231,14.809095],[120.208147,14.807597],[120.201591,14.793378],[120.200342,14.775281],[120.192893,14.756808],[120.178015,14.740781],[120.169609,14.748022],[120.158653,14.73809],[120.148469,14.75634],[120.138565,14.752015],[120.119822,14.758457],[120.118548,14.76295],[120.131283,14.763652],[120.133572,14.768562],[120.130839,14.775665],[120.121147,14.78274],[120.114757,14.784638],[120.106476,14.780102],[120.100894,14.782815],[120.089834,14.780293],[120.083503,14.786747],[120.087605,14.793512],[120.086515,14.799905],[120.102579,14.807437],[120.109343,14.817475],[120.106643,14.821643],[120.093508,14.822712],[120.080121,14.814573],[120.082646,14.827712],[120.078901,14.83588],[120.083824,14.853719],[120.079391,14.857195],[120.070349,14.853956],[120.074629,14.861883],[120.065517,14.866474],[120.064203,14.871101],[120.067415,14.871283],[120.070726,14.878475],[120.064958,14.881858],[120.057875,14.879493],[120.052486,14.893913],[120.058901,14.897382],[120.05798,14.914015],[120.062386,14.91824],[120.056234,14.941353],[120.064405,14.987868],[120.06408,15.016269],[120.053668,15.035731],[120.059599,15.061824],[120.051003,15.098145],[120.047097,15.099424],[120.050069,15.103838],[120.047941,15.116905],[120.029723,15.189289],[120.010887,15.233845],[120.016202,15.264448],[119.964336,15.326836],[119.967453,15.343289],[119.965106,15.348894],[119.952734,15.355445],[119.950126,15.366872],[119.920203,15.39257],[119.917727,15.397794],[119.903722,15.402669],[119.902208,15.40713],[119.908382,15.416186],[119.907273,15.418968],[119.90343,15.422851],[119.899018,15.421323],[119.890092,15.431011],[119.896406,15.434725],[119.896864,15.440787],[119.902598,15.437647],[119.918541,15.44851],[119.914033,15.455006],[119.908327,15.456609],[119.902037,15.470023],[119.899828,15.477668],[119.904059,15.492751],[119.906557,15.492571],[119.906962,15.485224],[119.920064,15.476012],[119.942836,15.477865],[119.947864,15.482156],[119.948915,15.490531],[119.945921,15.496826],[119.956228,15.504206],[119.961542,15.504217],[119.958952,15.507947],[119.968684,15.506199],[119.960507,15.516718],[119.966195,15.515334],[119.96735,15.520212],[119.95945,15.52103],[119.951103,15.531652],[119.945176,15.532948],[119.95061,15.544532],[119.949006,15.54211],[119.945821,15.54726],[119.942033,15.54737],[119.944177,15.551551],[119.937228,15.554643],[119.950581,15.562056],[119.949767,15.571432],[119.943214,15.574657],[119.926793,15.570866],[119.923907,15.562503],[119.928866,15.555582],[119.923803,15.562224],[119.917212,15.559564],[119.920941,15.562547],[119.914522,15.567807],[119.91833,15.578938],[119.913416,15.596317],[119.919393,15.598696],[119.911832,15.598456],[119.910791,15.609223],[119.903495,15.622263],[119.913184,15.622866],[119.92391,15.640143],[119.922561,15.654726],[119.931886,15.666317],[119.931266,15.674095],[119.935029,15.681004],[119.933507,15.687903],[119.935598,15.687203],[119.933451,15.692892],[119.917059,15.706238],[119.908884,15.705798],[119.900779,15.700566],[119.893689,15.70648],[119.895872,15.709641],[119.892488,15.715004],[119.89326,15.707537],[119.887921,15.717301],[119.875546,15.724606],[119.869407,15.733397],[119.871933,15.742111],[119.887555,15.749155],[119.894713,15.750742],[119.90491,15.74623],[119.911155,15.759199],[119.907137,15.760251],[119.905282,15.769724],[119.900236,15.771064],[119.892212,15.80262],[119.885773,15.811281],[119.903083,15.806918],[119.916519,15.808331],[119.924873,15.816023],[119.926618,15.807086],[119.937241,15.812774],[119.942301,15.8045],[119.952528,15.810574],[119.957693,15.806339],[119.963962,15.809306],[119.972382,15.804933],[119.981965,15.80756],[119.989416,15.818377],[119.997925,15.819099],[120.003029,15.82377],[119.999954,15.834566],[120.004411,15.835814],[120.004891,15.840589],[120.014266,15.84086],[120.013785,15.844296],[120.006356,15.847048],[120.007325,15.852775],[120.016938,15.859398],[120.017496,15.870032],[120.036416,15.87415],[120.039653,15.872371],[120.040321,15.864854],[120.048706,15.858505],[120.04665,15.852476],[120.050859,15.854641],[120.055499,15.848463],[120.060737,15.84926],[120.060754,15.8431],[120.066166,15.838653],[120.067808,15.842139],[120.072633,15.841251],[120.076651,15.832553],[120.077678,15.835988],[120.085887,15.83565],[120.090782,15.833153],[120.090009,15.829612],[120.101312,15.829723],[120.101718,15.824687],[120.105134,15.823164],[120.11266,15.828911],[120.116148,15.826375],[120.122107,15.82899],[120.126378,15.826256],[120.145616,15.825531],[120.15032,15.817239],[120.153525,15.788377],[120.159557,15.769265],[120.177776,15.735479],[120.212452,15.6872],[120.252857,15.61777],[120.265393,15.639273],[120.270515,15.642465],[120.283687,15.643884],[120.288714,15.640647],[120.295756,15.644585],[120.311162,15.644614],[120.315,15.647848],[120.315905,15.657228],[120.327446,15.671447],[120.327862,15.680753],[120.335089,15.684891],[120.342914,15.69844],[120.350605,15.70146],[120.350401,15.704686],[120.358393,15.711757],[120.356359,15.718988],[120.360253,15.73351],[120.366068,15.73729],[120.371618,15.736792],[120.378594,15.748306],[120.383413,15.745251],[120.385315,15.750394],[120.394262,15.755678],[120.405861,15.755669],[120.422357,15.75006],[120.42056,15.752771],[120.427683,15.753784],[120.448245,15.742417],[120.467594,15.722243],[120.523678,15.756471],[120.551038,15.763747],[120.557994,15.771484],[120.561296,15.793118],[120.576178,15.816798],[120.574665,15.822953],[120.580368,15.829906],[120.580104,15.84129],[120.590094,15.862431],[120.603631,15.860894],[120.615064,15.815561],[120.660488,15.827752],[120.667443,15.825739],[120.678403,15.832946],[120.680203,15.830137],[120.69094,15.831161],[120.694171,15.835702],[120.702359,15.836105],[120.728628,15.851058],[120.747352,15.851279],[120.748198,15.843805],[120.790197,15.827182],[120.790532,15.821754],[120.803269,15.818083],[120.819058,15.793216],[120.834173,15.814385],[120.84295,15.818642],[120.839225,15.831207],[120.84864,15.839964],[120.856651,15.836458],[120.863882,15.854494],[120.868532,15.85567],[120.872613,15.868065],[120.867623,15.87487],[120.86752,15.884703],[120.87758,15.899472],[120.885721,15.900199],[120.901516,15.912568],[120.920529,15.966318],[120.918426,15.98379],[120.904466,16.010059],[120.905653,16.028259],[120.88054,16.07658],[120.870447,16.11887],[120.925213,16.132779],[120.958881,16.132038],[120.987894,16.125825],[120.998774,16.136511],[121.047739,16.137989],[121.063308,16.132069],[121.087871,16.113999],[121.113974,16.112774],[121.122242,16.11534],[121.134515,16.106296],[121.174249,16.090109],[121.182481,16.07948],[121.192106,15.997634],[121.18786,15.948387],[121.192498,15.942888],[121.193998,15.922088],[121.280339,15.767132],[121.284763,15.754419],[121.289903,15.766188],[121.316315,15.797563],[121.316604,15.804171],[121.373768,15.831618],[121.47115,15.886741],[121.468498,15.910028],[121.470898,15.925375],[121.463544,15.926616],[121.474549,15.929848],[121.501296,15.950181],[121.510936,15.94969],[121.515674,15.961863],[121.528826,15.969869],[121.628979,16.063865],[121.723251,16.144656],[121.764924,16.17382],[121.781252,16.193219],[121.845896,16.249156],[121.862826,16.271396],[121.893534,16.301854],[121.967235,16.400232],[122.02489,16.465353],[122.058808,16.509255],[122.214273,16.479844],[122.234179,16.487239],[122.232161,16.472969],[122.227351,16.469478],[122.230382,16.463997],[122.227107,16.457023],[122.223041,16.458199],[122.2093,16.438714],[122.204265,16.439776],[122.199356,16.433834],[122.200266,16.415206],[122.221065,16.39491],[122.22836,16.39534],[122.231468,16.41741],[122.237796,16.428269],[122.242936,16.420556],[122.233064,16.390735],[122.233127,16.382183],[122.228165,16.374493],[122.22984,16.366281],[122.225094,16.35705],[122.218766,16.354084],[122.213564,16.356641],[122.209544,16.346842],[122.190997,16.333777],[122.191804,16.318618],[122.179976,16.303677],[122.18506,16.29491],[122.19314,16.289834],[122.205971,16.2968],[122.214071,16.293311],[122.225415,16.305344],[122.235548,16.309754],[122.231298,16.306294],[122.233631,16.303097],[122.2218,16.282101],[122.214506,16.271994],[122.208274,16.271455],[122.201751,16.253354],[122.205089,16.243483],[122.20334,16.237566],[122.19074,16.226675],[122.174097,16.219231],[122.167431,16.205805],[122.157935,16.197154],[122.143218,16.192863],[122.126772,16.175295],[122.125808,16.170188],[122.116189,16.166308],[122.111582,16.155133],[122.112916,16.151873],[122.108293,16.152078],[122.107299,16.145895],[122.096967,16.1436],[122.084602,16.133321],[122.081891,16.126656],[122.07036,16.120655],[122.064972,16.110183],[122.069172,16.094405],[122.072694,16.091182],[122.067465,16.090865],[122.05686,16.078579],[122.051257,16.076781],[122.047506,16.070914],[122.049225,16.065998],[122.046518,16.067179],[122.044273,16.062283],[122.040163,16.062189],[122.040164,16.057284],[122.032341,16.054381],[122.031637,16.049152],[122.029899,16.050705],[122.027077,16.047366],[122.024628,16.05026],[122.017473,16.050002],[122.0086,16.034926],[122.004031,16.03395],[122.004599,16.029295],[121.989075,16.029731],[122.015562,16.086624],[122.0274,16.104499],[122.033274,16.111631],[122.044353,16.116243],[122.050814,16.126966],[122.061746,16.129654],[122.092716,16.167479],[122.090643,16.190086],[122.095094,16.204547],[122.116172,16.213234],[122.120996,16.220426],[122.12936,16.225406],[122.126856,16.228362],[122.135726,16.237318],[122.139655,16.254561],[122.131513,16.261331],[122.127829,16.255683],[122.116236,16.257218],[122.116055,16.260278],[122.112279,16.258351],[122.102419,16.26399],[122.093086,16.263947],[122.084821,16.258824],[122.088056,16.246804],[122.082014,16.241894],[122.070407,16.24122],[122.072598,16.238632],[122.068866,16.236088],[122.069779,16.229974],[122.063624,16.224822],[122.067035,16.218232],[122.063905,16.215179],[122.067836,16.201763],[122.07872,16.18973],[122.057539,16.18962],[122.049923,16.182965],[122.057552,16.186653],[122.054407,16.182819],[122.038605,16.174377],[122.01891,16.179603],[121.987804,16.161612],[121.967127,16.136385],[121.954514,16.135123],[121.936982,16.125987],[121.919149,16.124753],[121.899784,16.128859],[121.872651,16.122269],[121.861557,16.116047],[121.855088,16.105111],[121.847123,16.103998],[121.838774,16.091416],[121.827895,16.090968],[121.821428,16.083586],[121.813045,16.086483],[121.803715,16.079147],[121.797599,16.078326],[121.793073,16.069296],[121.785184,16.070274],[121.785316,16.066057],[121.779679,16.061944],[121.773,16.071644],[121.762151,16.076249],[121.743474,16.069732],[121.717345,16.040928],[121.702062,16.032697],[121.685399,16.016135],[121.66501,16.0055],[121.653078,15.98512],[121.652984,15.972899],[121.641508,15.967424],[121.641811,15.964809],[121.626149,15.965536],[121.620578,15.956856],[121.625234,15.950741],[121.620299,15.952284],[121.616712,15.946513],[121.606939,15.946791],[121.601076,15.935296],[121.579395,15.927641],[121.554866,15.899027],[121.547504,15.860499],[121.547552,15.839552],[121.551596,15.810667],[121.561348,15.775046],[121.576118,15.754031],[121.589052,15.754287],[121.598853,15.762555],[121.613478,15.756646],[121.619345,15.757769],[121.636286,15.749611],[121.632054,15.741047],[121.638975,15.741463],[121.640806,15.73564],[121.641809,15.719949],[121.637107,15.712923],[121.639243,15.704887],[121.637755,15.703237],[121.63199,15.710227],[121.625525,15.710796],[121.620552,15.704892],[121.609905,15.70644],[121.612186,15.701788],[121.607789,15.69997],[121.613165,15.691452],[121.610789,15.684059],[121.599021,15.683341],[121.595933,15.676871],[121.588066,15.67257],[121.595368,15.667639],[121.603265,15.670814],[121.614467,15.670207],[121.609828,15.66615],[121.619045,15.656653],[121.614004,15.651326],[121.616209,15.647771],[121.61086,15.64758],[121.6115,15.644376],[121.607266,15.641709],[121.597805,15.643659],[121.591658,15.632424],[121.583309,15.632401],[121.583639,15.62283],[121.577332,15.621426],[121.57809,15.618619],[121.570785,15.614163],[121.569306,15.605877],[121.562354,15.606009],[121.560818,15.594753],[121.5648,15.593135],[121.563667,15.591042],[121.549051,15.577498],[121.540732,15.574908],[121.536497,15.564263],[121.531905,15.561448],[121.530598,15.545713],[121.518328,15.541122],[121.513287,15.543068],[121.502547,15.527364],[121.493858,15.52389],[121.494344,15.515266],[121.488619,15.50731],[121.491278,15.499542],[121.48767,15.496734],[121.484347,15.481818],[121.48796,15.459188],[121.473915,15.434662],[121.483021,15.429495],[121.474587,15.424972],[121.472803,15.42002],[121.475483,15.417428],[121.455479,15.411473],[121.445987,15.396463],[121.444907,15.385405],[121.441135,15.381762],[121.434187,15.38407],[121.430643,15.380895],[121.433496,15.376654],[121.430283,15.373979],[121.431977,15.364664],[121.424753,15.365072],[121.424893,15.371629],[121.414693,15.3753],[121.405352,15.38463],[121.397992,15.38189],[121.386526,15.367868],[121.385458,15.356789],[121.373945,15.337141],[121.376926,15.3337],[121.373335,15.31888],[121.38064,15.290073],[121.417121,15.216889],[121.40835,15.212886],[121.402323,15.203701],[121.402227,15.195523],[121.408097,15.182937],[121.401844,15.172193],[121.39794,15.169907],[121.392269,15.175169],[121.380467,15.168481],[121.384519,15.16272],[121.384668,15.155598],[121.389749,15.162214],[121.394948,15.163407],[121.403891,15.152887],[121.396608,15.146318],[121.401402,15.134503],[121.399832,15.120528],[121.393121,15.116034],[121.396647,15.110763],[121.395416,15.104844],[121.389085,15.104733],[121.390006,15.098699],[121.374005,15.095887],[121.370499,15.087136],[121.376474,15.080514],[121.370023,15.070885],[121.361689,15.073877],[121.36239,15.068141],[121.358579,15.066623],[121.351255,15.042947],[121.344769,15.040211],[121.344414,15.036951],[121.352881,15.034783],[121.352072,15.031743],[121.35633,15.0275],[121.357105,15.011749],[121.353384,15.001538],[121.347857,14.996371],[121.338205,14.947223],[121.340112,14.886441],[121.336946,14.879966],[121.33555,14.84828],[121.332005,14.848805],[121.332999,14.839437],[121.330357,14.834803],[121.252997,14.829227],[121.221696,14.834211],[121.219252,14.833223],[121.221065,14.819712],[121.209754,14.818033],[121.1973,14.818428],[121.187988,14.823554],[121.165285,14.823418],[121.16292,14.812339],[121.15053,14.801784],[121.137148,14.803653],[121.129641,14.796971],[121.13018,14.793413],[121.124829,14.792829],[121.126966,14.787479],[121.12137,14.784533],[121.117685,14.787191],[121.116417,14.780912],[121.106724,14.770485],[121.100412,14.768901],[121.098925,14.771527],[121.095598,14.768318],[121.093899,14.770958],[121.091147,14.76723],[121.086343,14.768547],[121.086674,14.773334],[121.082189,14.774794],[121.080934,14.771125],[121.077391,14.776568],[121.072214,14.771775],[121.0715,14.775875],[121.066865,14.773717],[121.065655,14.777533],[121.06299,14.774853],[121.062812,14.778689],[121.059543,14.777101],[121.055421,14.782563],[121.043944,14.780404],[121.038153,14.785292],[121.030954,14.784042],[121.025006,14.779326],[121.028057,14.777713],[121.023536,14.773814],[121.026637,14.771407],[121.024024,14.763035],[121.002572,14.753415],[120.99782,14.758379],[120.988985,14.757224],[120.978523,14.734807],[120.982983,14.725317],[120.967681,14.723868],[120.95955,14.719874],[120.949279,14.734197],[120.943713,14.73375],[120.941398,14.737112],[120.936337,14.736819],[120.934072,14.733149],[120.926696,14.735891],[120.929382,14.724312],[120.953128,14.69424],[120.945337,14.68849],[120.918415,14.712961],[120.914447,14.711788],[120.911416,14.704153],[120.906474,14.700915],[120.904476,14.702501],[120.900165,14.71418],[120.910488,14.715556],[120.904896,14.715927],[120.904961,14.724184],[120.88766,14.709949],[120.878456,14.71474],[120.880837,14.720238],[120.867764,14.724455],[120.865046,14.719489],[120.860508,14.722449],[120.8614,14.726277],[120.8552,14.729143],[120.850525,14.736214],[120.848971,14.734373],[120.84157,14.739529],[120.836826,14.745885],[120.837627,14.753718],[120.841839,14.753602],[120.838954,14.76149],[120.841441,14.765505],[120.833486,14.763683],[120.825495,14.770264],[120.830971,14.761963],[120.829276,14.757251],[120.823323,14.756203],[120.820109,14.760219],[120.822901,14.768478],[120.818946,14.777901],[120.820451,14.769841],[120.816955,14.760173],[120.810496,14.75807],[120.810321,14.761622],[120.805962,14.7591],[120.804254,14.761359],[120.805322,14.757678],[120.801382,14.75486],[120.790308,14.760705],[120.790637,14.767569],[120.788001,14.759593],[120.783958,14.757488],[120.77401,14.759459],[120.767213,14.768831],[120.766755,14.763787],[120.755735,14.758876],[120.753227,14.764635],[120.757986,14.777878],[120.754307,14.77126],[120.750646,14.773176],[120.753151,14.769445],[120.75004,14.758815],[120.742258,14.762221],[120.738208,14.773446],[120.727628,14.771197],[120.72412,14.763457],[120.714422,14.767792],[120.698415,14.768314],[120.700532,14.771767],[120.694269,14.774771],[120.685979,14.770213],[120.682816,14.773869],[120.674112,14.774728],[120.672208,14.769554],[120.66297,14.774079],[120.667456,14.768755],[120.662154,14.767217],[120.654861,14.767506],[120.657349,14.773609],[120.655176,14.774071],[120.652342,14.767873],[120.643276,14.7795],[120.643232,14.783809],[120.637198,14.783817],[120.632702,14.798364],[120.625337,14.798882],[120.622142,14.793281],[120.619833,14.804813],[120.621703,14.812267],[120.618496,14.812627],[120.616658,14.804777],[120.611283,14.804789],[120.613086,14.80706],[120.602585,14.815459],[120.603908,14.820006],[120.599138,14.822379],[120.601735,14.829115],[120.58371,14.825339],[120.578117,14.832913],[120.57731,14.843488],[120.570104,14.84858],[120.571819,14.844231],[120.567991,14.840512],[120.57606,14.840629],[120.575151,14.831443],[120.58,14.82945],[120.58482,14.821374],[120.580854,14.814199],[120.576842,14.815712],[120.577449,14.824251],[120.568615,14.823392],[120.559392,14.826841],[120.550438,14.816941],[120.542328,14.821127],[120.555922,14.80886],[120.553182,14.803114],[120.556328,14.803367],[120.556178,14.799599],[120.55362,14.800022],[120.552056,14.795995],[120.553661,14.791852],[120.542997,14.80386],[120.541681,14.811793],[120.544271,14.813801],[120.540584,14.814694],[120.538825,14.809561],[120.546657,14.79695],[120.545163,14.792845],[120.548662,14.792006],[120.547717,14.781515],[120.55117,14.780146],[120.551252,14.777067],[120.54747,14.776087],[120.551964,14.774642],[120.548792,14.763731],[120.555197,14.749638],[120.550432,14.744096]],[[121.051269,14.917821],[121.046531,14.921742],[121.036196,14.915564],[121.030553,14.918561],[121.034749,14.928903],[121.034831,14.932877],[121.03027,14.937794],[121.018933,14.942731],[121.018413,14.95562],[121.012804,14.959985],[121.000927,14.959941],[120.986456,14.950647],[120.959589,14.958289],[120.954013,14.955497],[120.959399,14.949525],[120.961385,14.951272],[120.967944,14.947803],[120.977292,14.950972],[120.989533,14.944949],[120.993433,14.945902],[120.998786,14.956538],[121.014519,14.957499],[121.017583,14.94347],[121.029964,14.936648],[121.034119,14.930701],[121.029767,14.918887],[121.033533,14.9112],[121.033285,14.91364],[121.046549,14.921471],[121.050898,14.915795],[121.050553,14.906791],[121.052066,14.905812],[121.06616,14.910272],[121.071241,14.916952],[121.075597,14.913225],[121.073873,14.906306],[121.076696,14.903566],[121.084348,14.9056],[121.086852,14.907578],[121.089183,14.907584],[121.08669,14.907885],[121.078121,14.903992],[121.07597,14.904458],[121.076974,14.911823],[121.071897,14.917464],[121.069436,14.916857],[121.065893,14.910598],[121.051875,14.906591],[121.05093,14.90866],[121.052525,14.914622],[121.052378,14.916456],[121.051269,14.917821]],[[121.100348,15.922291],[121.096228,15.922008],[121.092907,15.934961],[121.094813,15.921275],[121.100304,15.921197],[121.101962,15.919901],[121.103522,15.912769],[121.101052,15.912033],[121.102263,15.904997],[121.099198,15.902047],[121.102707,15.897882],[121.094163,15.894044],[121.102023,15.886751],[121.100879,15.878347],[121.096452,15.876642],[121.100387,15.87406],[121.091443,15.875485],[121.090327,15.872153],[121.092764,15.869861],[121.109332,15.870757],[121.102929,15.861206],[121.107548,15.862443],[121.109849,15.869309],[121.121554,15.868133],[121.118761,15.865348],[121.123638,15.86532],[121.124993,15.859373],[121.119272,15.860317],[121.124681,15.85723],[121.125392,15.852467],[121.12164,15.852152],[121.128408,15.850321],[121.127853,15.847311],[121.120185,15.846637],[121.119232,15.849339],[121.117991,15.847381],[121.110424,15.850282],[121.11524,15.846504],[121.113238,15.842911],[121.117258,15.843094],[121.114599,15.840476],[121.117409,15.836518],[121.11558,15.832496],[121.113606,15.836512],[121.107932,15.831815],[121.106375,15.83497],[121.103088,15.832718],[121.10519,15.830254],[121.102239,15.829008],[121.108057,15.818365],[121.106115,15.816219],[121.112357,15.813956],[121.115629,15.817378],[121.117611,15.814841],[121.114049,15.81116],[121.115012,15.808096],[121.125498,15.804885],[121.122859,15.810346],[121.131315,15.803292],[121.13312,15.804815],[121.128822,15.807934],[121.129344,15.810941],[121.133681,15.81159],[121.128949,15.81453],[121.1226,15.812407],[121.124007,15.815832],[121.117912,15.813814],[121.122318,15.81999],[121.129571,15.817841],[121.127581,15.822718],[121.118149,15.819416],[121.115944,15.821779],[121.129103,15.827501],[121.128033,15.830637],[121.131237,15.831211],[121.132587,15.836397],[121.142561,15.829627],[121.147296,15.83001],[121.147608,15.824054],[121.151309,15.824398],[121.152317,15.819645],[121.155014,15.824226],[121.160262,15.822591],[121.158482,15.818921],[121.163487,15.81678],[121.165913,15.810293],[121.165433,15.814891],[121.181498,15.810971],[121.183121,15.813179],[121.183033,15.808293],[121.186981,15.810584],[121.188601,15.807771],[121.203467,15.806804],[121.205777,15.802489],[121.211904,15.802633],[121.217505,15.798124],[121.213956,15.802682],[121.20732,15.805757],[121.208041,15.809214],[121.201909,15.81147],[121.219827,15.815162],[121.222648,15.817626],[121.214629,15.816829],[121.211447,15.822276],[121.206936,15.821043],[121.209582,15.818569],[121.198291,15.815927],[121.205074,15.822294],[121.1954,15.832458],[121.191665,15.832108],[121.195175,15.836404],[121.189571,15.833877],[121.187151,15.836014],[121.191222,15.836914],[121.189704,15.840248],[121.181852,15.838489],[121.182685,15.842163],[121.188389,15.84177],[121.187604,15.844056],[121.176674,15.845913],[121.174591,15.843513],[121.172669,15.844696],[121.175784,15.849433],[121.1709,15.848428],[121.171023,15.845661],[121.167193,15.851389],[121.16553,15.848303],[121.162244,15.851622],[121.147224,15.854883],[121.136239,15.864029],[121.138275,15.869037],[121.13561,15.872598],[121.145095,15.876948],[121.153568,15.876908],[121.143346,15.880289],[121.135907,15.874193],[121.132516,15.879856],[121.149576,15.894012],[121.138361,15.89035],[121.140889,15.896746],[121.138808,15.89833],[121.131086,15.892601],[121.123861,15.878901],[121.119349,15.881703],[121.115897,15.880081],[121.109291,15.887089],[121.10546,15.880907],[121.105941,15.897532],[121.101644,15.901298],[121.104873,15.903849],[121.102395,15.909089],[121.105602,15.917672],[121.100348,15.922291]]],[[[120.118619,14.761751],[120.114499,14.763299],[120.118406,14.762737],[120.118619,14.761751]]],[[[120.10397,14.757343],[120.09977,14.762686],[120.102692,14.768858],[120.1143,14.763925],[120.10397,14.757343]]],[[[120.225564,14.764968],[120.225025,14.762922],[120.224479,14.763576],[120.225564,14.764968]]],[[[120.223452,14.774103],[120.228953,14.773798],[120.230353,14.770118],[120.224818,14.767934],[120.223452,14.774103]]],[[[120.230982,14.851763],[120.232542,14.85621],[120.233229,14.851051],[120.230982,14.851763]]],[[[119.891155,15.495209],[119.89634,15.498341],[119.899882,15.494419],[119.891994,15.490706],[119.891155,15.495209]]],[[[119.907857,15.507867],[119.903139,15.521385],[119.9047,15.528027],[119.910035,15.526259],[119.924292,15.529487],[119.931188,15.524472],[119.919622,15.519114],[119.921748,15.513225],[119.915566,15.508686],[119.907857,15.507867]]],[[[119.820422,15.72899],[119.820452,15.737973],[119.82372,15.74119],[119.832984,15.740495],[119.829255,15.73379],[119.820422,15.72899]]],[[[119.791052,15.779863],[119.7861,15.804222],[119.787308,15.811897],[119.796854,15.808893],[119.805129,15.804199],[119.801784,15.803058],[119.800843,15.783507],[119.79445,15.777968],[119.791052,15.779863]]],[[[119.865025,15.811361],[119.863887,15.812574],[119.866105,15.812581],[119.865025,15.811361]]],[[[121.051725,14.914768],[121.051506,14.917493],[121.052449,14.915171],[121.051725,14.914768]]],[[[121.594587,15.630546],[121.592563,15.631938],[121.594792,15.632513],[121.594587,15.630546]]],[[[121.167908,15.817753],[121.167125,15.817079],[121.167351,15.818187],[121.167908,15.817753]]],[[[121.163619,15.819981],[121.162548,15.820762],[121.162164,15.822067],[121.163619,15.819981]]],[[[121.110591,15.830402],[121.112276,15.830545],[121.110649,15.82985],[121.110591,15.830402]]],[[[121.139265,15.849215],[121.136876,15.846874],[121.138645,15.850769],[121.139265,15.849215]]],[[[121.099273,15.892417],[121.097899,15.89424],[121.100122,15.892407],[121.099273,15.892417]]],[[[121.140075,15.897004],[121.139322,15.897613],[121.13989,15.897499],[121.140075,15.897004]]],[[[122.130391,16.258643],[122.132506,16.257414],[122.131534,16.254613],[122.131113,16.254577],[122.130391,16.258643]]],[[[122.237762,16.311977],[122.23464,16.31047],[122.237672,16.312404],[122.237762,16.311977]]]]}},{"type":"Feature","properties":{"ADM1_PCODE":"PH04","ADM1_EN":"Region IV-A (CALABARZON)"},"geometry":{"type":"MultiPolygon","coordinates":[[[[121.080337,13.526217],[121.052795,13.555766],[121.044042,13.559011],[121.043155,13.572494],[121.050126,13.565245],[121.064228,13.562784],[121.085931,13.573714],[121.092849,13.564528],[121.099351,13.534148],[121.080337,13.526217]]],[[[120.966086,13.626915],[120.965359,13.626641],[120.964215,13.627932],[120.966086,13.626915]]],[[[120.95143,13.62881],[120.947899,13.629764],[120.948139,13.63094],[120.950469,13.630695],[120.95143,13.62881]]],[[[120.904991,13.624413],[120.872599,13.634658],[120.865761,13.646228],[120.860201,13.643863],[120.848273,13.652462],[120.842121,13.651246],[120.83734,13.672216],[120.831743,13.677304],[120.831574,13.685507],[120.828278,13.687064],[120.833115,13.686028],[120.841141,13.672337],[120.856144,13.669304],[120.859668,13.664051],[120.878769,13.661857],[120.884926,13.654887],[120.907714,13.659067],[120.934028,13.655374],[120.946356,13.639792],[120.942516,13.632079],[120.934747,13.629532],[120.904991,13.624413]]],[[[120.842374,13.691783],[120.844209,13.680753],[120.842767,13.674194],[120.840539,13.676765],[120.842374,13.691783]]],[[[120.776733,13.926394],[120.741,13.936309],[120.727588,13.925939],[120.720842,13.928888],[120.712915,13.926216],[120.703948,13.91659],[120.697778,13.903879],[120.697798,13.890742],[120.701686,13.883123],[120.711777,13.876255],[120.722403,13.858537],[120.722754,13.84958],[120.712135,13.839913],[120.68675,13.854448],[120.674241,13.855118],[120.664569,13.859545],[120.660884,13.855741],[120.656284,13.85631],[120.65882,13.853597],[120.654164,13.849315],[120.656781,13.847074],[120.651593,13.848459],[120.6556,13.845798],[120.655946,13.83759],[120.651722,13.829829],[120.655274,13.831185],[120.659157,13.825674],[120.676147,13.789206],[120.666129,13.771132],[120.659058,13.76828],[120.652979,13.770489],[120.630958,13.807126],[120.621388,13.811188],[120.622161,13.815826],[120.625927,13.81435],[120.630796,13.821004],[120.628036,13.825005],[120.622191,13.821475],[120.62418,13.830996],[120.618061,13.835459],[120.623855,13.846889],[120.620014,13.850336],[120.623412,13.856213],[120.617623,13.866536],[120.620352,13.872909],[120.616857,13.882086],[120.618793,13.889984],[120.625559,13.896973],[120.621503,13.901385],[120.624248,13.905272],[120.622421,13.911024],[120.618532,13.912356],[120.620659,13.92922],[120.616481,13.932261],[120.617193,13.937814],[120.612345,13.939671],[120.618615,13.955021],[120.616121,13.960633],[120.604746,13.966308],[120.602939,13.973628],[120.603968,13.978897],[120.611746,13.968437],[120.625153,13.968729],[120.632251,13.983243],[120.622798,13.995387],[120.626352,14.003754],[120.618001,14.00695],[120.615479,14.012348],[120.620068,14.017743],[120.619578,14.025427],[120.614485,14.033005],[120.622301,14.038682],[120.625168,14.058748],[120.623502,14.07931],[120.620041,14.082192],[120.622672,14.085344],[120.619279,14.082985],[120.617063,14.085929],[120.622104,14.095605],[120.619706,14.098352],[120.621799,14.102165],[120.61799,14.103431],[120.623848,14.110171],[120.616631,14.118029],[120.60775,14.114468],[120.60696,14.120939],[120.592784,14.119458],[120.590147,14.128192],[120.595369,14.12846],[120.595194,14.130648],[120.586405,14.128985],[120.575777,14.130692],[120.578734,14.131674],[120.577221,14.134534],[120.568541,14.13452],[120.574835,14.136626],[120.593273,14.133071],[120.592818,14.138665],[120.586365,14.143702],[120.606939,14.14184],[120.609958,14.145672],[120.606341,14.1549],[120.59441,14.154152],[120.58496,14.15717],[120.586211,14.1613],[120.596613,14.162103],[120.589205,14.165737],[120.590538,14.168339],[120.579057,14.167468],[120.575675,14.170283],[120.586677,14.175549],[120.604476,14.173848],[120.612974,14.177598],[120.606409,14.185568],[120.600463,14.179966],[120.59173,14.182034],[120.597524,14.185017],[120.595857,14.190344],[120.586901,14.187792],[120.587427,14.193666],[120.582978,14.193567],[120.586339,14.19594],[120.582221,14.198212],[120.584789,14.198928],[120.583716,14.203963],[120.592339,14.202789],[120.59074,14.207831],[120.594879,14.209896],[120.584008,14.212228],[120.590695,14.218777],[120.589588,14.230228],[120.595963,14.229739],[120.597407,14.222639],[120.601344,14.220087],[120.605558,14.222879],[120.604499,14.226698],[120.608626,14.225555],[120.609161,14.228284],[120.612579,14.226],[120.6122,14.222121],[120.618347,14.220246],[120.624779,14.224452],[120.624072,14.245783],[120.620325,14.254557],[120.626438,14.255895],[120.622122,14.2613],[120.622793,14.266724],[120.629729,14.267875],[120.630515,14.272205],[120.63463,14.265498],[120.643277,14.278977],[120.645712,14.273258],[120.649558,14.274072],[120.650627,14.281235],[120.655373,14.285715],[120.657832,14.277968],[120.662613,14.285039],[120.664662,14.279961],[120.668345,14.280739],[120.669513,14.2855],[120.678204,14.279804],[120.689049,14.284828],[120.69291,14.2812],[120.703877,14.28483],[120.70998,14.291638],[120.712258,14.286563],[120.714665,14.286536],[120.71645,14.295216],[120.732216,14.31626],[120.743157,14.316475],[120.758443,14.331084],[120.756355,14.326598],[120.759593,14.330339],[120.768631,14.331656],[120.790362,14.360336],[120.803732,14.371783],[120.814137,14.375633],[120.836917,14.395685],[120.850188,14.421042],[120.860906,14.422887],[120.870491,14.430224],[120.879752,14.461402],[120.893044,14.491162],[120.899752,14.495233],[120.911884,14.500089],[120.918064,14.49866],[120.918832,14.495938],[120.907499,14.492672],[120.903503,14.48373],[120.917548,14.483906],[120.920988,14.480791],[120.90569,14.481062],[120.904019,14.476614],[120.896332,14.474502],[120.886997,14.465585],[120.884949,14.459595],[120.891601,14.450248],[120.894714,14.449842],[120.894925,14.455584],[120.898258,14.457326],[120.899354,14.450059],[120.902688,14.449042],[120.902875,14.45635],[120.905497,14.457661],[120.910795,14.453501],[120.912548,14.455694],[120.913376,14.449432],[120.91535,14.450194],[120.918188,14.461888],[120.922973,14.46026],[120.916569,14.464223],[120.919432,14.467678],[120.926949,14.460793],[120.970369,14.475105],[120.971614,14.471805],[120.968111,14.471219],[120.969608,14.46853],[120.966003,14.465722],[120.970452,14.454728],[120.969925,14.446626],[120.974095,14.439106],[120.984107,14.433398],[120.995251,14.405865],[121.002102,14.399287],[121.001735,14.394243],[121.007855,14.39087],[121.007784,14.383801],[121.011611,14.380261],[121.007182,14.370074],[121.006891,14.353943],[121.019452,14.353054],[121.029228,14.365654],[121.036195,14.366279],[121.04342,14.371819],[121.048388,14.367285],[121.057385,14.37864],[121.067681,14.370264],[121.065281,14.364889],[121.069027,14.361232],[121.090932,14.356039],[121.093582,14.341818],[121.114715,14.329604],[121.124297,14.317352],[121.126199,14.304553],[121.130948,14.29676],[121.16301,14.26829],[121.167539,14.26113],[121.173083,14.23821],[121.183836,14.236279],[121.187985,14.219999],[121.191969,14.215742],[121.184975,14.212075],[121.184801,14.197267],[121.178241,14.197324],[121.177868,14.194549],[121.182297,14.186463],[121.189225,14.188502],[121.196632,14.181952],[121.205987,14.186962],[121.212401,14.178626],[121.218356,14.179078],[121.233266,14.1881],[121.237087,14.198157],[121.248089,14.191347],[121.262106,14.189451],[121.269757,14.19546],[121.28981,14.194471],[121.289574,14.197625],[121.304038,14.203344],[121.311531,14.22138],[121.319668,14.228198],[121.315619,14.227765],[121.343508,14.243277],[121.350114,14.259515],[121.397065,14.285674],[121.400986,14.301852],[121.408983,14.300467],[121.414244,14.305612],[121.412847,14.299688],[121.415246,14.301679],[121.417018,14.288184],[121.422588,14.293317],[121.438825,14.288939],[121.436047,14.292269],[121.439546,14.29053],[121.438491,14.294658],[121.425381,14.297141],[121.423668,14.305257],[121.424609,14.308666],[121.430059,14.307071],[121.435918,14.300615],[121.439931,14.324816],[121.418029,14.333549],[121.422077,14.33367],[121.418979,14.337178],[121.426102,14.334606],[121.428503,14.343724],[121.437303,14.336018],[121.440534,14.346161],[121.443145,14.337907],[121.45599,14.331881],[121.452564,14.328481],[121.454343,14.325397],[121.464156,14.324218],[121.458176,14.314868],[121.462463,14.320277],[121.473469,14.31747],[121.470171,14.326954],[121.479232,14.351258],[121.477456,14.359537],[121.472478,14.361633],[121.475163,14.36501],[121.473428,14.371873],[121.461234,14.386989],[121.454966,14.390246],[121.449608,14.38922],[121.451392,14.396825],[121.445466,14.395402],[121.442692,14.397746],[121.433986,14.393064],[121.432867,14.405729],[121.427512,14.394984],[121.432479,14.387553],[121.415694,14.397419],[121.409063,14.391351],[121.406678,14.386549],[121.409767,14.378433],[121.399672,14.360141],[121.398047,14.350554],[121.391586,14.348174],[121.391613,14.345136],[121.384025,14.339462],[121.374654,14.340106],[121.358531,14.332751],[121.348183,14.319674],[121.334595,14.312054],[121.324574,14.294849],[121.31476,14.287077],[121.308958,14.288154],[121.302889,14.300657],[121.30495,14.327249],[121.320158,14.341119],[121.319868,14.358159],[121.333037,14.384622],[121.33151,14.39108],[121.333945,14.394472],[121.33085,14.396783],[121.334794,14.39646],[121.339106,14.415781],[121.33624,14.429656],[121.327751,14.43821],[121.330437,14.440054],[121.324794,14.450917],[121.325746,14.453446],[121.329574,14.451764],[121.325923,14.453754],[121.325105,14.460857],[121.313738,14.469462],[121.302961,14.469155],[121.306001,14.474107],[121.301326,14.484152],[121.288918,14.484149],[121.286615,14.481604],[121.280718,14.484006],[121.273135,14.505052],[121.258329,14.503901],[121.256244,14.495135],[121.252545,14.501275],[121.249229,14.497849],[121.241752,14.502442],[121.23416,14.487508],[121.235648,14.483256],[121.231837,14.484644],[121.23729,14.479931],[121.235082,14.473083],[121.230203,14.46986],[121.22874,14.475862],[121.22234,14.478616],[121.220387,14.473891],[121.222335,14.423175],[121.217359,14.416866],[121.21771,14.411655],[121.215643,14.411583],[121.214104,14.41829],[121.206093,14.425177],[121.206232,14.430098],[121.213229,14.431458],[121.206471,14.439897],[121.199897,14.442357],[121.203234,14.447883],[121.194873,14.451264],[121.191161,14.463272],[121.182776,14.464282],[121.187619,14.472454],[121.184768,14.483051],[121.175058,14.496039],[121.167793,14.49873],[121.164831,14.509483],[121.160243,14.512877],[121.157884,14.511045],[121.157751,14.515762],[121.151365,14.517933],[121.145433,14.514588],[121.143478,14.529351],[121.13893,14.535517],[121.132014,14.5362],[121.128555,14.528933],[121.125493,14.535483],[121.123233,14.53118],[121.118584,14.530784],[121.11832,14.526899],[121.116284,14.527638],[121.119657,14.517483],[121.117324,14.519348],[121.117289,14.515406],[121.102259,14.517205],[121.103338,14.531998],[121.107002,14.545701],[121.109722,14.546625],[121.099122,14.553318],[121.095941,14.564302],[121.100975,14.57482],[121.109058,14.580947],[121.108643,14.587715],[121.103457,14.588898],[121.103695,14.593669],[121.11045,14.592235],[121.101667,14.616933],[121.101879,14.620657],[121.10496,14.621358],[121.105498,14.632654],[121.115833,14.638274],[121.130013,14.634345],[121.128558,14.643593],[121.135036,14.657664],[121.131207,14.667832],[121.125621,14.670079],[121.121823,14.666385],[121.115666,14.673998],[121.110694,14.669853],[121.106702,14.675499],[121.112169,14.684748],[121.111469,14.695668],[121.120102,14.698593],[121.115992,14.709235],[121.119772,14.71182],[121.123759,14.707339],[121.125344,14.720708],[121.131469,14.723613],[121.129267,14.728125],[121.123797,14.728357],[121.121699,14.725227],[121.118023,14.729929],[121.122382,14.737702],[121.11811,14.739393],[121.117772,14.746046],[121.126036,14.762584],[121.12478,14.766289],[121.134972,14.77673],[121.121199,14.77603],[121.114653,14.772163],[121.109682,14.763838],[121.104915,14.762656],[121.099729,14.765222],[121.099507,14.76921],[121.107633,14.771265],[121.116417,14.780912],[121.117685,14.787191],[121.12137,14.784533],[121.126966,14.787479],[121.124829,14.792829],[121.13018,14.793413],[121.129641,14.796971],[121.137148,14.803653],[121.15053,14.801784],[121.16292,14.812339],[121.165285,14.823418],[121.187988,14.823554],[121.1973,14.818428],[121.209754,14.818033],[121.221065,14.819712],[121.219252,14.833223],[121.221696,14.834211],[121.252997,14.829227],[121.330737,14.835204],[121.332005,14.848805],[121.33555,14.84828],[121.336946,14.879966],[121.340112,14.886441],[121.338205,14.947223],[121.347857,14.996371],[121.353384,15.001538],[121.357105,15.011749],[121.35633,15.0275],[121.352072,15.031743],[121.352881,15.034783],[121.344414,15.036951],[121.344769,15.040211],[121.351255,15.042947],[121.358579,15.066623],[121.36239,15.068141],[121.361689,15.073877],[121.370023,15.070885],[121.376474,15.080514],[121.370499,15.087136],[121.374005,15.095887],[121.390006,15.098699],[121.389085,15.104733],[121.394511,15.104241],[121.396309,15.108833],[121.393121,15.116034],[121.400192,15.121904],[121.401293,15.138443],[121.396608,15.146318],[121.403891,15.152887],[121.394948,15.163407],[121.389749,15.162214],[121.384668,15.155598],[121.384519,15.16272],[121.380467,15.168481],[121.392269,15.175169],[121.39794,15.169907],[121.401844,15.172193],[121.408097,15.182937],[121.402227,15.195523],[121.402323,15.203701],[121.40835,15.212886],[121.416153,15.216661],[121.427382,15.207257],[121.437694,15.20946],[121.444225,15.204818],[121.448039,15.196347],[121.456578,15.202095],[121.462207,15.201113],[121.480938,15.180229],[121.482088,15.161831],[121.487177,15.157959],[121.490329,15.140212],[121.495041,15.136151],[121.494495,15.104047],[121.497794,15.090221],[121.503365,15.08737],[121.498222,15.077328],[121.504199,15.068669],[121.506074,15.055111],[121.517436,15.038827],[121.527468,15.035101],[121.526374,15.03156],[121.530093,15.026322],[121.535057,15.025822],[121.537845,15.020396],[121.536106,15.01495],[121.540987,15.013156],[121.546661,15.004197],[121.548463,14.990863],[121.566788,14.96651],[121.565888,14.960056],[121.573014,14.947552],[121.572659,14.928361],[121.581661,14.890369],[121.589986,14.87567],[121.613588,14.85278],[121.6066,14.847008],[121.602109,14.827585],[121.624442,14.800215],[121.624153,14.792968],[121.642814,14.78178],[121.654609,14.780725],[121.649622,14.775414],[121.65856,14.775783],[121.66157,14.76922],[121.65993,14.765545],[121.661902,14.768795],[121.677406,14.752004],[121.709856,14.726129],[121.734329,14.695812],[121.733876,14.693186],[121.724465,14.690585],[121.70196,14.703307],[121.69892,14.701073],[121.692391,14.698804],[121.695005,14.702877],[121.697519,14.700976],[121.697161,14.704199],[121.691014,14.700761],[121.685013,14.703924],[121.681892,14.698712],[121.678734,14.702135],[121.678361,14.696238],[121.678774,14.701471],[121.681404,14.697922],[121.688228,14.70007],[121.690332,14.697735],[121.672809,14.692993],[121.671341,14.696105],[121.667606,14.695082],[121.666066,14.690987],[121.669738,14.694562],[121.671674,14.691693],[121.662929,14.688808],[121.634241,14.662483],[121.625009,14.657483],[121.620733,14.659091],[121.619829,14.663866],[121.626143,14.658954],[121.627507,14.666684],[121.634072,14.664181],[121.637244,14.66724],[121.628538,14.670293],[121.628002,14.67357],[121.623763,14.672767],[121.625577,14.678095],[121.621208,14.674393],[121.616417,14.676647],[121.621108,14.680476],[121.619913,14.685895],[121.620184,14.682246],[121.611182,14.675473],[121.613998,14.670385],[121.606977,14.664455],[121.603768,14.652083],[121.609077,14.641234],[121.608115,14.618051],[121.612506,14.611558],[121.608625,14.599226],[121.61858,14.590039],[121.619505,14.574426],[121.624707,14.567613],[121.628484,14.5363],[121.624263,14.528576],[121.625161,14.516079],[121.632877,14.503639],[121.635203,14.492534],[121.641438,14.488843],[121.643287,14.483619],[121.643082,14.466912],[121.649473,14.459172],[121.648644,14.448819],[121.659188,14.423158],[121.658616,14.401281],[121.662798,14.392487],[121.681034,14.380373],[121.692003,14.364346],[121.71708,14.340749],[121.716237,14.338476],[121.720165,14.337391],[121.727668,14.326294],[121.734564,14.297345],[121.728587,14.274058],[121.735443,14.263967],[121.758326,14.246992],[121.757993,14.231041],[121.761648,14.230908],[121.761707,14.228714],[121.758231,14.230571],[121.758929,14.226456],[121.754592,14.225577],[121.75241,14.220013],[121.753935,14.204443],[121.749103,14.205831],[121.745606,14.195845],[121.733685,14.190967],[121.731521,14.18429],[121.733437,14.175236],[121.729639,14.177373],[121.74574,14.149873],[121.769107,14.123911],[121.770562,14.125591],[121.800908,14.102976],[121.824335,14.081855],[121.846681,14.072706],[121.883305,14.041591],[121.907283,14.011075],[121.916707,14.006953],[121.917852,14.003224],[121.919859,14.005139],[121.929011,14.000643],[121.945514,13.988508],[121.992439,13.976199],[122.006963,13.961713],[122.05775,13.94008],[122.09075,13.933554],[122.097086,13.929639],[122.098688,13.92259],[122.105964,13.922305],[122.111912,13.92646],[122.125999,13.919604],[122.126784,13.915513],[122.134895,13.916096],[122.13729,13.912854],[122.153038,13.920259],[122.169166,13.913349],[122.188536,13.915604],[122.197603,13.90849],[122.203064,13.909386],[122.208558,13.90277],[122.219725,13.901435],[122.231534,13.894845],[122.236685,13.898788],[122.234146,13.905171],[122.241127,13.907244],[122.245655,13.918993],[122.244099,13.923499],[122.248153,13.93225],[122.243758,13.942815],[122.236608,13.946434],[122.222448,13.942619],[122.220678,13.948635],[122.208507,13.95274],[122.193596,13.967998],[122.190225,13.980616],[122.183714,13.981988],[122.181431,13.993235],[122.195731,13.996286],[122.205688,13.987457],[122.206275,13.9832],[122.218076,13.978179],[122.231039,13.978385],[122.235243,13.972653],[122.264668,13.970001],[122.270765,13.967031],[122.269238,13.960505],[122.274911,13.962639],[122.282957,13.957834],[122.290529,13.960585],[122.298842,13.959299],[122.30206,13.960456],[122.306609,13.97254],[122.293471,13.991616],[122.298756,13.994438],[122.301665,14.001193],[122.308395,14.00071],[122.316196,13.993391],[122.316857,13.997223],[122.309577,14.005741],[122.315305,14.01229],[122.318804,14.011997],[122.323697,14.02013],[122.317208,14.023662],[122.310926,14.021304],[122.307786,14.01128],[122.290104,14.016922],[122.285419,14.0227],[122.288363,14.03862],[122.284564,14.040109],[122.281595,14.037229],[122.282358,14.041411],[122.279501,14.043706],[122.278696,14.036317],[122.275797,14.035808],[122.266145,14.050455],[122.25995,14.054048],[122.254532,14.05305],[122.227786,14.077123],[122.213796,14.08371],[122.205703,14.082589],[122.192755,14.092787],[122.191102,14.104773],[122.18787,14.104696],[122.186897,14.110097],[122.18156,14.11299],[122.164607,14.140706],[122.165647,14.159427],[122.170003,14.157422],[122.169102,14.14985],[122.176121,14.140623],[122.189027,14.138434],[122.191266,14.145876],[122.182678,14.161996],[122.186987,14.165445],[122.190754,14.162893],[122.188781,14.166917],[122.190989,14.170883],[122.198634,14.177032],[122.204441,14.177251],[122.214808,14.190008],[122.221017,14.186918],[122.233407,14.194165],[122.236085,14.189439],[122.24532,14.185958],[122.242732,14.196913],[122.249486,14.199364],[122.251213,14.204742],[122.245672,14.21768],[122.25358,14.226587],[122.248075,14.236203],[122.250304,14.242293],[122.273341,14.245559],[122.277157,14.234633],[122.272532,14.230689],[122.274865,14.225488],[122.269707,14.223952],[122.271284,14.206624],[122.264645,14.195671],[122.264473,14.177221],[122.259279,14.172838],[122.273675,14.162646],[122.265719,14.150346],[122.270254,14.143756],[122.267059,14.134998],[122.267684,14.12371],[122.287225,14.120024],[122.296812,14.133851],[122.307211,14.137561],[122.308633,14.141969],[122.311622,14.136004],[122.307779,14.117218],[122.303682,14.112753],[122.306837,14.112656],[122.307555,14.092884],[122.302275,14.088747],[122.298774,14.072662],[122.30406,14.067288],[122.306755,14.069278],[122.314291,14.063813],[122.318698,14.06566],[122.322149,14.061822],[122.326092,14.063694],[122.330248,14.061273],[122.334694,14.063853],[122.362047,14.062866],[122.383769,14.066641],[122.396166,14.084714],[122.408466,14.09057],[122.410487,14.096959],[122.418316,14.097196],[122.422525,14.10764],[122.432178,14.113517],[122.434016,14.122941],[122.446629,14.135112],[122.445492,14.141116],[122.451994,14.150214],[122.538911,14.11674],[122.641618,14.070068],[122.792518,14.013752],[122.66522,13.983192],[122.62015,13.967995],[122.583874,13.961811],[122.55091,13.945775],[122.536424,13.963503],[122.530088,13.962207],[122.525498,13.958068],[122.529457,13.958456],[122.532776,13.953935],[122.533653,13.944052],[122.52474,13.935122],[122.528438,13.926126],[122.524749,13.922767],[122.511424,13.932562],[122.508334,13.932518],[122.509355,13.925822],[122.502907,13.930039],[122.497851,13.925738],[122.489956,13.928819],[122.483908,13.926314],[122.474598,13.935436],[122.474069,13.931728],[122.466622,13.933661],[122.450313,13.926212],[122.44794,13.934776],[122.436335,13.944239],[122.419527,13.942829],[122.42366,13.930052],[122.451383,13.905343],[122.455536,13.893654],[122.467989,13.878119],[122.475708,13.862193],[122.480162,13.858195],[122.484939,13.858629],[122.485602,13.848333],[122.498052,13.845329],[122.501975,13.835895],[122.508336,13.835339],[122.505314,13.831564],[122.508139,13.820801],[122.514314,13.816929],[122.524513,13.816074],[122.519856,13.809621],[122.512604,13.812663],[122.509339,13.805673],[122.513823,13.801897],[122.514456,13.786035],[122.508962,13.769151],[122.512592,13.765835],[122.51321,13.754712],[122.522197,13.743092],[122.523436,13.731784],[122.518327,13.734324],[122.505455,13.730833],[122.495859,13.734589],[122.485049,13.729253],[122.480165,13.712735],[122.480971,13.697219],[122.502218,13.668413],[122.497272,13.646758],[122.518712,13.628155],[122.527074,13.613742],[122.537199,13.609376],[122.539893,13.602512],[122.548586,13.597987],[122.548873,13.590386],[122.543965,13.585409],[122.545473,13.582017],[122.574383,13.574777],[122.590025,13.558783],[122.595188,13.558758],[122.603644,13.552624],[122.611771,13.54141],[122.62261,13.533453],[122.631372,13.53149],[122.635853,13.525991],[122.634949,13.514896],[122.61501,13.514893],[122.607235,13.522155],[122.604567,13.533213],[122.594321,13.541217],[122.582544,13.560964],[122.574296,13.565154],[122.564937,13.563022],[122.563353,13.554363],[122.57529,13.53538],[122.58645,13.525834],[122.600817,13.521835],[122.598578,13.510513],[122.602558,13.502848],[122.612188,13.489624],[122.618867,13.489154],[122.62878,13.470704],[122.6434,13.456395],[122.645947,13.448715],[122.650185,13.446071],[122.650487,13.438027],[122.663292,13.419004],[122.667633,13.398853],[122.671749,13.393001],[122.670468,13.388128],[122.673756,13.385172],[122.671902,13.382984],[122.676623,13.379354],[122.67777,13.371168],[122.674266,13.346873],[122.678961,13.335886],[122.681042,13.304617],[122.678783,13.294595],[122.682651,13.291094],[122.678756,13.283899],[122.680275,13.277492],[122.676745,13.274691],[122.681654,13.26746],[122.688848,13.269974],[122.691011,13.268],[122.689564,13.265051],[122.693247,13.262744],[122.702823,13.224825],[122.693203,13.217559],[122.676799,13.217042],[122.658759,13.20911],[122.656236,13.201791],[122.64104,13.195154],[122.637984,13.19054],[122.640253,13.187208],[122.632253,13.184119],[122.624184,13.172309],[122.614557,13.17112],[122.599093,13.161975],[122.564642,13.178826],[122.549064,13.198525],[122.53934,13.218899],[122.521088,13.234181],[122.505742,13.242002],[122.503198,13.246563],[122.513882,13.251498],[122.516092,13.260676],[122.51095,13.271466],[122.514986,13.277131],[122.523327,13.280357],[122.521895,13.286413],[122.5121,13.290304],[122.510002,13.29536],[122.510888,13.298797],[122.518095,13.298315],[122.520777,13.303576],[122.522787,13.328606],[122.516163,13.350051],[122.510946,13.353539],[122.510623,13.359672],[122.507003,13.358852],[122.502673,13.363201],[122.504739,13.367201],[122.500627,13.374605],[122.497213,13.374332],[122.495541,13.389298],[122.48932,13.396159],[122.490125,13.40574],[122.487779,13.410558],[122.462834,13.429695],[122.449138,13.445732],[122.446693,13.453889],[122.444046,13.452788],[122.431566,13.462734],[122.428197,13.470427],[122.413189,13.48411],[122.404582,13.502901],[122.407128,13.508314],[122.402367,13.513516],[122.401857,13.524248],[122.382653,13.534423],[122.366238,13.548257],[122.354292,13.546663],[122.332411,13.559318],[122.329424,13.56468],[122.337427,13.57604],[122.321759,13.590393],[122.30235,13.59303],[122.289511,13.591353],[122.282477,13.586134],[122.28412,13.577293],[122.280281,13.574428],[122.261254,13.58184],[122.276336,13.58901],[122.278145,13.59304],[122.277536,13.598988],[122.267366,13.606438],[122.254384,13.604881],[122.238433,13.596776],[122.225717,13.600728],[122.217828,13.607838],[122.208323,13.601937],[122.198964,13.620148],[122.197993,13.631143],[122.202809,13.637117],[122.197504,13.640832],[122.196199,13.647648],[122.186786,13.660057],[122.182435,13.662132],[122.17928,13.667594],[122.181113,13.668943],[122.17388,13.669831],[122.17302,13.684828],[122.168354,13.688431],[122.16456,13.698742],[122.155228,13.705429],[122.154424,13.713262],[122.14951,13.716147],[122.150499,13.71964],[122.145435,13.712878],[122.137737,13.720909],[122.129356,13.740766],[122.133094,13.744817],[122.101838,13.770052],[122.100779,13.775513],[122.103859,13.778729],[122.100309,13.779399],[122.098611,13.785268],[122.090225,13.780501],[122.077014,13.792386],[122.079418,13.78528],[122.073412,13.78791],[122.074059,13.780309],[122.067618,13.780427],[122.061956,13.774636],[122.054127,13.775395],[122.053747,13.779859],[122.04782,13.781499],[122.043627,13.787852],[122.025831,13.795272],[122.023642,13.798457],[122.028191,13.806749],[122.014144,13.80107],[122.006311,13.8095],[121.989719,13.802881],[121.9806,13.806013],[121.976569,13.820906],[121.982193,13.829011],[121.979061,13.829956],[121.975325,13.840488],[121.961135,13.83923],[121.956793,13.847061],[121.948685,13.8516],[121.930435,13.850208],[121.921669,13.85498],[121.909455,13.853991],[121.890461,13.862574],[121.88881,13.878237],[121.883542,13.882734],[121.883444,13.890486],[121.879792,13.889423],[121.870392,13.896998],[121.855973,13.885352],[121.855052,13.894861],[121.849557,13.89832],[121.849224,13.902284],[121.844607,13.900794],[121.844498,13.890836],[121.836897,13.902558],[121.830453,13.900417],[121.825698,13.891743],[121.822841,13.893178],[121.828768,13.899459],[121.82242,13.899615],[121.821672,13.90551],[121.809633,13.913541],[121.818084,13.92799],[121.817263,13.941116],[121.802468,13.947776],[121.799693,13.945679],[121.790039,13.949253],[121.785651,13.94534],[121.788324,13.94041],[121.78414,13.93926],[121.771027,13.946477],[121.762286,13.961008],[121.749377,13.969164],[121.741863,13.965341],[121.713493,13.970686],[121.708716,13.967695],[121.706069,13.95972],[121.700608,13.964795],[121.695975,13.962263],[121.689035,13.949638],[121.69709,13.945653],[121.700257,13.935812],[121.698292,13.931453],[121.704108,13.92889],[121.706315,13.923785],[121.700744,13.919969],[121.695341,13.918428],[121.690145,13.920492],[121.691924,13.923458],[121.680383,13.923599],[121.675383,13.921069],[121.674251,13.916842],[121.669392,13.916738],[121.667377,13.912035],[121.662435,13.915463],[121.65583,13.914639],[121.645906,13.907795],[121.62481,13.90778],[121.621369,13.905811],[121.622547,13.902872],[121.620131,13.90556],[121.616678,13.901633],[121.617737,13.891559],[121.602535,13.899004],[121.603251,13.895133],[121.584564,13.890531],[121.553922,13.871936],[121.52103,13.858951],[121.498296,13.854279],[121.474481,13.839383],[121.468493,13.833889],[121.460266,13.816422],[121.456826,13.818708],[121.456617,13.810264],[121.4394,13.794204],[121.432436,13.764471],[121.439354,13.734053],[121.448804,13.722308],[121.451673,13.722903],[121.449028,13.72192],[121.442719,13.696137],[121.449457,13.695293],[121.451984,13.697303],[121.44973,13.699476],[121.454352,13.701644],[121.460901,13.699997],[121.471476,13.690317],[121.469461,13.684061],[121.434933,13.659543],[121.420251,13.654764],[121.409371,13.667178],[121.396682,13.672255],[121.363729,13.658786],[121.348865,13.646366],[121.337603,13.643556],[121.326291,13.63443],[121.314915,13.621479],[121.312868,13.612641],[121.304189,13.612496],[121.294519,13.600293],[121.285487,13.596989],[121.259184,13.597972],[121.256105,13.605768],[121.233257,13.627796],[121.204844,13.627296],[121.199043,13.62987],[121.200352,13.631693],[121.196902,13.632249],[121.191443,13.641789],[121.183976,13.644616],[121.15663,13.642156],[121.14172,13.634862],[121.116202,13.631608],[121.104175,13.624955],[121.089482,13.624112],[121.077721,13.618866],[121.069953,13.630716],[121.058611,13.627366],[121.051683,13.635735],[121.036897,13.63354],[121.038707,13.641889],[121.048726,13.653982],[121.053374,13.665885],[121.049243,13.686027],[121.054092,13.70227],[121.060772,13.708783],[121.061447,13.71678],[121.057083,13.723725],[121.06019,13.725967],[121.056356,13.733491],[121.060167,13.738544],[121.055587,13.736723],[121.039657,13.755238],[121.039423,13.759049],[121.042562,13.757422],[121.04121,13.760015],[121.045377,13.762118],[121.042755,13.766517],[121.038285,13.762714],[121.02641,13.771547],[121.020504,13.773706],[121.019681,13.771243],[121.020385,13.773776],[121.012117,13.778768],[121.002569,13.781485],[120.979066,13.782503],[120.963358,13.771982],[120.952751,13.748978],[120.930196,13.727437],[120.917198,13.699696],[120.896562,13.688424],[120.89228,13.683173],[120.891741,13.688668],[120.874091,13.710502],[120.873636,13.719778],[120.882622,13.724491],[120.893043,13.740846],[120.90704,13.755094],[120.924436,13.756899],[120.927418,13.76218],[120.924416,13.770284],[120.928383,13.775175],[120.928187,13.781012],[120.918959,13.787704],[120.919538,13.797136],[120.911748,13.800529],[120.911907,13.811961],[120.902084,13.821696],[120.911252,13.824817],[120.915342,13.830472],[120.916776,13.84794],[120.912735,13.874892],[120.899598,13.890385],[120.878694,13.901968],[120.845275,13.909198],[120.799974,13.92406],[120.790818,13.923484],[120.789738,13.928075],[120.788347,13.925041],[120.785044,13.9279],[120.776733,13.926394]],[[120.953793,14.014997],[120.94992,14.001315],[120.951181,13.990304],[120.959341,13.982681],[120.942512,13.964267],[120.946148,13.939098],[120.949471,13.930707],[120.977239,13.913814],[120.983301,13.913144],[120.980961,13.888084],[120.986459,13.879602],[120.993254,13.877544],[121.006787,13.89063],[121.017738,13.887702],[121.019487,13.896374],[121.027196,13.895062],[121.031931,13.897544],[121.034993,13.904959],[121.032964,13.912746],[121.029745,13.913762],[121.039166,13.926988],[121.03579,13.938676],[121.051321,13.93944],[121.062876,13.945622],[121.067416,13.943302],[121.075269,13.961683],[121.084345,13.962241],[121.080722,13.97589],[121.082873,13.989359],[121.095586,14.015709],[121.089308,14.023154],[121.076739,14.027706],[121.064306,14.024292],[121.059257,14.018305],[121.061991,14.026724],[121.054234,14.031141],[121.063198,14.042794],[121.07143,14.064535],[121.05921,14.086469],[121.054847,14.084522],[121.053783,14.088988],[121.041833,14.0913],[121.022192,14.08834],[121.014141,14.090794],[120.999114,14.081152],[120.986192,14.083313],[120.984704,14.086697],[120.974655,14.087606],[120.970743,14.083994],[120.968302,14.086735],[120.962158,14.080529],[120.962979,14.075268],[120.957261,14.068485],[120.945751,14.071476],[120.936773,14.064499],[120.938023,14.058061],[120.948671,14.051346],[120.948358,14.043568],[120.953553,14.042724],[120.947261,14.036071],[120.957183,14.014432],[120.953793,14.014997]],[[121.500639,14.289705],[121.509659,14.28616],[121.507528,14.289834],[121.510311,14.288655],[121.510911,14.292521],[121.513844,14.286539],[121.516909,14.289045],[121.516692,14.286893],[121.523985,14.287915],[121.525945,14.285428],[121.538105,14.283679],[121.529177,14.286347],[121.529,14.292803],[121.531494,14.292688],[121.530073,14.288444],[121.534475,14.290632],[121.538442,14.287007],[121.538946,14.290493],[121.535946,14.291469],[121.540433,14.29061],[121.540118,14.288557],[121.542436,14.292466],[121.549397,14.29235],[121.545242,14.29445],[121.559322,14.29287],[121.560357,14.2972],[121.566186,14.297847],[121.568288,14.304851],[121.564636,14.302145],[121.559291,14.303668],[121.56128,14.302488],[121.558117,14.297435],[121.557097,14.299989],[121.551609,14.296622],[121.554505,14.299539],[121.550124,14.300539],[121.543048,14.296169],[121.548547,14.299813],[121.542919,14.298429],[121.545224,14.30295],[121.542065,14.304457],[121.542002,14.299191],[121.539739,14.305198],[121.537329,14.305182],[121.538516,14.300112],[121.532471,14.30191],[121.534582,14.304588],[121.523953,14.307003],[121.522573,14.311303],[121.522182,14.30725],[121.517213,14.309296],[121.51315,14.307782],[121.527613,14.304167],[121.523232,14.303885],[121.526888,14.301526],[121.527583,14.294781],[121.521764,14.296082],[121.526554,14.297228],[121.522886,14.30094],[121.517455,14.301234],[121.519831,14.295167],[121.515425,14.300623],[121.510187,14.299173],[121.507738,14.302208],[121.50483,14.298695],[121.508089,14.294847],[121.506291,14.293202],[121.490577,14.303212],[121.500639,14.289705]],[[121.365411,14.121598],[121.362706,14.118978],[121.363634,14.116371],[121.370072,14.11928],[121.365411,14.121598]],[[121.378472,14.106593],[121.374068,14.104759],[121.375139,14.100189],[121.381196,14.102863],[121.378472,14.106593]],[[121.369146,14.116645],[121.364753,14.11261],[121.369836,14.112396],[121.369146,14.116645]]],[[[121.020235,14.015602],[121.012757,13.992538],[120.975278,13.978734],[120.970873,14.007789],[120.973449,14.029595],[120.96602,14.034825],[120.967135,14.038737],[120.97327,14.042266],[120.980814,14.033028],[120.987322,14.031859],[120.992973,14.036676],[121.00842,14.036577],[121.011549,14.042867],[121.014312,14.042834],[121.019467,14.038154],[121.015606,14.024693],[121.020235,14.015602]],[[121.001857,14.014167],[120.995579,14.016334],[120.992165,14.013201],[120.997878,14.003997],[121.001872,14.007123],[121.001857,14.014167]]],[[[121.054076,14.027893],[121.049313,14.02574],[121.042172,14.030165],[121.044464,14.036051],[121.054076,14.027893]]],[[[121.026571,14.031868],[121.029584,14.035391],[121.03174,14.030654],[121.029637,14.030009],[121.026571,14.031868]]],[[[120.49504,14.051957],[120.490726,14.055319],[120.487211,14.061567],[120.494061,14.056371],[120.49504,14.051957]]],[[[120.575625,14.115561],[120.57693,14.115187],[120.57639,14.114648],[120.575625,14.115561]]],[[[120.570267,14.137281],[120.567928,14.137003],[120.567351,14.137404],[120.570267,14.137281]]],[[[120.569582,14.149683],[120.571654,14.149617],[120.569743,14.149218],[120.569582,14.149683]]],[[[120.575287,14.148907],[120.572651,14.151896],[120.575859,14.150143],[120.575287,14.148907]]],[[[120.577861,14.190864],[120.580585,14.190756],[120.578078,14.190235],[120.577861,14.190864]]],[[[120.578629,14.199654],[120.578547,14.198544],[120.578252,14.198726],[120.578629,14.199654]]],[[[120.584153,14.211498],[120.582953,14.210997],[120.58324,14.211908],[120.584153,14.211498]]],[[[121.203487,14.219687],[121.206581,14.217045],[121.203269,14.218427],[121.203487,14.219687]]],[[[120.594868,14.232136],[120.5874,14.237019],[120.5899,14.239823],[120.594868,14.232136]]],[[[120.615703,14.263994],[120.61417,14.267489],[120.614439,14.272298],[120.615703,14.263994]]],[[[120.71064,14.293334],[120.714179,14.295465],[120.712995,14.288014],[120.71064,14.293334]]],[[[120.612705,14.365223],[120.620139,14.367369],[120.622705,14.37018],[120.620758,14.365371],[120.612705,14.365223]]],[[[120.579777,14.372495],[120.566651,14.376433],[120.562139,14.38425],[120.564194,14.388171],[120.573126,14.392697],[120.580079,14.392397],[120.585803,14.387573],[120.590685,14.391546],[120.607644,14.39388],[120.615629,14.390869],[120.620449,14.385693],[120.610723,14.391109],[120.600269,14.386706],[120.593252,14.387564],[120.585212,14.383048],[120.579777,14.372495]]],[[[121.779261,13.9009],[121.77781,13.901068],[121.778433,13.901738],[121.779261,13.9009]]],[[[121.785348,13.910606],[121.793822,13.911236],[121.802163,13.898941],[121.79206,13.879955],[121.780769,13.879283],[121.783957,13.880991],[121.784828,13.892265],[121.790513,13.901402],[121.789279,13.906876],[121.784898,13.909503],[121.779433,13.90791],[121.769842,13.894987],[121.76034,13.892545],[121.757999,13.888029],[121.754836,13.891581],[121.754753,13.883656],[121.745387,13.888114],[121.738695,13.899962],[121.744756,13.904128],[121.742607,13.909677],[121.746989,13.909412],[121.738285,13.919172],[121.749894,13.92045],[121.753223,13.924041],[121.75105,13.925946],[121.754674,13.928715],[121.754235,13.934347],[121.746032,13.937031],[121.747311,13.942238],[121.7557,13.943259],[121.785019,13.93704],[121.789769,13.93918],[121.791043,13.932206],[121.788313,13.929161],[121.791776,13.924515],[121.785348,13.910606]]],[[[121.801063,13.921224],[121.801939,13.922063],[121.80293,13.92148],[121.801063,13.921224]]],[[[121.716062,13.951273],[121.719873,13.949698],[121.719098,13.945153],[121.716497,13.945396],[121.716062,13.951273]]],[[[121.312864,14.224841],[121.311074,14.22403],[121.312213,14.225555],[121.312864,14.224841]]],[[[121.82942,14.302137],[121.851431,14.298412],[121.848592,14.286829],[121.839338,14.280502],[121.839722,14.27485],[121.832195,14.268681],[121.831796,14.259762],[121.820652,14.248856],[121.817116,14.250642],[121.820295,14.259471],[121.816587,14.267845],[121.807232,14.271116],[121.808013,14.288636],[121.803961,14.292781],[121.81598,14.303596],[121.826874,14.306284],[121.82942,14.302137]]],[[[121.306823,14.281763],[121.309016,14.285418],[121.308183,14.278381],[121.306823,14.281763]]],[[[121.310929,14.283177],[121.312486,14.284775],[121.312942,14.284148],[121.310929,14.283177]]],[[[121.247984,14.297766],[121.244226,14.300213],[121.24599,14.303467],[121.25094,14.300873],[121.247984,14.297766]]],[[[121.252531,14.304411],[121.252295,14.303178],[121.252035,14.303523],[121.252531,14.304411]]],[[[121.412416,14.304329],[121.41242,14.306121],[121.41299,14.30588],[121.412416,14.304329]]],[[[121.258413,14.311915],[121.258242,14.309808],[121.257636,14.310041],[121.258413,14.311915]]],[[[121.435599,14.320719],[121.436424,14.321396],[121.436204,14.320448],[121.435599,14.320719]]],[[[121.437189,14.321706],[121.437801,14.322687],[121.437809,14.321535],[121.437189,14.321706]]],[[[121.417246,14.336057],[121.418921,14.334814],[121.417074,14.335586],[121.417246,14.336057]]],[[[121.244998,14.309278],[121.237502,14.299886],[121.240519,14.294529],[121.236945,14.287109],[121.231358,14.297937],[121.23129,14.308311],[121.224915,14.313397],[121.226051,14.323952],[121.220945,14.32957],[121.221515,14.33295],[121.215042,14.336378],[121.218334,14.34001],[121.21405,14.349599],[121.219581,14.35636],[121.22137,14.367613],[121.220035,14.399208],[121.226556,14.403532],[121.223183,14.410029],[121.224834,14.422644],[121.230843,14.409422],[121.230316,14.402416],[121.235318,14.39701],[121.235929,14.372903],[121.240931,14.34873],[121.257148,14.346043],[121.25991,14.338565],[121.266221,14.336651],[121.259723,14.331191],[121.247181,14.333444],[121.242114,14.329853],[121.240721,14.319938],[121.244998,14.309278]]],[[[121.43217,14.396651],[121.431052,14.396296],[121.430818,14.398229],[121.43217,14.396651]]],[[[121.322899,14.442072],[121.323507,14.442516],[121.32334,14.441541],[121.322899,14.442072]]],[[[121.244691,14.486024],[121.243897,14.486796],[121.245507,14.486876],[121.244691,14.486024]]],[[[121.236051,14.488698],[121.236326,14.487757],[121.235742,14.488457],[121.236051,14.488698]]],[[[121.655983,14.779739],[121.657953,14.77725],[121.654174,14.778606],[121.655983,14.779739]]],[[[122.073563,14.058185],[122.056785,14.06415],[122.053095,14.074466],[122.046607,14.077128],[122.038092,14.089899],[122.026538,14.095584],[122.014799,14.097636],[122.011768,14.095049],[122.010306,14.10132],[122.001414,14.108401],[121.997478,14.108798],[121.995178,14.105213],[121.98609,14.111217],[121.966236,14.13094],[121.953519,14.150824],[121.95027,14.150794],[121.926287,14.191332],[121.916965,14.19508],[121.918168,14.18874],[121.914244,14.188045],[121.91354,14.196019],[121.928882,14.235675],[121.934715,14.233267],[121.955853,14.210405],[121.984569,14.186449],[122.002355,14.172487],[122.008681,14.171255],[122.021561,14.152981],[122.043422,14.1411],[122.048297,14.134445],[122.058289,14.131725],[122.072299,14.120819],[122.075686,14.114598],[122.127758,14.087311],[122.139389,14.067521],[122.150525,14.064487],[122.171539,14.045412],[122.18671,14.022932],[122.189751,14.010114],[122.185137,14.004285],[122.171538,14.000358],[122.158873,14.001279],[122.153415,14.009383],[122.146399,14.008681],[122.132896,14.019991],[122.125692,14.019943],[122.119377,14.027113],[122.112672,14.027375],[122.104375,14.039423],[122.092767,14.046065],[122.090808,14.051536],[122.075141,14.055578],[122.073154,14.060599],[122.073563,14.058185]]],[[[122.149785,14.176905],[122.150686,14.169381],[122.147051,14.173222],[122.149785,14.176905]]],[[[121.901029,14.242891],[121.900522,14.24337],[121.901079,14.243396],[121.901029,14.242891]]],[[[122.038275,14.40085],[122.037635,14.401273],[122.038675,14.401655],[122.038275,14.40085]]],[[[122.038943,14.440019],[122.041695,14.426653],[122.045896,14.423187],[122.040146,14.416226],[122.037248,14.401281],[122.033919,14.39786],[122.033742,14.420401],[122.026715,14.438002],[122.030621,14.445349],[122.038943,14.440019]]],[[[122.043781,14.439529],[122.043309,14.438389],[122.043307,14.439348],[122.043781,14.439529]]],[[[122.046917,14.440372],[122.04681,14.438465],[122.045754,14.439536],[122.046917,14.440372]]],[[[122.020336,14.804786],[122.025646,14.806958],[122.029522,14.80094],[122.023254,14.800859],[122.020336,14.804786]]],[[[121.997794,14.833481],[121.99922,14.841709],[122.004608,14.844681],[122.005146,14.836461],[121.997794,14.833481]]],[[[122.130846,14.845403],[122.140115,14.846346],[122.140542,14.839727],[122.129521,14.835941],[122.130846,14.845403]]],[[[121.977643,15.037986],[121.991324,15.045877],[121.995608,15.045065],[122.02105,15.027865],[122.016241,15.01539],[122.006991,15.006868],[122.013357,15.009332],[122.022463,15.006341],[122.026396,15.011667],[122.030658,15.009073],[122.035917,15.012854],[122.049694,15.005719],[122.047823,14.99642],[122.055867,14.971612],[122.054757,14.95187],[122.041524,14.973145],[122.043999,14.978904],[122.034445,14.982769],[122.031212,14.991962],[122.016392,14.991521],[121.996162,14.974845],[122.001786,14.973984],[121.991269,14.957719],[121.997763,14.951666],[122.001369,14.959155],[122.019237,14.967683],[122.011051,14.948458],[122.017758,14.930253],[122.017271,14.923835],[122.021163,14.921074],[121.991837,14.913771],[121.98668,14.910382],[121.985186,14.903145],[121.979324,14.900588],[121.977423,14.909729],[121.971471,14.910288],[121.967339,14.906653],[121.969803,14.902347],[121.965713,14.901377],[121.969478,14.896548],[121.965536,14.894672],[121.968092,14.8865],[121.973446,14.885308],[121.972083,14.880256],[121.976517,14.883287],[121.975321,14.87788],[121.971456,14.878991],[121.967353,14.874765],[121.96773,14.867881],[121.973553,14.862186],[121.971976,14.859647],[121.980115,14.859777],[121.976817,14.854801],[121.983194,14.846371],[121.981509,14.841913],[121.985998,14.841637],[121.987375,14.836472],[121.995816,14.830977],[122.008753,14.833864],[122.010007,14.828471],[122.005818,14.827466],[122.009345,14.823533],[122.00762,14.821429],[122.012364,14.821232],[122.012296,14.816951],[122.017544,14.818938],[122.021856,14.814049],[122.023211,14.807253],[122.019674,14.80517],[122.023036,14.79934],[122.021491,14.795081],[122.02583,14.789941],[122.022314,14.784651],[122.025466,14.786806],[122.021444,14.763973],[122.027654,14.761427],[122.026607,14.750027],[122.030819,14.738872],[122.027919,14.729396],[122.036769,14.715897],[122.030258,14.706062],[122.022347,14.703297],[122.019925,14.69088],[122.004161,14.667574],[121.985346,14.65501],[121.974586,14.641672],[121.959301,14.639576],[121.949807,14.628587],[121.939238,14.626554],[121.932986,14.627749],[121.914278,14.64084],[121.902907,14.67932],[121.905035,14.72373],[121.91367,14.721096],[121.914313,14.709636],[121.918985,14.706054],[121.93342,14.705999],[121.937861,14.711469],[121.935309,14.714269],[121.937749,14.720725],[121.931132,14.748243],[121.921264,14.760072],[121.919153,14.774112],[121.913971,14.778661],[121.916683,14.785274],[121.912079,14.796126],[121.909009,14.802883],[121.8887,14.8179],[121.87851,14.83542],[121.872694,14.876896],[121.849818,14.909876],[121.85421,14.922204],[121.842172,14.925466],[121.834565,14.932001],[121.838993,14.944304],[121.835192,14.954526],[121.830037,14.952899],[121.823326,14.956327],[121.824913,14.949905],[121.833232,14.946699],[121.830974,14.928603],[121.826265,14.929403],[121.820609,14.937184],[121.814639,14.931835],[121.814304,14.924296],[121.80943,14.923643],[121.801428,14.935977],[121.809873,14.951548],[121.811267,14.962674],[121.817808,14.971185],[121.813248,14.981297],[121.820054,15.00252],[121.831966,15.002872],[121.824696,14.994788],[121.827404,14.991853],[121.830624,14.996913],[121.834895,14.995071],[121.834138,14.990365],[121.836959,14.988676],[121.831904,14.983068],[121.835074,14.981975],[121.839907,14.988757],[121.836253,14.991865],[121.836562,14.996612],[121.832664,14.997254],[121.833617,15.003228],[121.826636,15.01173],[121.828519,15.013103],[121.835658,15.006408],[121.831976,15.010779],[121.833693,15.018876],[121.828386,15.02185],[121.837163,15.039383],[121.856251,15.039719],[121.858589,15.027765],[121.863735,15.031165],[121.866431,15.02162],[121.866968,15.029821],[121.877849,15.034731],[121.884805,15.028422],[121.891152,15.027733],[121.892853,15.036235],[121.901123,15.0354],[121.912358,15.046049],[121.929197,15.05193],[121.934138,15.058589],[121.939789,15.050672],[121.936986,15.039747],[121.946505,15.042878],[121.943647,15.043426],[121.943213,15.054594],[121.949763,15.05784],[121.974286,15.050485],[121.974918,15.044803],[121.969677,15.041592],[121.970527,15.037097],[121.975343,15.042015],[121.977643,15.037986]]],[[[121.998114,14.849642],[121.999381,14.849794],[121.999227,14.849332],[121.998114,14.849642]]],[[[122.030833,14.876117],[122.0628,14.867986],[122.065676,14.859798],[122.084123,14.841705],[122.077629,14.838844],[122.068767,14.843999],[122.06203,14.853943],[122.05931,14.850248],[122.049669,14.850361],[122.043814,14.840636],[122.036722,14.84875],[122.025345,14.845373],[122.022503,14.8521],[122.02446,14.855591],[122.013213,14.872108],[122.01848,14.874416],[122.0206,14.879468],[122.025008,14.877613],[122.026653,14.867744],[122.030833,14.876117]]],[[[122.013554,14.879349],[122.001034,14.881474],[121.998492,14.878628],[121.995027,14.880499],[122.007245,14.884013],[122.011462,14.883439],[122.013554,14.879349]]],[[[122.108889,14.892185],[122.110969,14.894589],[122.112425,14.893731],[122.112518,14.892022],[122.108889,14.892185]]],[[[122.004778,14.897822],[122.010276,14.903221],[122.023111,14.904035],[122.013914,14.892921],[122.007119,14.892459],[122.004778,14.897822]]],[[[122.117164,14.903068],[122.120849,14.896284],[122.117018,14.894711],[122.112454,14.896895],[122.117164,14.903068]]],[[[122.153911,14.914377],[122.156221,14.903839],[122.150129,14.892894],[122.140825,14.897015],[122.143465,14.906772],[122.140665,14.912047],[122.14736,14.917061],[122.153911,14.914377]]],[[[122.028124,14.914011],[122.038945,14.916058],[122.040249,14.915158],[122.037889,14.909887],[122.028124,14.914011]]],[[[122.044556,14.926407],[122.051367,14.933396],[122.05407,14.933126],[122.053482,14.929136],[122.044556,14.926407]]],[[[122.063213,14.946699],[122.060253,14.948638],[122.063945,14.949002],[122.063213,14.946699]]],[[[122.032765,15.016356],[122.027965,15.015213],[122.027135,15.017],[122.030695,15.017896],[122.032765,15.016356]]],[[[121.982154,15.042868],[121.981534,15.041635],[121.980993,15.042595],[121.982154,15.042868]]],[[[122.713521,13.325753],[122.714592,13.356733],[122.721249,13.365007],[122.724069,13.36159],[122.722172,13.337025],[122.725075,13.327575],[122.72393,13.324359],[122.719198,13.323538],[122.713521,13.325753]]],[[[122.214395,13.943942],[122.216642,13.944952],[122.216365,13.942867],[122.214395,13.943942]]],[[[122.194272,13.96113],[122.194108,13.961475],[122.195159,13.961718],[122.194272,13.96113]]],[[[122.411577,14.728289],[122.414523,14.72036],[122.430733,14.712628],[122.43819,14.703096],[122.436112,14.695218],[122.422841,14.68775],[122.387072,14.680441],[122.350179,14.681508],[122.335574,14.679396],[122.326922,14.674687],[122.306525,14.676632],[122.309363,14.688495],[122.314595,14.695615],[122.324314,14.700552],[122.333049,14.710965],[122.361497,14.712811],[122.372613,14.717525],[122.38237,14.729759],[122.403554,14.733756],[122.411577,14.728289]]],[[[122.213605,14.842208],[122.212183,14.832923],[122.20347,14.825266],[122.20051,14.814335],[122.190609,14.811191],[122.191651,14.806495],[122.228546,14.790699],[122.232897,14.786279],[122.241873,14.794247],[122.247483,14.789892],[122.250415,14.792586],[122.248953,14.788194],[122.257068,14.791537],[122.261011,14.783599],[122.251416,14.772663],[122.259478,14.75921],[122.258185,14.727115],[122.244778,14.720623],[122.242146,14.723146],[122.241602,14.737968],[122.229284,14.750925],[122.210601,14.754075],[122.194354,14.765386],[122.191258,14.763789],[122.183639,14.767186],[122.164713,14.782885],[122.142604,14.795799],[122.136134,14.798503],[122.124606,14.796618],[122.107733,14.805019],[122.104227,14.811424],[122.105887,14.81908],[122.096269,14.832393],[122.09362,14.842219],[122.105714,14.835756],[122.117317,14.840117],[122.119141,14.835178],[122.123465,14.836095],[122.124937,14.841779],[122.133899,14.828237],[122.147425,14.829424],[122.147997,14.835432],[122.158445,14.838304],[122.164966,14.833871],[122.166344,14.838844],[122.176185,14.838038],[122.183342,14.845132],[122.187638,14.83736],[122.191494,14.841267],[122.195077,14.839123],[122.193325,14.832887],[122.196304,14.830234],[122.200857,14.832785],[122.202495,14.838892],[122.213605,14.842208]]],[[[122.264451,14.804893],[122.262362,14.803365],[122.262458,14.805555],[122.264451,14.804893]]],[[[122.24651,14.825454],[122.258434,14.809058],[122.253023,14.80555],[122.247022,14.819885],[122.24651,14.825454]]],[[[122.152124,14.841248],[122.14736,14.840029],[122.14914,14.842597],[122.152124,14.841248]]],[[[122.212186,14.843068],[122.212088,14.843539],[122.212734,14.844538],[122.212186,14.843068]]],[[[122.188053,14.84385],[122.188693,14.84626],[122.189376,14.844694],[122.188053,14.84385]]],[[[122.194984,14.847077],[122.193691,14.848365],[122.195301,14.847327],[122.194984,14.847077]]],[[[122.212581,14.848682],[122.207465,14.848247],[122.209864,14.851405],[122.212581,14.848682]]],[[[122.211175,14.866026],[122.208245,14.864727],[122.204932,14.866289],[122.209235,14.869094],[122.211175,14.866026]]],[[[122.200651,14.866115],[122.199604,14.868247],[122.201168,14.866588],[122.200651,14.866115]]],[[[122.164833,14.882471],[122.162922,14.875385],[122.160385,14.874667],[122.157104,14.88171],[122.160018,14.884403],[122.164833,14.882471]]],[[[122.186516,14.916972],[122.187042,14.912971],[122.185299,14.918012],[122.186516,14.916972]]],[[[122.185669,14.918089],[122.186065,14.918761],[122.186231,14.917878],[122.185669,14.918089]]],[[[122.184323,14.920412],[122.183234,14.922596],[122.184529,14.923365],[122.184323,14.920412]]],[[[122.182832,14.923581],[122.184113,14.923796],[122.183139,14.923133],[122.182832,14.923581]]],[[[122.178938,14.932274],[122.184057,14.924887],[122.176523,14.924635],[122.171815,14.930596],[122.178938,14.932274]]],[[[122.162165,14.947379],[122.160877,14.938046],[122.154218,14.934283],[122.149624,14.922548],[122.138485,14.925201],[122.149457,14.93376],[122.146727,14.940204],[122.151623,14.950298],[122.158174,14.950579],[122.162165,14.947379]]]]}},{"type":"Feature","properties":{"ADM1_PCODE":"PH05","ADM1_EN":"Region V (Bicol Region)"},"geometry":{"type":"MultiPolygon","coordinates":[[[[122.989102,11.730375],[122.98776,11.729488],[122.987631,11.730621],[122.989102,11.730375]]],[[[123.022565,11.758384],[123.026148,11.757001],[123.022785,11.75612],[123.022565,11.758384]]],[[[122.956434,13.083647],[122.958066,13.083979],[122.958343,13.08194],[122.956434,13.083647]]],[[[122.967048,13.127138],[122.967031,13.126542],[122.966302,13.127626],[122.967048,13.127138]]],[[[122.958131,13.127482],[122.956419,13.128794],[122.958133,13.128444],[122.958131,13.127482]]],[[[122.843312,13.144325],[122.847253,13.141775],[122.845839,13.141011],[122.843312,13.144325]]],[[[122.958991,13.129142],[122.948203,13.13559],[122.94683,13.141528],[122.964247,13.148102],[122.973337,13.15662],[122.977943,13.155404],[122.976175,13.147788],[122.978555,13.142999],[122.9729,13.135793],[122.962679,13.135748],[122.958991,13.129142]]],[[[122.842575,13.146408],[122.840669,13.14585],[122.841122,13.147135],[122.842575,13.146408]]],[[[122.800896,13.151198],[122.800467,13.152587],[122.801638,13.152562],[122.800896,13.151198]]],[[[122.894143,13.140514],[122.875214,13.141789],[122.871066,13.145131],[122.870208,13.153634],[122.864338,13.158448],[122.857485,13.172401],[122.867152,13.169128],[122.875643,13.152752],[122.896424,13.145639],[122.894143,13.140514]]],[[[122.935951,13.17902],[122.938292,13.178326],[122.936882,13.175152],[122.935951,13.17902]]],[[[122.735599,13.775829],[122.727183,13.779907],[122.727332,13.776901],[122.724033,13.779366],[122.743359,13.783516],[122.741022,13.777072],[122.735599,13.775829]]],[[[122.757148,13.78299],[122.757496,13.784029],[122.757919,13.783465],[122.757148,13.78299]]],[[[122.762059,13.78411],[122.762408,13.785467],[122.763414,13.784735],[122.762059,13.78411]]],[[[122.74422,13.801836],[122.743194,13.802937],[122.745278,13.802462],[122.74422,13.801836]]],[[[122.792518,14.013752],[122.62491,14.077083],[122.538911,14.11674],[122.451994,14.150214],[122.445492,14.141116],[122.446629,14.135112],[122.434016,14.122941],[122.432178,14.113517],[122.422525,14.10764],[122.418316,14.097196],[122.410487,14.096959],[122.408466,14.09057],[122.396166,14.084714],[122.383769,14.066641],[122.328404,14.06134],[122.326092,14.063694],[122.322149,14.061822],[122.318698,14.06566],[122.314291,14.063813],[122.306755,14.069278],[122.30406,14.067288],[122.298697,14.071618],[122.302275,14.088747],[122.307555,14.092884],[122.307867,14.10203],[122.318655,14.106762],[122.32239,14.104693],[122.331171,14.106661],[122.340555,14.116789],[122.342805,14.111356],[122.350676,14.121847],[122.349156,14.124454],[122.352971,14.133222],[122.350959,14.141883],[122.347603,14.141156],[122.336963,14.155424],[122.335032,14.170538],[122.338185,14.184325],[122.333609,14.199574],[122.346803,14.204271],[122.349091,14.199893],[122.344632,14.187753],[122.349042,14.185113],[122.356861,14.187234],[122.354819,14.196192],[122.358995,14.199566],[122.350603,14.203716],[122.359456,14.204017],[122.35492,14.209104],[122.35015,14.207286],[122.345603,14.210083],[122.34978,14.225791],[122.355948,14.222552],[122.359581,14.21418],[122.362487,14.213621],[122.36307,14.217267],[122.37085,14.212152],[122.382174,14.215153],[122.373913,14.228499],[122.368704,14.230778],[122.360307,14.251642],[122.36858,14.25223],[122.372514,14.258799],[122.379138,14.257322],[122.378322,14.269634],[122.381129,14.27573],[122.384494,14.275827],[122.382483,14.281809],[122.385017,14.287608],[122.393734,14.27917],[122.402436,14.285134],[122.412899,14.287143],[122.415748,14.294845],[122.412854,14.298736],[122.418958,14.308765],[122.414463,14.31261],[122.418519,14.316249],[122.422823,14.31461],[122.424075,14.305971],[122.429896,14.299334],[122.434859,14.305504],[122.432231,14.315582],[122.442631,14.315097],[122.443673,14.321634],[122.456553,14.317109],[122.457883,14.321182],[122.453719,14.324241],[122.45537,14.329331],[122.466759,14.328425],[122.47097,14.339973],[122.477218,14.338934],[122.477582,14.329425],[122.48706,14.328098],[122.489271,14.333213],[122.494255,14.333238],[122.497376,14.338048],[122.503653,14.33453],[122.502826,14.330545],[122.508423,14.329915],[122.506359,14.326674],[122.5116,14.318974],[122.520867,14.317512],[122.526856,14.322168],[122.515503,14.330018],[122.515251,14.336001],[122.509217,14.344165],[122.513287,14.346921],[122.519922,14.343994],[122.52215,14.348951],[122.523041,14.34252],[122.529031,14.335572],[122.535782,14.341282],[122.542633,14.335022],[122.544833,14.3372],[122.550222,14.334492],[122.557178,14.326891],[122.559531,14.326917],[122.55913,14.330937],[122.571736,14.322492],[122.574437,14.324457],[122.609802,14.31463],[122.611225,14.31287],[122.598874,14.309114],[122.595732,14.305273],[122.620679,14.28866],[122.628903,14.293742],[122.629963,14.307139],[122.627074,14.314575],[122.63123,14.321773],[122.635031,14.315047],[122.631651,14.312152],[122.633101,14.306348],[122.636026,14.303503],[122.638516,14.304948],[122.639642,14.300568],[122.638633,14.297692],[122.631666,14.2965],[122.63033,14.289184],[122.63347,14.2818],[122.643408,14.287318],[122.637998,14.291209],[122.646607,14.302298],[122.653216,14.303289],[122.649413,14.310646],[122.652599,14.314537],[122.656559,14.306184],[122.653602,14.299432],[122.658608,14.289543],[122.664933,14.290775],[122.66058,14.299198],[122.668268,14.299915],[122.672735,14.297358],[122.673695,14.289756],[122.688881,14.280104],[122.693857,14.28538],[122.674073,14.31417],[122.668447,14.33947],[122.670429,14.341362],[122.678038,14.33842],[122.688323,14.343925],[122.695387,14.333392],[122.695472,14.33726],[122.712649,14.340212],[122.71657,14.337219],[122.713449,14.321474],[122.71747,14.314717],[122.723313,14.311935],[122.740247,14.312737],[122.745248,14.324891],[122.751206,14.328495],[122.758609,14.325855],[122.761825,14.320601],[122.774621,14.319969],[122.785185,14.305214],[122.790918,14.311496],[122.794607,14.301823],[122.787632,14.296159],[122.785623,14.289523],[122.791452,14.28266],[122.790446,14.28014],[122.800805,14.289116],[122.807271,14.284852],[122.800463,14.274561],[122.80505,14.278422],[122.818293,14.274496],[122.823116,14.279099],[122.821525,14.282458],[122.826923,14.286221],[122.848356,14.282124],[122.855,14.268861],[122.864493,14.270669],[122.887225,14.236455],[122.899429,14.22609],[122.91656,14.219379],[122.91275,14.217624],[122.898574,14.222608],[122.902783,14.220745],[122.902019,14.214846],[122.900005,14.220327],[122.893353,14.218899],[122.899736,14.219345],[122.899376,14.216339],[122.902756,14.213977],[122.906818,14.218754],[122.912394,14.214046],[122.912611,14.196282],[122.906139,14.199702],[122.897389,14.197864],[122.890652,14.202552],[122.888167,14.200771],[122.896707,14.197027],[122.908389,14.197487],[122.908918,14.192956],[122.903521,14.19425],[122.912154,14.188829],[122.914826,14.189932],[122.917108,14.194206],[122.920217,14.191979],[122.922854,14.194183],[122.937449,14.190606],[122.953159,14.162961],[122.967147,14.15122],[122.978594,14.149564],[122.967342,14.147762],[122.963102,14.150985],[122.959591,14.150828],[122.966418,14.147464],[122.972546,14.1462],[122.979651,14.149496],[122.988432,14.129168],[123.003875,14.113647],[123.014404,14.111682],[123.004848,14.104316],[123.011153,14.104838],[123.008082,14.09999],[123.013498,14.099188],[123.011819,14.096906],[123.015682,14.096771],[123.014678,14.105006],[123.024006,14.112115],[123.028791,14.109063],[123.032383,14.099606],[123.040758,14.10135],[123.043236,14.098527],[123.048455,14.06934],[123.032378,14.067509],[123.028651,14.050605],[123.03016,14.035105],[123.034733,14.025927],[123.040617,14.023262],[123.056489,13.993951],[123.079016,13.986595],[123.083315,13.981997],[123.087527,13.970407],[123.081779,13.955634],[123.085773,13.947667],[123.083936,13.94087],[123.087929,13.922626],[123.092701,13.915382],[123.088979,13.904167],[123.095402,13.891374],[123.082488,13.8727],[123.08088,13.872202],[123.07723,13.873773],[123.082052,13.872622],[123.082164,13.879308],[123.06647,13.873779],[123.065974,13.864137],[123.058549,13.852731],[123.062844,13.845475],[123.059706,13.844888],[123.060696,13.837582],[123.057469,13.837686],[123.052563,13.822874],[123.047182,13.817415],[123.049831,13.802473],[123.04439,13.794577],[123.048445,13.789297],[123.045497,13.77687],[123.092362,13.746505],[123.116434,13.737608],[123.115087,13.72806],[123.120038,13.721127],[123.126055,13.72214],[123.122894,13.727434],[123.13694,13.729814],[123.205341,13.727354],[123.239367,13.731963],[123.244179,13.735931],[123.240796,13.739299],[123.241841,13.742763],[123.250999,13.739004],[123.27433,13.74881],[123.284676,13.764572],[123.289136,13.766723],[123.285589,13.77107],[123.291588,13.772342],[123.293501,13.777521],[123.296744,13.774522],[123.307574,13.781366],[123.316333,13.789977],[123.321295,13.801758],[123.324517,13.800297],[123.32194,13.811181],[123.325876,13.814361],[123.322614,13.81681],[123.323565,13.829858],[123.31812,13.831199],[123.307763,13.859262],[123.296932,13.86802],[123.292153,13.883593],[123.286053,13.891645],[123.289062,13.899251],[123.287178,13.9065],[123.295266,13.903841],[123.31132,13.921803],[123.317275,13.922436],[123.322154,13.93875],[123.325107,13.93329],[123.32977,13.939164],[123.332532,13.93797],[123.333904,13.948661],[123.341234,13.961534],[123.340855,13.971744],[123.33415,13.97438],[123.338347,13.981561],[123.333898,13.977218],[123.328502,13.959162],[123.326262,13.957241],[123.325431,13.967181],[123.321331,13.950368],[123.318606,13.950937],[123.316388,13.946559],[123.314876,13.948461],[123.313811,13.941949],[123.316396,13.938887],[123.315997,13.936511],[123.311653,13.936788],[123.311908,13.930519],[123.30742,13.928237],[123.302081,13.931426],[123.293919,13.926982],[123.283684,13.93343],[123.27757,13.946195],[123.270702,13.947513],[123.26929,13.943636],[123.265721,13.948119],[123.260322,13.948771],[123.263671,13.95724],[123.267639,13.958849],[123.265337,13.962438],[123.260152,13.958512],[123.253792,13.963961],[123.250989,13.961547],[123.241983,13.967321],[123.243935,13.968473],[123.241788,13.968292],[123.241083,13.966246],[123.232381,13.967753],[123.233943,13.97685],[123.227566,13.989098],[123.234259,13.989691],[123.237197,13.986093],[123.237515,13.991219],[123.234348,13.994907],[123.228142,13.995514],[123.227872,14.000275],[123.233477,14.004852],[123.246327,13.999787],[123.251864,14.002179],[123.260009,14.000286],[123.266905,14.001204],[123.259298,14.001497],[123.260852,14.005171],[123.258025,14.007827],[123.26453,14.009234],[123.263907,14.014658],[123.25934,14.018947],[123.245392,14.025235],[123.230841,14.025807],[123.242605,14.031634],[123.256275,14.02563],[123.27279,14.033763],[123.275864,14.031435],[123.283322,14.033235],[123.282933,14.035569],[123.277797,14.034881],[123.279068,14.045698],[123.274664,14.054545],[123.255418,14.072883],[123.277199,14.071823],[123.298451,14.056927],[123.299354,14.050194],[123.308601,14.045347],[123.310408,14.039518],[123.3212,14.039475],[123.322217,14.042379],[123.312177,14.054683],[123.31272,14.062833],[123.309224,14.067815],[123.314574,14.072362],[123.325085,14.066081],[123.331764,14.069316],[123.345442,14.068537],[123.341145,14.074763],[123.345432,14.078941],[123.343978,14.083162],[123.329527,14.087653],[123.330218,14.092976],[123.336382,14.09401],[123.339837,14.105378],[123.343095,14.095096],[123.347213,14.092399],[123.344847,14.086393],[123.355514,14.085639],[123.355441,14.078548],[123.359227,14.076068],[123.359193,14.065102],[123.354091,14.060085],[123.3554,14.053761],[123.361471,14.045056],[123.374305,14.040235],[123.371791,14.036071],[123.361313,14.037566],[123.358821,14.041115],[123.356611,14.03217],[123.355506,14.037723],[123.351912,14.038781],[123.350661,14.033101],[123.353159,14.029836],[123.3467,14.029025],[123.342708,14.013368],[123.345832,14.018941],[123.35323,14.01932],[123.3489,14.011888],[123.351772,14.006237],[123.365003,14.00935],[123.363525,14.0178],[123.369685,14.022529],[123.377063,14.020387],[123.375409,14.02526],[123.381142,14.024186],[123.380223,14.028402],[123.387865,14.034825],[123.390017,14.032271],[123.387962,14.030126],[123.392695,14.027581],[123.392687,14.015721],[123.382471,14.008557],[123.395737,14.007798],[123.39797,14.010933],[123.401521,14.008312],[123.401323,14.001019],[123.404629,13.997616],[123.393985,13.989706],[123.399909,13.978323],[123.402086,13.978494],[123.403595,13.979626],[123.403036,13.989404],[123.415899,13.984456],[123.413149,13.982437],[123.416223,13.966511],[123.41192,13.955256],[123.415946,13.955188],[123.416568,13.950708],[123.408784,13.946976],[123.40781,13.943529],[123.41429,13.942845],[123.414917,13.93232],[123.417657,13.936136],[123.427125,13.930092],[123.423397,13.927039],[123.426,13.920229],[123.427471,13.924198],[123.428796,13.920624],[123.431537,13.921054],[123.42941,13.924655],[123.431507,13.925719],[123.440433,13.924556],[123.442581,13.918273],[123.451211,13.920139],[123.450106,13.928509],[123.456782,13.932185],[123.457961,13.937892],[123.447148,13.935233],[123.445068,13.950262],[123.446232,13.953485],[123.448458,13.951264],[123.447505,13.96531],[123.449713,13.967127],[123.450525,13.961505],[123.454533,13.964632],[123.463849,13.958733],[123.470472,13.961314],[123.472653,13.953216],[123.479222,13.952505],[123.489058,13.939299],[123.501159,13.941608],[123.487586,13.925238],[123.489141,13.921778],[123.494998,13.922002],[123.491048,13.913951],[123.494296,13.913386],[123.502298,13.925365],[123.503249,13.918989],[123.50595,13.925648],[123.508936,13.925852],[123.507777,13.928026],[123.512427,13.926535],[123.516787,13.930261],[123.522126,13.927971],[123.517538,13.921904],[123.519391,13.913125],[123.533768,13.917891],[123.542547,13.90937],[123.54533,13.917269],[123.541554,13.916656],[123.538747,13.920749],[123.54488,13.923269],[123.541038,13.928531],[123.545733,13.931918],[123.545906,13.927896],[123.548146,13.926782],[123.54913,13.930756],[123.558108,13.919154],[123.561949,13.922662],[123.566101,13.917422],[123.573204,13.917396],[123.575447,13.912426],[123.573559,13.90886],[123.579789,13.904838],[123.576597,13.902817],[123.58033,13.900385],[123.583842,13.902492],[123.580417,13.908299],[123.583105,13.909786],[123.582502,13.914314],[123.589073,13.911632],[123.586176,13.908791],[123.592977,13.911602],[123.589905,13.907257],[123.595292,13.902483],[123.591356,13.899452],[123.597717,13.900455],[123.596411,13.897087],[123.60137,13.893603],[123.599394,13.892303],[123.616274,13.892577],[123.643965,13.882576],[123.647008,13.884104],[123.646707,13.890323],[123.653623,13.891657],[123.660591,13.887332],[123.662979,13.89405],[123.664736,13.88501],[123.681474,13.878716],[123.684701,13.882624],[123.697533,13.882884],[123.702207,13.889746],[123.705436,13.888765],[123.705766,13.892217],[123.702429,13.891523],[123.707019,13.904169],[123.702557,13.912672],[123.718182,13.920352],[123.712037,13.926449],[123.711493,13.935817],[123.706829,13.936217],[123.706775,13.943236],[123.721906,13.934834],[123.729765,13.920663],[123.73387,13.907981],[123.730377,13.905774],[123.735843,13.90169],[123.733546,13.899002],[123.738473,13.889977],[123.737284,13.88469],[123.742551,13.892098],[123.759418,13.863991],[123.770989,13.858351],[123.774337,13.858255],[123.773322,13.862031],[123.781123,13.860533],[123.774922,13.850488],[123.781289,13.849457],[123.783326,13.843609],[123.78601,13.846098],[123.792325,13.842941],[123.802166,13.847248],[123.801832,13.840951],[123.81526,13.827773],[123.828955,13.826364],[123.830668,13.822157],[123.836745,13.822016],[123.843428,13.815782],[123.848881,13.818256],[123.846959,13.810656],[123.867064,13.825749],[123.877443,13.816291],[123.880117,13.80797],[123.88446,13.803675],[123.888441,13.80421],[123.89224,13.798715],[123.914679,13.794473],[123.916707,13.789998],[123.917372,13.792271],[123.927986,13.790261],[123.934431,13.795054],[123.941405,13.794929],[123.944216,13.786014],[123.949156,13.784421],[123.947049,13.782038],[123.944693,13.784313],[123.942473,13.776513],[123.937452,13.772089],[123.939744,13.770364],[123.943776,13.77328],[123.946191,13.768178],[123.954018,13.767422],[123.9513,13.765043],[123.954708,13.761319],[123.948185,13.753876],[123.958062,13.756001],[123.962117,13.752539],[123.967288,13.756487],[123.96945,13.753996],[123.966915,13.743815],[123.974917,13.738819],[123.967786,13.730117],[123.971779,13.721827],[123.977177,13.722591],[123.968884,13.709013],[123.968892,13.71287],[123.96264,13.71671],[123.965549,13.721074],[123.964482,13.726639],[123.957495,13.723956],[123.952304,13.727439],[123.947399,13.725177],[123.942979,13.728488],[123.9428,13.73329],[123.938413,13.732966],[123.936829,13.736679],[123.92697,13.729481],[123.933748,13.719621],[123.910714,13.730061],[123.896422,13.72567],[123.882059,13.733003],[123.883372,13.73866],[123.879139,13.733883],[123.872713,13.737618],[123.860252,13.730724],[123.862724,13.724483],[123.83886,13.703893],[123.836153,13.697819],[123.82903,13.697391],[123.818689,13.689547],[123.803212,13.687703],[123.7961,13.692435],[123.781656,13.693264],[123.776185,13.698446],[123.751409,13.70828],[123.740538,13.705743],[123.726881,13.711227],[123.716606,13.70891],[123.702363,13.71271],[123.695279,13.719405],[123.689047,13.720729],[123.671077,13.72057],[123.657715,13.707353],[123.619565,13.723897],[123.589174,13.729894],[123.581378,13.72711],[123.578195,13.722225],[123.588302,13.725711],[123.574778,13.716219],[123.563188,13.701156],[123.539948,13.642682],[123.534892,13.623297],[123.535701,13.612623],[123.545668,13.60316],[123.543116,13.603519],[123.543944,13.600698],[123.552079,13.601866],[123.542861,13.58854],[123.534146,13.582245],[123.530028,13.573643],[123.533614,13.561946],[123.544923,13.557438],[123.547504,13.551665],[123.552446,13.556858],[123.56761,13.562131],[123.578103,13.553271],[123.584049,13.553473],[123.581811,13.546509],[123.587455,13.54162],[123.592812,13.542955],[123.596066,13.540243],[123.602027,13.527954],[123.601378,13.520311],[123.62413,13.491885],[123.639405,13.484268],[123.677905,13.477324],[123.685641,13.459338],[123.698524,13.447562],[123.704381,13.429309],[123.713338,13.418232],[123.716389,13.404175],[123.732799,13.378755],[123.743311,13.369378],[123.742455,13.367498],[123.738995,13.367189],[123.741489,13.370358],[123.727255,13.383678],[123.726924,13.371669],[123.737986,13.366284],[123.736474,13.360403],[123.743962,13.325008],[123.760978,13.322757],[123.780013,13.311616],[123.781822,13.303128],[123.786231,13.299594],[123.803986,13.296604],[123.815542,13.288],[123.817659,13.283835],[123.815393,13.286553],[123.813895,13.284803],[123.814637,13.279677],[123.820775,13.269921],[123.817205,13.269123],[123.821424,13.266515],[123.817035,13.26361],[123.816262,13.253969],[123.819959,13.247937],[123.82803,13.246012],[123.832473,13.234199],[123.831811,13.245468],[123.825494,13.252801],[123.828809,13.266779],[123.844451,13.265489],[123.844301,13.261838],[123.851466,13.259447],[123.850571,13.25694],[123.845404,13.25734],[123.849098,13.24851],[123.863485,13.239195],[123.866179,13.242139],[123.867569,13.240418],[123.868606,13.227124],[123.864667,13.227876],[123.862008,13.224353],[123.819644,13.230033],[123.810586,13.235754],[123.790559,13.238313],[123.774044,13.226521],[123.761907,13.203603],[123.754181,13.175119],[123.758952,13.146493],[123.756533,13.144707],[123.761591,13.144111],[123.762107,13.136397],[123.770037,13.128581],[123.782163,13.130882],[123.778576,13.125275],[123.786023,13.114675],[123.775696,13.098132],[123.775768,13.089603],[123.77033,13.087438],[123.772506,13.091375],[123.769975,13.09002],[123.765661,13.094123],[123.751326,13.089798],[123.755501,13.087389],[123.750357,13.084548],[123.764915,13.07572],[123.764273,13.069441],[123.755777,13.064243],[123.75882,13.058992],[123.789302,13.046216],[123.802658,13.047362],[123.806377,13.052586],[123.812867,13.054512],[123.812669,13.062444],[123.822713,13.068352],[123.821205,13.072548],[123.830315,13.075793],[123.836455,13.08237],[123.839295,13.092973],[123.835408,13.097662],[123.838719,13.099183],[123.839211,13.110432],[123.856256,13.10851],[123.860221,13.11308],[123.859821,13.119067],[123.865668,13.12361],[123.862921,13.123442],[123.864875,13.12634],[123.861659,13.128727],[123.862597,13.134698],[123.879432,13.143195],[123.898419,13.138976],[123.905847,13.141289],[123.911291,13.122746],[123.934781,13.121083],[123.953497,13.103411],[123.966753,13.102301],[123.97177,13.109095],[123.978784,13.093151],[123.991976,13.092286],[123.996663,13.088558],[124.015233,13.061511],[124.021293,13.057639],[124.022566,13.051848],[124.031531,13.047866],[124.036493,13.041158],[124.043882,13.041345],[124.065209,13.0329],[124.070224,13.016694],[124.073351,13.014855],[124.071409,13.010422],[124.074805,13.003833],[124.085902,13.001636],[124.09018,13.004455],[124.106135,13.037815],[124.10718,13.059685],[124.130786,13.074912],[124.14464,13.074473],[124.145871,13.070796],[124.156391,13.072078],[124.160721,13.068027],[124.187911,13.066763],[124.192916,13.060904],[124.196324,13.038175],[124.187917,13.029992],[124.193378,13.024899],[124.196326,13.025819],[124.198328,13.018578],[124.18829,13.009284],[124.17359,13.003988],[124.161685,13.008751],[124.162,13.003893],[124.151504,12.998062],[124.148721,12.98741],[124.141425,12.979349],[124.141142,12.968704],[124.146684,12.971862],[124.153453,12.969906],[124.144337,12.960663],[124.147179,12.954602],[124.142501,12.93436],[124.126817,12.928296],[124.126117,12.920948],[124.131277,12.916017],[124.120439,12.913367],[124.117371,12.908746],[124.126473,12.89206],[124.142129,12.891943],[124.140314,12.895061],[124.143653,12.899078],[124.148595,12.892941],[124.148035,12.885454],[124.143466,12.886266],[124.137858,12.873471],[124.142936,12.871399],[124.144653,12.867184],[124.155176,12.860073],[124.152709,12.857347],[124.147061,12.844696],[124.155187,12.829461],[124.155565,12.808521],[124.147702,12.788666],[124.149568,12.774503],[124.137443,12.765295],[124.140382,12.756353],[124.136347,12.739302],[124.131702,12.734251],[124.142155,12.699786],[124.129969,12.690754],[124.130664,12.680548],[124.135592,12.670315],[124.133893,12.662087],[124.123535,12.657921],[124.094223,12.63688],[124.094518,12.619282],[124.103371,12.613331],[124.109784,12.594065],[124.09826,12.591857],[124.085148,12.583266],[124.08573,12.579241],[124.096778,12.571622],[124.097848,12.557366],[124.089786,12.552207],[124.087607,12.55667],[124.08152,12.554106],[124.084221,12.546256],[124.080593,12.543334],[124.080936,12.536133],[124.077088,12.536711],[124.075336,12.540766],[124.069955,12.538263],[124.052576,12.540015],[124.044106,12.532966],[124.036245,12.536565],[124.035782,12.546972],[124.031633,12.535985],[124.027075,12.537154],[124.026756,12.534884],[124.022695,12.544273],[124.020893,12.537147],[124.012936,12.541455],[123.997209,12.541764],[123.998365,12.544946],[123.995267,12.547417],[123.989053,12.545082],[123.981972,12.55484],[123.97639,12.556702],[123.974505,12.554133],[123.96829,12.568354],[123.956979,12.575314],[123.95592,12.583808],[123.947676,12.590782],[123.946933,12.601329],[123.937748,12.599443],[123.937379,12.603168],[123.941942,12.605863],[123.936654,12.613814],[123.940522,12.616766],[123.938801,12.625227],[123.93051,12.62879],[123.925454,12.617129],[123.917871,12.618146],[123.910197,12.640325],[123.89142,12.644521],[123.87509,12.655317],[123.871259,12.673752],[123.861073,12.686102],[123.849805,12.720649],[123.845624,12.762302],[123.845984,12.800585],[123.840123,12.819727],[123.830384,12.828293],[123.836665,12.833196],[123.840336,12.827332],[123.841422,12.831258],[123.835796,12.837362],[123.842449,12.837715],[123.848595,12.848203],[123.855418,12.84761],[123.853249,12.853912],[123.849669,12.852822],[123.84661,12.856455],[123.862721,12.859041],[123.858732,12.875507],[123.876921,12.870925],[123.906306,12.851374],[123.909668,12.851363],[123.912562,12.856833],[123.916638,12.848925],[123.919675,12.853141],[123.925405,12.845235],[123.92913,12.853502],[123.932182,12.845233],[123.936754,12.844822],[123.939906,12.855971],[123.941518,12.849447],[123.945147,12.848562],[123.943195,12.868321],[123.940128,12.869321],[123.949887,12.876195],[123.955518,12.874522],[123.964068,12.878932],[123.97492,12.876551],[123.976779,12.880812],[123.985973,12.879881],[123.982455,12.875149],[123.990052,12.877033],[123.988124,12.873209],[123.993006,12.866981],[123.989789,12.864876],[123.997705,12.861764],[123.996346,12.868046],[124.003954,12.875521],[124.019043,12.878508],[124.027423,12.892296],[124.029249,12.899635],[124.026854,12.907079],[124.032784,12.909814],[124.036292,12.920631],[124.041365,12.925155],[124.040264,12.94488],[124.031063,12.961817],[124.034121,12.964106],[124.019579,12.97336],[124.004401,12.96788],[124.004608,12.963692],[123.99534,12.966486],[123.993109,12.962935],[123.978632,12.961466],[123.968291,12.954728],[123.966523,12.958265],[123.959038,12.95522],[123.957986,12.957619],[123.939654,12.958044],[123.937968,12.963077],[123.927653,12.966913],[123.929789,12.972543],[123.920865,12.979575],[123.906809,12.977032],[123.900492,12.972547],[123.891842,12.977776],[123.883609,12.978543],[123.880369,12.959246],[123.883628,12.952429],[123.881631,12.947509],[123.872746,12.946241],[123.878171,12.94596],[123.880762,12.934311],[123.871174,12.934847],[123.869477,12.925485],[123.859382,12.921821],[123.861511,12.917638],[123.857483,12.91607],[123.856336,12.908055],[123.859403,12.907438],[123.854803,12.902957],[123.855272,12.897997],[123.834461,12.903971],[123.835149,12.896607],[123.830781,12.897138],[123.836,12.8904],[123.83153,12.887267],[123.828983,12.875372],[123.820317,12.875034],[123.823353,12.881045],[123.817254,12.890418],[123.814071,12.875424],[123.808737,12.875924],[123.806224,12.866089],[123.798665,12.867708],[123.795765,12.862857],[123.79062,12.864125],[123.789409,12.867848],[123.780764,12.868859],[123.780055,12.872652],[123.772071,12.875659],[123.771973,12.880886],[123.759435,12.880442],[123.757756,12.874063],[123.762402,12.875351],[123.762094,12.878223],[123.763278,12.876388],[123.760801,12.863083],[123.74789,12.847771],[123.736201,12.844997],[123.72378,12.857259],[123.728121,12.868761],[123.731362,12.869169],[123.719256,12.876917],[123.710114,12.876091],[123.716218,12.882831],[123.719195,12.880888],[123.724275,12.884248],[123.726437,12.881186],[123.731052,12.884222],[123.731795,12.880402],[123.733929,12.884951],[123.741632,12.885294],[123.736834,12.887589],[123.731988,12.885149],[123.730162,12.888835],[123.735285,12.894667],[123.733831,12.896916],[123.727277,12.892021],[123.724652,12.885603],[123.707489,12.8866],[123.708189,12.883019],[123.704149,12.884299],[123.701986,12.889566],[123.698354,12.888363],[123.697308,12.896815],[123.690241,12.895417],[123.689737,12.88711],[123.687123,12.885625],[123.698877,12.87591],[123.706434,12.877646],[123.704552,12.872893],[123.696432,12.871549],[123.692535,12.8653],[123.682295,12.876127],[123.684677,12.881924],[123.672459,12.908929],[123.679431,12.903574],[123.683234,12.904113],[123.682934,12.910036],[123.686645,12.913837],[123.693635,12.917056],[123.696799,12.915442],[123.694378,12.919401],[123.703506,12.933861],[123.714675,12.936312],[123.715058,12.938351],[123.708966,12.937544],[123.711312,12.941027],[123.701227,12.934334],[123.695446,12.936959],[123.695111,12.925846],[123.693102,12.923387],[123.691476,12.925268],[123.689336,12.917721],[123.682123,12.918416],[123.685545,12.921893],[123.680182,12.930807],[123.675394,12.926859],[123.680891,12.922097],[123.67595,12.922681],[123.666169,12.916197],[123.662136,12.917684],[123.651302,12.896952],[123.654972,12.89186],[123.662057,12.889317],[123.656705,12.881402],[123.653273,12.881235],[123.655549,12.875515],[123.652371,12.870235],[123.635294,12.887477],[123.610896,12.898647],[123.626943,12.895989],[123.589136,12.905208],[123.58434,12.914974],[123.555977,12.946072],[123.544524,12.950029],[123.537525,12.949043],[123.534065,12.945843],[123.535047,12.940037],[123.52979,12.937252],[123.524484,12.947201],[123.498643,12.972963],[123.494039,12.982135],[123.476571,12.991359],[123.463402,13.003083],[123.451688,13.024422],[123.43638,13.029829],[123.425834,13.039918],[123.419464,13.039158],[123.409704,13.045381],[123.404064,13.045506],[123.395767,13.040659],[123.392501,13.032945],[123.386977,13.040265],[123.377608,13.039497],[123.370431,13.035607],[123.369892,13.027587],[123.36367,13.02297],[123.354539,13.021291],[123.338582,13.011881],[123.330966,13.012381],[123.323093,13.005986],[123.319537,13.006877],[123.300647,13.039018],[123.303127,13.045103],[123.298396,13.053678],[123.292128,13.057045],[123.287677,13.054271],[123.284319,13.056039],[123.284062,13.053583],[123.281051,13.058499],[123.292129,13.068788],[123.296214,13.083394],[123.29408,13.097803],[123.288452,13.107832],[123.292652,13.125677],[123.28823,13.146766],[123.310665,13.167112],[123.304881,13.177835],[123.304924,13.187266],[123.313506,13.192239],[123.321008,13.188791],[123.327341,13.198223],[123.292781,13.253141],[123.263724,13.267451],[123.246842,13.287205],[123.238503,13.290611],[123.237333,13.303267],[123.230179,13.323075],[123.22534,13.331745],[123.209714,13.34662],[123.205708,13.35732],[123.208502,13.370942],[123.20084,13.388386],[123.207353,13.395748],[123.199229,13.407779],[123.200746,13.418608],[123.191533,13.431024],[123.158573,13.455096],[123.149843,13.457581],[123.143148,13.454233],[123.129729,13.468199],[123.078779,13.487742],[123.067841,13.498199],[123.060125,13.499685],[123.047897,13.508653],[123.041246,13.507405],[123.037699,13.501311],[123.000966,13.522938],[122.991108,13.520304],[122.975133,13.521686],[122.962161,13.54001],[122.949718,13.549194],[122.921241,13.55623],[122.908545,13.570221],[122.888213,13.576154],[122.884364,13.588142],[122.870739,13.594726],[122.871746,13.599929],[122.83437,13.629797],[122.832514,13.639715],[122.816605,13.646482],[122.806597,13.645387],[122.798651,13.650616],[122.811046,13.647317],[122.823822,13.649248],[122.828954,13.654511],[122.83402,13.670617],[122.841002,13.67537],[122.842335,13.68193],[122.852393,13.678763],[122.86202,13.689711],[122.849538,13.709627],[122.852776,13.714532],[122.842148,13.71666],[122.83533,13.729999],[122.835938,13.735167],[122.779541,13.764208],[122.771204,13.772322],[122.772715,13.776756],[122.742349,13.777458],[122.745106,13.782361],[122.750241,13.780458],[122.753802,13.783093],[122.757083,13.782373],[122.766454,13.783042],[122.768604,13.785824],[122.755743,13.792093],[122.749151,13.791123],[122.74868,13.797043],[122.743648,13.800864],[122.749151,13.802561],[122.741174,13.804571],[122.722471,13.817124],[122.70612,13.821073],[122.70027,13.81466],[122.690568,13.824886],[122.680124,13.828076],[122.67702,13.816199],[122.680314,13.808099],[122.668358,13.80983],[122.66172,13.818807],[122.65298,13.82075],[122.651139,13.832269],[122.647508,13.832359],[122.650923,13.835591],[122.636905,13.839773],[122.648253,13.84472],[122.651595,13.851191],[122.649543,13.861779],[122.642145,13.864248],[122.635114,13.876732],[122.641599,13.882495],[122.635865,13.884343],[122.631269,13.88032],[122.615332,13.894911],[122.605518,13.899364],[122.593006,13.893734],[122.592988,13.897421],[122.571038,13.902811],[122.565726,13.906551],[122.561564,13.917094],[122.564876,13.920774],[122.561995,13.919121],[122.554038,13.922546],[122.564837,13.926953],[122.567203,13.93764],[122.55091,13.945775],[122.583874,13.961811],[122.62015,13.967995],[122.66522,13.983192],[122.792518,14.013752]],[[123.37317,13.337519],[123.380162,13.339278],[123.378384,13.344821],[123.359301,13.356454],[123.341402,13.357781],[123.33292,13.347676],[123.327184,13.32727],[123.335716,13.318696],[123.335731,13.310958],[123.342037,13.313603],[123.341368,13.31694],[123.346255,13.316078],[123.348424,13.320484],[123.348406,13.313586],[123.355919,13.301939],[123.362966,13.29991],[123.365771,13.303411],[123.370236,13.300385],[123.377755,13.305574],[123.369737,13.314587],[123.379882,13.312341],[123.384147,13.319021],[123.378168,13.323942],[123.380928,13.33091],[123.37317,13.337519]],[[123.316723,13.458251],[123.334995,13.468371],[123.32461,13.470932],[123.324119,13.475024],[123.319703,13.476403],[123.302435,13.4739],[123.297141,13.468772],[123.302332,13.457669],[123.316723,13.458251]]],[[[122.91116,14.189764],[122.909895,14.193084],[122.914643,14.196395],[122.914753,14.191107],[122.91116,14.189764]]],[[[122.92764,14.194239],[122.926836,14.193866],[122.926865,14.194403],[122.92764,14.194239]]],[[[122.919359,14.196608],[122.916335,14.197836],[122.916888,14.198846],[122.919359,14.196608]]],[[[122.947515,14.201522],[122.948107,14.203637],[122.952867,14.203723],[122.947515,14.201522]]],[[[122.921047,14.214715],[122.924027,14.203633],[122.937765,14.193542],[122.939861,14.189338],[122.935165,14.19377],[122.927793,14.194517],[122.930825,14.196171],[122.922428,14.19487],[122.920554,14.192932],[122.91751,14.195549],[122.91952,14.196401],[122.915913,14.205139],[122.917682,14.218461],[122.919683,14.221952],[122.925304,14.222235],[122.921047,14.214715]]],[[[122.916408,14.211703],[122.91642,14.2096],[122.915955,14.209681],[122.916408,14.211703]]],[[[122.91131,14.217677],[122.912494,14.216487],[122.911407,14.21705],[122.91131,14.217677]]],[[[122.916363,14.222994],[122.915514,14.222764],[122.914853,14.223619],[122.916363,14.222994]]],[[[122.593348,14.329771],[122.585967,14.327252],[122.58214,14.325542],[122.584135,14.330267],[122.593348,14.329771]]],[[[122.606582,14.342477],[122.603722,14.347148],[122.606276,14.349219],[122.607098,14.347453],[122.606582,14.342477]]],[[[122.640055,14.350313],[122.639978,14.348591],[122.639429,14.348785],[122.640055,14.350313]]],[[[122.950209,14.375537],[122.960816,14.375391],[122.96322,14.371898],[122.957688,14.36958],[122.950209,14.375537]]],[[[122.816869,14.406517],[122.819286,14.385347],[122.811399,14.390749],[122.803837,14.411334],[122.805787,14.418888],[122.811292,14.409373],[122.816869,14.406517]]],[[[122.928614,14.419979],[122.92815,14.41466],[122.924112,14.41823],[122.928614,14.419979]]],[[[122.944916,14.436549],[122.943338,14.428714],[122.948968,14.426914],[122.950798,14.42814],[122.954998,14.419352],[122.972797,14.413921],[122.980077,14.405429],[122.970845,14.404432],[122.964769,14.409277],[122.954982,14.408584],[122.949158,14.414845],[122.938236,14.419298],[122.941025,14.423523],[122.939056,14.427175],[122.930114,14.425423],[122.92499,14.43373],[122.938785,14.438023],[122.939101,14.440561],[122.944916,14.436549]]],[[[122.945195,14.428552],[122.94577,14.429544],[122.945984,14.429209],[122.945195,14.428552]]],[[[122.948471,14.429427],[122.94961,14.431224],[122.949736,14.429621],[122.948471,14.429427]]],[[[122.993836,14.432728],[123.002024,14.435319],[123.004442,14.431891],[123.019535,14.430541],[122.984285,14.429849],[122.989593,14.435359],[122.993836,14.432728]]],[[[122.941805,14.43991],[122.942779,14.440122],[122.941971,14.439566],[122.941805,14.43991]]],[[[122.940587,14.442784],[122.937797,14.44422],[122.938386,14.444821],[122.940587,14.442784]]],[[[122.995049,14.446643],[122.991692,14.445127],[122.986717,14.447762],[122.992979,14.448328],[122.995049,14.446643]]],[[[122.98086,14.449071],[122.978793,14.44771],[122.97767,14.44693],[122.97836,14.44848],[122.98086,14.449071]]],[[[122.983191,14.449878],[122.983117,14.448671],[122.982764,14.449105],[122.983191,14.449878]]],[[[122.969123,14.446854],[122.966577,14.449152],[122.969949,14.452573],[122.974867,14.450956],[122.969123,14.446854]]],[[[122.982724,14.451992],[122.981352,14.452333],[122.981579,14.452774],[122.982724,14.451992]]],[[[122.949156,14.49471],[122.962064,14.491686],[122.955701,14.48774],[122.955604,14.481166],[122.948396,14.476465],[122.952262,14.470504],[122.95604,14.471919],[122.958847,14.469103],[122.958116,14.466136],[122.94005,14.46518],[122.94464,14.450117],[122.931852,14.44722],[122.937519,14.455376],[122.92266,14.454771],[122.918291,14.448046],[122.913975,14.448605],[122.908908,14.443325],[122.905717,14.446754],[122.901249,14.445729],[122.899306,14.452171],[122.90957,14.46303],[122.921361,14.463884],[122.923299,14.470333],[122.930694,14.467615],[122.937836,14.474098],[122.940475,14.489293],[122.946676,14.489882],[122.949156,14.49471]]],[[[122.922731,14.471974],[122.923184,14.470837],[122.922136,14.471355],[122.922731,14.471974]]],[[[122.931727,14.488455],[122.936509,14.490405],[122.938338,14.486628],[122.931727,14.488455]]],[[[122.907563,14.493026],[122.907874,14.490801],[122.905821,14.491966],[122.907563,14.493026]]],[[[122.927014,14.490142],[122.930854,14.495403],[122.933126,14.492453],[122.927014,14.490142]]],[[[122.952716,14.494397],[122.95392,14.494851],[122.953616,14.493902],[122.952716,14.494397]]],[[[122.900936,14.495302],[122.899897,14.49579],[122.901375,14.496009],[122.900936,14.495302]]],[[[122.907295,14.495407],[122.903057,14.492361],[122.903555,14.500018],[122.904586,14.500634],[122.907295,14.495407]]],[[[122.927974,14.500694],[122.929684,14.50105],[122.930548,14.500243],[122.927974,14.500694]]],[[[123.118596,11.837504],[123.119862,11.855832],[123.128542,11.860614],[123.136627,11.860854],[123.141986,11.852652],[123.137218,11.845373],[123.122869,11.834775],[123.118596,11.837504]]],[[[123.231807,12.163537],[123.22478,12.161903],[123.23126,12.167453],[123.231807,12.163537]]],[[[123.263906,12.19104],[123.253108,12.174032],[123.258147,12.172047],[123.232592,12.169678],[123.243269,12.177526],[123.251632,12.178788],[123.256175,12.187414],[123.263906,12.19104]]],[[[123.217374,12.282138],[123.213228,12.283106],[123.221991,12.283913],[123.217374,12.282138]]],[[[123.246189,12.384237],[123.252945,12.377789],[123.241026,12.364782],[123.238222,12.354704],[123.240691,12.346329],[123.237162,12.343463],[123.232557,12.362614],[123.233613,12.37105],[123.242021,12.382629],[123.246189,12.384237]]],[[[123.242541,12.389826],[123.243429,12.389181],[123.241337,12.389636],[123.242541,12.389826]]],[[[123.254662,12.405694],[123.249698,12.401419],[123.247323,12.401331],[123.253684,12.409335],[123.254662,12.405694]]],[[[123.254768,12.438497],[123.25765,12.431006],[123.250439,12.420686],[123.251064,12.436683],[123.254768,12.438497]]],[[[123.208928,12.439857],[123.207574,12.438858],[123.207648,12.440522],[123.208928,12.439857]]],[[[123.348924,12.451475],[123.345217,12.445027],[123.342933,12.446097],[123.34423,12.455535],[123.348924,12.451475]]],[[[123.371838,12.476401],[123.371036,12.475852],[123.371116,12.47708],[123.371838,12.476401]]],[[[123.146211,12.981904],[123.142378,12.975641],[123.143146,12.970765],[123.15784,12.962235],[123.159655,12.949578],[123.162188,12.949337],[123.1609,12.942928],[123.167441,12.938771],[123.182219,12.913845],[123.188217,12.914281],[123.196961,12.908164],[123.212451,12.909341],[123.220921,12.90578],[123.229428,12.910631],[123.238681,12.910125],[123.262689,12.895939],[123.268579,12.895623],[123.277477,12.888033],[123.278573,12.881063],[123.282507,12.880673],[123.276132,12.867322],[123.282432,12.857764],[123.280148,12.841606],[123.281662,12.83656],[123.285568,12.835142],[123.286955,12.819855],[123.305329,12.793217],[123.309922,12.779258],[123.312761,12.777109],[123.317535,12.780681],[123.31568,12.784571],[123.314482,12.781797],[123.312741,12.783634],[123.313706,12.790912],[123.331526,12.766958],[123.338112,12.748262],[123.345365,12.74666],[123.364082,12.726614],[123.372459,12.721803],[123.386076,12.698584],[123.385321,12.693893],[123.361326,12.695563],[123.349765,12.705291],[123.347333,12.712912],[123.334843,12.72153],[123.326392,12.737349],[123.312568,12.750654],[123.309896,12.770158],[123.302725,12.782769],[123.292148,12.790194],[123.290069,12.801501],[123.276583,12.813163],[123.267942,12.814292],[123.262486,12.832023],[123.241141,12.83902],[123.226325,12.839322],[123.218887,12.836218],[123.210551,12.848047],[123.204089,12.841853],[123.199182,12.841728],[123.171015,12.884095],[123.161053,12.889836],[123.147238,12.888206],[123.149561,12.893381],[123.138629,12.892393],[123.137823,12.89633],[123.146255,12.900144],[123.147385,12.906749],[123.137234,12.909477],[123.131729,12.907776],[123.121464,12.912362],[123.117201,12.922036],[123.108248,12.923613],[123.108376,12.944392],[123.102686,12.945122],[123.098417,12.93998],[123.086233,12.952244],[123.093795,12.955523],[123.091248,12.964161],[123.077272,12.957813],[123.07549,12.964992],[123.066314,12.975657],[123.068607,12.992062],[123.064312,12.999179],[123.052521,12.998545],[123.049786,12.991424],[123.045733,12.999716],[123.027444,12.998241],[123.020316,13.002222],[123.019332,13.006846],[123.012139,13.006408],[123.008725,13.013336],[123.008615,13.008388],[123.003861,13.006199],[122.985873,13.006292],[122.966876,13.020342],[122.968213,13.026727],[122.963387,13.02625],[122.964657,13.039067],[122.96138,13.033922],[122.952939,13.032408],[122.948228,13.025014],[122.945256,13.025908],[122.943627,13.034057],[122.949463,13.038168],[122.949439,13.043929],[122.943209,13.053041],[122.94713,13.059433],[122.942851,13.067888],[122.947322,13.068499],[122.950426,13.08401],[122.954901,13.085422],[122.959788,13.079544],[122.960266,13.084046],[122.956736,13.086305],[122.955707,13.094725],[122.947075,13.096332],[122.946206,13.093611],[122.931756,13.10528],[122.928692,13.113421],[122.94086,13.121345],[122.959387,13.125263],[122.967453,13.119095],[122.968637,13.128659],[122.973571,13.124699],[122.974369,13.117649],[122.980556,13.116311],[122.975272,13.132291],[122.979843,13.138753],[122.986097,13.137794],[122.985131,13.14578],[122.992143,13.146242],[122.990221,13.156167],[122.994821,13.159106],[123.011895,13.137513],[123.017623,13.135898],[123.038637,13.139533],[123.044818,13.135475],[123.046471,13.124612],[123.042022,13.118838],[123.042029,13.121273],[123.03803,13.121024],[123.038658,13.116225],[123.045495,13.113831],[123.047135,13.121883],[123.049163,13.118179],[123.050188,13.120308],[123.053559,13.118223],[123.054425,13.121129],[123.062641,13.1068],[123.064258,13.094893],[123.069588,13.094804],[123.074696,13.081723],[123.082257,13.080324],[123.088831,13.066906],[123.096028,13.061543],[123.096907,13.047956],[123.102166,13.03987],[123.107544,13.040007],[123.101923,13.032365],[123.107097,13.028452],[123.110102,13.033186],[123.114153,13.032648],[123.12249,13.024925],[123.136066,13.004523],[123.139744,12.990475],[123.146211,12.981904]]],[[[123.256021,13.746412],[123.256132,13.744665],[123.255425,13.745685],[123.256021,13.746412]]],[[[123.246538,13.747084],[123.243658,13.742719],[123.242401,13.747908],[123.246538,13.747084]]],[[[123.267592,13.770946],[123.270468,13.770763],[123.27092,13.768731],[123.269383,13.769156],[123.267592,13.770946]]],[[[123.27909,13.776876],[123.271951,13.773719],[123.268365,13.775157],[123.276531,13.777373],[123.27909,13.776876]]],[[[123.421398,13.941934],[123.422019,13.942937],[123.422347,13.942227],[123.421398,13.941934]]],[[[123.41946,13.947084],[123.419756,13.949972],[123.420881,13.947869],[123.41946,13.947084]]],[[[123.32992,13.952229],[123.330506,13.953661],[123.331635,13.953175],[123.32992,13.952229]]],[[[123.251429,13.954027],[123.249553,13.957714],[123.251993,13.95418],[123.251429,13.954027]]],[[[123.511864,13.956892],[123.515807,13.9577],[123.512559,13.952769],[123.511864,13.956892]]],[[[123.254783,13.957196],[123.250517,13.958021],[123.251229,13.960788],[123.254783,13.957196]]],[[[123.252434,13.962396],[123.253498,13.961654],[123.252515,13.961484],[123.252434,13.962396]]],[[[123.461486,13.963009],[123.460102,13.963095],[123.461154,13.963613],[123.461486,13.963009]]],[[[123.443268,13.963418],[123.44598,13.9656],[123.446704,13.964403],[123.443268,13.963418]]],[[[123.517229,13.965645],[123.524468,13.966966],[123.518325,13.962385],[123.517229,13.965645]]],[[[123.451107,13.966067],[123.450325,13.965401],[123.450542,13.966248],[123.451107,13.966067]]],[[[123.222636,13.971383],[123.233766,13.965678],[123.232612,13.962629],[123.222636,13.971383]]],[[[123.448875,13.968291],[123.44813,13.966783],[123.447828,13.967979],[123.448875,13.968291]]],[[[123.399856,13.979773],[123.400937,13.978783],[123.399927,13.978426],[123.399856,13.979773]]],[[[123.513363,13.978117],[123.520315,13.988566],[123.5248,13.982893],[123.527635,13.984895],[123.523164,13.976621],[123.514705,13.971869],[123.513363,13.978117]]],[[[123.402936,13.979849],[123.400464,13.981205],[123.401486,13.982317],[123.402936,13.979849]]],[[[123.528548,13.988081],[123.529848,13.989632],[123.53197,13.989202],[123.531691,13.988911],[123.528548,13.988081]]],[[[123.522039,13.991855],[123.522889,13.990987],[123.521714,13.991343],[123.522039,13.991855]]],[[[123.512448,13.99895],[123.512941,13.999712],[123.513853,13.999324],[123.512448,13.99895]]],[[[123.51504,14.001851],[123.515609,13.999062],[123.514415,13.998703],[123.51504,14.001851]]],[[[123.402733,14.009447],[123.404963,14.009395],[123.405218,14.008419],[123.402733,14.009447]]],[[[123.394816,14.024259],[123.393965,14.024069],[123.394073,14.024818],[123.394816,14.024259]]],[[[123.224701,14.026226],[123.218662,14.023816],[123.207342,14.024817],[123.211842,14.030981],[123.224701,14.026226]]],[[[123.392644,14.029612],[123.391085,14.030635],[123.392081,14.031198],[123.392644,14.029612]]],[[[123.110448,14.043362],[123.113556,14.033517],[123.111896,14.030259],[123.095477,14.038102],[123.09413,14.041937],[123.106217,14.04662],[123.110448,14.043362]]],[[[123.089422,14.053907],[123.086576,14.054949],[123.089829,14.056764],[123.089422,14.053907]]],[[[123.07835,14.072461],[123.075766,14.064725],[123.06651,14.067547],[123.071143,14.07211],[123.07835,14.072461]]],[[[123.105081,14.090224],[123.113916,14.077673],[123.117939,14.077679],[123.11698,14.075341],[123.098381,14.080584],[123.105081,14.090224]]],[[[123.090552,14.084062],[123.085606,14.084449],[123.090202,14.091176],[123.096273,14.08094],[123.093942,14.079884],[123.090552,14.084062]]],[[[123.080572,14.091348],[123.083962,14.090112],[123.084504,14.085262],[123.08089,14.086541],[123.080572,14.091348]]],[[[123.086488,14.090902],[123.086119,14.087088],[123.085535,14.086891],[123.086488,14.090902]]],[[[123.298218,14.128774],[123.317277,14.121498],[123.321499,14.115932],[123.321379,14.110051],[123.327753,14.110498],[123.32643,14.099699],[123.320743,14.097823],[123.317888,14.088697],[123.308532,14.108933],[123.290413,14.122328],[123.298218,14.128774]]],[[[123.051623,14.129266],[123.067916,14.129314],[123.068633,14.097474],[123.065774,14.098029],[123.051623,14.129266]]],[[[123.768772,11.855851],[123.767846,11.859207],[123.770793,11.855846],[123.768772,11.855851]]],[[[123.667444,11.87187],[123.660033,11.882255],[123.658382,11.895047],[123.661845,11.904591],[123.671062,11.904154],[123.674538,11.89939],[123.675036,11.880518],[123.671914,11.87112],[123.667444,11.87187]]],[[[123.60653,11.905804],[123.594837,11.918016],[123.605232,11.91553],[123.611089,11.910016],[123.60653,11.905804]]],[[[123.587644,11.936588],[123.588774,11.936835],[123.589407,11.934495],[123.587644,11.936588]]],[[[123.556804,11.948535],[123.551332,11.960044],[123.552412,11.962508],[123.556732,11.953804],[123.556804,11.948535]]],[[[123.623691,11.951889],[123.621063,11.953032],[123.618368,11.95881],[123.622007,11.956724],[123.623691,11.951889]]],[[[123.575401,11.989691],[123.578389,11.988014],[123.579491,11.986288],[123.576301,11.986971],[123.575401,11.989691]]],[[[123.565867,11.993556],[123.56517,11.994682],[123.567133,11.993418],[123.565867,11.993556]]],[[[123.631601,12.019533],[123.63792,12.025258],[123.638358,12.025196],[123.635114,12.016294],[123.631601,12.019533]]],[[[123.545383,12.042405],[123.549225,12.038742],[123.548072,12.031832],[123.545832,12.034931],[123.545383,12.042405]]],[[[123.262229,12.344737],[123.265508,12.348089],[123.266304,12.354145],[123.262645,12.361648],[123.265556,12.368037],[123.259296,12.376955],[123.271734,12.381541],[123.275043,12.387374],[123.279146,12.404834],[123.286349,12.411751],[123.283282,12.41487],[123.2885,12.422359],[123.275353,12.419172],[123.27632,12.428232],[123.284868,12.431454],[123.287678,12.437287],[123.278356,12.431292],[123.273293,12.445021],[123.275104,12.450473],[123.270209,12.4576],[123.255402,12.452886],[123.251033,12.456964],[123.251422,12.494903],[123.247289,12.514371],[123.249758,12.52338],[123.245209,12.543927],[123.241421,12.547912],[123.241882,12.557321],[123.239227,12.558581],[123.240207,12.561436],[123.250094,12.562331],[123.242949,12.565972],[123.241769,12.576569],[123.232224,12.579904],[123.237241,12.584165],[123.234059,12.589419],[123.238659,12.594174],[123.23699,12.601255],[123.247293,12.60079],[123.260303,12.593777],[123.284749,12.573388],[123.304532,12.578553],[123.309093,12.572629],[123.314076,12.574987],[123.327512,12.562372],[123.33698,12.559381],[123.345998,12.551286],[123.379448,12.541416],[123.373457,12.539398],[123.345269,12.541773],[123.338705,12.539297],[123.343476,12.519739],[123.352749,12.518778],[123.355153,12.500795],[123.359601,12.494222],[123.357528,12.485676],[123.360578,12.484125],[123.357825,12.479176],[123.35447,12.482605],[123.351101,12.480175],[123.344695,12.48258],[123.348203,12.476106],[123.337685,12.474473],[123.335648,12.468902],[123.330831,12.471729],[123.32322,12.467201],[123.324208,12.457858],[123.331998,12.452811],[123.329796,12.447905],[123.326252,12.447527],[123.324547,12.440019],[123.327469,12.438946],[123.328012,12.433022],[123.330498,12.432231],[123.333875,12.438227],[123.333265,12.447863],[123.337823,12.441801],[123.343398,12.442642],[123.345621,12.437285],[123.348258,12.437578],[123.349239,12.449655],[123.352646,12.453625],[123.348189,12.453114],[123.347523,12.456068],[123.362006,12.466635],[123.362549,12.471217],[123.36868,12.465977],[123.372236,12.469121],[123.378165,12.464221],[123.382879,12.465839],[123.379548,12.472169],[123.37475,12.473793],[123.376886,12.476046],[123.374784,12.478885],[123.378499,12.479451],[123.374129,12.482772],[123.376866,12.486951],[123.371662,12.487427],[123.375581,12.490872],[123.368265,12.493459],[123.37285,12.498306],[123.370949,12.505729],[123.380088,12.51032],[123.383828,12.50685],[123.387464,12.511562],[123.397748,12.513164],[123.404282,12.522996],[123.410924,12.521507],[123.412638,12.515804],[123.418487,12.520725],[123.42229,12.519726],[123.422266,12.516383],[123.431224,12.51933],[123.444265,12.516961],[123.465778,12.501694],[123.474262,12.489071],[123.494888,12.478599],[123.499685,12.470986],[123.502982,12.47538],[123.523171,12.455556],[123.538261,12.454333],[123.537691,12.448137],[123.545823,12.458586],[123.555226,12.462147],[123.564407,12.444713],[123.567816,12.429338],[123.564571,12.425595],[123.572395,12.415959],[123.569562,12.411924],[123.576644,12.406304],[123.580698,12.406962],[123.592739,12.39628],[123.594447,12.386253],[123.604525,12.38694],[123.60999,12.382425],[123.608624,12.377128],[123.601958,12.379697],[123.589937,12.376507],[123.585684,12.370561],[123.587421,12.360047],[123.580644,12.35437],[123.592776,12.352778],[123.611371,12.364072],[123.618243,12.359728],[123.621469,12.36512],[123.616543,12.367548],[123.615323,12.375074],[123.624961,12.379025],[123.63441,12.376963],[123.637498,12.373305],[123.632646,12.360789],[123.640081,12.358873],[123.639928,12.349686],[123.643985,12.349181],[123.650171,12.341691],[123.66112,12.340387],[123.662717,12.343663],[123.669566,12.344021],[123.666482,12.347965],[123.669786,12.348806],[123.68133,12.340468],[123.68658,12.34007],[123.688951,12.335013],[123.69651,12.331015],[123.710068,12.306584],[123.709617,12.299925],[123.716801,12.295849],[123.730836,12.273348],[123.738849,12.26764],[123.744421,12.252371],[123.748051,12.25149],[123.747483,12.247396],[123.749816,12.244834],[123.755529,12.246077],[123.757894,12.233565],[123.766045,12.222416],[123.765171,12.216503],[123.77276,12.211956],[123.783157,12.195272],[123.794328,12.20154],[123.781047,12.226152],[123.787166,12.236391],[123.794856,12.236941],[123.79909,12.243863],[123.810785,12.243184],[123.823175,12.235991],[123.854249,12.194492],[123.866577,12.196515],[123.869618,12.201732],[123.864933,12.212509],[123.872146,12.221591],[123.883825,12.218036],[123.885651,12.21334],[123.896571,12.206118],[123.89579,12.197114],[123.90373,12.184501],[123.912095,12.179789],[123.909332,12.167584],[123.918964,12.152222],[123.934054,12.140627],[123.936852,12.132738],[123.946366,12.12229],[123.950765,12.109098],[123.973999,12.087406],[124.006276,12.02399],[124.027292,12.004004],[124.051724,11.968941],[124.052198,11.953806],[124.048319,11.9477],[124.039035,11.964549],[124.01773,11.985184],[124.013121,12.008214],[124.004765,12.013472],[123.997657,12.011195],[123.99903,12.005034],[124.002938,12.003243],[123.991827,11.987693],[123.997954,11.9857],[123.998188,11.978607],[124.004022,11.973076],[124.010711,11.971622],[124.011857,11.951149],[124.017491,11.950964],[124.021923,11.95521],[124.024071,11.952106],[124.029569,11.923507],[124.037182,11.906195],[124.07009,11.852564],[124.065704,11.839536],[124.067378,11.827347],[124.055885,11.804851],[124.055264,11.795288],[124.059329,11.775614],[124.073275,11.747279],[124.071219,11.723488],[124.067969,11.720701],[124.059525,11.721076],[124.050414,11.726749],[124.029976,11.747599],[124.013815,11.78565],[123.982653,11.813819],[123.976527,11.824635],[123.948862,11.84094],[123.927002,11.861963],[123.918743,11.866794],[123.906596,11.865263],[123.905196,11.862531],[123.899981,11.864828],[123.86114,11.900487],[123.836112,11.910677],[123.823117,11.912026],[123.79886,11.921781],[123.779051,11.921128],[123.768235,11.927181],[123.746697,11.922168],[123.721802,11.931963],[123.728471,11.94503],[123.711779,11.95692],[123.730821,11.980359],[123.742043,11.9806],[123.741728,11.983737],[123.738663,11.98806],[123.734015,11.985016],[123.728256,11.987239],[123.714376,12.005898],[123.693145,12.025413],[123.684923,12.025534],[123.649745,12.047684],[123.641217,12.066673],[123.643894,12.065133],[123.649923,12.073487],[123.65943,12.074949],[123.661922,12.080006],[123.655642,12.076996],[123.647081,12.082221],[123.641891,12.068777],[123.634046,12.072193],[123.625091,12.07038],[123.601258,12.074747],[123.602353,12.0831],[123.615353,12.095269],[123.612037,12.095516],[123.606686,12.103827],[123.590819,12.144613],[123.580453,12.158174],[123.566891,12.167467],[123.564645,12.181642],[123.540977,12.204823],[123.539772,12.213321],[123.536831,12.21054],[123.498167,12.218674],[123.487311,12.215971],[123.485444,12.210787],[123.451561,12.210153],[123.429718,12.201986],[123.418746,12.180385],[123.400277,12.16014],[123.374776,12.121829],[123.371859,12.112324],[123.343582,12.091479],[123.341165,12.094308],[123.33499,12.09371],[123.324281,12.070332],[123.315403,12.074716],[123.320875,12.065903],[123.312589,12.058043],[123.314174,12.054962],[123.310257,12.045519],[123.307999,12.045853],[123.307162,12.037277],[123.300297,12.035835],[123.302772,12.03023],[123.29682,12.022443],[123.289112,12.017143],[123.276186,12.015984],[123.267006,12.008332],[123.253003,11.990112],[123.247906,11.974934],[123.244609,11.974879],[123.241418,11.966802],[123.231441,11.957855],[123.210552,11.950306],[123.203384,11.955131],[123.203431,11.943694],[123.185178,11.925468],[123.179292,11.912399],[123.166422,11.904045],[123.159775,11.905933],[123.151021,11.92175],[123.143235,11.928428],[123.142899,11.933836],[123.157537,11.954135],[123.157932,11.965063],[123.182271,12.003374],[123.192077,12.011462],[123.195525,12.018812],[123.195635,12.027705],[123.190901,12.038542],[123.192014,12.044153],[123.199683,12.048825],[123.205988,12.059159],[123.205417,12.084762],[123.210546,12.095066],[123.212273,12.115758],[123.217641,12.131931],[123.226015,12.131936],[123.230568,12.119717],[123.236113,12.120891],[123.236727,12.124482],[123.246047,12.121],[123.250984,12.126861],[123.239507,12.137964],[123.251884,12.149535],[123.269108,12.156893],[123.272017,12.161601],[123.277492,12.157644],[123.281785,12.162622],[123.279548,12.178206],[123.267769,12.185458],[123.269594,12.198173],[123.284699,12.213941],[123.287478,12.197686],[123.294013,12.206275],[123.297862,12.203803],[123.300907,12.205841],[123.297552,12.206216],[123.30178,12.215015],[123.298283,12.220571],[123.300682,12.221719],[123.2946,12.225533],[123.299439,12.229405],[123.297742,12.238298],[123.294236,12.23889],[123.291531,12.219226],[123.286526,12.215277],[123.274992,12.237702],[123.261697,12.246068],[123.251153,12.24183],[123.241207,12.222673],[123.228717,12.217068],[123.218022,12.23189],[123.218759,12.24051],[123.231117,12.236759],[123.235359,12.240414],[123.221586,12.253324],[123.222767,12.266754],[123.227705,12.273069],[123.227715,12.279397],[123.239549,12.283627],[123.246299,12.301441],[123.254769,12.310373],[123.253605,12.315642],[123.258439,12.316754],[123.255677,12.324241],[123.266886,12.333857],[123.264401,12.335133],[123.266945,12.34571],[123.262229,12.344737]]],[[[123.772086,12.454998],[123.782293,12.419958],[123.774027,12.416409],[123.775473,12.412725],[123.785091,12.413505],[123.791596,12.409455],[123.793202,12.389253],[123.786111,12.383487],[123.784964,12.372324],[123.78845,12.369885],[123.79524,12.376466],[123.800561,12.37049],[123.795418,12.356078],[123.796789,12.347831],[123.791447,12.344713],[123.788714,12.338386],[123.746273,12.390337],[123.738394,12.397684],[123.729137,12.400863],[123.724164,12.408197],[123.723618,12.421631],[123.715807,12.427271],[123.715724,12.433624],[123.706356,12.437533],[123.699961,12.448584],[123.6847,12.463257],[123.68665,12.481603],[123.667739,12.494183],[123.663472,12.511543],[123.652669,12.522066],[123.65002,12.532101],[123.634784,12.542179],[123.634284,12.547489],[123.622256,12.565576],[123.621767,12.573619],[123.612717,12.583258],[123.614564,12.590061],[123.610129,12.599753],[123.610675,12.608086],[123.598111,12.606578],[123.599407,12.60089],[123.593234,12.607893],[123.584931,12.627801],[123.579417,12.630614],[123.582811,12.635829],[123.582081,12.652917],[123.591798,12.631938],[123.595709,12.634378],[123.595171,12.640706],[123.601645,12.644647],[123.6087,12.634957],[123.615612,12.634812],[123.614285,12.638297],[123.609333,12.638542],[123.609648,12.641615],[123.613539,12.641782],[123.609091,12.658342],[123.599596,12.671707],[123.601861,12.675718],[123.598812,12.67728],[123.6007,12.684318],[123.608923,12.681804],[123.614798,12.69056],[123.624915,12.693712],[123.655396,12.64894],[123.661659,12.644816],[123.680378,12.643381],[123.68371,12.636971],[123.686521,12.640537],[123.692047,12.63838],[123.711482,12.621779],[123.707288,12.611933],[123.710542,12.609835],[123.716186,12.61421],[123.725326,12.614558],[123.735954,12.583071],[123.730942,12.576497],[123.724873,12.579973],[123.720091,12.577083],[123.724369,12.569289],[123.736259,12.570396],[123.748517,12.537869],[123.739557,12.531001],[123.751162,12.530446],[123.754382,12.522964],[123.749641,12.517333],[123.756242,12.517281],[123.769411,12.494288],[123.764532,12.483043],[123.773168,12.473934],[123.76929,12.466471],[123.773095,12.462032],[123.772086,12.454998]]],[[[123.582046,12.665168],[123.585364,12.653122],[123.582849,12.655945],[123.582046,12.665168]]],[[[123.599455,12.672659],[123.597262,12.674915],[123.60044,12.674697],[123.599455,12.672659]]],[[[123.592093,12.681719],[123.596225,12.686856],[123.594918,12.677735],[123.592093,12.681719]]],[[[123.611647,12.692826],[123.610595,12.693013],[123.610703,12.693271],[123.611647,12.692826]]],[[[123.601883,12.708438],[123.60566,12.701857],[123.617767,12.694111],[123.610456,12.694438],[123.60332,12.702196],[123.601883,12.708438]]],[[[123.600157,12.708092],[123.598892,12.708087],[123.599187,12.708411],[123.600157,12.708092]]],[[[123.588971,12.717527],[123.596551,12.715558],[123.599119,12.71014],[123.588971,12.717527]]],[[[123.770079,12.848408],[123.769302,12.84123],[123.7648,12.837132],[123.76391,12.840685],[123.770079,12.848408]]],[[[123.571893,13.579044],[123.563431,13.586798],[123.570342,13.592106],[123.573944,13.582498],[123.578241,13.583504],[123.571893,13.579044]]],[[[123.670987,13.702524],[123.6701,13.704207],[123.671426,13.703449],[123.670987,13.702524]]],[[[123.799672,13.860125],[123.799214,13.861728],[123.800554,13.860671],[123.799672,13.860125]]],[[[123.765072,13.86872],[123.762675,13.868636],[123.761106,13.867775],[123.763301,13.870506],[123.765072,13.86872]]],[[[123.787988,13.871036],[123.78916,13.877483],[123.779214,13.884766],[123.783872,13.886047],[123.786495,13.890888],[123.796274,13.873727],[123.79173,13.872761],[123.790287,13.867973],[123.785976,13.86826],[123.78543,13.871762],[123.787988,13.871036]]],[[[123.609587,13.895499],[123.610037,13.89468],[123.609352,13.895008],[123.609587,13.895499]]],[[[123.626389,13.896653],[123.62789,13.897289],[123.62883,13.895391],[123.626389,13.896653]]],[[[123.633177,13.899381],[123.628193,13.899067],[123.627673,13.900584],[123.633177,13.899381]]],[[[123.624757,13.902025],[123.627899,13.902439],[123.628256,13.901847],[123.627364,13.901308],[123.624757,13.902025]]],[[[123.63786,13.906974],[123.637013,13.905197],[123.635563,13.905786],[123.63786,13.906974]]],[[[123.575863,13.915291],[123.577337,13.914061],[123.576556,13.91373],[123.575863,13.915291]]],[[[123.591621,13.921997],[123.585196,13.92203],[123.578311,13.930116],[123.582642,13.932974],[123.586924,13.927697],[123.599432,13.923786],[123.595766,13.916142],[123.591621,13.921997]]],[[[123.552297,13.931325],[123.550238,13.931581],[123.552722,13.93213],[123.552297,13.931325]]],[[[123.672256,13.937056],[123.65609,13.933709],[123.64822,13.919825],[123.638735,13.913712],[123.629932,13.914136],[123.62512,13.906999],[123.616351,13.907602],[123.621818,13.909343],[123.620332,13.911582],[123.623063,13.913101],[123.612761,13.914968],[123.612468,13.917319],[123.608076,13.913846],[123.60093,13.914684],[123.606107,13.915572],[123.603074,13.924127],[123.607774,13.92498],[123.596372,13.933792],[123.606946,13.937992],[123.598377,13.942926],[123.601308,13.945656],[123.598092,13.943335],[123.595363,13.945351],[123.601003,13.946293],[123.604943,13.954775],[123.603955,13.959663],[123.60703,13.961784],[123.60633,13.948202],[123.602817,13.94916],[123.604697,13.94519],[123.609962,13.945943],[123.612812,13.951738],[123.618269,13.949765],[123.619315,13.940299],[123.627867,13.942119],[123.620904,13.952972],[123.624317,13.95854],[123.629197,13.959809],[123.630298,13.954672],[123.637527,13.951955],[123.634659,13.964736],[123.641572,13.963763],[123.644904,13.958033],[123.649165,13.957323],[123.652064,13.948639],[123.658077,13.944076],[123.659567,13.946353],[123.649895,13.969076],[123.651034,13.973793],[123.645165,13.976328],[123.645949,13.967791],[123.640346,13.969132],[123.638184,13.978027],[123.641604,13.982021],[123.658449,13.970466],[123.66067,13.960905],[123.666353,13.959997],[123.669272,13.966812],[123.676844,13.956347],[123.678168,13.94361],[123.672256,13.937056]]],[[[123.574924,13.931274],[123.566607,13.942656],[123.569078,13.951804],[123.565873,13.953602],[123.568764,13.950989],[123.566235,13.948668],[123.56395,13.952651],[123.556278,13.955316],[123.561035,13.957161],[123.560804,13.960575],[123.564494,13.958202],[123.563817,13.963594],[123.570184,13.962327],[123.577342,13.970205],[123.575647,13.959962],[123.578163,13.953092],[123.57028,13.944344],[123.57566,13.938775],[123.574924,13.931274]]],[[[123.539704,13.959052],[123.537196,13.954808],[123.5339,13.954745],[123.536743,13.958163],[123.539704,13.959052]]],[[[123.781921,13.9599],[123.779114,13.960693],[123.778503,13.961914],[123.781311,13.962524],[123.781921,13.9599]]],[[[123.704102,13.966675],[123.702271,13.965088],[123.701904,13.965271],[123.704102,13.966675]]],[[[123.566804,13.967366],[123.563567,13.968606],[123.566651,13.968076],[123.566804,13.967366]]],[[[123.557508,13.968584],[123.547425,13.974921],[123.549549,13.977362],[123.557508,13.968584]]],[[[123.774902,13.973328],[123.773499,13.973511],[123.775085,13.974915],[123.774902,13.973328]]],[[[123.547278,13.975019],[123.542061,13.975672],[123.539479,13.975524],[123.545999,13.977709],[123.547278,13.975019]]],[[[123.557823,13.993857],[123.562445,13.988022],[123.573702,13.982656],[123.577396,13.984212],[123.575542,13.987344],[123.580491,13.986112],[123.574971,13.969193],[123.567325,13.975152],[123.567132,13.980378],[123.561686,13.986307],[123.554141,13.98834],[123.557823,13.993857]]],[[[123.645593,13.983397],[123.644573,13.982242],[123.644201,13.983982],[123.645593,13.983397]]],[[[123.571433,13.986032],[123.571606,13.987338],[123.572244,13.987713],[123.571433,13.986032]]],[[[123.56957,13.989644],[123.567233,13.989934],[123.56724,13.991152],[123.56957,13.989644]]],[[[123.641338,13.992702],[123.63939,13.984698],[123.637904,13.994992],[123.641338,13.992702]]],[[[123.537614,13.992266],[123.536602,13.992181],[123.537162,13.99285],[123.537614,13.992266]]],[[[123.557285,13.994302],[123.556115,13.994566],[123.55704,13.995078],[123.557285,13.994302]]],[[[123.905441,11.809171],[123.904034,11.815539],[123.909157,11.818685],[123.918298,11.814582],[123.916917,11.81049],[123.905441,11.809171]]],[[[123.846357,11.818898],[123.844066,11.817698],[123.844312,11.819192],[123.846357,11.818898]]],[[[123.844335,12.254019],[123.865345,12.243297],[123.864397,12.22899],[123.843394,12.250585],[123.844335,12.254019]]],[[[123.836286,12.255682],[123.838831,12.250102],[123.838345,12.248211],[123.835309,12.252923],[123.836286,12.255682]]],[[[123.839658,12.257706],[123.840211,12.25403],[123.838332,12.257129],[123.839658,12.257706]]],[[[123.833346,12.259319],[123.830904,12.270041],[123.838885,12.266432],[123.833346,12.259319]]],[[[123.805141,12.327012],[123.808875,12.321483],[123.809309,12.308597],[123.793782,12.332875],[123.805141,12.327012]]],[[[123.809714,12.838191],[123.816764,12.83131],[123.826868,12.831401],[123.827354,12.820966],[123.81966,12.817748],[123.817351,12.822097],[123.809531,12.822534],[123.799099,12.83031],[123.790855,12.832256],[123.791178,12.8361],[123.797368,12.839098],[123.809714,12.838191]]],[[[123.826491,12.837167],[123.827676,12.837492],[123.826822,12.836719],[123.826491,12.837167]]],[[[123.920359,12.855385],[123.921544,12.856202],[123.921963,12.855912],[123.920359,12.855385]]],[[[123.910098,12.860854],[123.905211,12.858613],[123.904513,12.862839],[123.900365,12.860652],[123.899642,12.863429],[123.905459,12.865831],[123.910098,12.860854]]],[[[123.812948,12.865985],[123.812037,12.866815],[123.812699,12.866582],[123.812948,12.865985]]],[[[123.829993,12.870258],[123.831398,12.87037],[123.830564,12.869667],[123.829993,12.870258]]],[[[123.812424,12.872487],[123.813873,12.868529],[123.810622,12.873243],[123.812424,12.872487]]],[[[123.837075,12.875066],[123.838185,12.873234],[123.834251,12.875005],[123.837075,12.875066]]],[[[123.887665,12.869427],[123.880955,12.885591],[123.88643,12.888666],[123.890211,12.887459],[123.892444,12.879238],[123.902066,12.880624],[123.899705,12.876286],[123.90368,12.868751],[123.896404,12.868622],[123.891881,12.872557],[123.887665,12.869427]]],[[[123.840614,12.881742],[123.841638,12.881238],[123.8411,12.880727],[123.840614,12.881742]]],[[[123.8407,12.883374],[123.838317,12.880678],[123.836192,12.880754],[123.838423,12.883837],[123.8407,12.883374]]],[[[123.82892,13.267706],[123.826495,13.273564],[123.834927,13.270851],[123.830142,13.267401],[123.829442,13.269775],[123.82892,13.267706]]],[[[123.861761,13.349403],[123.874213,13.347925],[123.872337,13.344231],[123.876077,13.339335],[123.884563,13.34755],[123.895677,13.336425],[123.898134,13.340851],[123.906355,13.339577],[123.906686,13.330031],[123.93006,13.328011],[123.923229,13.309181],[123.918062,13.304847],[123.909965,13.308462],[123.902818,13.301322],[123.900804,13.29239],[123.89684,13.292317],[123.893155,13.287454],[123.895022,13.282202],[123.884833,13.28104],[123.892629,13.261033],[123.904931,13.250118],[123.910935,13.238739],[123.905924,13.236843],[123.899996,13.239863],[123.899336,13.234989],[123.886281,13.228892],[123.883928,13.224625],[123.884297,13.228782],[123.878773,13.230563],[123.87548,13.228803],[123.876896,13.224932],[123.871754,13.224063],[123.874204,13.230092],[123.868387,13.246402],[123.871038,13.253792],[123.868179,13.254661],[123.866607,13.249335],[123.865687,13.254155],[123.863807,13.248128],[123.861243,13.249867],[123.863614,13.240797],[123.856412,13.251576],[123.858493,13.25323],[123.856076,13.262494],[123.847783,13.26593],[123.850859,13.270979],[123.839283,13.273056],[123.849893,13.278162],[123.852657,13.314358],[123.858675,13.312541],[123.8617,13.315958],[123.841039,13.334852],[123.840091,13.337296],[123.844718,13.339337],[123.839096,13.342569],[123.847109,13.35305],[123.850048,13.351319],[123.853993,13.354297],[123.861761,13.349403]]],[[[123.908246,13.296216],[123.910423,13.298387],[123.90985,13.292116],[123.908246,13.296216]]],[[[123.767009,13.407098],[123.774479,13.399582],[123.782646,13.402045],[123.794114,13.397994],[123.793346,13.392441],[123.800252,13.395556],[123.807526,13.393899],[123.81192,13.388026],[123.817885,13.388092],[123.825096,13.379728],[123.823014,13.374678],[123.828319,13.373094],[123.826771,13.367883],[123.833244,13.370212],[123.837414,13.366779],[123.842769,13.372704],[123.851681,13.368755],[123.84603,13.366402],[123.848654,13.363403],[123.841686,13.363235],[123.842165,13.359842],[123.838554,13.357971],[123.841596,13.356347],[123.838554,13.353051],[123.840318,13.350319],[123.832765,13.343968],[123.823786,13.352135],[123.810934,13.356017],[123.798309,13.366354],[123.790292,13.378579],[123.776272,13.386271],[123.76378,13.403853],[123.767009,13.407098]]],[[[123.891256,13.805873],[123.890011,13.803469],[123.890252,13.806223],[123.891256,13.805873]]],[[[123.906627,13.806288],[123.907562,13.808322],[123.906637,13.805009],[123.906627,13.806288]]],[[[123.888249,13.80806],[123.888341,13.807169],[123.88765,13.807578],[123.888249,13.80806]]],[[[123.889114,13.808373],[123.890082,13.807731],[123.888769,13.807533],[123.889114,13.808373]]],[[[123.893524,13.809911],[123.898367,13.811565],[123.895759,13.809202],[123.893524,13.809911]]],[[[123.905973,13.811331],[123.906903,13.812581],[123.907752,13.811327],[123.905973,13.811331]]],[[[123.853994,13.819666],[123.853959,13.823347],[123.855961,13.823437],[123.85718,13.820834],[123.853994,13.819666]]],[[[123.846297,13.83352],[123.842307,13.832525],[123.843513,13.836479],[123.839314,13.838454],[123.84757,13.83921],[123.849797,13.842784],[123.852458,13.838891],[123.85216,13.828089],[123.849442,13.827754],[123.846297,13.83352]]],[[[123.804902,13.845169],[123.806464,13.844279],[123.803994,13.843477],[123.804902,13.845169]]],[[[123.838256,13.84721],[123.84271,13.846661],[123.839889,13.842061],[123.837416,13.844399],[123.838256,13.84721]]],[[[123.811997,13.859884],[123.81128,13.8597],[123.811603,13.86064],[123.811997,13.859884]]],[[[123.821827,13.862964],[123.820193,13.861655],[123.820504,13.863761],[123.821827,13.862964]]],[[[123.855557,13.868273],[123.862637,13.864261],[123.855745,13.859149],[123.853518,13.865508],[123.855557,13.868273]]],[[[123.871056,13.86348],[123.868038,13.864672],[123.871171,13.864949],[123.871056,13.86348]]],[[[123.846561,13.86229],[123.84348,13.859911],[123.84058,13.864876],[123.842639,13.870707],[123.849783,13.874347],[123.850681,13.872241],[123.851202,13.880725],[123.858454,13.882902],[123.850165,13.871259],[123.85145,13.857001],[123.846561,13.86229]]],[[[123.839394,13.86669],[123.838332,13.875159],[123.840935,13.86895],[123.839394,13.86669]]],[[[123.804644,13.874963],[123.80939,13.873954],[123.807853,13.871488],[123.804644,13.874963]]],[[[123.835878,13.874169],[123.833236,13.869509],[123.824162,13.87342],[123.831191,13.881444],[123.835878,13.874169]]],[[[123.836465,13.877179],[123.835765,13.885237],[123.840956,13.885349],[123.839047,13.878686],[123.836465,13.877179]]],[[[123.848909,13.882198],[123.851106,13.88514],[123.856783,13.886555],[123.856253,13.8858],[123.848909,13.882198]]],[[[123.824683,13.897482],[123.826397,13.902459],[123.823635,13.911267],[123.814896,13.909589],[123.811537,13.912345],[123.815694,13.916667],[123.81263,13.917677],[123.815057,13.922258],[123.811211,13.924101],[123.811305,13.929679],[123.819044,13.927472],[123.813927,13.933956],[123.816692,13.939566],[123.807358,13.94448],[123.816693,13.948162],[123.819038,13.952618],[123.816489,13.961413],[123.818992,13.966697],[123.817921,13.978593],[123.825054,13.97362],[123.831267,13.976047],[123.838096,13.974306],[123.839734,13.96963],[123.833299,13.965496],[123.833799,13.952485],[123.83761,13.95138],[123.837927,13.9454],[123.836043,13.943227],[123.832547,13.946172],[123.83417,13.942422],[123.831451,13.936464],[123.836141,13.927622],[123.836242,13.912989],[123.840714,13.902534],[123.837666,13.897829],[123.840806,13.89669],[123.831397,13.889471],[123.824683,13.897482]]],[[[123.844111,13.947094],[123.850088,13.950481],[123.853501,13.950137],[123.848069,13.946481],[123.844111,13.947094]]],[[[123.859112,13.967035],[123.870501,13.953101],[123.871897,13.948703],[123.8656,13.951566],[123.857441,13.949183],[123.861087,13.956872],[123.854188,13.958048],[123.853773,13.962828],[123.859112,13.967035]]],[[[123.812287,13.95947],[123.813767,13.96085],[123.814494,13.958324],[123.812287,13.95947]]],[[[123.813642,13.965611],[123.811208,13.968543],[123.813485,13.967777],[123.813642,13.965611]]],[[[123.817322,13.981506],[123.818481,13.980713],[123.817322,13.979919],[123.817322,13.981506]]],[[[123.826848,13.983368],[123.824121,13.983918],[123.8267,13.985384],[123.826848,13.983368]]],[[[124.101733,11.835828],[124.103471,11.833836],[124.101632,11.832326],[124.099509,11.833653],[124.101733,11.835828]]],[[[124.095873,11.870798],[124.08758,11.867961],[124.078821,11.875865],[124.088241,11.882197],[124.095305,11.876072],[124.095873,11.870798]]],[[[124.096276,12.543471],[124.102419,12.540265],[124.105324,12.543094],[124.103533,12.548389],[124.107116,12.550433],[124.111785,12.549225],[124.113462,12.543027],[124.109977,12.544442],[124.104473,12.541294],[124.104532,12.529763],[124.090948,12.523555],[124.088964,12.528258],[124.096276,12.543471]]],[[[124.08665,12.548357],[124.090996,12.547338],[124.089413,12.543735],[124.08665,12.548357]]],[[[124.109059,12.552325],[124.111157,12.558516],[124.118604,12.559868],[124.1195,12.556102],[124.116147,12.552191],[124.117748,12.544292],[124.113749,12.551354],[124.109059,12.552325]]],[[[124.098423,12.568015],[124.097873,12.565422],[124.097393,12.56721],[124.098423,12.568015]]],[[[124.098871,12.568695],[124.098016,12.571003],[124.099642,12.569199],[124.098871,12.568695]]],[[[124.123754,12.583779],[124.12997,12.581969],[124.12885,12.579039],[124.12289,12.577492],[124.123754,12.583779]]],[[[124.158257,12.85463],[124.155166,12.853369],[124.153367,12.856907],[124.158097,12.859095],[124.158257,12.85463]]],[[[124.15188,12.862574],[124.153166,12.862558],[124.153198,12.862116],[124.15188,12.862574]]],[[[124.140529,12.873369],[124.139991,12.874446],[124.140849,12.873685],[124.140529,12.873369]]],[[[123.983502,12.875967],[123.984927,12.87645],[123.98365,12.875728],[123.983502,12.875967]]],[[[123.989031,12.877122],[123.989767,12.878225],[123.990056,12.877707],[123.989031,12.877122]]],[[[124.209569,13.168114],[124.210693,13.16855],[124.210606,13.168173],[124.209569,13.168114]]],[[[124.137133,13.235223],[124.14425,13.228945],[124.154589,13.231169],[124.20404,13.210783],[124.215642,13.196568],[124.213966,13.189872],[124.220077,13.180838],[124.216333,13.174627],[124.209629,13.169526],[124.200011,13.173823],[124.188021,13.171802],[124.164695,13.181409],[124.15617,13.180802],[124.139096,13.189384],[124.134884,13.185319],[124.125943,13.184994],[124.121507,13.188285],[124.107476,13.187142],[124.07712,13.203195],[124.05793,13.207256],[124.113976,13.222562],[124.125238,13.227447],[124.126247,13.235101],[124.137133,13.235223]]],[[[123.98217,13.290203],[123.975914,13.281254],[123.982973,13.275826],[123.981844,13.27033],[123.985343,13.268175],[123.982975,13.261381],[123.985985,13.259348],[123.991737,13.261061],[123.994546,13.266132],[123.999176,13.285611],[124.004305,13.284125],[124.00888,13.286957],[124.012939,13.283448],[124.016769,13.284411],[124.020815,13.275854],[124.026784,13.27275],[124.025951,13.26392],[124.029331,13.258222],[124.036832,13.259914],[124.038806,13.268356],[124.046544,13.269186],[124.035918,13.277463],[124.044592,13.279206],[124.053869,13.278367],[124.061733,13.269728],[124.075999,13.271796],[124.083711,13.267401],[124.088534,13.269691],[124.098904,13.258617],[124.085371,13.260448],[124.074563,13.251896],[124.063879,13.251967],[124.063618,13.243996],[124.071608,13.242356],[124.071996,13.238701],[124.063846,13.239853],[124.058794,13.234701],[124.060044,13.231052],[124.056905,13.232519],[124.055745,13.22792],[124.047441,13.227481],[124.045966,13.222037],[124.042612,13.223914],[124.039482,13.218776],[124.022366,13.216965],[123.995741,13.224424],[123.989853,13.229208],[123.99255,13.237176],[123.973711,13.232259],[123.952184,13.233406],[123.943227,13.24367],[123.930335,13.24986],[123.928514,13.256074],[123.915422,13.26375],[123.913134,13.274335],[123.921635,13.27849],[123.908369,13.286455],[123.911019,13.290324],[123.915167,13.286195],[123.927308,13.288928],[123.929821,13.286058],[123.950985,13.290616],[123.966493,13.279936],[123.974634,13.283318],[123.977121,13.291521],[123.98217,13.290203]]],[[[124.002422,13.286716],[124.002869,13.287773],[124.003911,13.286954],[124.002422,13.286716]]],[[[123.96025,13.307866],[123.969228,13.29784],[123.957362,13.294353],[123.96025,13.307866]]],[[[123.946222,13.317672],[123.943343,13.314471],[123.947404,13.305534],[123.927024,13.306789],[123.928258,13.31271],[123.933708,13.317031],[123.93052,13.3175],[123.937694,13.324528],[123.946222,13.317672]]],[[[124.337536,13.561645],[124.339798,13.562196],[124.336902,13.561421],[124.337536,13.561645]]],[[[124.335951,13.562279],[124.334827,13.561367],[124.334012,13.561508],[124.335951,13.562279]]],[[[124.415222,13.664376],[124.415652,13.663741],[124.41472,13.663851],[124.415222,13.664376]]],[[[123.995435,13.710837],[123.99608,13.713815],[123.998871,13.712324],[123.995435,13.710837]]],[[[124.002035,13.712308],[123.999317,13.714482],[124.000907,13.715066],[124.002035,13.712308]]],[[[124.39496,13.716247],[124.395067,13.719125],[124.40112,13.719846],[124.399394,13.717488],[124.39496,13.716247]]],[[[123.973825,13.724373],[123.974339,13.725619],[123.974406,13.724498],[123.973825,13.724373]]],[[[123.982385,13.726889],[123.980389,13.725631],[123.97986,13.727108],[123.982385,13.726889]]],[[[124.403531,13.771188],[124.412393,13.770627],[124.410856,13.766693],[124.403531,13.771188]]],[[[123.990608,13.776486],[123.992825,13.773262],[123.991894,13.771534],[123.990195,13.773012],[123.990608,13.776486]]],[[[123.947138,13.775504],[123.949508,13.778036],[123.954285,13.774587],[123.948982,13.772591],[123.947138,13.775504]]],[[[124.42348,13.777716],[124.421293,13.777844],[124.421515,13.778678],[124.42348,13.777716]]],[[[124.42076,13.784338],[124.420777,13.782974],[124.419887,13.783204],[124.42076,13.784338]]],[[[123.984319,13.784432],[123.9864,13.792777],[123.987116,13.793206],[123.989525,13.78351],[123.984319,13.784432]]],[[[124.42191,13.804983],[124.423682,13.806415],[124.424433,13.804635],[124.42191,13.804983]]],[[[124.265815,14.013232],[124.270991,14.016703],[124.279465,13.998246],[124.278762,13.972049],[124.284679,13.965667],[124.281644,13.961009],[124.285913,13.952112],[124.28255,13.94695],[124.288795,13.941475],[124.30133,13.94276],[124.302366,13.935503],[124.308151,13.932788],[124.308336,13.929846],[124.309921,13.935554],[124.314148,13.933728],[124.303345,13.922679],[124.317341,13.908729],[124.316724,13.90193],[124.311929,13.897476],[124.315764,13.897824],[124.321262,13.901148],[124.323758,13.899184],[124.320736,13.910057],[124.330429,13.933849],[124.332651,13.931737],[124.334964,13.936987],[124.340915,13.938039],[124.347391,13.935488],[124.351592,13.939904],[124.355471,13.931946],[124.3519,13.929106],[124.352721,13.926081],[124.35941,13.924139],[124.354416,13.918586],[124.35707,13.912296],[124.354224,13.909275],[124.357843,13.90367],[124.365819,13.902108],[124.363274,13.898648],[124.365317,13.895714],[124.373911,13.895612],[124.375979,13.888527],[124.384605,13.892886],[124.388008,13.871315],[124.391106,13.873264],[124.393751,13.893006],[124.397413,13.892599],[124.39548,13.884891],[124.39949,13.879297],[124.397316,13.876678],[124.40242,13.875072],[124.403167,13.884292],[124.407813,13.879326],[124.408986,13.868641],[124.414032,13.866939],[124.407143,13.861806],[124.400807,13.863034],[124.399776,13.858761],[124.403038,13.85655],[124.404827,13.858948],[124.408133,13.856677],[124.415863,13.858329],[124.421225,13.846954],[124.406653,13.847741],[124.406917,13.844401],[124.398737,13.836412],[124.402203,13.83346],[124.410963,13.837803],[124.414348,13.835718],[124.413631,13.826278],[124.407598,13.824356],[124.408176,13.820823],[124.413562,13.818386],[124.409466,13.813548],[124.415168,13.813726],[124.415111,13.796477],[124.422028,13.795943],[124.417568,13.790114],[124.418736,13.782982],[124.414446,13.781284],[124.408022,13.78442],[124.403157,13.780026],[124.398112,13.782469],[124.392866,13.779031],[124.405513,13.761612],[124.401737,13.758251],[124.409637,13.751598],[124.393603,13.748915],[124.4011,13.740115],[124.389341,13.731219],[124.391512,13.719347],[124.385889,13.719669],[124.38441,13.714753],[124.387353,13.709614],[124.397042,13.70712],[124.389935,13.69911],[124.389088,13.691668],[124.407925,13.688099],[124.410831,13.684506],[124.41037,13.677047],[124.405549,13.671065],[124.416454,13.666077],[124.401172,13.658585],[124.40186,13.654241],[124.389867,13.655477],[124.381025,13.645818],[124.376668,13.654631],[124.379487,13.656295],[124.378268,13.662014],[124.36759,13.656392],[124.365512,13.659666],[124.357055,13.650539],[124.347518,13.649047],[124.346672,13.642855],[124.342137,13.640766],[124.34882,13.628704],[124.344294,13.623048],[124.345996,13.615524],[124.349157,13.615502],[124.346279,13.61137],[124.35033,13.605392],[124.346837,13.599575],[124.350673,13.595309],[124.34653,13.596736],[124.344056,13.592756],[124.345805,13.57407],[124.334404,13.574488],[124.337209,13.566193],[124.33408,13.566398],[124.326384,13.557552],[124.343612,13.548298],[124.328876,13.547407],[124.324408,13.552965],[124.3172,13.552129],[124.319271,13.556689],[124.314654,13.560826],[124.318271,13.566765],[124.316995,13.573016],[124.31302,13.575832],[124.315281,13.585001],[124.310986,13.589228],[124.274049,13.595806],[124.256564,13.593297],[124.244028,13.588847],[124.238127,13.581617],[124.234627,13.58241],[124.224478,13.572623],[124.225584,13.567135],[124.210036,13.558444],[124.205905,13.542956],[124.214484,13.521748],[124.209889,13.51767],[124.207524,13.520061],[124.208129,13.516958],[124.191523,13.51896],[124.184719,13.525918],[124.177541,13.527998],[124.177927,13.532335],[124.171739,13.530927],[124.171929,13.533913],[124.157815,13.544141],[124.158631,13.547278],[124.14704,13.556622],[124.141108,13.571315],[124.124059,13.578169],[124.108576,13.592086],[124.076953,13.604509],[124.068063,13.603967],[124.05733,13.596064],[124.047232,13.602421],[124.04708,13.606741],[124.058762,13.608219],[124.057202,13.618504],[124.050172,13.629271],[124.040953,13.635123],[124.040375,13.64146],[124.029918,13.656317],[124.02488,13.657452],[124.023681,13.663433],[124.030719,13.666884],[124.038898,13.665162],[124.038047,13.669969],[124.045367,13.671422],[124.045372,13.677999],[124.05674,13.683098],[124.056995,13.687878],[124.063902,13.693367],[124.087063,13.698773],[124.095526,13.704588],[124.106158,13.727415],[124.105201,13.734676],[124.101092,13.736399],[124.121755,13.752154],[124.128042,13.767479],[124.12735,13.778457],[124.135758,13.79609],[124.133095,13.832653],[124.137721,13.865366],[124.136773,13.870855],[124.131091,13.87289],[124.131809,13.879483],[124.128106,13.885847],[124.132501,13.883951],[124.144394,13.899885],[124.13853,13.908381],[124.146908,13.910427],[124.141076,13.920318],[124.148321,13.925789],[124.147518,13.936185],[124.142228,13.941691],[124.127745,13.977897],[124.130945,13.987339],[124.128037,13.992151],[124.131953,14.001638],[124.126168,14.002545],[124.135904,14.007351],[124.139715,14.013279],[124.129722,14.02941],[124.125382,14.046944],[124.125517,14.050294],[124.132452,14.046937],[124.135156,14.050281],[124.126556,14.060381],[124.138876,14.06058],[124.140396,14.063921],[124.147078,14.057653],[124.152555,14.056991],[124.154123,14.05051],[124.158564,14.050399],[124.160235,14.054157],[124.170372,14.050681],[124.177252,14.060316],[124.17468,14.065907],[124.180054,14.061774],[124.185668,14.063502],[124.189656,14.067948],[124.188187,14.075982],[124.191198,14.086109],[124.195876,14.087505],[124.199147,14.09478],[124.206141,14.099936],[124.211784,14.094128],[124.215228,14.078726],[124.234546,14.062887],[124.23672,14.055432],[124.24158,14.056928],[124.246048,14.049742],[124.248265,14.050916],[124.250995,14.037121],[124.25457,14.038258],[124.258253,14.032909],[124.262936,14.032961],[124.265227,14.027343],[124.25904,14.019369],[124.265815,14.013232]]],[[[124.41403,13.828953],[124.415399,13.82842],[124.415124,13.827692],[124.41403,13.828953]]],[[[124.413232,13.859042],[124.41454,13.858956],[124.413076,13.858401],[124.413232,13.859042]]],[[[124.395522,13.897756],[124.393042,13.893767],[124.393936,13.899261],[124.395522,13.897756]]],[[[124.31525,13.899232],[124.318894,13.900792],[124.31416,13.897897],[124.31525,13.899232]]],[[[124.30512,13.922787],[124.304891,13.921902],[124.304239,13.922523],[124.30512,13.922787]]],[[[124.328783,13.936041],[124.32719,13.935499],[124.327317,13.936139],[124.328783,13.936041]]],[[[124.351342,13.958594],[124.351587,13.957179],[124.35088,13.958346],[124.351342,13.958594]]],[[[124.296745,13.955124],[124.299095,13.963626],[124.302772,13.966012],[124.306299,13.963655],[124.298918,13.953062],[124.296745,13.955124]]],[[[124.321469,13.95339],[124.309777,13.958333],[124.31343,13.968362],[124.308095,13.978066],[124.32395,13.975264],[124.320959,13.961529],[124.32531,13.962154],[124.330341,13.968573],[124.328743,13.971702],[124.325357,13.970711],[124.328895,13.973978],[124.325038,13.98111],[124.326694,13.987216],[124.332038,13.972407],[124.342923,13.968587],[124.348532,13.961502],[124.340448,13.951498],[124.342999,13.949818],[124.350461,13.95769],[124.354986,13.946247],[124.346377,13.947908],[124.342496,13.942154],[124.338115,13.941236],[124.329199,13.945907],[124.326785,13.941311],[124.322524,13.945831],[124.321469,13.95339]]],[[[124.017825,14.014508],[124.020108,14.019422],[124.013251,14.026031],[124.017613,14.025418],[124.025084,14.014166],[124.017825,14.014508]]],[[[124.266661,14.022544],[124.268418,14.021301],[124.26694,14.019579],[124.266661,14.022544]]],[[[124.041726,14.019916],[124.040443,14.014019],[124.036126,14.017947],[124.035924,14.031253],[124.044082,14.028759],[124.04504,14.031695],[124.049942,14.031974],[124.051375,14.027193],[124.048654,14.027879],[124.046483,14.023191],[124.050658,14.017746],[124.046835,14.01376],[124.041726,14.019916]]],[[[124.058795,14.031345],[124.066379,14.022279],[124.064074,14.020662],[124.058795,14.031345]]],[[[124.0168,14.031205],[124.01823,14.030408],[124.0179,14.029749],[124.0168,14.031205]]]]}},{"type":"Feature","properties":{"ADM1_PCODE":"PH06","ADM1_EN":"Region VI (Western Visayas)"},"geometry":{"type":"MultiPolygon","coordinates":[[[[121.916528,10.416301],[121.918857,10.420565],[121.92301,10.419099],[121.921399,10.415167],[121.916528,10.416301]]],[[[123.079617,11.537086],[123.105971,11.548558],[123.109916,11.556819],[123.114097,11.556132],[123.131313,11.57125],[123.132044,11.579688],[123.148104,11.597557],[123.150829,11.597102],[123.145216,11.588171],[123.152784,11.575925],[123.162761,11.567235],[123.160867,11.556803],[123.155811,11.556782],[123.149908,11.548114],[123.150487,11.541344],[123.135144,11.510893],[123.136844,11.506797],[123.132224,11.507007],[123.132007,11.517253],[123.124156,11.52093],[123.124187,11.525328],[123.123549,11.522998],[123.120285,11.524279],[123.122014,11.513451],[123.117251,11.513292],[123.129805,11.501846],[123.13059,11.497674],[123.121068,11.497326],[123.125056,11.491574],[123.131432,11.494838],[123.132257,11.492342],[123.140588,11.492156],[123.137088,11.480193],[123.153611,11.48688],[123.158379,11.476907],[123.164136,11.473949],[123.16426,11.465952],[123.159807,11.46989],[123.156524,11.456011],[123.151147,11.449331],[123.152871,11.443365],[123.141333,11.43859],[123.138144,11.426814],[123.128122,11.415827],[123.146704,11.400974],[123.143309,11.397586],[123.145266,11.391665],[123.151579,11.392821],[123.144788,11.386327],[123.151416,11.382473],[123.146982,11.380784],[123.147534,11.376599],[123.140344,11.363778],[123.125178,11.364602],[123.133446,11.347988],[123.131024,11.341417],[123.11727,11.337784],[123.110517,11.343241],[123.10236,11.338913],[123.099233,11.328642],[123.106864,11.315542],[123.108651,11.297049],[123.095148,11.27485],[123.100323,11.267876],[123.095995,11.266401],[123.095425,11.262952],[123.099003,11.249438],[123.095748,11.247074],[123.093466,11.224609],[123.117326,11.211877],[123.127841,11.181696],[123.126724,11.171076],[123.122829,11.169708],[123.121277,11.164695],[123.103623,11.15595],[123.10419,11.161731],[123.095887,11.164602],[123.079211,11.177588],[123.075558,11.170501],[123.079571,11.165326],[123.087463,11.166649],[123.096076,11.160373],[123.090751,11.152028],[123.092421,11.148055],[123.088811,11.145648],[123.07581,11.150831],[123.080029,11.155858],[123.072685,11.165173],[123.036393,11.171628],[123.02805,11.165855],[123.024568,11.1563],[123.027338,11.152903],[123.020538,11.148953],[123.017049,11.142274],[123.01421,11.126543],[123.016712,11.121176],[123.006881,11.090818],[122.993116,11.078044],[122.981734,11.075898],[122.981007,11.07058],[122.985217,11.068154],[122.97653,11.059519],[122.978775,11.067282],[122.972443,11.070713],[122.954282,11.069093],[122.94939,11.063429],[122.954656,11.050685],[122.963282,11.048558],[122.952325,11.033694],[122.946553,11.0341],[122.94056,11.028384],[122.937556,11.030862],[122.934535,11.044071],[122.94346,11.057541],[122.937297,11.064087],[122.924849,11.06702],[122.917693,11.062793],[122.915923,11.03961],[122.905468,11.020926],[122.89519,11.022505],[122.890806,11.019934],[122.889793,11.029481],[122.871673,11.03131],[122.856887,11.023031],[122.856366,11.018187],[122.851125,11.018059],[122.847968,11.008366],[122.851475,11.008011],[122.848502,11.004729],[122.850046,10.997411],[122.854635,10.995245],[122.851465,10.991445],[122.845487,10.990273],[122.844444,10.99753],[122.833875,10.997565],[122.836403,11.001262],[122.831518,11.00275],[122.804013,10.99435],[122.800599,10.995202],[122.801494,10.997248],[122.797032,10.991172],[122.786308,10.991381],[122.781724,10.987925],[122.774981,10.973598],[122.776104,10.963918],[122.771495,10.963403],[122.771419,10.95735],[122.759703,10.946645],[122.765534,10.945433],[122.773244,10.938166],[122.768752,10.935124],[122.780699,10.92552],[122.782692,10.908912],[122.789138,10.899309],[122.787881,10.893544],[122.77979,10.890754],[122.786102,10.885994],[122.785246,10.878203],[122.780513,10.875953],[122.785058,10.864432],[122.783822,10.8564],[122.76907,10.843402],[122.763394,10.844831],[122.767587,10.838649],[122.761417,10.827933],[122.764174,10.826614],[122.762949,10.822918],[122.750152,10.811659],[122.734201,10.785964],[122.710483,10.780001],[122.70892,10.775365],[122.707845,10.781935],[122.694203,10.790574],[122.669205,10.796693],[122.669035,10.786341],[122.663576,10.777859],[122.652874,10.784389],[122.641968,10.771514],[122.637555,10.771883],[122.632315,10.782608],[122.610723,10.775187],[122.605745,10.768001],[122.597241,10.763289],[122.588618,10.743552],[122.585611,10.744307],[122.589447,10.736952],[122.594113,10.739432],[122.599038,10.736892],[122.600239,10.727566],[122.599102,10.722259],[122.592792,10.716808],[122.595211,10.715309],[122.593317,10.71001],[122.591789,10.712602],[122.590932,10.710757],[122.595515,10.708893],[122.593586,10.704695],[122.58919,10.704133],[122.590397,10.700295],[122.580919,10.687589],[122.561082,10.691362],[122.559819,10.688511],[122.529421,10.679315],[122.499806,10.679966],[122.479448,10.688346],[122.455161,10.688236],[122.421538,10.680973],[122.391254,10.669963],[122.336276,10.669922],[122.321958,10.656663],[122.319826,10.660787],[122.319834,10.656898],[122.316413,10.656394],[122.27328,10.657686],[122.25757,10.651396],[122.24695,10.635429],[122.20727,10.6387],[122.193861,10.6266],[122.178842,10.619137],[122.175768,10.610978],[122.168259,10.607839],[122.159288,10.596755],[122.145246,10.591346],[122.142599,10.584522],[122.129186,10.586486],[122.116932,10.582651],[122.10592,10.583387],[122.095828,10.575398],[122.084708,10.552816],[122.07936,10.549092],[122.074499,10.531531],[122.077486,10.525449],[122.064902,10.518945],[122.060486,10.509444],[122.061325,10.50064],[122.054456,10.495888],[122.050658,10.486723],[122.03424,10.479681],[122.029989,10.463493],[122.014921,10.446878],[122.005031,10.44045],[121.998548,10.439988],[121.985129,10.430101],[121.980302,10.422776],[121.969545,10.418648],[121.964775,10.414454],[121.964033,10.407267],[121.959725,10.406502],[121.958732,10.409119],[121.962479,10.413655],[121.945079,10.418858],[121.91922,10.434918],[121.919071,10.444019],[121.912307,10.447212],[121.91623,10.457989],[121.914347,10.464823],[121.919306,10.469743],[121.917133,10.476515],[121.922209,10.48554],[121.91657,10.5042],[121.923191,10.50461],[121.939838,10.521851],[121.958128,10.551179],[121.964434,10.572513],[121.97866,10.66768],[121.965629,10.715932],[121.946511,10.737632],[121.941013,10.739845],[121.936477,10.737225],[121.933752,10.74012],[121.923081,10.763836],[121.943356,10.79751],[121.945449,10.808732],[121.948677,10.809365],[121.94603,10.812519],[121.948478,10.812033],[121.946574,10.813179],[121.95633,10.850806],[121.973953,10.891542],[121.98442,10.932333],[122.03785,10.997979],[122.040434,11.004137],[122.039639,11.017695],[122.05411,11.03256],[122.041375,11.071906],[122.045572,11.094415],[122.037297,11.118179],[122.039618,11.150279],[122.033095,11.190253],[122.035538,11.193548],[122.034244,11.200593],[122.052895,11.22605],[122.048082,11.246478],[122.052039,11.261287],[122.027103,11.298444],[122.035795,11.320292],[122.053874,11.335744],[122.058208,11.345065],[122.062478,11.375792],[122.050828,11.40791],[122.053194,11.408991],[122.050092,11.410118],[122.060256,11.44889],[122.058103,11.459544],[122.051566,11.469166],[122.059773,11.46906],[122.073589,11.477526],[122.085513,11.503247],[122.078244,11.538788],[122.086458,11.560164],[122.086813,11.578221],[122.092539,11.58877],[122.095547,11.604281],[122.096669,11.62992],[122.101593,11.650762],[122.095851,11.671272],[122.101222,11.686519],[122.099328,11.706529],[122.094891,11.713681],[122.078695,11.731701],[122.06583,11.739926],[122.046142,11.732155],[122.025598,11.741899],[122.020335,11.741952],[122.012626,11.736153],[121.987093,11.752189],[121.976994,11.751021],[121.966497,11.755613],[121.947945,11.757007],[121.942572,11.761091],[121.91734,11.767763],[121.897125,11.757277],[121.871378,11.755533],[121.844875,11.761352],[121.844554,11.765377],[121.86205,11.780984],[121.880814,11.816663],[121.881726,11.832153],[121.889044,11.846826],[121.88349,11.854603],[121.882118,11.86527],[121.87662,11.86566],[121.883825,11.876068],[121.881974,11.884736],[121.884897,11.899378],[121.916783,11.90241],[121.940073,11.913356],[121.947999,11.918429],[121.950354,11.938665],[121.960622,11.9368],[121.973809,11.920085],[121.991053,11.910566],[121.999366,11.912877],[122.000332,11.907702],[122.018456,11.893225],[122.023256,11.881945],[122.038655,11.864618],[122.087144,11.834381],[122.139391,11.824592],[122.163612,11.825974],[122.167523,11.818295],[122.168288,11.823834],[122.198019,11.806968],[122.213188,11.808787],[122.22183,11.813701],[122.226926,11.793693],[122.238468,11.786739],[122.244841,11.786526],[122.256642,11.794164],[122.258428,11.785607],[122.265813,11.776495],[122.307689,11.74456],[122.3313,11.735422],[122.356104,11.739028],[122.36477,11.738011],[122.363512,11.734008],[122.365989,11.733193],[122.368023,11.738786],[122.385366,11.734492],[122.391891,11.728747],[122.394775,11.724036],[122.397133,11.717274],[122.396906,11.710615],[122.394194,11.723721],[122.385307,11.729067],[122.392961,11.720138],[122.391197,11.707437],[122.420741,11.664393],[122.456332,11.631778],[122.493118,11.609026],[122.493996,11.603379],[122.488351,11.59313],[122.48142,11.595541],[122.476521,11.606617],[122.460789,11.613808],[122.443698,11.627377],[122.440794,11.636138],[122.43449,11.637885],[122.429474,11.652449],[122.42386,11.653985],[122.420119,11.650707],[122.418684,11.655796],[122.415864,11.65491],[122.413504,11.658457],[122.405601,11.657084],[122.404646,11.652047],[122.402237,11.653073],[122.402243,11.64953],[122.4095,11.651741],[122.408597,11.646556],[122.398616,11.645491],[122.397454,11.635467],[122.403437,11.62991],[122.406738,11.634961],[122.412668,11.635521],[122.41315,11.631385],[122.409732,11.629356],[122.410266,11.6217],[122.412647,11.621187],[122.410851,11.617833],[122.414292,11.620809],[122.415728,11.616614],[122.424815,11.618464],[122.42201,11.611883],[122.430559,11.61111],[122.42919,11.603007],[122.423511,11.597519],[122.419416,11.601233],[122.422489,11.595991],[122.420139,11.591729],[122.427441,11.597869],[122.428854,11.59626],[122.438217,11.600749],[122.441726,11.593995],[122.441594,11.604664],[122.449507,11.608715],[122.456621,11.600105],[122.467317,11.600268],[122.465626,11.593524],[122.467931,11.587974],[122.475991,11.581209],[122.475414,11.57825],[122.483793,11.575945],[122.486992,11.571761],[122.484862,11.56417],[122.47636,11.562658],[122.472778,11.565077],[122.476017,11.566548],[122.474522,11.569042],[122.465304,11.573589],[122.460471,11.580009],[122.45435,11.577336],[122.442656,11.579732],[122.441947,11.568447],[122.454472,11.554692],[122.452454,11.551627],[122.455121,11.553413],[122.45852,11.550781],[122.462733,11.555498],[122.463611,11.551976],[122.46876,11.550987],[122.477752,11.556576],[122.481208,11.554405],[122.494946,11.572829],[122.495179,11.581079],[122.497938,11.583139],[122.49458,11.583615],[122.493873,11.593317],[122.50787,11.592123],[122.529411,11.584598],[122.534485,11.575612],[122.536632,11.579233],[122.545535,11.577853],[122.569549,11.567463],[122.574319,11.563782],[122.577622,11.552769],[122.582467,11.554445],[122.589526,11.532913],[122.582485,11.515609],[122.57866,11.514488],[122.580167,11.508697],[122.590933,11.518504],[122.600182,11.515024],[122.613878,11.515425],[122.635543,11.522561],[122.637346,11.533015],[122.646183,11.536098],[122.64843,11.544459],[122.644471,11.549241],[122.640595,11.548981],[122.637801,11.544588],[122.632749,11.547731],[122.638408,11.55218],[122.634528,11.554918],[122.634265,11.562208],[122.645641,11.566848],[122.642345,11.572223],[122.649298,11.574145],[122.647322,11.571731],[122.651043,11.56407],[122.650451,11.557389],[122.658223,11.556447],[122.664319,11.546639],[122.668793,11.548826],[122.680361,11.543281],[122.685645,11.545576],[122.679425,11.560136],[122.679599,11.570355],[122.683041,11.568016],[122.710748,11.578351],[122.712558,11.577351],[122.710119,11.575943],[122.713079,11.575751],[122.715645,11.584028],[122.712855,11.584592],[122.712486,11.589857],[122.716424,11.594107],[122.713169,11.598193],[122.7174,11.596704],[122.717668,11.60181],[122.704932,11.608052],[122.712879,11.608141],[122.71465,11.613661],[122.720876,11.608064],[122.791479,11.6078],[122.796679,11.604198],[122.825992,11.610562],[122.833047,11.605558],[122.826423,11.597319],[122.836056,11.592286],[122.846509,11.577058],[122.857118,11.568381],[122.858525,11.563642],[122.855855,11.560519],[122.864746,11.555364],[122.864373,11.540742],[122.879814,11.544491],[122.9013,11.528647],[122.931188,11.515825],[122.917339,11.504031],[122.910983,11.505578],[122.90711,11.497824],[122.890134,11.485865],[122.894558,11.484518],[122.890074,11.482932],[122.89182,11.47392],[122.896526,11.469388],[122.892937,11.467839],[122.895172,11.465774],[122.879901,11.461829],[122.890446,11.457619],[122.90127,11.459414],[122.90137,11.455708],[122.89162,11.453401],[122.891295,11.446621],[122.880264,11.441999],[122.89181,11.438733],[122.886565,11.43513],[122.887828,11.431828],[122.901452,11.431242],[122.914872,11.453851],[122.918662,11.453365],[122.914647,11.461821],[122.918329,11.467366],[122.914909,11.475599],[122.917192,11.483001],[122.930748,11.480039],[122.935073,11.477121],[122.93323,11.473493],[122.937997,11.472161],[122.942998,11.479309],[122.956611,11.477124],[122.958891,11.481238],[122.98866,11.482787],[122.995457,11.489402],[123.010123,11.492935],[123.014412,11.497772],[123.01253,11.500289],[123.014823,11.498362],[123.040276,11.514923],[123.075007,11.526817],[123.079617,11.537086]]],[[[122.014101,11.410275],[122.014635,11.411713],[122.015367,11.41155],[122.014101,11.410275]]],[[[122.028002,11.415921],[122.019533,11.410574],[122.015945,11.410036],[122.016439,11.414881],[122.028002,11.415921]]],[[[121.930991,11.474088],[121.914192,11.462645],[121.892097,11.467469],[121.890075,11.470798],[121.913477,11.478025],[121.927741,11.478843],[121.930991,11.474088]]],[[[122.428247,11.598513],[122.429063,11.599605],[122.429173,11.598053],[122.428247,11.598513]]],[[[121.699268,11.593359],[121.69075,11.595334],[121.692346,11.598661],[121.685131,11.608508],[121.691278,11.608227],[121.698453,11.599911],[121.699268,11.593359]]],[[[122.438769,11.600866],[122.43987,11.600539],[122.439629,11.600196],[122.438769,11.600866]]],[[[122.434019,11.603514],[122.429878,11.605028],[122.432029,11.611828],[122.430909,11.614331],[122.444314,11.615001],[122.434019,11.603514]]],[[[122.424376,11.612378],[122.428454,11.620364],[122.422546,11.62186],[122.430922,11.62543],[122.437074,11.61765],[122.424376,11.612378]]],[[[122.416154,11.619039],[122.411884,11.62636],[122.418445,11.630129],[122.417719,11.625367],[122.422001,11.619965],[122.416154,11.619039]]],[[[122.449995,11.611549],[122.431808,11.627851],[122.430606,11.634304],[122.424994,11.635646],[122.42459,11.641284],[122.418341,11.642318],[122.418843,11.647056],[122.42835,11.650401],[122.432777,11.635149],[122.458604,11.612047],[122.459014,11.608427],[122.449995,11.611549]]],[[[122.429142,11.633021],[122.429209,11.627692],[122.421601,11.625133],[122.419875,11.634033],[122.429142,11.633021]]],[[[122.4042,11.63297],[122.398213,11.63602],[122.40472,11.64536],[122.412726,11.638056],[122.406014,11.636852],[122.4042,11.63297]]],[[[122.415053,11.654795],[122.41808,11.651069],[122.412795,11.648202],[122.41071,11.652878],[122.415053,11.654795]]],[[[122.422994,11.651095],[122.42306,11.652248],[122.424323,11.653187],[122.422994,11.651095]]],[[[121.441088,11.866046],[121.472297,11.867201],[121.473921,11.863934],[121.512649,11.861464],[121.52955,11.847763],[121.530341,11.843371],[121.515955,11.826467],[121.493846,11.829563],[121.478032,11.825477],[121.472618,11.829554],[121.453332,11.831528],[121.451649,11.839349],[121.445885,11.835464],[121.438709,11.836433],[121.436332,11.838411],[121.438266,11.842392],[121.435932,11.842704],[121.424873,11.837907],[121.414891,11.837853],[121.413712,11.835254],[121.415985,11.845899],[121.422234,11.84972],[121.420376,11.852995],[121.426896,11.86795],[121.441088,11.866046]]],[[[121.321143,11.854768],[121.324378,11.854652],[121.325928,11.851897],[121.321143,11.854768]]],[[[121.321403,11.857918],[121.316811,11.859507],[121.316085,11.861445],[121.321403,11.857918]]],[[[121.294226,11.856758],[121.283302,11.863731],[121.288771,11.864834],[121.294086,11.861384],[121.294226,11.856758]]],[[[121.576075,11.933682],[121.571735,11.929647],[121.581891,11.916915],[121.582953,11.90555],[121.571464,11.895795],[121.549971,11.892424],[121.540002,11.904232],[121.547079,11.935241],[121.544607,11.940754],[121.538776,11.943335],[121.539738,11.953136],[121.556446,11.959143],[121.571955,11.944123],[121.576075,11.933682]]],[[[121.961835,11.93931],[121.961659,11.938557],[121.961188,11.939027],[121.961835,11.93931]]],[[[121.959589,11.943363],[121.957766,11.944639],[121.957037,11.945921],[121.959589,11.943363]]],[[[121.925383,11.996387],[121.925565,11.984454],[121.930616,11.978272],[121.928138,11.966983],[121.936614,11.958499],[121.934752,11.955434],[121.947594,11.954291],[121.948808,11.947086],[121.941008,11.939561],[121.933568,11.940078],[121.924162,11.96178],[121.910257,11.976976],[121.905088,11.988214],[121.920888,11.999064],[121.927807,11.998251],[121.925383,11.996387]]],[[[121.556062,11.986371],[121.559824,11.990503],[121.567199,11.980025],[121.566282,11.975537],[121.560285,11.976007],[121.556752,11.969511],[121.556062,11.986371]]],[[[121.388843,11.983244],[121.377196,11.998497],[121.369247,12.027977],[121.363289,12.031792],[121.365976,12.043417],[121.362687,12.051347],[121.364355,12.054017],[121.35629,12.054804],[121.371442,12.056686],[121.370786,12.060139],[121.376716,12.060697],[121.382228,12.068623],[121.372987,12.073817],[121.372356,12.077737],[121.363992,12.067835],[121.361623,12.085542],[121.352092,12.084616],[121.352545,12.089404],[121.349694,12.0899],[121.349189,12.08352],[121.344133,12.087108],[121.348332,12.086384],[121.345381,12.088571],[121.347471,12.091773],[121.345152,12.095998],[121.356188,12.099424],[121.35459,12.102037],[121.35249,12.098713],[121.34873,12.099059],[121.354203,12.105587],[121.35239,12.119217],[121.360498,12.115061],[121.370277,12.123532],[121.381415,12.125838],[121.38987,12.122772],[121.39456,12.113599],[121.39328,12.109152],[121.405966,12.105451],[121.406738,12.100119],[121.414361,12.098987],[121.412565,12.096714],[121.405813,12.098663],[121.398095,12.085867],[121.404017,12.080117],[121.39746,12.0848],[121.396449,12.080224],[121.395221,12.08412],[121.392398,12.076105],[121.39796,12.078112],[121.410053,12.040941],[121.417411,12.041926],[121.423273,12.038125],[121.427256,12.029412],[121.418546,12.010417],[121.407516,12.000424],[121.401943,11.99957],[121.388843,11.983244]]],[[[121.361832,12.071058],[121.361741,12.069354],[121.361089,12.070466],[121.361832,12.071058]]],[[[121.360687,12.070209],[121.360401,12.071681],[121.360952,12.071988],[121.360687,12.070209]]],[[[121.36091,12.072284],[121.355562,12.075676],[121.360326,12.077155],[121.36091,12.072284]]],[[[121.358771,12.081249],[121.361554,12.08239],[121.359562,12.079077],[121.358771,12.081249]]],[[[121.34362,12.085491],[121.3442,12.084714],[121.343417,12.085042],[121.34362,12.085491]]],[[[121.344826,12.093517],[121.344441,12.092054],[121.344222,12.09387],[121.344826,12.093517]]],[[[121.579062,12.095885],[121.568288,12.09584],[121.57833,12.11015],[121.584839,12.101659],[121.579062,12.095885]]],[[[121.396118,12.156311],[121.396729,12.154297],[121.396118,12.153931],[121.396118,12.156311]]],[[[121.435157,12.208996],[121.432191,12.195182],[121.427796,12.194872],[121.42158,12.204411],[121.432713,12.202756],[121.435157,12.208996]]],[[[122.62068,10.38612],[122.60217,10.39008],[122.59223,10.3958],[122.6043,10.39857],[122.61216,10.39453],[122.61584,10.39798],[122.62467,10.39096],[122.62068,10.38612]]],[[[122.505003,10.404688],[122.505773,10.402882],[122.505246,10.403119],[122.505003,10.404688]]],[[[122.507797,10.40443],[122.506456,10.405746],[122.508041,10.405776],[122.507797,10.40443]]],[[[122.55751,10.40595],[122.55608,10.40426],[122.5505,10.40439],[122.55372,10.40829],[122.55751,10.40595]]],[[[122.508638,10.402333],[122.508223,10.407783],[122.510274,10.410731],[122.513312,10.403044],[122.508638,10.402333]]],[[[122.56,10.40111],[122.56167,10.41639],[122.56805,10.40806],[122.58392,10.41075],[122.58515,10.40725],[122.59821,10.41205],[122.59632,10.40385],[122.58814,10.40199],[122.56734,10.40443],[122.56,10.40111]]],[[[122.504883,10.414181],[122.506663,10.413058],[122.505878,10.411366],[122.504883,10.414181]]],[[[122.5897,10.41394],[122.58772,10.41133],[122.58531,10.41315],[122.58669,10.41552],[122.5897,10.41394]]],[[[122.57806,10.41444],[122.58334,10.41556],[122.58389,10.41306],[122.57917,10.41167],[122.57806,10.41444]]],[[[122.50922,10.415547],[122.505738,10.415075],[122.506408,10.417807],[122.50922,10.415547]]],[[[122.502677,10.418818],[122.504172,10.418336],[122.50518,10.416494],[122.502791,10.416524],[122.505566,10.415658],[122.502021,10.415057],[122.502677,10.418818]]],[[[122.505252,10.418942],[122.505427,10.417432],[122.50457,10.418561],[122.505252,10.418942]]],[[[122.50115,10.419662],[122.501995,10.4195],[122.501874,10.418886],[122.50115,10.419662]]],[[[122.506343,10.418364],[122.506732,10.420685],[122.508536,10.418718],[122.506343,10.418364]]],[[[122.506817,10.420919],[122.502532,10.420182],[122.506571,10.422698],[122.506817,10.420919]]],[[[122.502782,10.420394],[122.502703,10.422316],[122.504024,10.421531],[122.502782,10.420394]]],[[[122.500086,10.421358],[122.50092,10.422328],[122.498591,10.424518],[122.498265,10.428991],[122.502725,10.427153],[122.499289,10.424972],[122.501937,10.422146],[122.500377,10.420872],[122.500765,10.417046],[122.500086,10.421358]]],[[[122.66684,10.42968],[122.66432,10.42766],[122.66279,10.43402],[122.66684,10.42968]]],[[[122.64793,10.43581],[122.65218,10.43786],[122.65272,10.43534],[122.6506,10.43394],[122.64793,10.43581]]],[[[122.503148,10.438419],[122.505697,10.439008],[122.505329,10.436837],[122.503148,10.438419]]],[[[122.64505,10.44401],[122.645998,10.4415],[122.644323,10.443712],[122.64505,10.44401]]],[[[122.502983,10.447752],[122.50567,10.449592],[122.505256,10.447303],[122.502983,10.447752]]],[[[122.647054,10.453142],[122.646392,10.450206],[122.643156,10.449943],[122.647054,10.453142]]],[[[122.65114,10.46048],[122.65273,10.45736],[122.65063,10.45936],[122.65114,10.46048]]],[[[122.489518,10.473609],[122.48907,10.475089],[122.490026,10.474149],[122.489518,10.473609]]],[[[122.482038,10.475188],[122.480968,10.477271],[122.482607,10.47578],[122.482038,10.475188]]],[[[122.479865,10.477709],[122.479653,10.479276],[122.480533,10.47852],[122.479865,10.477709]]],[[[122.518511,10.546516],[122.518022,10.54497],[122.517347,10.545827],[122.518511,10.546516]]],[[[122.518401,10.557581],[122.517742,10.560119],[122.518382,10.561157],[122.51917,10.560256],[122.518401,10.557581]]],[[[122.513876,10.561508],[122.514284,10.561921],[122.514781,10.561261],[122.513876,10.561508]]],[[[122.511184,10.569167],[122.51099,10.566225],[122.510571,10.565844],[122.5098,10.567312],[122.511184,10.569167]]],[[[122.609436,10.676035],[122.61069,10.683949],[122.617147,10.687442],[122.613085,10.688264],[122.615023,10.694798],[122.610634,10.705628],[122.614859,10.718852],[122.648693,10.736722],[122.653946,10.736277],[122.654636,10.733631],[122.657747,10.733644],[122.653417,10.738432],[122.647005,10.737914],[122.651477,10.743032],[122.647416,10.745102],[122.648306,10.749331],[122.652672,10.752437],[122.657878,10.754022],[122.672087,10.748395],[122.687313,10.729991],[122.689023,10.730363],[122.696655,10.723819],[122.713876,10.715629],[122.718874,10.705106],[122.717749,10.701244],[122.722116,10.692522],[122.715863,10.658118],[122.725693,10.639105],[122.720634,10.629804],[122.726685,10.615499],[122.709944,10.589677],[122.710854,10.585433],[122.705649,10.577134],[122.707725,10.570229],[122.695962,10.556657],[122.697483,10.547421],[122.693283,10.543716],[122.6929,10.537509],[122.684247,10.53222],[122.683661,10.517879],[122.680536,10.512864],[122.681498,10.499603],[122.675664,10.498057],[122.666014,10.488398],[122.663538,10.47848],[122.665987,10.47325],[122.656887,10.470927],[122.655015,10.475858],[122.644877,10.471413],[122.643124,10.452],[122.639401,10.444046],[122.636541,10.44754],[122.628767,10.445065],[122.627126,10.434419],[122.622306,10.4338],[122.615262,10.439253],[122.605055,10.438508],[122.596911,10.430644],[122.581715,10.42888],[122.58404,10.433434],[122.579467,10.443032],[122.586534,10.44382],[122.590082,10.441015],[122.593739,10.444634],[122.588524,10.454427],[122.582934,10.454167],[122.570689,10.44827],[122.55277,10.417399],[122.54219,10.40727],[122.529859,10.410492],[122.521775,10.405204],[122.517319,10.409094],[122.514589,10.406784],[122.512113,10.413331],[122.516094,10.421014],[122.510277,10.420273],[122.509463,10.428619],[122.512652,10.431526],[122.507185,10.433026],[122.507596,10.434738],[122.506307,10.435542],[122.506062,10.438406],[122.505827,10.438483],[122.505804,10.439001],[122.505019,10.440016],[122.506788,10.445466],[122.50442,10.445824],[122.509295,10.447065],[122.507128,10.448435],[122.508951,10.450926],[122.502119,10.453108],[122.508877,10.457482],[122.505502,10.459948],[122.505542,10.45747],[122.504301,10.460025],[122.501811,10.458291],[122.503117,10.462016],[122.499638,10.462988],[122.503109,10.464383],[122.499842,10.465684],[122.501468,10.467525],[122.508367,10.464472],[122.507512,10.469302],[122.485852,10.463709],[122.487983,10.46904],[122.492171,10.470052],[122.490042,10.475044],[122.493689,10.477347],[122.486947,10.474133],[122.482487,10.476914],[122.479949,10.480414],[122.486258,10.48537],[122.482899,10.486941],[122.479599,10.480657],[122.479004,10.476676],[122.476272,10.477],[122.476887,10.49813],[122.484307,10.50688],[122.498257,10.506589],[122.499486,10.50372],[122.498929,10.509222],[122.501518,10.506703],[122.504102,10.510664],[122.509614,10.50727],[122.519351,10.512094],[122.524192,10.518029],[122.514631,10.528456],[122.515856,10.530721],[122.510292,10.530253],[122.512502,10.534252],[122.531072,10.53029],[122.530999,10.537477],[122.533872,10.535778],[122.543128,10.539483],[122.536784,10.55038],[122.522514,10.539719],[122.51969,10.547463],[122.524167,10.547681],[122.519944,10.552434],[122.526338,10.554517],[122.51953,10.554656],[122.522291,10.563504],[122.516765,10.560495],[122.516299,10.55731],[122.516243,10.564043],[122.511819,10.566869],[122.510878,10.582133],[122.51453,10.589394],[122.517447,10.589639],[122.51521,10.591148],[122.518668,10.60058],[122.526127,10.598874],[122.526205,10.602307],[122.529755,10.60329],[122.52727,10.615003],[122.536688,10.618763],[122.540513,10.624776],[122.55209,10.627545],[122.553454,10.635857],[122.561884,10.640836],[122.565021,10.649409],[122.560759,10.664821],[122.569069,10.667094],[122.574941,10.658358],[122.578966,10.658036],[122.584656,10.665974],[122.587914,10.663589],[122.590281,10.665662],[122.58881,10.66876],[122.591713,10.673522],[122.60257,10.677717],[122.604258,10.67449],[122.609436,10.676035]]],[[[122.654681,10.734063],[122.655078,10.735014],[122.655525,10.734149],[122.654681,10.734063]]],[[[122.7025,10.47634],[122.71841,10.46175],[122.72141,10.4621],[122.72475,10.45424],[122.72813,10.45316],[122.72074,10.44824],[122.70469,10.45022],[122.69525,10.44633],[122.69198,10.44065],[122.68417,10.44307],[122.68752,10.45426],[122.6926,10.45624],[122.68705,10.46049],[122.68681,10.46795],[122.7025,10.47634]]],[[[122.67512,10.46309],[122.67784,10.46378],[122.67964,10.46273],[122.67818,10.46159],[122.67512,10.46309]]],[[[122.72701,10.49685],[122.72596,10.49179],[122.71313,10.49583],[122.71888,10.50162],[122.72701,10.49685]]],[[[122.726251,10.500369],[122.726568,10.501208],[122.726699,10.500767],[122.726251,10.500369]]],[[[122.74271,10.50708],[122.74066,10.50061],[122.73845,10.50327],[122.74271,10.50708]]],[[[122.719962,10.504195],[122.722149,10.504397],[122.721005,10.503094],[122.719962,10.504195]]],[[[122.73084,10.51463],[122.73995,10.51335],[122.73813,10.50506],[122.73084,10.51463]]],[[[122.69671,10.725604],[122.695787,10.725143],[122.695716,10.725712],[122.69671,10.725604]]],[[[123.011213,11.073612],[123.01279,11.078876],[123.013615,11.069528],[123.011213,11.073612]]],[[[123.018814,11.080693],[123.022829,11.081338],[123.023203,11.073376],[123.018834,11.077138],[123.018814,11.080693]]],[[[123.152655,11.096878],[123.156885,11.095469],[123.155157,11.093691],[123.152655,11.096878]]],[[[123.136176,11.119825],[123.128104,11.113899],[123.126134,11.103195],[123.120685,11.097954],[123.11767,11.099336],[123.113495,11.107762],[123.117191,11.116359],[123.11084,11.121692],[123.115238,11.125561],[123.108389,11.130208],[123.107835,11.136185],[123.113884,11.145865],[123.127631,11.145028],[123.133623,11.151215],[123.140795,11.147177],[123.145008,11.15432],[123.151343,11.152788],[123.152323,11.14218],[123.147824,11.144792],[123.140375,11.137002],[123.136454,11.129866],[123.136176,11.119825]]],[[[123.046981,11.134902],[123.049638,11.132742],[123.045939,11.132457],[123.046981,11.134902]]],[[[123.049701,11.143614],[123.047783,11.145959],[123.048271,11.147597],[123.049701,11.143614]]],[[[123.16808,11.180575],[123.16981,11.181004],[123.169101,11.179757],[123.16808,11.180575]]],[[[123.156288,11.17813],[123.15868,11.186839],[123.160366,11.185087],[123.156288,11.17813]]],[[[123.172388,11.192675],[123.161638,11.195798],[123.157427,11.210929],[123.162877,11.213057],[123.165301,11.222134],[123.173038,11.22159],[123.179622,11.216728],[123.189584,11.220003],[123.190052,11.21234],[123.186285,11.206099],[123.172388,11.192675]]],[[[123.162261,11.229803],[123.155083,11.22874],[123.154971,11.232238],[123.161064,11.234207],[123.162261,11.229803]]],[[[123.122422,11.218369],[123.119806,11.219869],[123.124379,11.228894],[123.12401,11.238339],[123.134538,11.245942],[123.13115,11.251707],[123.136156,11.255278],[123.132984,11.264606],[123.145248,11.266382],[123.142172,11.260343],[123.146231,11.260628],[123.14563,11.254704],[123.143235,11.255775],[123.143639,11.250146],[123.136206,11.241881],[123.134717,11.223383],[123.126624,11.221252],[123.120141,11.213758],[123.122422,11.218369]]],[[[123.104346,11.267381],[123.104165,11.268507],[123.104924,11.267833],[123.104346,11.267381]]],[[[123.106218,11.2732],[123.107556,11.273313],[123.106654,11.272646],[123.106218,11.2732]]],[[[123.147894,11.263374],[123.156684,11.282092],[123.156309,11.292265],[123.153496,11.295107],[123.157119,11.299085],[123.153225,11.301739],[123.156342,11.31177],[123.170588,11.309504],[123.168396,11.301912],[123.172715,11.298997],[123.177258,11.300011],[123.180645,11.306053],[123.193235,11.294618],[123.193453,11.290605],[123.183013,11.285296],[123.181748,11.278875],[123.176299,11.279937],[123.175995,11.274286],[123.168448,11.272246],[123.167017,11.267099],[123.170314,11.259219],[123.167008,11.254548],[123.159395,11.259348],[123.157004,11.251967],[123.151101,11.247322],[123.147426,11.260426],[123.150341,11.262364],[123.147894,11.263374]]],[[[123.151087,11.309372],[123.151395,11.306015],[123.149886,11.30515],[123.148211,11.3076],[123.151087,11.309372]]],[[[123.168664,11.314702],[123.169895,11.314297],[123.16834,11.313783],[123.168664,11.314702]]],[[[123.160297,11.387692],[123.165146,11.385535],[123.162127,11.384044],[123.160297,11.387692]]],[[[123.141837,11.41252],[123.144925,11.410221],[123.143337,11.409047],[123.141837,11.41252]]],[[[123.172705,11.437815],[123.175999,11.438008],[123.176621,11.437329],[123.174032,11.435007],[123.172705,11.437815]]],[[[123.168857,11.437808],[123.168215,11.436763],[123.167142,11.437664],[123.168857,11.437808]]],[[[123.157929,11.437437],[123.159174,11.43839],[123.159439,11.437584],[123.157929,11.437437]]],[[[123.17202,11.460701],[123.164871,11.46136],[123.164348,11.462984],[123.17153,11.466187],[123.173791,11.456815],[123.17202,11.460701]]],[[[123.133442,11.49933],[123.122799,11.511594],[123.124205,11.51893],[123.129454,11.516976],[123.12687,11.511423],[123.128748,11.507802],[123.137594,11.502562],[123.138372,11.500501],[123.133442,11.49933]]],[[[123.154585,11.492008],[123.155916,11.496369],[123.160719,11.496235],[123.162691,11.499297],[123.166516,11.523447],[123.180136,11.525287],[123.180873,11.5335],[123.187928,11.537759],[123.187404,11.530995],[123.191679,11.52447],[123.196045,11.525338],[123.191013,11.512289],[123.176368,11.511348],[123.173093,11.507877],[123.175814,11.5057],[123.172811,11.50435],[123.172775,11.500039],[123.164702,11.492209],[123.154585,11.492008]]],[[[122.82571,11.616642],[122.826256,11.617517],[122.827041,11.617386],[122.82571,11.616642]]],[[[122.745106,11.626099],[122.742786,11.625762],[122.745401,11.627323],[122.745106,11.626099]]],[[[122.82635,11.636885],[122.826033,11.635854],[122.825583,11.636088],[122.82635,11.636885]]],[[[122.8322,11.632244],[122.83526,11.645203],[122.845962,11.641728],[122.84105,11.637137],[122.835658,11.637243],[122.83628,11.632566],[122.8322,11.632244]]],[[[123.178411,11.188087],[123.175182,11.18376],[123.172732,11.186645],[123.178411,11.188087]]],[[[123.341567,11.200603],[123.339163,11.197771],[123.337817,11.203009],[123.341567,11.200603]]],[[[123.196155,11.224254],[123.193185,11.227019],[123.195492,11.22861],[123.197367,11.227619],[123.196155,11.224254]]],[[[123.19566,11.237948],[123.194877,11.236013],[123.194891,11.238398],[123.19566,11.237948]]],[[[123.216799,11.249395],[123.2131,11.23532],[123.198669,11.235997],[123.199214,11.242022],[123.203385,11.246319],[123.216799,11.249395]]],[[[123.179586,11.263388],[123.176173,11.256417],[123.172462,11.259776],[123.177046,11.264687],[123.179586,11.263388]]],[[[123.175102,11.320057],[123.181172,11.319504],[123.178403,11.315709],[123.173806,11.316553],[123.175102,11.320057]]],[[[123.179377,11.324791],[123.180755,11.325653],[123.18088,11.32479],[123.179377,11.324791]]],[[[123.179605,11.423705],[123.180221,11.422794],[123.179443,11.423149],[123.179605,11.423705]]],[[[123.180026,11.424533],[123.177555,11.432986],[123.180934,11.432721],[123.182107,11.438367],[123.187897,11.438292],[123.179675,11.427967],[123.180026,11.424533]]],[[[123.250691,11.42343],[123.252687,11.433638],[123.246365,11.44141],[123.242802,11.453728],[123.247172,11.459645],[123.246329,11.464949],[123.250314,11.466406],[123.25918,11.460451],[123.27345,11.456878],[123.277308,11.446769],[123.273912,11.443101],[123.274377,11.438204],[123.261572,11.423689],[123.250691,11.42343]]],[[[123.285699,11.456679],[123.27966,11.454667],[123.278982,11.456113],[123.284253,11.458323],[123.285699,11.456679]]],[[[123.185659,11.470334],[123.185823,11.474799],[123.190681,11.474562],[123.191369,11.469527],[123.185659,11.470334]]],[[[123.181813,11.477882],[123.180548,11.482846],[123.187078,11.486864],[123.190428,11.493349],[123.195491,11.490245],[123.195768,11.486989],[123.185572,11.476872],[123.181813,11.477882]]],[[[123.258871,11.486618],[123.25198,11.484089],[123.250315,11.484753],[123.256222,11.488493],[123.258871,11.486618]]],[[[123.193892,11.473048],[123.191818,11.480399],[123.196625,11.481757],[123.197817,11.486334],[123.204416,11.490864],[123.199193,11.503722],[123.217975,11.509609],[123.226594,11.495904],[123.228465,11.500585],[123.226293,11.506052],[123.231387,11.508828],[123.228662,11.515926],[123.237847,11.509947],[123.233127,11.479735],[123.236313,11.473132],[123.235232,11.464918],[123.217105,11.45974],[123.205707,11.460852],[123.193892,11.473048]]],[[[123.185353,11.493904],[123.183302,11.490475],[123.181341,11.492688],[123.185353,11.493904]]],[[[123.179903,11.495729],[123.177222,11.493066],[123.173236,11.491447],[123.177337,11.497925],[123.179903,11.495729]]],[[[123.185158,11.496223],[123.18519,11.495286],[123.184512,11.495083],[123.185158,11.496223]]],[[[123.18351,11.501378],[123.184419,11.501291],[123.183887,11.500793],[123.18351,11.501378]]],[[[123.198005,11.517505],[123.19762,11.51616],[123.19751,11.517264],[123.198005,11.517505]]],[[[123.200533,11.535021],[123.197764,11.528809],[123.192777,11.529294],[123.196119,11.539575],[123.200533,11.535021]]],[[[123.194158,11.542623],[123.193236,11.543034],[123.19323,11.543864],[123.194158,11.542623]]],[[[123.225655,11.545091],[123.233791,11.559089],[123.239115,11.560468],[123.22813,11.545897],[123.225655,11.545091]]],[[[123.345966,11.554669],[123.346576,11.560319],[123.34694,11.560494],[123.345966,11.554669]]],[[[123.34779,11.564923],[123.346777,11.569497],[123.348483,11.570953],[123.349531,11.567674],[123.34779,11.564923]]],[[[123.35728,11.571265],[123.36072,11.573774],[123.358179,11.569654],[123.35728,11.571265]]],[[[123.280834,11.576081],[123.277069,11.586433],[123.278777,11.588948],[123.282422,11.581631],[123.280834,11.576081]]],[[[123.327445,11.573254],[123.330546,11.580684],[123.321144,11.587399],[123.329245,11.598407],[123.339165,11.598071],[123.346092,11.592851],[123.352569,11.594581],[123.356426,11.600693],[123.355612,11.585136],[123.35151,11.58923],[123.345422,11.588956],[123.336566,11.574493],[123.327445,11.573254]]],[[[123.205025,11.582551],[123.203505,11.587156],[123.208246,11.59284],[123.218274,11.588084],[123.216546,11.584013],[123.205025,11.582551]]],[[[123.177719,11.603617],[123.178935,11.603723],[123.178318,11.603051],[123.177719,11.603617]]],[[[123.360121,11.609307],[123.36197,11.609461],[123.360235,11.608678],[123.360121,11.609307]]],[[[123.345791,11.607785],[123.3412,11.631571],[123.357716,11.638825],[123.359848,11.633409],[123.352608,11.619992],[123.349621,11.606371],[123.345791,11.607785]]],[[[123.372767,11.637388],[123.370777,11.636589],[123.372039,11.638369],[123.372767,11.637388]]]]}},{"type":"Feature","properties":{"ADM1_PCODE":"PH07","ADM1_EN":"Region VII (Central Visayas)"},"geometry":{"type":"MultiPolygon","coordinates":[[[[123.390636,9.434652],[123.391227,9.428724],[123.389503,9.428778],[123.386639,9.434596],[123.390636,9.434652]]],[[[123.685875,9.514356],[123.681501,9.515543],[123.68327,9.519865],[123.687531,9.517344],[123.685875,9.514356]]],[[[123.71962,9.559961],[123.722082,9.559339],[123.719731,9.559053],[123.71962,9.559961]]],[[[123.731621,9.584776],[123.732079,9.583534],[123.730656,9.583619],[123.731621,9.584776]]],[[[123.787151,9.623805],[123.807809,9.62763],[123.815889,9.63635],[123.827064,9.637233],[123.832328,9.643589],[123.836728,9.644074],[123.846928,9.64071],[123.862075,9.626539],[123.871328,9.625933],[123.868182,9.617766],[123.869902,9.605669],[123.862975,9.594969],[123.853386,9.588882],[123.837482,9.585292],[123.799588,9.55242],[123.766748,9.545823],[123.752009,9.546063],[123.742916,9.55386],[123.748507,9.558347],[123.749317,9.572616],[123.733171,9.584672],[123.717882,9.58783],[123.721143,9.590543],[123.745764,9.591054],[123.751707,9.594856],[123.745943,9.59524],[123.748013,9.599056],[123.757876,9.602168],[123.771741,9.617117],[123.787151,9.623805]]],[[[123.78999,9.864355],[123.816363,9.853525],[123.811351,9.849243],[123.815827,9.849679],[123.795994,9.839596],[123.786461,9.849122],[123.785976,9.85789],[123.78999,9.864355]]],[[[123.792435,9.886106],[123.772112,9.864096],[123.764146,9.861465],[123.759489,9.889849],[123.767129,9.8923],[123.776887,9.889686],[123.781739,9.892358],[123.792435,9.886106]]],[[[123.384207,9.888293],[123.381896,9.874638],[123.373007,9.876847],[123.376045,9.889882],[123.381302,9.893114],[123.384207,9.888293]]],[[[123.823848,9.911293],[123.839861,9.901675],[123.860868,9.90668],[123.858749,9.9022],[123.848527,9.900716],[123.838664,9.893417],[123.835644,9.885605],[123.831851,9.888999],[123.820796,9.889814],[123.818801,9.897825],[123.808352,9.907204],[123.823848,9.911293]]],[[[123.380198,9.912797],[123.378809,9.912771],[123.379466,9.91391],[123.380198,9.912797]]],[[[123.85374,9.941941],[123.852563,9.942425],[123.853107,9.942897],[123.85374,9.941941]]],[[[123.850254,9.951483],[123.860184,9.943812],[123.85684,9.939516],[123.854284,9.942519],[123.851025,9.944587],[123.850254,9.951483]]],[[[123.395668,9.97796],[123.39417,9.97614],[123.393994,9.977663],[123.395668,9.97796]]],[[[123.401741,9.976781],[123.398741,9.977433],[123.40155,9.977622],[123.401741,9.976781]]],[[[123.38868,9.981235],[123.389582,9.981654],[123.389153,9.980876],[123.38868,9.981235]]],[[[123.391552,9.982216],[123.389288,9.982159],[123.389708,9.982892],[123.391552,9.982216]]],[[[123.388335,9.984305],[123.389381,9.982748],[123.388148,9.982255],[123.388335,9.984305]]],[[[123.38632,9.987244],[123.38597,9.98597],[123.385191,9.98663],[123.38632,9.987244]]],[[[123.881662,10.269424],[123.863144,10.248475],[123.854254,10.247004],[123.834176,10.234177],[123.821868,10.238184],[123.799206,10.237958],[123.785489,10.230671],[123.76608,10.226423],[123.763269,10.215977],[123.759865,10.214532],[123.760393,10.201358],[123.758449,10.202213],[123.755959,10.195783],[123.749093,10.194456],[123.744527,10.186719],[123.737174,10.183561],[123.73631,10.177767],[123.734612,10.180784],[123.724163,10.17625],[123.72017,10.168406],[123.711587,10.164282],[123.708339,10.153407],[123.706192,10.155355],[123.701431,10.151743],[123.688437,10.128606],[123.68416,10.12711],[123.688482,10.127538],[123.68182,10.104746],[123.68115,10.086086],[123.676186,10.082436],[123.659111,10.081756],[123.662944,10.088305],[123.656368,10.091582],[123.639716,10.083536],[123.640046,10.070315],[123.633905,10.057156],[123.627809,10.056884],[123.629626,10.053123],[123.619619,10.025677],[123.621812,10.017643],[123.619759,10.003508],[123.614323,9.996338],[123.625563,9.975805],[123.619874,9.961369],[123.623567,9.953781],[123.621203,9.94981],[123.624838,9.949173],[123.620051,9.9289],[123.609283,9.912289],[123.605431,9.898102],[123.610388,9.887577],[123.608849,9.874824],[123.592166,9.87151],[123.574055,9.857904],[123.566158,9.847343],[123.566932,9.840453],[123.561392,9.833027],[123.559463,9.816119],[123.552571,9.810816],[123.546454,9.811334],[123.542366,9.805631],[123.537074,9.805354],[123.534441,9.795942],[123.537395,9.787883],[123.531004,9.774225],[123.53751,9.758062],[123.522291,9.750558],[123.514566,9.742425],[123.509976,9.731493],[123.51028,9.695983],[123.50203,9.679241],[123.50173,9.665892],[123.495377,9.661626],[123.483577,9.632309],[123.48015,9.630024],[123.480638,9.623353],[123.47292,9.60634],[123.478359,9.601243],[123.472336,9.593823],[123.465991,9.570694],[123.455185,9.558402],[123.451669,9.547258],[123.438638,9.530013],[123.435515,9.520547],[123.397136,9.49309],[123.376503,9.454027],[123.353915,9.425334],[123.340465,9.416224],[123.329177,9.412887],[123.301602,9.416704],[123.302655,9.452613],[123.296396,9.479893],[123.298338,9.49994],[123.311192,9.57227],[123.316556,9.580137],[123.320695,9.611407],[123.318926,9.617526],[123.32605,9.637685],[123.32248,9.647897],[123.325973,9.677438],[123.338594,9.713417],[123.339609,9.743793],[123.342853,9.746625],[123.346226,9.769092],[123.344487,9.786106],[123.346181,9.791349],[123.365685,9.807576],[123.371469,9.817075],[123.373553,9.84001],[123.367732,9.856819],[123.370864,9.869457],[123.387283,9.865091],[123.399793,9.881269],[123.39965,9.902709],[123.402381,9.905005],[123.395923,9.932566],[123.38818,9.937515],[123.374918,9.93438],[123.365931,9.946961],[123.371846,9.973383],[123.368289,9.984286],[123.371214,9.993497],[123.375434,9.997037],[123.382823,9.997042],[123.383629,9.989009],[123.390629,9.976202],[123.389495,9.962374],[123.391559,9.971415],[123.402766,9.972773],[123.403478,9.977747],[123.399152,9.982361],[123.409994,10.003745],[123.405849,10.022005],[123.414604,10.051748],[123.423091,10.059004],[123.438908,10.058973],[123.446107,10.064977],[123.44687,10.072804],[123.444058,10.074085],[123.44942,10.081335],[123.468304,10.095901],[123.483149,10.118559],[123.491858,10.116782],[123.493854,10.12353],[123.491014,10.126893],[123.496624,10.129288],[123.514621,10.148377],[123.517172,10.152702],[123.51612,10.165203],[123.528627,10.195601],[123.550256,10.224037],[123.551822,10.231515],[123.569999,10.247681],[123.574536,10.245053],[123.57747,10.261215],[123.582796,10.263939],[123.583013,10.28041],[123.578609,10.294452],[123.585566,10.305096],[123.579617,10.322255],[123.586754,10.339421],[123.592814,10.348631],[123.608552,10.35445],[123.61377,10.358695],[123.614806,10.364789],[123.622756,10.367039],[123.623977,10.370585],[123.637601,10.378618],[123.638216,10.390866],[123.643212,10.402691],[123.666993,10.413325],[123.668609,10.433146],[123.676686,10.441367],[123.675752,10.455713],[123.690831,10.46378],[123.687427,10.481649],[123.696933,10.481477],[123.714169,10.497584],[123.71129,10.508767],[123.707753,10.506846],[123.704513,10.512297],[123.706896,10.513728],[123.703826,10.514145],[123.706327,10.535033],[123.703841,10.543868],[123.712853,10.554005],[123.712154,10.567855],[123.726226,10.571538],[123.729929,10.575656],[123.733422,10.58974],[123.746855,10.614185],[123.740663,10.629836],[123.74174,10.633865],[123.752433,10.641245],[123.76594,10.663022],[123.774287,10.669033],[123.791166,10.692056],[123.794134,10.699386],[123.791596,10.706873],[123.799421,10.714601],[123.800015,10.721348],[123.831145,10.733349],[123.834439,10.74255],[123.830722,10.753946],[123.83896,10.762302],[123.837516,10.773071],[123.851585,10.797079],[123.865347,10.810984],[123.868276,10.817801],[123.867526,10.831357],[123.871406,10.828787],[123.874087,10.830843],[123.872629,10.835837],[123.868594,10.834205],[123.868991,10.837254],[123.87725,10.861867],[123.882301,10.86581],[123.880261,10.872728],[123.884662,10.878529],[123.884387,10.884313],[123.886967,10.884483],[123.898636,10.922041],[123.903116,10.926757],[123.90176,10.931586],[123.906209,10.93736],[123.910546,10.933594],[123.914152,10.946071],[123.921472,10.949762],[123.918809,10.963167],[123.929127,10.976818],[123.927357,10.985602],[123.933543,10.993839],[123.930032,10.994814],[123.928037,11.009199],[123.921457,11.002464],[123.903365,11.025004],[123.901381,11.034589],[123.935252,11.068022],[123.936239,11.076648],[123.931779,11.092068],[123.933811,11.106624],[123.93821,11.106432],[123.948513,11.089104],[123.969092,11.080567],[123.965512,11.087114],[123.957802,11.090794],[123.958985,11.098808],[123.955577,11.101708],[123.957089,11.107727],[123.959944,11.108084],[123.955283,11.111908],[123.962506,11.117695],[123.963875,11.125089],[123.959273,11.125995],[123.958954,11.129965],[123.950478,11.136876],[123.942793,11.156497],[123.944757,11.187872],[123.958123,11.203009],[123.990393,11.228897],[123.998883,11.249757],[123.995366,11.265257],[123.998447,11.271179],[124.019772,11.269773],[124.025609,11.279643],[124.042664,11.278613],[124.063272,11.285652],[124.063938,11.274076],[124.058259,11.269051],[124.056998,11.262708],[124.059861,11.257934],[124.070235,11.255641],[124.062136,11.241297],[124.04847,11.229849],[124.04276,11.21087],[124.037371,11.205877],[124.039211,11.181563],[124.035254,11.173533],[124.034825,11.146713],[124.027875,11.141923],[124.021596,11.120474],[124.013631,11.123095],[124.008961,11.11833],[124.000227,11.097818],[123.993608,11.094446],[123.99125,11.082161],[123.984877,11.080912],[123.982489,11.073383],[123.985228,11.072445],[123.988573,11.076436],[123.997124,11.070475],[124.001761,11.073514],[123.993552,11.062625],[123.998022,11.051136],[124.00817,11.053965],[124.011301,11.058704],[124.032211,11.057422],[124.034755,11.054583],[124.040874,11.056801],[124.0423,11.054581],[124.037309,11.039767],[124.044286,10.976811],[124.038376,10.953143],[124.029584,10.946582],[124.033145,10.933397],[124.029841,10.92924],[124.035188,10.912628],[124.04516,10.910601],[124.054016,10.881797],[124.0481,10.8786],[124.046867,10.86856],[124.040388,10.861243],[124.039911,10.84423],[124.037077,10.840318],[124.031374,10.83992],[124.028836,10.82705],[124.034045,10.814293],[124.034133,10.80207],[124.029278,10.78323],[124.025985,10.778074],[124.010829,10.769133],[124.004333,10.755196],[124.005251,10.747228],[124.016536,10.730301],[124.016162,10.713026],[124.012028,10.701061],[124.028891,10.633179],[124.025955,10.60495],[124.032674,10.595323],[124.033653,10.581944],[124.030374,10.581634],[124.030482,10.593194],[124.027289,10.589094],[124.023016,10.592145],[124.018175,10.586602],[124.027402,10.578097],[124.021795,10.572389],[124.02265,10.566787],[124.025745,10.572602],[124.031056,10.577334],[124.023117,10.566342],[124.025459,10.552891],[124.029049,10.550924],[124.032007,10.554372],[124.036329,10.551754],[124.029595,10.536183],[124.033396,10.527307],[124.027515,10.513314],[124.03336,10.502788],[124.032213,10.496693],[124.021684,10.479395],[124.020892,10.469161],[124.010493,10.446568],[124.010931,10.433211],[124.007999,10.432447],[124.006731,10.424875],[123.998435,10.414673],[124.001849,10.396545],[124.021273,10.38335],[124.010991,10.376135],[124.001391,10.35983],[124.001829,10.35517],[124.000821,10.359148],[124.001085,10.354302],[123.999559,10.359593],[123.984466,10.353869],[123.984473,10.35003],[123.969586,10.350148],[123.974264,10.363782],[123.972407,10.36706],[123.970422,10.35949],[123.966963,10.362766],[123.967604,10.360328],[123.95934,10.359402],[123.968427,10.349038],[123.967065,10.34591],[123.973596,10.346449],[123.975679,10.343147],[123.970041,10.331502],[123.967812,10.329845],[123.966815,10.332092],[123.961578,10.324374],[123.949604,10.319077],[123.940866,10.321942],[123.911681,10.299608],[123.909124,10.292099],[123.896419,10.288605],[123.88546,10.289363],[123.887559,10.285862],[123.879727,10.27379],[123.881662,10.269424]]],[[[123.590912,11.031679],[123.589002,11.033986],[123.590724,11.03451],[123.590912,11.031679]]],[[[123.603129,11.037567],[123.607825,11.0353],[123.601081,11.035457],[123.603129,11.037567]]],[[[123.621359,11.047984],[123.626875,11.05821],[123.635101,11.06057],[123.632685,11.051258],[123.625243,11.045526],[123.621359,11.047984]]],[[[123.634613,11.067316],[123.633093,11.07552],[123.639469,11.082073],[123.635669,11.085094],[123.645955,11.086369],[123.647404,11.093122],[123.650599,11.089769],[123.659265,11.092397],[123.651347,11.075054],[123.634613,11.067316]]],[[[123.663041,11.092849],[123.666527,11.103964],[123.673219,11.1046],[123.672602,11.097409],[123.663041,11.092849]]],[[[123.708951,11.125614],[123.70821,11.118631],[123.700943,11.117393],[123.700364,11.124651],[123.702595,11.125431],[123.698894,11.126009],[123.700888,11.128365],[123.708951,11.125614]]],[[[123.69068,11.130458],[123.697197,11.129684],[123.694946,11.134609],[123.700058,11.134835],[123.698546,11.126949],[123.69241,11.127123],[123.69068,11.130458]]],[[[123.712365,11.131059],[123.714245,11.131418],[123.712229,11.130318],[123.712365,11.131059]]],[[[123.715523,11.132639],[123.716498,11.13489],[123.720891,11.135641],[123.71757,11.134191],[123.715523,11.132639]]],[[[123.702385,11.140632],[123.701613,11.141423],[123.702396,11.141805],[123.702385,11.140632]]],[[[123.700245,11.145012],[123.700767,11.141691],[123.698072,11.141002],[123.698314,11.143592],[123.700245,11.145012]]],[[[123.63942,11.147619],[123.64347,11.149457],[123.649791,11.143134],[123.644329,11.142215],[123.63942,11.147619]]],[[[123.703157,11.144363],[123.703899,11.14789],[123.706169,11.149019],[123.706903,11.145972],[123.703157,11.144363]]],[[[123.7019,11.148354],[123.702922,11.148469],[123.702019,11.14727],[123.7019,11.148354]]],[[[123.703668,11.151669],[123.704233,11.151132],[123.703499,11.150702],[123.703668,11.151669]]],[[[123.829145,11.206445],[123.823188,11.190986],[123.811307,11.193022],[123.8129,11.212184],[123.824369,11.214337],[123.829145,11.206445]]],[[[123.795713,11.217481],[123.795273,11.214339],[123.791161,11.214445],[123.788445,11.218412],[123.791184,11.220108],[123.795713,11.217481]]],[[[123.752251,11.151107],[123.749478,11.147863],[123.743875,11.148248],[123.742886,11.143387],[123.739582,11.144318],[123.732874,11.137517],[123.720803,11.137205],[123.721195,11.145261],[123.717566,11.148342],[123.726393,11.154766],[123.728701,11.161565],[123.724783,11.16673],[123.72134,11.167132],[123.72065,11.16145],[123.717415,11.164603],[123.713062,11.180827],[123.701036,11.201976],[123.699077,11.213151],[123.690168,11.218114],[123.687986,11.2255],[123.691768,11.233261],[123.695563,11.231237],[123.700951,11.249245],[123.706384,11.246645],[123.702127,11.251594],[123.710454,11.254789],[123.724637,11.296223],[123.729666,11.301211],[123.742976,11.293455],[123.749909,11.283526],[123.757001,11.266612],[123.755368,11.262115],[123.768086,11.2103],[123.775452,11.201512],[123.774585,11.19662],[123.792339,11.178051],[123.803725,11.171593],[123.809704,11.153808],[123.78378,11.146224],[123.775252,11.146958],[123.773103,11.149913],[123.752251,11.151107]]],[[[123.921346,9.499737],[123.928112,9.497855],[123.929841,9.49176],[123.921365,9.485586],[123.918459,9.489105],[123.921346,9.499737]]],[[[124.001503,9.596944],[124.0027,9.595644],[124.001238,9.595589],[124.001503,9.596944]]],[[[123.871134,9.929125],[123.872821,9.922149],[123.865653,9.917122],[123.865651,9.929063],[123.871134,9.929125]]],[[[123.911762,9.944203],[123.907267,9.94664],[123.912888,9.946528],[123.911762,9.944203]]],[[[123.871094,9.947083],[123.871094,9.94928],[123.873901,9.946106],[123.871094,9.947083]]],[[[123.921372,9.954429],[123.919268,9.951977],[123.917868,9.955971],[123.921372,9.954429]]],[[[123.901226,9.956751],[123.895715,9.958713],[123.902632,9.958891],[123.901226,9.956751]]],[[[123.993294,9.976424],[123.989755,9.971596],[123.984495,9.975092],[123.98872,9.980586],[123.993294,9.976424]]],[[[123.995911,9.981689],[123.991516,9.9823],[123.993103,9.986694],[123.996704,9.985718],[123.995911,9.981689]]],[[[123.881952,9.988164],[123.882137,9.986935],[123.881442,9.987667],[123.881952,9.988164]]],[[[124.00531,9.991882],[124.001709,9.990479],[124.000916,9.991272],[124.00531,9.991882]]],[[[124.0047,9.99408],[124.006531,9.996277],[124.00708,9.996521],[124.007874,9.99408],[124.0047,9.99408]]],[[[123.941606,9.998153],[123.939748,9.997611],[123.939419,9.997947],[123.941606,9.998153]]],[[[124.014709,10.002502],[124.014893,10.004883],[124.01593,10.004517],[124.014709,10.002502]]],[[[123.963865,10.023185],[123.965792,10.024431],[123.965914,10.024001],[123.963865,10.023185]]],[[[123.966085,10.024417],[123.967232,10.024717],[123.966329,10.024168],[123.966085,10.024417]]],[[[123.978401,10.041088],[123.983392,10.021321],[123.991259,10.01142],[123.98078,10.023678],[123.97619,10.036116],[123.976398,10.039693],[123.97921,10.033411],[123.978401,10.041088]]],[[[124.018516,10.04155],[124.017527,10.044167],[124.019287,10.041992],[124.018516,10.04155]]],[[[123.899859,10.054222],[123.899564,10.056222],[123.900898,10.054262],[123.899859,10.054222]]],[[[124.025041,10.069245],[124.021406,10.071789],[124.024067,10.071257],[124.025041,10.069245]]],[[[123.928449,10.070735],[123.927077,10.072237],[123.929209,10.071392],[123.928449,10.070735]]],[[[123.990857,10.112262],[123.983939,10.112887],[123.980189,10.11147],[123.984358,10.11326],[123.988764,10.113837],[123.990857,10.112262]]],[[[124.020844,10.203033],[124.017491,10.203019],[124.018027,10.203876],[124.020844,10.203033]]],[[[123.986536,10.204132],[123.986527,10.206318],[123.989512,10.209725],[123.991231,10.203326],[123.989122,10.205972],[123.986536,10.204132]]],[[[124.025302,10.238614],[124.027864,10.235286],[124.025304,10.235214],[124.025302,10.238614]]],[[[124.010972,10.238182],[124.011785,10.237461],[124.010488,10.23712],[124.010972,10.238182]]],[[[124.027225,10.242653],[124.027042,10.241483],[124.026414,10.241875],[124.027225,10.242653]]],[[[124.02761,10.248024],[124.026437,10.245922],[124.026505,10.247075],[124.02761,10.248024]]],[[[123.915532,10.246141],[123.914335,10.25746],[123.91799,10.24814],[123.915532,10.246141]]],[[[123.970048,10.2601],[123.965177,10.255543],[123.954654,10.251029],[123.954598,10.244487],[123.952322,10.247552],[123.946507,10.242257],[123.932034,10.250408],[123.939337,10.265453],[123.934765,10.269373],[123.93429,10.266044],[123.927702,10.263837],[123.922559,10.270293],[123.925749,10.284423],[123.934472,10.291295],[123.935629,10.303513],[123.939134,10.302841],[123.940014,10.305106],[123.937509,10.306523],[123.986571,10.334177],[123.990163,10.333261],[123.995925,10.319298],[124.008618,10.311977],[124.009514,10.315237],[124.012948,10.312929],[124.019965,10.314671],[124.019454,10.318183],[124.022565,10.315959],[124.045101,10.333998],[124.035,10.31794],[124.025452,10.313112],[124.013287,10.293557],[124.006767,10.287558],[123.998851,10.285488],[123.995323,10.278363],[123.98949,10.278034],[123.988816,10.272521],[123.992999,10.276215],[123.992489,10.271522],[123.983504,10.258774],[123.975355,10.253857],[123.975101,10.256304],[123.969321,10.254755],[123.970048,10.2601]]],[[[123.90332,10.272095],[123.90448,10.274475],[123.904297,10.271484],[123.90332,10.272095]]],[[[123.917114,10.278931],[123.914917,10.277893],[123.915527,10.279724],[123.917114,10.278931]]],[[[123.904297,10.279907],[123.906494,10.27771],[123.905273,10.276306],[123.904297,10.279907]]],[[[124.027351,10.566026],[124.026083,10.564977],[124.026568,10.566608],[124.027351,10.566026]]],[[[123.925882,11.193171],[123.925352,11.173833],[123.921634,11.172365],[123.915052,11.190291],[123.917807,11.194198],[123.925882,11.193171]]],[[[123.883221,11.305285],[123.886198,11.337838],[123.892141,11.349323],[123.897915,11.352833],[123.901985,11.343626],[123.902326,11.332246],[123.898294,11.31967],[123.899238,11.305793],[123.889762,11.295939],[123.885023,11.299022],[123.883221,11.305285]]],[[[123.97507,9.605531],[123.966533,9.601571],[123.95556,9.608656],[123.949553,9.608177],[123.917339,9.621499],[123.873087,9.627054],[123.866053,9.633495],[123.853906,9.636676],[123.850846,9.648181],[123.845897,9.648411],[123.844402,9.650717],[123.849876,9.649494],[123.843993,9.667257],[123.853591,9.682825],[123.855287,9.697691],[123.862813,9.700531],[123.862123,9.71293],[123.865688,9.71582],[123.848462,9.719348],[123.850495,9.724481],[123.85587,9.724175],[123.852945,9.728123],[123.848982,9.727191],[123.842856,9.739147],[123.840452,9.73707],[123.842144,9.739989],[123.835011,9.742729],[123.810087,9.734213],[123.78999,9.73477],[123.783591,9.758581],[123.784422,9.793096],[123.795599,9.811819],[123.792595,9.813617],[123.795237,9.817474],[123.798012,9.8167],[123.798059,9.825925],[123.807111,9.831772],[123.801315,9.8409],[123.810366,9.839774],[123.832402,9.864425],[123.831714,9.861419],[123.836995,9.861552],[123.834993,9.865193],[123.837827,9.866816],[123.834615,9.868],[123.841438,9.874754],[123.839334,9.875094],[123.839904,9.883169],[123.845187,9.877982],[123.848886,9.880632],[123.849332,9.886889],[123.853318,9.884957],[123.853272,9.890711],[123.871089,9.891756],[123.874965,9.897729],[123.868444,9.90071],[123.866708,9.910779],[123.870339,9.917376],[123.875621,9.915744],[123.882552,9.919429],[123.880096,9.928096],[123.887626,9.930032],[123.891905,9.926937],[123.886817,9.914857],[123.891573,9.910332],[123.89519,9.914797],[123.900625,9.915568],[123.903988,9.925426],[123.910658,9.932491],[123.93022,9.933812],[123.944268,9.941707],[123.952621,9.942142],[123.960755,9.951263],[123.957685,9.956647],[123.969179,9.955503],[123.984302,9.964073],[124.005039,9.96307],[124.027505,9.967241],[124.045357,9.988041],[124.043895,9.993616],[124.047136,9.996642],[124.046702,10.004115],[124.050633,10.006001],[124.050245,10.015469],[124.0568,10.023435],[124.054508,10.026833],[124.059185,10.036],[124.057963,10.045454],[124.062269,10.067498],[124.073732,10.074544],[124.0762,10.070371],[124.079393,10.076449],[124.083288,10.068837],[124.082526,10.061777],[124.084299,10.065747],[124.088039,10.061471],[124.098979,10.063793],[124.101015,10.067724],[124.093721,10.071015],[124.097468,10.077718],[124.113307,10.090752],[124.118212,10.08702],[124.119391,10.095625],[124.137511,10.112217],[124.133496,10.125646],[124.137996,10.128477],[124.137944,10.132924],[124.14355,10.133959],[124.144429,10.143598],[124.151821,10.153448],[124.164436,10.153883],[124.169427,10.148337],[124.178245,10.14578],[124.192143,10.152686],[124.192239,10.148192],[124.194838,10.151657],[124.195255,10.148689],[124.197843,10.149356],[124.207853,10.161006],[124.212049,10.158414],[124.225358,10.161983],[124.230889,10.159503],[124.247195,10.163743],[124.246941,10.161224],[124.254876,10.157639],[124.278948,10.154561],[124.288663,10.163531],[124.282151,10.173401],[124.289935,10.173636],[124.298672,10.164934],[124.313893,10.165284],[124.324469,10.153773],[124.331735,10.156519],[124.328093,10.151991],[124.329098,10.147322],[124.341709,10.138077],[124.343332,10.133461],[124.340239,10.126812],[124.34345,10.127901],[124.343287,10.125256],[124.347489,10.12914],[124.349174,10.126441],[124.355325,10.127611],[124.361582,10.134347],[124.367031,10.153394],[124.369778,10.154176],[124.381334,10.136058],[124.39176,10.130629],[124.389734,10.102074],[124.397471,10.106463],[124.415903,10.101774],[124.422903,10.089483],[124.431282,10.088779],[124.438418,10.082269],[124.437652,10.084446],[124.443532,10.083852],[124.459443,10.065086],[124.47043,10.060318],[124.474021,10.064562],[124.473347,10.059119],[124.478288,10.056462],[124.494756,10.058007],[124.493454,10.061148],[124.500709,10.064053],[124.499979,10.071421],[124.504704,10.076171],[124.51857,10.065168],[124.528626,10.049596],[124.527131,10.04582],[124.546977,10.040946],[124.546006,10.032477],[124.55675,10.025873],[124.551607,10.012326],[124.559961,10.010317],[124.561637,10.003198],[124.559315,9.999539],[124.568099,9.999151],[124.570051,9.976501],[124.562152,9.970548],[124.558514,9.97205],[124.558992,9.98575],[124.554736,9.98833],[124.546015,9.975715],[124.543669,9.976795],[124.54368,9.972288],[124.550642,9.968834],[124.55053,9.96419],[124.544555,9.962045],[124.548973,9.961855],[124.552287,9.953465],[124.55039,9.950722],[124.54604,9.952407],[124.543949,9.947804],[124.551244,9.942517],[124.550144,9.93194],[124.554794,9.928983],[124.545442,9.929745],[124.537946,9.925653],[124.537021,9.921916],[124.560834,9.920256],[124.576182,9.913021],[124.567633,9.905593],[124.570111,9.885656],[124.55871,9.871593],[124.553395,9.869676],[124.54977,9.872195],[124.543098,9.867205],[124.538632,9.868395],[124.535652,9.863935],[124.531988,9.865712],[124.528407,9.862827],[124.528818,9.858035],[124.517594,9.85701],[124.517675,9.851742],[124.51355,9.849589],[124.527954,9.843254],[124.51865,9.841427],[124.523511,9.836993],[124.53032,9.841472],[124.54656,9.838128],[124.546829,9.830893],[124.554063,9.831082],[124.557553,9.827655],[124.554383,9.824079],[124.559727,9.816279],[124.582814,9.808125],[124.590738,9.811161],[124.597057,9.805166],[124.593549,9.801236],[124.592408,9.789555],[124.594234,9.758747],[124.588127,9.751654],[124.581392,9.75058],[124.572096,9.732943],[124.527179,9.725896],[124.520986,9.72199],[124.514056,9.722875],[124.503613,9.736247],[124.497346,9.761965],[124.484489,9.76094],[124.462058,9.737256],[124.460354,9.731139],[124.447641,9.72156],[124.427083,9.721076],[124.408222,9.710235],[124.401118,9.691819],[124.399666,9.653041],[124.365261,9.649325],[124.367954,9.639494],[124.361573,9.639878],[124.358769,9.62979],[124.313864,9.62227],[124.306242,9.61523],[124.292862,9.611567],[124.283112,9.604174],[124.269448,9.60341],[124.258818,9.598486],[124.236425,9.597281],[124.223111,9.60553],[124.185647,9.609918],[124.085507,9.587654],[124.038197,9.592512],[124.034309,9.598627],[124.025657,9.593334],[124.012088,9.596497],[124.009051,9.60266],[124.003929,9.597314],[123.999412,9.604812],[123.982393,9.598004],[123.97507,9.605531]],[[124.366584,9.950001],[124.35913,9.953799],[124.344901,9.953742],[124.342415,9.952043],[124.345232,9.946545],[124.342741,9.943824],[124.345791,9.945467],[124.3449,9.9403],[124.347293,9.944865],[124.351553,9.942036],[124.346794,9.949654],[124.352188,9.949733],[124.352154,9.946058],[124.35499,9.946781],[124.354755,9.942713],[124.357327,9.943767],[124.358586,9.940114],[124.357602,9.93333],[124.36443,9.932021],[124.360532,9.934493],[124.368122,9.936842],[124.360394,9.937416],[124.35984,9.942862],[124.363094,9.942031],[124.357666,9.94847],[124.367677,9.946295],[124.366584,9.950001]]],[[[124.058741,10.080588],[124.055483,10.080435],[124.057312,10.0849],[124.059326,10.084473],[124.058741,10.080588]]],[[[124.043659,10.153734],[124.039397,10.161294],[124.039166,10.163535],[124.047738,10.155357],[124.043659,10.153734]]],[[[124.191947,10.169432],[124.184453,10.165249],[124.178269,10.154382],[124.178515,10.156959],[124.17352,10.155374],[124.159179,10.16272],[124.166452,10.165548],[124.164639,10.168163],[124.168284,10.173645],[124.177852,10.17384],[124.184311,10.177448],[124.191495,10.173544],[124.191947,10.169432]]],[[[124.114283,10.167282],[124.106709,10.169811],[124.113844,10.175652],[124.114283,10.167282]]],[[[124.088967,10.181085],[124.081432,10.177513],[124.078592,10.177377],[124.082674,10.179588],[124.088967,10.181085]]],[[[124.13442,10.179749],[124.135519,10.180701],[124.136614,10.179534],[124.13442,10.179749]]],[[[124.294949,10.180625],[124.300628,10.186959],[124.304047,10.180077],[124.301891,10.178451],[124.294949,10.180625]]],[[[124.118422,10.180552],[124.128876,10.18805],[124.136642,10.183732],[124.131032,10.178848],[124.118422,10.180552]]],[[[124.143531,10.18569],[124.140089,10.183582],[124.141374,10.187596],[124.143531,10.18569]]],[[[124.237848,10.18854],[124.237017,10.178437],[124.233061,10.180506],[124.231861,10.17782],[124.220149,10.178517],[124.216997,10.17517],[124.206502,10.177853],[124.212496,10.182235],[124.218556,10.180577],[124.221573,10.184605],[124.226172,10.184097],[124.224957,10.191437],[124.211014,10.18646],[124.207469,10.187879],[124.204535,10.182248],[124.197484,10.187473],[124.203662,10.196749],[124.214934,10.195735],[124.218596,10.199219],[124.221917,10.197698],[124.220795,10.194081],[124.229757,10.193799],[124.229832,10.197024],[124.236931,10.198004],[124.238089,10.202019],[124.240438,10.200131],[124.249836,10.205056],[124.263787,10.205196],[124.261948,10.200783],[124.25151,10.196119],[124.253531,10.191232],[124.24992,10.191758],[124.245963,10.187251],[124.237848,10.18854]]],[[[124.283591,10.187856],[124.272231,10.189962],[124.270288,10.193851],[124.281528,10.195051],[124.285774,10.19153],[124.283591,10.187856]]],[[[124.255288,10.192408],[124.254107,10.193557],[124.255623,10.193169],[124.255288,10.192408]]],[[[124.174711,10.206139],[124.180861,10.205142],[124.18529,10.197234],[124.168117,10.194918],[124.165017,10.19204],[124.155755,10.192833],[124.152931,10.189382],[124.149643,10.191562],[124.148005,10.19657],[124.15259,10.19619],[124.154335,10.204793],[124.159973,10.206893],[124.163727,10.204216],[124.168271,10.211619],[124.171989,10.210044],[124.168706,10.208417],[124.17625,10.209351],[124.174711,10.206139]]],[[[124.197444,10.210424],[124.195981,10.213064],[124.197392,10.213407],[124.197444,10.210424]]],[[[124.03168,10.213836],[124.038776,10.225967],[124.042382,10.217549],[124.03168,10.213836]]],[[[124.331529,10.224818],[124.323039,10.215985],[124.317802,10.215393],[124.319182,10.22167],[124.331529,10.224818]]],[[[124.042493,10.220172],[124.042407,10.221085],[124.04333,10.220348],[124.042493,10.220172]]],[[[124.044445,10.220085],[124.042586,10.221153],[124.041643,10.221408],[124.040979,10.22384],[124.044362,10.223262],[124.044445,10.220085]]],[[[124.046555,10.225989],[124.04263,10.225033],[124.045027,10.227683],[124.046555,10.225989]]],[[[124.281742,10.224532],[124.282371,10.229448],[124.285447,10.227348],[124.281742,10.224532]]],[[[124.036313,10.230794],[124.040394,10.233028],[124.039618,10.229141],[124.036313,10.230794]]],[[[124.029466,10.237017],[124.033536,10.236389],[124.034226,10.234366],[124.029339,10.23455],[124.029466,10.237017]]],[[[124.047887,10.243783],[124.049601,10.236541],[124.052994,10.234499],[124.04854,10.230389],[124.046073,10.234149],[124.041808,10.233516],[124.047887,10.243783]]],[[[124.317505,10.240112],[124.326294,10.24469],[124.315308,10.233093],[124.317505,10.240112]]],[[[124.292348,10.243732],[124.299344,10.246812],[124.290772,10.239577],[124.292348,10.243732]]],[[[124.331116,10.247314],[124.33252,10.248474],[124.332886,10.248108],[124.331116,10.247314]]],[[[124.29384,10.246194],[124.290582,10.251193],[124.297172,10.247245],[124.29384,10.246194]]],[[[124.33728,10.248718],[124.336914,10.250488],[124.340088,10.250488],[124.33728,10.248718]]],[[[124.073767,10.287517],[124.067978,10.267006],[124.062698,10.263167],[124.061174,10.258589],[124.064931,10.261037],[124.05421,10.237026],[124.050845,10.23743],[124.049803,10.242671],[124.047842,10.245211],[124.048299,10.248695],[124.050787,10.245755],[124.05169,10.254176],[124.049328,10.256163],[124.040977,10.255473],[124.04669,10.248434],[124.044625,10.241319],[124.02781,10.24226],[124.032488,10.253021],[124.019899,10.2414],[124.029851,10.258951],[124.03829,10.259104],[124.035929,10.26064],[124.038662,10.26314],[124.0413,10.262972],[124.040631,10.26039],[124.049068,10.268001],[124.04602,10.27003],[124.049142,10.275058],[124.051527,10.274327],[124.049951,10.269283],[124.055719,10.268899],[124.055551,10.273092],[124.047016,10.276631],[124.052003,10.277094],[124.051448,10.280583],[124.060684,10.284258],[124.061723,10.287442],[124.069717,10.288827],[124.073767,10.287517]]],[[[124.170471,10.277527],[124.16764,10.277407],[124.166687,10.279724],[124.169312,10.279907],[124.170471,10.277527]]],[[[124.177934,10.285534],[124.172226,10.285319],[124.178528,10.287109],[124.177934,10.285534]]],[[[124.036443,10.547693],[124.035945,10.546818],[124.035614,10.547854],[124.036443,10.547693]]],[[[124.034309,10.566043],[124.031172,10.571025],[124.031884,10.571483],[124.034106,10.569371],[124.034309,10.566043]]],[[[124.320122,10.724421],[124.326618,10.714915],[124.325563,10.713743],[124.314852,10.720538],[124.315201,10.725623],[124.320122,10.724421]]],[[[124.063533,11.304925],[124.063332,11.306852],[124.064466,11.306122],[124.063533,11.304925]]],[[[124.118535,11.346848],[124.117949,11.335323],[124.121511,11.32877],[124.112511,11.326731],[124.113769,11.337495],[124.106857,11.346672],[124.118535,11.346848]]],[[[124.093446,11.524265],[124.104045,11.517069],[124.104922,11.506693],[124.098729,11.505518],[124.089479,11.51539],[124.093446,11.524265]]],[[[124.56234,9.828674],[124.559244,9.830119],[124.562028,9.830424],[124.56234,9.828674]]],[[[124.551644,9.833402],[124.553012,9.832229],[124.55126,9.832148],[124.551644,9.833402]]],[[[124.565392,9.833744],[124.56087,9.834165],[124.561092,9.835216],[124.565392,9.833744]]],[[[124.556413,9.833992],[124.552162,9.833954],[124.552394,9.8396],[124.556151,9.838753],[124.556413,9.833992]]],[[[124.560421,9.854319],[124.561017,9.863985],[124.568361,9.866152],[124.569357,9.859161],[124.565859,9.857605],[124.566498,9.854031],[124.563013,9.851339],[124.560421,9.854319]]],[[[124.55673,9.927565],[124.555599,9.926694],[124.554764,9.928279],[124.55673,9.927565]]],[[[124.570447,9.954431],[124.568617,9.961859],[124.570915,9.964216],[124.576477,9.958679],[124.574524,9.954102],[124.570447,9.954431]]],[[[124.552917,9.976501],[124.553284,9.979309],[124.554321,9.976685],[124.552917,9.976501]]],[[[124.528546,10.065149],[124.529589,10.063636],[124.529002,10.063603],[124.528546,10.065149]]],[[[124.526778,10.072049],[124.52525,10.071911],[124.5261,10.073673],[124.526778,10.072049]]],[[[124.513218,10.083466],[124.504808,10.088742],[124.504292,10.092452],[124.510334,10.094266],[124.513218,10.083466]]],[[[124.618685,10.148992],[124.611096,10.140309],[124.599551,10.13643],[124.595618,10.118642],[124.590714,10.118283],[124.591732,10.114302],[124.586356,10.109894],[124.602268,10.11426],[124.603014,10.099843],[124.606317,10.098392],[124.603322,10.094043],[124.604069,10.087177],[124.596559,10.086035],[124.594222,10.08145],[124.586021,10.086642],[124.593321,10.087841],[124.584272,10.089677],[124.585041,10.093685],[124.581492,10.095555],[124.577417,10.096445],[124.574684,10.090811],[124.561078,10.092409],[124.549912,10.080106],[124.558192,10.075521],[124.560958,10.069395],[124.547787,10.066791],[124.55182,10.062695],[124.552519,10.055021],[124.541478,10.051456],[124.532321,10.056925],[124.531258,10.066154],[124.527959,10.068452],[124.529558,10.076783],[124.526746,10.075387],[124.527198,10.082763],[124.530007,10.086391],[124.531488,10.083171],[124.535683,10.084774],[124.532458,10.085754],[124.531357,10.096641],[124.533693,10.100215],[124.525709,10.097027],[124.521698,10.104191],[124.524983,10.11808],[124.532201,10.118881],[124.539845,10.110426],[124.545697,10.113349],[124.545731,10.116659],[124.552616,10.11447],[124.549606,10.119883],[124.55111,10.129236],[124.554918,10.132138],[124.561719,10.127887],[124.562638,10.121463],[124.560271,10.120088],[124.566759,10.113742],[124.568159,10.115985],[124.575205,10.111108],[124.571245,10.116529],[124.572972,10.124821],[124.570602,10.125832],[124.581744,10.129549],[124.58032,10.13858],[124.583956,10.133505],[124.586402,10.136756],[124.590537,10.136301],[124.595665,10.14154],[124.593019,10.146051],[124.609502,10.152625],[124.616684,10.152773],[124.618685,10.148992]]],[[[124.64504,10.124386],[124.643119,10.120153],[124.640524,10.121485],[124.640675,10.124248],[124.64504,10.124386]]],[[[124.538718,10.127012],[124.539736,10.133539],[124.546056,10.129895],[124.543393,10.122518],[124.538718,10.127012]]],[[[124.537207,10.13397],[124.537013,10.135104],[124.537691,10.133998],[124.537207,10.13397]]],[[[124.575059,10.134818],[124.574037,10.134878],[124.574373,10.135177],[124.575059,10.134818]]],[[[124.547127,10.137241],[124.548635,10.137761],[124.548492,10.136271],[124.547127,10.137241]]],[[[124.577386,10.145776],[124.583313,10.145325],[124.58313,10.143921],[124.578081,10.141485],[124.577386,10.145776]]],[[[124.589181,10.145464],[124.589189,10.144634],[124.588457,10.144957],[124.589181,10.145464]]],[[[124.583558,10.149289],[124.582734,10.147721],[124.582803,10.149567],[124.583558,10.149289]]],[[[124.505349,10.159866],[124.50392,10.159537],[124.503935,10.160241],[124.505349,10.159866]]],[[[124.443625,10.159803],[124.441081,10.161673],[124.443312,10.162537],[124.443625,10.159803]]],[[[124.388306,10.16449],[124.387878,10.16272],[124.387329,10.16333],[124.388306,10.16449]]],[[[124.498557,10.164164],[124.500599,10.164062],[124.499431,10.163029],[124.498557,10.164164]]],[[[124.369138,10.162817],[124.362053,10.167657],[124.352178,10.165359],[124.349328,10.17408],[124.365871,10.17482],[124.379933,10.184604],[124.39226,10.177431],[124.369138,10.162817]]],[[[124.460789,10.180066],[124.460736,10.174238],[124.457377,10.174202],[124.460789,10.180066]]],[[[124.568176,10.196017],[124.563002,10.189565],[124.560961,10.185164],[124.560695,10.191539],[124.568176,10.196017]]],[[[124.412596,10.201968],[124.413189,10.204806],[124.419175,10.203772],[124.417397,10.202706],[124.412596,10.201968]]],[[[124.352795,10.208959],[124.348655,10.212216],[124.353995,10.215429],[124.356076,10.212856],[124.352795,10.208959]]],[[[124.38463,10.240502],[124.383896,10.227414],[124.382642,10.226416],[124.379368,10.227444],[124.379311,10.240273],[124.38463,10.240502]]],[[[124.488624,10.237707],[124.482209,10.239891],[124.481972,10.241689],[124.48891,10.242025],[124.488624,10.237707]]],[[[124.402927,10.245716],[124.404678,10.246506],[124.405632,10.245607],[124.402927,10.245716]]],[[[124.445322,10.252135],[124.464877,10.244302],[124.470938,10.242046],[124.452586,10.246777],[124.445322,10.252135]]],[[[124.455239,10.628686],[124.424338,10.626186],[124.413895,10.629319],[124.409656,10.626695],[124.401126,10.628563],[124.39188,10.637658],[124.392867,10.641316],[124.38321,10.646098],[124.380658,10.62324],[124.372407,10.621389],[124.364205,10.614099],[124.355839,10.617979],[124.344584,10.608277],[124.335403,10.608743],[124.333462,10.60414],[124.323979,10.600973],[124.31245,10.586653],[124.304338,10.589522],[124.296459,10.586009],[124.281999,10.587314],[124.275575,10.590195],[124.273401,10.595535],[124.277991,10.612401],[124.298213,10.633605],[124.302744,10.645366],[124.30429,10.643975],[124.30472,10.653178],[124.311059,10.666214],[124.308561,10.668808],[124.310072,10.692359],[124.317618,10.709848],[124.345102,10.708329],[124.360745,10.696035],[124.375261,10.689247],[124.379465,10.654531],[124.383209,10.64617],[124.394025,10.656122],[124.391211,10.657656],[124.39543,10.663968],[124.39984,10.685176],[124.410605,10.703409],[124.431258,10.717456],[124.452096,10.714706],[124.48409,10.699479],[124.496723,10.684742],[124.512914,10.675606],[124.516484,10.660315],[124.504719,10.646963],[124.486805,10.637529],[124.472909,10.634186],[124.46865,10.63599],[124.455239,10.628686]]],[[[124.568208,10.811422],[124.568231,10.802574],[124.563848,10.800191],[124.567342,10.800303],[124.56542,10.796497],[124.555158,10.788761],[124.553744,10.778184],[124.55646,10.773773],[124.546031,10.758754],[124.530538,10.741993],[124.501392,10.729014],[124.493818,10.743715],[124.495934,10.75237],[124.520685,10.782068],[124.525048,10.792079],[124.540291,10.804715],[124.564082,10.81403],[124.568208,10.811422]]]]}},{"type":"Feature","properties":{"ADM1_PCODE":"PH08","ADM1_EN":"Region VIII (Eastern Visayas)"},"geometry":{"type":"MultiPolygon","coordinates":[[[[124.264114,11.553802],[124.254664,11.579663],[124.265304,11.582481],[124.270305,11.5777],[124.275546,11.563863],[124.264114,11.553802]]],[[[124.36481,11.617793],[124.360662,11.619051],[124.365591,11.618732],[124.36481,11.617793]]],[[[124.344506,11.629896],[124.342274,11.62884],[124.3422,11.630747],[124.344506,11.629896]]],[[[124.326998,11.671294],[124.326668,11.676541],[124.33238,11.671695],[124.326998,11.671294]]],[[[124.35939,11.694423],[124.362882,11.692296],[124.361706,11.689457],[124.358218,11.691166],[124.35939,11.694423]]],[[[124.343865,11.697662],[124.344033,11.699217],[124.344929,11.697785],[124.343865,11.697662]]],[[[124.339423,11.708567],[124.336025,11.708336],[124.335644,11.709448],[124.339423,11.708567]]],[[[124.263296,11.763431],[124.266178,11.767993],[124.264941,11.761801],[124.263296,11.763431]]],[[[124.268713,11.770974],[124.270014,11.771679],[124.269603,11.770496],[124.268713,11.770974]]],[[[124.350187,11.802566],[124.349801,11.777875],[124.345455,11.771217],[124.324995,11.759944],[124.312368,11.763347],[124.294177,11.781518],[124.295093,11.8002],[124.317538,11.817236],[124.322588,11.813632],[124.331114,11.815808],[124.345897,11.810061],[124.350187,11.802566]]],[[[124.277011,11.890209],[124.278884,11.887421],[124.276385,11.888892],[124.277011,11.890209]]],[[[124.333406,11.947813],[124.339994,11.948522],[124.336452,11.943789],[124.338316,11.938977],[124.334516,11.939131],[124.3243,11.930503],[124.324047,11.924335],[124.316038,11.923242],[124.319081,11.917589],[124.314941,11.914834],[124.311189,11.901818],[124.295718,11.894821],[124.292538,11.899707],[124.279289,11.897825],[124.286552,11.906439],[124.285936,11.909913],[124.277939,11.908338],[124.27358,11.911584],[124.278912,11.914868],[124.280377,11.928651],[124.288446,11.925278],[124.292369,11.930943],[124.299638,11.933232],[124.299182,11.941005],[124.307574,11.946789],[124.306718,11.953788],[124.313332,11.954672],[124.317662,11.950711],[124.321923,11.958009],[124.324087,11.954728],[124.332192,11.960211],[124.333406,11.947813]]],[[[124.406614,11.92891],[124.405083,11.927265],[124.40483,11.928463],[124.406614,11.92891]]],[[[124.355942,11.942339],[124.353996,11.940554],[124.353421,11.941503],[124.355942,11.942339]]],[[[124.366076,11.955296],[124.3731,11.953277],[124.375178,11.948402],[124.371288,11.937808],[124.364878,11.937103],[124.361048,11.940475],[124.361923,11.945949],[124.367704,11.94675],[124.366076,11.955296]]],[[[124.346209,11.948545],[124.345681,11.948693],[124.346647,11.949774],[124.346209,11.948545]]],[[[124.426035,11.987474],[124.429627,11.988327],[124.436344,11.977471],[124.433893,11.966933],[124.428297,11.956319],[124.422029,11.96103],[124.417862,11.957674],[124.41212,11.958374],[124.403543,11.966782],[124.4095,11.979877],[124.402926,11.985179],[124.422219,11.99204],[124.426035,11.987474]]],[[[124.221288,12.084051],[124.229443,12.079086],[124.236628,12.082086],[124.236618,12.075805],[124.239471,12.074186],[124.235928,12.072538],[124.235658,12.068534],[124.240118,12.06479],[124.235693,12.061952],[124.237451,12.057995],[124.231324,12.061008],[124.228304,12.058699],[124.226317,12.063856],[124.220821,12.057904],[124.215245,12.066888],[124.209693,12.055196],[124.201923,12.053424],[124.201969,12.047944],[124.180682,12.04689],[124.181426,12.042643],[124.175437,12.031002],[124.172115,12.033979],[124.168001,12.032818],[124.162712,12.042224],[124.149749,12.04204],[124.145249,12.046298],[124.148678,12.054973],[124.157838,12.048928],[124.157789,12.053114],[124.150092,12.062431],[124.157615,12.062626],[124.157951,12.066483],[124.164241,12.069782],[124.168196,12.076779],[124.173083,12.073657],[124.17795,12.078957],[124.186374,12.081409],[124.188418,12.077821],[124.191597,12.079725],[124.195921,12.076307],[124.208125,12.081421],[124.211971,12.075283],[124.216609,12.078647],[124.216309,12.082174],[124.221288,12.084051]]],[[[124.198252,12.08944],[124.19413,12.094467],[124.200188,12.096635],[124.201258,12.093371],[124.198252,12.08944]]],[[[124.106541,12.28623],[124.11374,12.277194],[124.111018,12.264308],[124.098743,12.256899],[124.097617,12.275707],[124.095373,12.278356],[124.08555,12.278799],[124.08455,12.282547],[124.089942,12.288244],[124.097459,12.290471],[124.106541,12.28623]]],[[[124.062885,12.352312],[124.057903,12.340809],[124.052281,12.338604],[124.045125,12.341505],[124.037532,12.337923],[124.045633,12.345991],[124.046488,12.352553],[124.055225,12.359355],[124.062885,12.352312]]],[[[124.02648,12.346602],[124.033764,12.353769],[124.031552,12.360838],[124.044033,12.355712],[124.040413,12.352327],[124.035264,12.353883],[124.037115,12.35269],[124.033826,12.346401],[124.02648,12.346602]]],[[[124.009667,12.36959],[124.01063,12.375147],[124.015934,12.369768],[124.014965,12.358402],[124.009667,12.36959]]],[[[124.081833,12.361447],[124.072814,12.35815],[124.065843,12.373148],[124.056101,12.382359],[124.05713,12.385994],[124.068096,12.383224],[124.074213,12.376216],[124.073952,12.372525],[124.079031,12.371487],[124.077635,12.364488],[124.081833,12.361447]]],[[[124.037495,12.382282],[124.044355,12.383029],[124.046378,12.380345],[124.035091,12.378802],[124.037495,12.382282]]],[[[124.00465,12.37882],[124.002658,12.385964],[124.005337,12.394438],[124.01247,12.395033],[124.024426,12.407163],[124.031565,12.409263],[124.01629,12.387851],[124.00465,12.37882]]],[[[124.257342,12.451126],[124.279758,12.414456],[124.280061,12.401867],[124.285286,12.392109],[124.282419,12.37143],[124.276062,12.362603],[124.269654,12.363251],[124.256137,12.385827],[124.241444,12.438693],[124.239893,12.452591],[124.242241,12.458155],[124.249381,12.459036],[124.257342,12.451126]]],[[[124.151141,12.472426],[124.149275,12.465202],[124.156127,12.464769],[124.164665,12.456303],[124.180838,12.425377],[124.192439,12.412697],[124.191143,12.390501],[124.182253,12.380992],[124.150485,12.409811],[124.13898,12.431875],[124.138462,12.446958],[124.13308,12.454407],[124.134875,12.465587],[124.138799,12.468665],[124.136922,12.473474],[124.139702,12.481578],[124.141371,12.483036],[124.151141,12.472426]]],[[[124.318286,12.569457],[124.320636,12.57071],[124.322951,12.567657],[124.3216,12.56142],[124.318286,12.569457]]],[[[124.353896,12.588418],[124.365069,12.589335],[124.374746,12.580758],[124.386516,12.580305],[124.382782,12.568314],[124.36889,12.562227],[124.362957,12.562969],[124.354792,12.582775],[124.353896,12.588418]]],[[[124.380151,12.584209],[124.383386,12.585098],[124.385531,12.582661],[124.38284,12.584655],[124.380151,12.584209]]],[[[124.366199,12.594563],[124.358324,12.595093],[124.356478,12.598427],[124.358616,12.601019],[124.354188,12.623694],[124.35923,12.6246],[124.358993,12.627604],[124.370393,12.620214],[124.369101,12.615982],[124.379893,12.615738],[124.390618,12.606079],[124.399809,12.588626],[124.391721,12.580164],[124.391769,12.583965],[124.387061,12.583989],[124.388636,12.587911],[124.380413,12.596249],[124.375084,12.593877],[124.373012,12.589024],[124.378471,12.589107],[124.376538,12.586598],[124.367459,12.589503],[124.366199,12.594563]]],[[[124.419935,12.628103],[124.419969,12.627318],[124.419414,12.627765],[124.419935,12.628103]]],[[[124.391591,12.63232],[124.390116,12.634745],[124.392172,12.634887],[124.391591,12.63232]]],[[[124.413707,12.631917],[124.424547,12.637178],[124.427285,12.646359],[124.432142,12.62875],[124.426457,12.631487],[124.423287,12.627484],[124.420449,12.629712],[124.418194,12.627431],[124.413707,12.631917]]],[[[124.394052,12.636948],[124.392812,12.638923],[124.39508,12.639178],[124.394052,12.636948]]],[[[124.39152,12.639136],[124.391481,12.638382],[124.390985,12.63892],[124.39152,12.639136]]],[[[124.376068,12.630817],[124.371343,12.643598],[124.368628,12.650451],[124.375268,12.647942],[124.379617,12.639958],[124.380539,12.633354],[124.376068,12.630817]]],[[[124.422631,12.639689],[124.421878,12.6437],[124.423004,12.639716],[124.422631,12.639689]]],[[[124.424572,12.649323],[124.42545,12.649099],[124.425142,12.64851],[124.424572,12.649323]]],[[[124.359847,12.645032],[124.355754,12.656597],[124.359378,12.661969],[124.36274,12.658966],[124.366492,12.643738],[124.359847,12.645032]]],[[[124.398041,12.677955],[124.410394,12.673023],[124.417931,12.659566],[124.417769,12.670204],[124.42371,12.668347],[124.426365,12.65196],[124.419241,12.65364],[124.416503,12.650633],[124.407659,12.665161],[124.403566,12.664234],[124.39512,12.675066],[124.398041,12.677955]]],[[[124.366052,12.654552],[124.361823,12.680924],[124.354212,12.69522],[124.35624,12.696453],[124.366643,12.693687],[124.375804,12.683541],[124.391697,12.673959],[124.392308,12.666792],[124.387686,12.664443],[124.393256,12.662588],[124.395213,12.642932],[124.391859,12.639566],[124.391383,12.643211],[124.38513,12.64348],[124.389336,12.642101],[124.386434,12.637596],[124.376357,12.650396],[124.366052,12.654552]]],[[[124.380226,12.688473],[124.386832,12.684701],[124.383367,12.680927],[124.377043,12.684256],[124.380226,12.688473]]],[[[124.367725,12.697736],[124.377716,12.690949],[124.374205,12.688306],[124.375393,12.691104],[124.371149,12.691732],[124.367725,12.697736]]],[[[124.619768,10.263752],[124.614959,10.264944],[124.616931,10.266428],[124.619768,10.263752]]],[[[124.673337,10.486477],[124.667167,10.487237],[124.673552,10.492205],[124.678684,10.492161],[124.673337,10.486477]]],[[[124.673696,10.51714],[124.668924,10.519417],[124.671618,10.52217],[124.673696,10.51714]]],[[[124.642566,10.53658],[124.639718,10.534242],[124.634545,10.538617],[124.637957,10.53993],[124.642566,10.53658]]],[[[124.660696,10.545808],[124.661866,10.542519],[124.658874,10.546365],[124.660696,10.545808]]],[[[124.755511,10.182126],[124.753648,10.187968],[124.76054,10.191468],[124.767945,10.209193],[124.76621,10.218646],[124.771016,10.235487],[124.767473,10.242897],[124.773043,10.259326],[124.781589,10.272158],[124.791542,10.302528],[124.790911,10.318703],[124.788358,10.326531],[124.784277,10.326669],[124.78705,10.330032],[124.764791,10.358629],[124.744864,10.370029],[124.742108,10.368698],[124.742986,10.371472],[124.732882,10.376554],[124.723132,10.406006],[124.724194,10.43252],[124.730015,10.450439],[124.727241,10.470761],[124.729084,10.474981],[124.721815,10.478805],[124.720583,10.485603],[124.72855,10.499317],[124.735352,10.497962],[124.751221,10.508675],[124.752309,10.521329],[124.758304,10.522354],[124.759673,10.529157],[124.766279,10.537017],[124.762995,10.573672],[124.768182,10.612665],[124.771244,10.621883],[124.778854,10.627855],[124.775638,10.63917],[124.793921,10.63819],[124.792877,10.645635],[124.800296,10.651378],[124.804126,10.661692],[124.799505,10.673878],[124.795122,10.67406],[124.797351,10.675448],[124.794565,10.68379],[124.796563,10.687887],[124.792657,10.686437],[124.796608,10.705535],[124.793397,10.717974],[124.794466,10.728688],[124.784379,10.750226],[124.786766,10.757938],[124.783304,10.774516],[124.770154,10.79588],[124.760647,10.819915],[124.709586,10.876103],[124.707184,10.881548],[124.708768,10.888446],[124.702607,10.904572],[124.693292,10.915422],[124.690958,10.928106],[124.683407,10.939086],[124.653585,10.951279],[124.642564,10.961259],[124.638489,10.969556],[124.622877,10.979196],[124.619927,10.992511],[124.614684,11.000485],[124.602783,11.004631],[124.595159,11.013867],[124.57122,11.010885],[124.572882,11.00486],[124.570443,10.999178],[124.537791,10.977549],[124.539475,10.969456],[124.549406,10.965072],[124.54997,10.952023],[124.545239,10.94124],[124.550683,10.929158],[124.543302,10.917907],[124.54368,10.910307],[124.536359,10.905379],[124.532979,10.892783],[124.515557,10.867878],[124.509448,10.869624],[124.495177,10.862807],[124.491033,10.864833],[124.492559,10.866873],[124.482114,10.864442],[124.473288,10.867972],[124.469621,10.880056],[124.450585,10.891479],[124.451224,10.899009],[124.442911,10.887359],[124.429899,10.891484],[124.427751,10.894256],[124.434243,10.902021],[124.438782,10.918513],[124.432475,10.925671],[124.422354,10.926916],[124.427269,10.937823],[124.421145,10.93848],[124.421909,10.945923],[124.415908,10.9477],[124.415748,10.950924],[124.413575,10.95023],[124.416924,10.914698],[124.413876,10.912109],[124.406663,10.919114],[124.396561,10.918376],[124.388002,10.913147],[124.381967,10.921917],[124.374984,10.92386],[124.375078,10.930052],[124.379737,10.929203],[124.388133,10.952192],[124.391275,10.953478],[124.388726,10.960571],[124.394417,10.961064],[124.403266,10.9782],[124.408967,10.978534],[124.408799,10.984689],[124.411576,10.984988],[124.403417,10.991205],[124.404448,10.99598],[124.400051,11.001474],[124.404878,11.01161],[124.400836,11.013696],[124.40394,11.023191],[124.399111,11.028425],[124.405796,11.028185],[124.408072,11.031975],[124.40333,11.03099],[124.406617,11.032027],[124.405822,11.036902],[124.403003,11.037841],[124.404984,11.032614],[124.401541,11.034896],[124.40267,11.039638],[124.400602,11.035606],[124.401603,11.031059],[124.396853,11.031928],[124.393936,11.04088],[124.382273,11.046676],[124.381024,11.059593],[124.371518,11.059654],[124.369248,11.063087],[124.386246,11.078937],[124.384835,11.092187],[124.388799,11.102648],[124.398699,11.102891],[124.401623,11.109937],[124.402081,11.125625],[124.3852,11.181549],[124.383474,11.20312],[124.391367,11.21242],[124.386442,11.216256],[124.385448,11.226055],[124.396163,11.225713],[124.395222,11.232474],[124.403294,11.239777],[124.392721,11.247137],[124.388069,11.243038],[124.38383,11.255044],[124.389099,11.255727],[124.38931,11.260537],[124.384713,11.262087],[124.381058,11.258339],[124.380426,11.26829],[124.376069,11.275072],[124.38415,11.276637],[124.382784,11.285964],[124.390518,11.290186],[124.390698,11.29702],[124.381269,11.300332],[124.37993,11.295932],[124.374969,11.295592],[124.372804,11.288741],[124.367018,11.288547],[124.363535,11.292435],[124.371044,11.297806],[124.371588,11.304697],[124.365488,11.307836],[124.359016,11.300672],[124.340854,11.317532],[124.339422,11.32576],[124.344164,11.335808],[124.339085,11.336602],[124.336444,11.342673],[124.341214,11.362661],[124.355575,11.359206],[124.359878,11.360029],[124.361267,11.365345],[124.357197,11.373349],[124.351253,11.372843],[124.350645,11.376666],[124.336687,11.373316],[124.329907,11.379474],[124.329452,11.387474],[124.324761,11.392854],[124.326455,11.396246],[124.33374,11.393255],[124.342616,11.395656],[124.349196,11.405437],[124.346269,11.40887],[124.335415,11.406557],[124.333807,11.411741],[124.32603,11.408537],[124.317628,11.413983],[124.318683,11.42301],[124.312726,11.425878],[124.306666,11.440138],[124.313776,11.445754],[124.30405,11.449622],[124.310566,11.454045],[124.30164,11.458161],[124.297812,11.467671],[124.294275,11.485861],[124.299805,11.490122],[124.292359,11.489588],[124.289508,11.492788],[124.289806,11.511956],[124.285679,11.52958],[124.291542,11.541211],[124.298656,11.540228],[124.313544,11.563516],[124.326711,11.555899],[124.328456,11.550542],[124.347146,11.532487],[124.351048,11.530163],[124.354413,11.531931],[124.356989,11.52597],[124.359947,11.525977],[124.359643,11.520783],[124.366092,11.519948],[124.394692,11.485825],[124.400355,11.484884],[124.409142,11.477124],[124.410322,11.469635],[124.425668,11.450092],[124.431332,11.443839],[124.437359,11.442503],[124.437351,11.432834],[124.456186,11.413651],[124.457871,11.402604],[124.469064,11.391167],[124.474215,11.376392],[124.476703,11.376349],[124.477591,11.383665],[124.48309,11.384784],[124.479422,11.392704],[124.481871,11.398268],[124.477573,11.401845],[124.480729,11.408359],[124.476306,11.419318],[124.465061,11.426512],[124.4638,11.431493],[124.46627,11.433504],[124.462946,11.437434],[124.465368,11.439285],[124.462774,11.445552],[124.472882,11.447737],[124.471878,11.452341],[124.477002,11.449444],[124.475982,11.454247],[124.481049,11.461168],[124.483249,11.457014],[124.47926,11.453918],[124.487334,11.445398],[124.495827,11.445742],[124.505595,11.43899],[124.52217,11.436445],[124.531351,11.430193],[124.532232,11.426387],[124.537175,11.425775],[124.534051,11.403213],[124.547743,11.374697],[124.545665,11.37172],[124.549289,11.368581],[124.548377,11.35341],[124.551369,11.349996],[124.551532,11.338872],[124.584713,11.304962],[124.587505,11.306847],[124.595627,11.303943],[124.608564,11.311959],[124.614256,11.306255],[124.632736,11.300562],[124.634892,11.295776],[124.648269,11.29391],[124.662821,11.296692],[124.671774,11.305041],[124.684756,11.300708],[124.702815,11.305609],[124.70747,11.313844],[124.711204,11.312075],[124.711666,11.31606],[124.714114,11.315022],[124.722228,11.321809],[124.721865,11.325123],[124.728459,11.32836],[124.7305,11.334561],[124.731087,11.330334],[124.733785,11.335298],[124.736498,11.333414],[124.734277,11.331129],[124.740763,11.329279],[124.764045,11.343449],[124.765141,11.35173],[124.772436,11.352473],[124.773663,11.357327],[124.782049,11.362841],[124.786288,11.373721],[124.793518,11.374622],[124.806865,11.384643],[124.805338,11.400438],[124.811584,11.408042],[124.808699,11.413579],[124.816991,11.418592],[124.81196,11.423279],[124.814976,11.431792],[124.823011,11.424145],[124.828646,11.427691],[124.832156,11.424209],[124.842681,11.42322],[124.845054,11.425835],[124.840255,11.433415],[124.851122,11.419013],[124.851529,11.426407],[124.862251,11.426346],[124.866701,11.422923],[124.8664,11.415955],[124.863432,11.413956],[124.856743,11.417506],[124.854772,11.414478],[124.859599,11.414467],[124.86324,11.409123],[124.864521,11.413334],[124.86828,11.411671],[124.869286,11.416027],[124.880572,11.4078],[124.879181,11.41426],[124.874893,11.416426],[124.87644,11.424962],[124.873166,11.435144],[124.879848,11.442044],[124.889456,11.434477],[124.889373,11.420308],[124.896522,11.41395],[124.89366,11.400454],[124.898865,11.396548],[124.902229,11.396035],[124.89721,11.397995],[124.89771,11.398913],[124.897397,11.401331],[124.895709,11.402803],[124.902189,11.410893],[124.905791,11.411261],[124.902246,11.412882],[124.898965,11.410344],[124.904713,11.420285],[124.903066,11.422205],[124.91063,11.420096],[124.914727,11.408351],[124.927627,11.41328],[124.929927,11.416753],[124.927997,11.421689],[124.931119,11.423854],[124.933485,11.421799],[124.941735,11.428127],[124.946662,11.426161],[124.954705,11.414719],[124.951531,11.402001],[124.956477,11.393866],[124.968424,11.391627],[124.974194,11.394103],[124.979985,11.399228],[124.976237,11.383029],[124.970267,11.384245],[124.968555,11.378882],[124.973661,11.379228],[124.973465,11.375194],[124.980089,11.371949],[124.978671,11.369009],[124.968311,11.368454],[124.970093,11.365691],[124.966482,11.347096],[124.967296,11.339822],[124.970738,11.336754],[124.965116,11.330887],[124.962015,11.316718],[124.96614,11.302215],[124.962142,11.279963],[124.965239,11.270617],[124.974909,11.261666],[124.975491,11.25561],[124.979291,11.252516],[124.986409,11.25511],[124.987257,11.260827],[124.999012,11.246202],[125.001431,11.251765],[125.008108,11.251648],[125.010368,11.245614],[125.005484,11.23719],[125.004841,11.220981],[125.019945,11.207806],[125.024697,11.210333],[125.018642,11.2197],[125.024719,11.235604],[125.021176,11.236374],[125.03076,11.238562],[125.025639,11.196403],[125.007247,11.157829],[125.016973,11.149053],[125.01609,11.14563],[125.025005,11.133394],[125.022284,11.093652],[125.037708,11.072944],[125.039789,11.063552],[125.037286,11.045604],[125.040491,10.994292],[125.034658,10.931893],[125.016574,10.897204],[125.003965,10.846307],[125.003059,10.808495],[125.010503,10.757501],[125.016668,10.743419],[125.023549,10.739593],[125.023807,10.733664],[125.027879,10.726972],[125.031181,10.726604],[125.036804,10.729345],[125.040074,10.728529],[125.041197,10.716967],[125.055666,10.715262],[125.061238,10.711124],[125.071129,10.716004],[125.085266,10.713032],[125.090533,10.704483],[125.100152,10.703385],[125.107194,10.696711],[125.115068,10.694952],[125.105263,10.673866],[125.110615,10.66905],[125.112418,10.659624],[125.122205,10.650157],[125.128851,10.649326],[125.13084,10.643519],[125.138239,10.642389],[125.14388,10.637566],[125.148339,10.622734],[125.186992,10.591181],[125.184947,10.585469],[125.191521,10.578138],[125.185361,10.574567],[125.188945,10.561772],[125.176489,10.557446],[125.178018,10.55138],[125.164318,10.533539],[125.16444,10.524272],[125.169921,10.511299],[125.176836,10.508527],[125.17611,10.505058],[125.186119,10.489992],[125.191045,10.475181],[125.184758,10.448277],[125.186999,10.440942],[125.179831,10.436926],[125.179753,10.429148],[125.193312,10.4134],[125.203774,10.394784],[125.214672,10.385496],[125.221906,10.38214],[125.23379,10.394544],[125.239731,10.394798],[125.257979,10.371542],[125.260554,10.363599],[125.254645,10.354303],[125.262379,10.341225],[125.26803,10.299925],[125.2527,10.257857],[125.2172,10.24683],[125.198874,10.249691],[125.185685,10.257788],[125.153842,10.268192],[125.141278,10.277267],[125.130983,10.276932],[125.125131,10.251895],[125.129105,10.212592],[125.133941,10.201314],[125.133704,10.186942],[125.139449,10.172832],[125.133709,10.164268],[125.125549,10.162361],[125.127638,10.169034],[125.118558,10.172024],[125.12227,10.178841],[125.11773,10.177869],[125.109598,10.191998],[125.102814,10.193091],[125.077886,10.229098],[125.072548,10.250215],[125.064585,10.261245],[125.064968,10.271714],[125.059296,10.276856],[125.059751,10.286091],[125.052096,10.292053],[125.04033,10.309907],[125.035893,10.327082],[125.037962,10.334073],[125.026113,10.35793],[125.025057,10.368596],[125.007153,10.38086],[124.987824,10.37943],[124.987041,10.383133],[124.985264,10.380916],[124.981779,10.383062],[124.969354,10.376374],[124.969375,10.357791],[124.975979,10.343458],[124.972347,10.328307],[124.976584,10.31996],[124.976344,10.311782],[124.982267,10.306449],[124.982856,10.25955],[124.986738,10.253698],[124.984916,10.244174],[124.979597,10.238747],[124.9783,10.228965],[124.981408,10.221875],[124.977069,10.2141],[124.983115,10.197935],[124.984129,10.185174],[124.992082,10.178162],[125.004106,10.156584],[125.000182,10.144654],[125.007863,10.131537],[125.011841,10.104007],[125.01939,10.098718],[125.023501,10.089067],[125.023584,10.054227],[125.026902,10.046763],[125.018725,10.030947],[125.028895,10.00833],[125.026785,10.004468],[125.018185,10.010099],[125.010868,10.029036],[124.997881,10.034554],[124.983809,10.034839],[124.965469,10.045603],[124.937216,10.080898],[124.920474,10.089065],[124.912353,10.087404],[124.904353,10.090327],[124.898897,10.097218],[124.899715,10.107763],[124.886466,10.122649],[124.845315,10.132546],[124.805008,10.129834],[124.784339,10.137976],[124.77778,10.133592],[124.772539,10.139462],[124.773063,10.143651],[124.75762,10.156168],[124.757515,10.170661],[124.756105,10.173448],[124.754167,10.170893],[124.753314,10.177858],[124.755511,10.182126]]],[[[124.390167,11.601294],[124.379966,11.606419],[124.377217,11.627622],[124.369157,11.634975],[124.36208,11.635996],[124.356374,11.64376],[124.361639,11.653102],[124.35684,11.662751],[124.335855,11.669993],[124.334726,11.675928],[124.339517,11.676539],[124.339881,11.681244],[124.344982,11.680707],[124.34703,11.676285],[124.352518,11.68214],[124.36231,11.681801],[124.372432,11.692836],[124.380272,11.692796],[124.384162,11.696361],[124.392891,11.696309],[124.416982,11.706059],[124.427019,11.707066],[124.437432,11.701277],[124.465328,11.705896],[124.476802,11.696644],[124.495543,11.69192],[124.512161,11.680544],[124.520246,11.681638],[124.535594,11.676207],[124.539754,11.659356],[124.548288,11.650959],[124.56283,11.626065],[124.566091,11.617304],[124.563554,11.603365],[124.577354,11.592667],[124.58319,11.567137],[124.603123,11.555519],[124.616955,11.54327],[124.619635,11.534004],[124.616223,11.527066],[124.616038,11.511685],[124.605734,11.48854],[124.601856,11.491596],[124.589583,11.478884],[124.578547,11.472832],[124.561582,11.473846],[124.553599,11.478212],[124.54732,11.472117],[124.545538,11.47827],[124.536573,11.473486],[124.521209,11.47628],[124.511293,11.469365],[124.508828,11.479318],[124.503,11.480134],[124.501904,11.472388],[124.49034,11.469328],[124.488629,11.463362],[124.462819,11.467295],[124.4623,11.476365],[124.45207,11.477997],[124.446,11.483804],[124.44064,11.491714],[124.444041,11.496304],[124.432187,11.503448],[124.42349,11.515086],[124.418108,11.535212],[124.411955,11.538178],[124.406507,11.535608],[124.396658,11.555963],[124.391008,11.559498],[124.390343,11.580276],[124.396028,11.590731],[124.390167,11.601294]]],[[[124.713719,11.73614],[124.717665,11.734516],[124.718055,11.732471],[124.714312,11.733769],[124.713719,11.73614]]],[[[124.733949,11.783929],[124.735542,11.784659],[124.735083,11.783146],[124.733949,11.783929]]],[[[124.723308,11.7917],[124.724162,11.789217],[124.7216,11.789516],[124.723308,11.7917]]],[[[124.735246,11.791055],[124.733533,11.79092],[124.734083,11.792666],[124.735246,11.791055]]],[[[124.716291,11.79677],[124.713608,11.796215],[124.715142,11.801093],[124.716291,11.79677]]],[[[124.707076,11.8017],[124.706412,11.794441],[124.699301,11.801162],[124.700928,11.806967],[124.698114,11.808588],[124.702997,11.808866],[124.703604,11.802834],[124.707076,11.8017]]],[[[124.69503,11.812616],[124.694217,11.811759],[124.694476,11.813031],[124.69503,11.812616]]],[[[124.673134,11.821318],[124.682181,11.826453],[124.68357,11.83035],[124.689977,11.827722],[124.68862,11.823328],[124.682378,11.821914],[124.688137,11.818031],[124.68656,11.812149],[124.689343,11.808099],[124.692987,11.809341],[124.697818,11.796322],[124.685534,11.804428],[124.683792,11.817897],[124.6774,11.815893],[124.673134,11.821318]]],[[[124.730756,11.826819],[124.725535,11.819929],[124.725726,11.827262],[124.730756,11.826819]]],[[[124.699886,11.833019],[124.70799,11.833953],[124.708459,11.824766],[124.701009,11.830429],[124.701604,11.824638],[124.697737,11.82384],[124.698383,11.82016],[124.690591,11.818933],[124.693007,11.827368],[124.687597,11.836351],[124.696516,11.837014],[124.699886,11.833019]]],[[[124.677252,11.839935],[124.6802,11.838417],[124.676882,11.839091],[124.677252,11.839935]]],[[[124.719653,11.841919],[124.716203,11.843206],[124.717329,11.844444],[124.719653,11.841919]]],[[[124.722639,11.894014],[124.718898,11.895908],[124.724167,11.898135],[124.722639,11.894014]]],[[[124.716784,11.908197],[124.713899,11.899229],[124.710497,11.904721],[124.713368,11.908474],[124.716784,11.908197]]],[[[124.641199,11.913109],[124.647052,11.90754],[124.6573,11.909226],[124.659098,11.914577],[124.662086,11.912999],[124.664334,11.9078],[124.656648,11.897696],[124.659265,11.894488],[124.657495,11.889829],[124.650785,11.891472],[124.651812,11.895014],[124.64821,11.899287],[124.642123,11.897252],[124.637181,11.902429],[124.63804,11.907372],[124.633627,11.908359],[124.635275,11.913235],[124.632789,11.917372],[124.641892,11.92068],[124.641199,11.913109]]],[[[124.443798,11.933093],[124.451109,11.924752],[124.449864,11.929992],[124.452676,11.931084],[124.461509,11.914651],[124.463261,11.903967],[124.460019,11.898499],[124.466849,11.892028],[124.46571,11.888777],[124.449009,11.879726],[124.442522,11.884847],[124.416582,11.890956],[124.415214,11.897044],[124.411545,11.897492],[124.420199,11.907146],[124.422131,11.920543],[124.430072,11.921174],[124.443798,11.933093]]],[[[124.624585,11.906734],[124.625106,11.914007],[124.631356,11.913236],[124.628166,11.906215],[124.624585,11.906734]]],[[[124.622375,11.925709],[124.617039,11.919847],[124.6154,11.921487],[124.615259,11.924977],[124.622375,11.925709]]],[[[124.667588,11.985372],[124.6746,11.983657],[124.673611,11.981192],[124.668154,11.981188],[124.667588,11.985372]]],[[[124.509673,12.531478],[124.503427,12.530501],[124.502051,12.532565],[124.509673,12.531478]]],[[[124.481258,12.532281],[124.480467,12.532855],[124.481471,12.532942],[124.481258,12.532281]]],[[[124.703791,12.532364],[124.696863,12.532641],[124.701933,12.535647],[124.703791,12.532364]]],[[[124.429004,12.532683],[124.425153,12.534589],[124.42401,12.543805],[124.43477,12.536437],[124.429004,12.532683]]],[[[124.473143,12.540636],[124.476305,12.539627],[124.476377,12.537554],[124.473143,12.540636]]],[[[124.485332,12.540422],[124.480766,12.542278],[124.481235,12.543495],[124.485332,12.540422]]],[[[124.455411,12.543404],[124.455066,12.548802],[124.457774,12.547701],[124.455411,12.543404]]],[[[124.493903,12.5396],[124.489412,12.544279],[124.485943,12.553668],[124.491924,12.55089],[124.4977,12.542223],[124.493903,12.5396]]],[[[124.686549,12.549381],[124.689131,12.54439],[124.682255,12.550106],[124.686549,12.549381]]],[[[124.466923,12.557468],[124.468544,12.55718],[124.467584,12.555111],[124.466923,12.557468]]],[[[124.453394,12.540733],[124.445608,12.536004],[124.435446,12.538488],[124.412858,12.556443],[124.414895,12.562109],[124.419254,12.56335],[124.421797,12.579793],[124.429551,12.579778],[124.430757,12.573128],[124.436279,12.567879],[124.434961,12.564963],[124.43187,12.567611],[124.431608,12.562917],[124.439466,12.561527],[124.440817,12.556655],[124.443261,12.560265],[124.448095,12.560675],[124.449195,12.557735],[124.453289,12.55964],[124.456495,12.551782],[124.454059,12.548767],[124.453394,12.540733]]],[[[124.492565,12.583133],[124.49182,12.580815],[124.493842,12.582166],[124.497869,12.576162],[124.501846,12.575988],[124.502921,12.56557],[124.509429,12.565508],[124.509555,12.558648],[124.515347,12.555413],[124.521096,12.543711],[124.504758,12.545265],[124.504842,12.542259],[124.499801,12.540695],[124.500041,12.544492],[124.495083,12.548098],[124.49655,12.550825],[124.494067,12.550676],[124.492703,12.561539],[124.488748,12.561264],[124.489755,12.57043],[124.473577,12.578696],[124.474619,12.581492],[124.481506,12.580831],[124.480526,12.584153],[124.484719,12.586257],[124.492565,12.583133]]],[[[124.446927,12.616548],[124.440539,12.610228],[124.428111,12.61744],[124.437562,12.624417],[124.446927,12.616548]]],[[[124.429635,12.622163],[124.428255,12.621937],[124.430518,12.623503],[124.429635,12.622163]]],[[[124.439211,12.6241],[124.442351,12.625618],[124.442809,12.624896],[124.439211,12.6241]]],[[[124.431099,12.625873],[124.432893,12.624884],[124.430288,12.623673],[124.431099,12.625873]]],[[[124.439228,12.627625],[124.440317,12.627576],[124.439486,12.62718],[124.439228,12.627625]]],[[[124.435944,12.635685],[124.4381,12.638966],[124.43944,12.637382],[124.435944,12.635685]]],[[[124.429518,12.658195],[124.428599,12.658474],[124.429243,12.658896],[124.429518,12.658195]]],[[[124.896513,11.399482],[124.897431,11.399043],[124.896765,11.398373],[124.896513,11.399482]]],[[[124.895276,11.400188],[124.896181,11.401583],[124.896767,11.40077],[124.895276,11.400188]]],[[[124.955897,11.407226],[124.955234,11.408515],[124.955575,11.409345],[124.955897,11.407226]]],[[[124.962798,11.430443],[124.963229,11.427868],[124.962628,11.427987],[124.962798,11.430443]]],[[[124.906787,11.435304],[124.91294,11.428719],[124.909016,11.428606],[124.906787,11.435304]]],[[[124.870723,11.432665],[124.871206,11.433902],[124.872274,11.432154],[124.870723,11.432665]]],[[[124.891544,11.439617],[124.891835,11.429815],[124.886568,11.440853],[124.891544,11.439617]]],[[[124.854585,11.434245],[124.848773,11.435565],[124.85078,11.438854],[124.854135,11.439414],[124.854585,11.434245]]],[[[124.896094,11.500466],[124.900888,11.49971],[124.904828,11.496681],[124.898351,11.495856],[124.895799,11.49367],[124.896094,11.500466]]],[[[124.816154,11.525832],[124.807209,11.518939],[124.801788,11.52079],[124.811068,11.52738],[124.816154,11.525832]]],[[[124.795256,11.527173],[124.799303,11.526712],[124.800055,11.525898],[124.797779,11.524033],[124.795256,11.527173]]],[[[124.8563,11.545904],[124.854213,11.546458],[124.855726,11.547578],[124.8563,11.545904]]],[[[124.787168,11.550326],[124.784438,11.548424],[124.782858,11.548513],[124.783482,11.550146],[124.787168,11.550326]]],[[[124.86195,11.548613],[124.858948,11.547674],[124.857592,11.555093],[124.859548,11.554257],[124.86195,11.548613]]],[[[124.853715,11.553598],[124.852901,11.552077],[124.853167,11.554432],[124.853715,11.553598]]],[[[124.851489,11.55997],[124.850452,11.562426],[124.852557,11.560355],[124.851489,11.55997]]],[[[124.853047,11.562444],[124.853334,11.566443],[124.853478,11.562506],[124.853047,11.562444]]],[[[124.911947,11.580593],[124.913865,11.58196],[124.912164,11.58037],[124.911947,11.580593]]],[[[124.906546,11.57984],[124.907422,11.582415],[124.907845,11.580104],[124.906546,11.57984]]],[[[124.915711,11.584546],[124.91591,11.583624],[124.915331,11.583637],[124.915711,11.584546]]],[[[124.892614,11.607721],[124.895508,11.604472],[124.893734,11.601926],[124.898659,11.602772],[124.892099,11.598624],[124.892311,11.59209],[124.894412,11.59376],[124.905982,11.58752],[124.895279,11.585985],[124.891282,11.588323],[124.88656,11.579876],[124.886495,11.585756],[124.880865,11.585007],[124.875707,11.592092],[124.880323,11.592786],[124.885622,11.601973],[124.883958,11.605431],[124.893661,11.612393],[124.892614,11.607721]]],[[[124.920108,11.598385],[124.915388,11.593218],[124.907643,11.592757],[124.904023,11.599112],[124.91594,11.59646],[124.920108,11.598385]]],[[[124.756572,11.610773],[124.759934,11.607164],[124.759169,11.605611],[124.757354,11.606354],[124.756572,11.610773]]],[[[124.875395,11.620186],[124.876293,11.618495],[124.874431,11.618749],[124.875395,11.620186]]],[[[124.706014,11.713334],[124.715944,11.709731],[124.720184,11.704206],[124.722184,11.708628],[124.729164,11.710534],[124.727756,11.721066],[124.725891,11.716866],[124.715909,11.726316],[124.719372,11.729181],[124.725632,11.726128],[124.72716,11.732789],[124.733025,11.727403],[124.7301,11.723786],[124.732614,11.716658],[124.736491,11.714722],[124.73995,11.716906],[124.743878,11.70919],[124.735017,11.709749],[124.741693,11.704595],[124.739371,11.700796],[124.745471,11.70298],[124.749843,11.69287],[124.751369,11.700133],[124.757131,11.695022],[124.754829,11.686099],[124.753004,11.687429],[124.750959,11.683526],[124.757511,11.684487],[124.755501,11.675882],[124.763238,11.679564],[124.761565,11.68202],[124.764721,11.683511],[124.762198,11.686327],[124.769139,11.685809],[124.774182,11.691272],[124.783547,11.689474],[124.778591,11.679424],[124.770167,11.677971],[124.767284,11.669319],[124.769282,11.666801],[124.77874,11.66983],[124.786939,11.663131],[124.783612,11.656727],[124.787522,11.656862],[124.787868,11.654041],[124.793173,11.655731],[124.800459,11.646346],[124.807397,11.645051],[124.800767,11.642408],[124.79154,11.630041],[124.795575,11.621569],[124.787493,11.620823],[124.788041,11.614424],[124.795635,11.612998],[124.790954,11.609908],[124.796127,11.607417],[124.795033,11.600041],[124.80259,11.599726],[124.800045,11.608851],[124.80601,11.609737],[124.810334,11.608876],[124.813648,11.602386],[124.819355,11.603046],[124.822293,11.607123],[124.826197,11.60597],[124.825343,11.601064],[124.82885,11.59747],[124.834003,11.604301],[124.841984,11.605152],[124.843847,11.601407],[124.850165,11.599962],[124.83875,11.593745],[124.834847,11.587612],[124.836856,11.584615],[124.830743,11.580221],[124.83157,11.575221],[124.839375,11.575319],[124.839136,11.571491],[124.834355,11.571014],[124.838037,11.565747],[124.832896,11.558172],[124.837293,11.556777],[124.835056,11.553474],[124.839173,11.549468],[124.838146,11.544101],[124.823516,11.53],[124.822079,11.532612],[124.816993,11.531205],[124.819745,11.534242],[124.816215,11.534333],[124.81705,11.538645],[124.810857,11.535605],[124.809602,11.54175],[124.804232,11.543275],[124.801653,11.53912],[124.791139,11.548874],[124.794552,11.55393],[124.789732,11.555332],[124.789646,11.559228],[124.804416,11.558698],[124.806361,11.565782],[124.792173,11.569604],[124.78099,11.567859],[124.776635,11.574076],[124.77235,11.574809],[124.770781,11.571724],[124.766073,11.574603],[124.763694,11.582455],[124.767233,11.583313],[124.763127,11.589345],[124.764923,11.5931],[124.76008,11.594412],[124.758017,11.599258],[124.762098,11.600432],[124.761496,11.609484],[124.782388,11.594642],[124.785494,11.59731],[124.782185,11.600784],[124.789569,11.599219],[124.791446,11.601751],[124.773615,11.620531],[124.769661,11.623485],[124.764693,11.621865],[124.762593,11.624297],[124.767685,11.623961],[124.768604,11.627796],[124.760628,11.629519],[124.756492,11.639923],[124.749899,11.642503],[124.748999,11.650665],[124.741051,11.650356],[124.741525,11.643969],[124.736915,11.639658],[124.738674,11.656311],[124.735187,11.663113],[124.731988,11.662396],[124.731052,11.676632],[124.724417,11.663204],[124.720332,11.667189],[124.720242,11.67306],[124.716709,11.673867],[124.723,11.674401],[124.724714,11.695927],[124.71688,11.705963],[124.712158,11.697905],[124.70891,11.698258],[124.706014,11.713334]]],[[[124.833744,11.638145],[124.833699,11.636563],[124.832759,11.637315],[124.833744,11.638145]]],[[[124.88768,11.642107],[124.882063,11.640378],[124.881192,11.642921],[124.887167,11.646445],[124.88768,11.642107]]],[[[124.865209,11.685777],[124.858873,11.67721],[124.870805,11.674005],[124.8845,11.684619],[124.890925,11.678635],[124.889661,11.671004],[124.894779,11.671393],[124.89298,11.667826],[124.895132,11.665485],[124.88873,11.664351],[124.890001,11.658745],[124.887943,11.663467],[124.883127,11.661384],[124.882644,11.656552],[124.877001,11.65754],[124.870979,11.648236],[124.878711,11.639678],[124.877077,11.631994],[124.882224,11.624635],[124.873836,11.628076],[124.874748,11.621571],[124.861018,11.619563],[124.862066,11.622293],[124.855474,11.629228],[124.849492,11.629655],[124.845607,11.635799],[124.840452,11.628157],[124.834594,11.633259],[124.841692,11.64034],[124.830958,11.658993],[124.833134,11.667194],[124.839037,11.663643],[124.840383,11.66745],[124.826096,11.678131],[124.827973,11.684207],[124.820019,11.684996],[124.826088,11.691136],[124.821796,11.709369],[124.831061,11.704746],[124.827731,11.700618],[124.831962,11.693227],[124.840825,11.691291],[124.846002,11.68498],[124.853483,11.686872],[124.856616,11.693217],[124.86124,11.691501],[124.865209,11.685777]]],[[[124.780898,11.673721],[124.782848,11.670562],[124.779109,11.672627],[124.780898,11.673721]]],[[[124.898958,11.686555],[124.897401,11.685262],[124.896699,11.685283],[124.898958,11.686555]]],[[[124.90712,11.698938],[124.901174,11.687034],[124.899004,11.690068],[124.90712,11.698938]]],[[[124.870546,11.714971],[124.883124,11.704476],[124.888154,11.69504],[124.879257,11.704528],[124.874816,11.704195],[124.869648,11.711751],[124.870546,11.714971]]],[[[125.247339,11.122475],[125.243427,11.095022],[125.23529,11.085928],[125.209292,11.098094],[125.207268,11.106944],[125.212071,11.106944],[125.211802,11.109338],[125.209925,11.114309],[125.204329,11.116818],[125.212307,11.116127],[125.209843,11.121029],[125.201669,11.1247],[125.206909,11.124351],[125.208935,11.12737],[125.202266,11.134233],[125.204592,11.142644],[125.200273,11.146768],[125.19868,11.160019],[125.195063,11.162219],[125.19482,11.182608],[125.189564,11.191481],[125.179048,11.198569],[125.182457,11.214136],[125.176177,11.215575],[125.173525,11.220343],[125.178832,11.225379],[125.174985,11.227382],[125.177148,11.234172],[125.167283,11.249213],[125.167928,11.255145],[125.153672,11.268283],[125.15105,11.275356],[125.140635,11.281302],[125.124427,11.284243],[125.097838,11.279153],[125.085817,11.279753],[125.069129,11.286412],[125.071722,11.282526],[125.066229,11.27787],[125.047237,11.281532],[125.029637,11.274682],[125.013666,11.277098],[125.007259,11.27211],[125.008245,11.267897],[125.004993,11.267874],[124.999908,11.269756],[124.997892,11.277137],[124.988571,11.285627],[124.978403,11.283599],[124.976697,11.289487],[124.980662,11.291774],[124.978451,11.294017],[124.979912,11.300109],[124.973949,11.309241],[124.973086,11.32251],[124.985895,11.335836],[124.984684,11.341872],[124.997169,11.351966],[124.992717,11.357951],[124.993907,11.369195],[124.986697,11.377167],[124.987191,11.384252],[124.993636,11.388878],[124.989043,11.387569],[124.985384,11.390253],[124.988325,11.41586],[124.984165,11.420435],[124.994958,11.423764],[124.996522,11.427492],[124.984517,11.42424],[124.978931,11.429725],[124.96411,11.43151],[124.964886,11.447045],[124.960842,11.453988],[124.948016,11.45493],[124.940649,11.448706],[124.935176,11.454134],[124.916303,11.461416],[124.916629,11.465517],[124.91027,11.470798],[124.902336,11.470666],[124.902909,11.481681],[124.898847,11.494833],[124.902722,11.493134],[124.906486,11.497041],[124.894162,11.50942],[124.894103,11.505567],[124.890542,11.508047],[124.887444,11.506195],[124.891657,11.504688],[124.891608,11.499284],[124.889335,11.49943],[124.891862,11.497693],[124.889468,11.497612],[124.892857,11.494676],[124.883493,11.480541],[124.890875,11.476213],[124.886322,11.471965],[124.890479,11.463293],[124.888489,11.462725],[124.883085,11.465099],[124.879025,11.472825],[124.859848,11.463642],[124.840298,11.465541],[124.837565,11.47553],[124.830034,11.475415],[124.833292,11.476151],[124.831021,11.481667],[124.834413,11.484167],[124.830802,11.485201],[124.826409,11.493303],[124.822351,11.491058],[124.82232,11.49694],[124.831699,11.498439],[124.819032,11.515891],[124.823638,11.511435],[124.826713,11.513645],[124.832688,11.511257],[124.832229,11.517619],[124.83597,11.519775],[124.830385,11.52542],[124.835555,11.525969],[124.835385,11.531374],[124.841628,11.531533],[124.839304,11.538824],[124.844093,11.536042],[124.847971,11.541706],[124.852875,11.540424],[124.850784,11.544199],[124.855865,11.543187],[124.860206,11.547161],[124.866487,11.543639],[124.874727,11.532284],[124.8799,11.535593],[124.885614,11.532826],[124.893664,11.53873],[124.896221,11.544069],[124.894331,11.554406],[124.887412,11.555834],[124.88524,11.55023],[124.881716,11.559289],[124.877098,11.558481],[124.876771,11.56856],[124.880178,11.568405],[124.881234,11.577001],[124.885755,11.573975],[124.888487,11.578987],[124.896227,11.573141],[124.90384,11.575526],[124.905216,11.579085],[124.926634,11.567066],[124.937276,11.573968],[124.944112,11.571174],[124.953399,11.573091],[124.95818,11.580883],[124.962979,11.582799],[124.958048,11.585676],[124.958041,11.597409],[124.967535,11.600823],[124.970823,11.607864],[124.984979,11.616965],[124.987494,11.617602],[124.990002,11.611822],[124.993784,11.614515],[124.994555,11.622002],[124.989658,11.627288],[124.988832,11.638585],[124.986061,11.638624],[124.97815,11.652893],[124.974723,11.654147],[124.978001,11.660776],[124.973933,11.663993],[124.973044,11.669786],[124.981386,11.680819],[124.99291,11.686142],[125.001273,11.695045],[125.005728,11.694299],[125.004532,11.699831],[125.015023,11.71136],[125.021019,11.711079],[125.017895,11.718043],[125.028755,11.735403],[125.035826,11.736707],[125.040716,11.725485],[125.038684,11.742723],[125.042203,11.744778],[125.043265,11.752147],[125.031122,11.765936],[125.022387,11.76553],[125.012924,11.778487],[125.000044,11.77525],[124.9961,11.779661],[124.973399,11.772391],[124.972255,11.767916],[124.96445,11.764759],[124.959893,11.767301],[124.956754,11.760271],[124.946137,11.759695],[124.935804,11.754581],[124.934829,11.750332],[124.919796,11.747398],[124.918373,11.742811],[124.908644,11.740831],[124.900927,11.755546],[124.892694,11.750743],[124.885836,11.753413],[124.885151,11.762437],[124.878734,11.775572],[124.8801,11.779115],[124.872252,11.785077],[124.869044,11.781571],[124.85785,11.790741],[124.863998,11.790057],[124.865958,11.792731],[124.862348,11.802782],[124.854379,11.805091],[124.858522,11.808924],[124.857903,11.812864],[124.838768,11.8156],[124.835843,11.808498],[124.839679,11.80191],[124.834652,11.794947],[124.829199,11.795335],[124.830953,11.799222],[124.8288,11.804202],[124.825634,11.801775],[124.826352,11.810043],[124.820775,11.810643],[124.824049,11.8152],[124.830316,11.812243],[124.838667,11.815701],[124.835887,11.830416],[124.824538,11.835423],[124.820743,11.845241],[124.812977,11.845254],[124.814986,11.840545],[124.809544,11.844874],[124.795907,11.847914],[124.805328,11.849912],[124.797911,11.858704],[124.783928,11.862167],[124.776173,11.859942],[124.775082,11.862496],[124.787511,11.864963],[124.786688,11.871287],[124.792004,11.868241],[124.792002,11.871212],[124.798852,11.870835],[124.789519,11.87374],[124.788988,11.877308],[124.785188,11.875688],[124.776824,11.879115],[124.784461,11.888253],[124.786111,11.88481],[124.794599,11.884563],[124.799836,11.887931],[124.793189,11.889958],[124.795075,11.89277],[124.790969,11.894942],[124.791914,11.899069],[124.786569,11.900733],[124.78931,11.904133],[124.796726,11.904828],[124.799472,11.9003],[124.80264,11.901887],[124.806794,11.888238],[124.816387,11.887749],[124.81698,11.882847],[124.821932,11.887697],[124.823963,11.883796],[124.823585,11.890073],[124.814653,11.891079],[124.810336,11.895291],[124.807592,11.901052],[124.812858,11.901206],[124.80969,11.906456],[124.80146,11.907243],[124.802807,11.911428],[124.790285,11.91319],[124.788705,11.909745],[124.785751,11.912523],[124.784002,11.908658],[124.778288,11.910202],[124.776833,11.90689],[124.779527,11.905368],[124.77097,11.908018],[124.773127,11.90296],[124.776996,11.901985],[124.775896,11.899712],[124.766151,11.905556],[124.764347,11.903395],[124.767615,11.897883],[124.756623,11.8986],[124.753446,11.903914],[124.748509,11.901624],[124.751467,11.898341],[124.748012,11.896542],[124.737234,11.896512],[124.738447,11.899948],[124.745416,11.901145],[124.746186,11.907875],[124.742612,11.911033],[124.749759,11.914944],[124.742169,11.926678],[124.744711,11.930592],[124.732656,11.929117],[124.72299,11.938777],[124.72637,11.944291],[124.723888,11.946185],[124.713603,11.945137],[124.711339,11.941917],[124.702365,11.948232],[124.701358,11.954561],[124.696287,11.954309],[124.695483,11.957542],[124.70073,11.958053],[124.691454,11.962474],[124.686508,11.976529],[124.692875,11.98184],[124.697038,11.97988],[124.700785,11.980725],[124.695777,11.98123],[124.690923,11.988273],[124.690236,12.003768],[124.694345,12.006813],[124.691655,12.010178],[124.683315,12.010728],[124.649417,12.043323],[124.635179,12.05254],[124.616581,12.056536],[124.594274,12.065974],[124.592889,12.063688],[124.597557,12.06322],[124.591825,12.06338],[124.592558,12.059942],[124.591518,12.061315],[124.591654,12.064576],[124.566385,12.066567],[124.551276,12.060215],[124.535743,12.058264],[124.536832,12.064384],[124.527896,12.063509],[124.522217,12.075746],[124.514538,12.074569],[124.511974,12.082714],[124.500189,12.083191],[124.503906,12.090716],[124.499763,12.095212],[124.486318,12.103308],[124.482804,12.100206],[124.479591,12.108965],[124.475088,12.108483],[124.477278,12.111419],[124.473253,12.112509],[124.472612,12.122326],[124.468235,12.12477],[124.466746,12.131757],[124.459296,12.138454],[124.450665,12.137548],[124.453904,12.139738],[124.45399,12.144681],[124.444468,12.159284],[124.438773,12.163597],[124.433255,12.163507],[124.426518,12.169871],[124.418922,12.167183],[124.419911,12.173592],[124.416345,12.18025],[124.390456,12.195107],[124.383516,12.21779],[124.378602,12.222841],[124.366725,12.256283],[124.363204,12.258336],[124.355186,12.28789],[124.34572,12.291515],[124.347233,12.298891],[124.338374,12.314784],[124.344544,12.320797],[124.338342,12.32828],[124.333173,12.348028],[124.33576,12.351511],[124.334672,12.366431],[124.340978,12.376099],[124.335583,12.382016],[124.331776,12.374871],[124.32835,12.380324],[124.326487,12.385989],[124.328741,12.390059],[124.322733,12.403733],[124.322054,12.427265],[124.310338,12.438945],[124.316337,12.444991],[124.308696,12.443837],[124.301917,12.455078],[124.29042,12.460692],[124.289313,12.465164],[124.284621,12.467254],[124.28236,12.478191],[124.28688,12.488141],[124.281355,12.495138],[124.28176,12.501561],[124.284803,12.503677],[124.282458,12.517499],[124.271029,12.527663],[124.270434,12.535341],[124.260968,12.5491],[124.265046,12.562005],[124.272901,12.56524],[124.270269,12.571358],[124.279939,12.582836],[124.289147,12.584061],[124.297302,12.574786],[124.299576,12.562596],[124.303294,12.55993],[124.308312,12.563448],[124.317282,12.559093],[124.319328,12.554654],[124.314808,12.555962],[124.31379,12.552933],[124.317553,12.550866],[124.325306,12.555103],[124.324652,12.543434],[124.329304,12.535263],[124.33651,12.537933],[124.335739,12.540801],[124.338843,12.538478],[124.340289,12.546516],[124.345314,12.545724],[124.352518,12.536428],[124.357056,12.538128],[124.357895,12.552044],[124.354414,12.550875],[124.355459,12.556459],[124.365729,12.552937],[124.372319,12.555844],[124.377774,12.555292],[124.380653,12.552876],[124.378208,12.550431],[124.37198,12.555188],[124.371763,12.548906],[124.376173,12.544765],[124.379407,12.549547],[124.381533,12.545569],[124.388043,12.543973],[124.392575,12.549968],[124.387679,12.561688],[124.391118,12.566758],[124.399572,12.559238],[124.4059,12.561151],[124.406749,12.556966],[124.399964,12.549203],[124.407795,12.547054],[124.414853,12.549225],[124.420807,12.545164],[124.423417,12.5335],[124.428977,12.530135],[124.436003,12.536118],[124.444719,12.531881],[124.445745,12.534401],[124.454799,12.533749],[124.457605,12.541007],[124.461876,12.540088],[124.466678,12.546011],[124.466528,12.534668],[124.459084,12.529821],[124.46396,12.520972],[124.470164,12.525922],[124.474245,12.537265],[124.477307,12.536653],[124.481871,12.527369],[124.485418,12.533807],[124.494442,12.533769],[124.500003,12.525935],[124.512381,12.51935],[124.523945,12.523684],[124.53267,12.521518],[124.538179,12.526921],[124.554376,12.52396],[124.564679,12.530832],[124.561066,12.530622],[124.561686,12.534141],[124.586242,12.522039],[124.642504,12.507549],[124.654726,12.511258],[124.655863,12.515785],[124.658706,12.514587],[124.660626,12.518006],[124.670459,12.509252],[124.676062,12.508649],[124.695678,12.514904],[124.705801,12.512446],[124.711068,12.517199],[124.71941,12.51449],[124.750377,12.517356],[124.765198,12.528251],[124.775578,12.527854],[124.798268,12.542392],[124.805508,12.533632],[124.815676,12.530727],[124.828924,12.52857],[124.85757,12.532978],[124.859239,12.530934],[124.878378,12.550261],[124.882696,12.565009],[124.874572,12.574987],[124.858373,12.5813],[124.858721,12.58462],[124.875849,12.577296],[124.886617,12.577939],[124.89028,12.571616],[124.900542,12.567439],[124.911911,12.566631],[124.930271,12.566876],[124.941059,12.570511],[124.945537,12.575769],[124.953615,12.578529],[124.956491,12.584111],[124.961968,12.58196],[124.959346,12.575912],[124.964256,12.564141],[124.961098,12.55915],[124.975294,12.549513],[124.97518,12.55266],[124.982446,12.550898],[124.993687,12.554738],[125.008223,12.566128],[125.01001,12.562455],[125.013043,12.564609],[125.020662,12.549625],[125.023334,12.536189],[125.028438,12.530239],[125.03464,12.534825],[125.041206,12.5313],[125.040616,12.535187],[125.048452,12.542586],[125.060762,12.546705],[125.063521,12.546619],[125.052327,12.541917],[125.072517,12.53558],[125.081413,12.540773],[125.079437,12.545135],[125.082575,12.551885],[125.079426,12.553146],[125.078462,12.559537],[125.081008,12.56013],[125.072001,12.569028],[125.07718,12.570926],[125.073215,12.573685],[125.072817,12.578822],[125.080653,12.577338],[125.08697,12.582448],[125.099514,12.581847],[125.101497,12.570097],[125.107021,12.569461],[125.110963,12.563444],[125.142306,12.574265],[125.141135,12.580964],[125.145339,12.584826],[125.151587,12.574037],[125.154127,12.575035],[125.161608,12.567487],[125.178439,12.559584],[125.19951,12.536973],[125.210628,12.534128],[125.214256,12.523306],[125.219637,12.523632],[125.221872,12.528825],[125.224346,12.522186],[125.233655,12.517484],[125.234134,12.513285],[125.24021,12.512981],[125.242274,12.506098],[125.253567,12.499435],[125.255119,12.493251],[125.26759,12.489228],[125.256411,12.478842],[125.258897,12.473915],[125.262545,12.47238],[125.27311,12.478168],[125.291023,12.46845],[125.293525,12.457162],[125.28962,12.451349],[125.289476,12.442379],[125.297537,12.425687],[125.307725,12.414538],[125.314226,12.41165],[125.319202,12.414623],[125.339945,12.405468],[125.333505,12.403385],[125.332155,12.396435],[125.32082,12.401764],[125.317846,12.398324],[125.310956,12.397468],[125.309286,12.39994],[125.307906,12.397502],[125.305594,12.40239],[125.298649,12.396827],[125.305401,12.388939],[125.314451,12.388929],[125.31586,12.386117],[125.298094,12.384453],[125.305897,12.382612],[125.299336,12.376923],[125.297257,12.370338],[125.29816,12.366942],[125.305409,12.363954],[125.303304,12.361129],[125.292294,12.360625],[125.28564,12.355593],[125.286294,12.348809],[125.291438,12.348156],[125.292957,12.344881],[125.286301,12.337136],[125.290552,12.330307],[125.298877,12.327613],[125.306249,12.333843],[125.309469,12.32637],[125.316547,12.332581],[125.320127,12.327805],[125.302838,12.319691],[125.303989,12.313996],[125.297251,12.303885],[125.286717,12.306771],[125.289397,12.303229],[125.287277,12.296535],[125.29382,12.296491],[125.293211,12.290057],[125.309637,12.298951],[125.321408,12.300441],[125.326136,12.31052],[125.329784,12.310508],[125.335239,12.318174],[125.33844,12.316489],[125.338886,12.309024],[125.333396,12.307464],[125.329319,12.298497],[125.339619,12.295096],[125.342167,12.290616],[125.341045,12.282745],[125.336284,12.2739],[125.32832,12.282737],[125.323873,12.283272],[125.317599,12.273062],[125.328942,12.274693],[125.330613,12.271308],[125.338108,12.269327],[125.345946,12.274693],[125.349948,12.285289],[125.357944,12.287791],[125.358442,12.293116],[125.353891,12.298621],[125.356424,12.30546],[125.382428,12.302263],[125.384359,12.298684],[125.380267,12.288519],[125.376054,12.290622],[125.376781,12.292953],[125.368304,12.290721],[125.365235,12.283428],[125.357301,12.277784],[125.367494,12.277201],[125.364966,12.272527],[125.367444,12.270115],[125.374248,12.275278],[125.372547,12.266907],[125.37601,12.264484],[125.385419,12.266266],[125.388095,12.280106],[125.399924,12.279935],[125.404028,12.275951],[125.404626,12.268529],[125.407323,12.27299],[125.411396,12.27201],[125.413595,12.280176],[125.411073,12.284882],[125.417747,12.280148],[125.418065,12.276497],[125.425116,12.277925],[125.431792,12.267487],[125.434952,12.273265],[125.438519,12.273084],[125.44057,12.267031],[125.438001,12.264011],[125.441143,12.26624],[125.452543,12.259396],[125.464135,12.242208],[125.454478,12.230273],[125.45666,12.226865],[125.465727,12.23561],[125.477415,12.231127],[125.485166,12.223311],[125.479416,12.212963],[125.481985,12.208445],[125.486719,12.212237],[125.489082,12.204644],[125.49663,12.20267],[125.489147,12.208458],[125.491699,12.211554],[125.488135,12.216665],[125.491145,12.217784],[125.495256,12.216641],[125.495081,12.211196],[125.499223,12.211096],[125.498827,12.205732],[125.507741,12.204691],[125.516891,12.182739],[125.512727,12.178477],[125.512764,12.172895],[125.507561,12.171513],[125.50718,12.178951],[125.497667,12.18366],[125.495016,12.180845],[125.500725,12.176924],[125.496134,12.169401],[125.488563,12.170076],[125.482206,12.176316],[125.478553,12.174604],[125.479777,12.169746],[125.475703,12.16598],[125.467826,12.166741],[125.465604,12.164237],[125.456948,12.166778],[125.454131,12.16094],[125.456874,12.154143],[125.462587,12.15242],[125.469251,12.155466],[125.470153,12.15116],[125.473904,12.151472],[125.473965,12.145274],[125.464374,12.145112],[125.467669,12.141255],[125.465707,12.137792],[125.457356,12.142118],[125.447903,12.135972],[125.442701,12.137606],[125.436791,12.126637],[125.438816,12.111343],[125.444982,12.101706],[125.460867,12.098345],[125.474862,12.108223],[125.485926,12.102416],[125.489229,12.094374],[125.483996,12.093437],[125.477423,12.097769],[125.477305,12.094474],[125.469556,12.096628],[125.471065,12.092844],[125.4672,12.090612],[125.469678,12.088268],[125.477539,12.090236],[125.478416,12.08759],[125.480043,12.090393],[125.482021,12.083451],[125.4795,12.078088],[125.485104,12.075597],[125.486272,12.080473],[125.496375,12.071395],[125.493107,12.064333],[125.488982,12.065456],[125.490163,12.062902],[125.494813,12.065022],[125.500397,12.05952],[125.507886,12.064505],[125.515689,12.060363],[125.495408,12.046223],[125.491653,12.033339],[125.480023,12.034957],[125.479852,12.029309],[125.487815,12.032499],[125.48632,12.027891],[125.470036,12.014551],[125.460693,11.99886],[125.445328,11.991955],[125.456015,11.993133],[125.448624,11.979911],[125.447603,11.970093],[125.444331,11.970018],[125.444091,11.965389],[125.439368,11.967173],[125.436014,11.958294],[125.43191,11.960235],[125.42623,11.955871],[125.431685,11.95018],[125.43222,11.945144],[125.428638,11.942475],[125.433651,11.936183],[125.422429,11.929678],[125.423133,11.925019],[125.430188,11.923105],[125.424277,11.920848],[125.425301,11.914298],[125.42261,11.912972],[125.429669,11.905298],[125.42014,11.904721],[125.422886,11.900874],[125.420598,11.893366],[125.431063,11.871488],[125.44377,11.869236],[125.43521,11.857665],[125.435397,11.846141],[125.439433,11.84155],[125.435321,11.827331],[125.439061,11.821001],[125.450907,11.814391],[125.45829,11.820252],[125.464656,11.816382],[125.464478,11.806011],[125.473214,11.798289],[125.474089,11.792819],[125.472044,11.783512],[125.462414,11.77227],[125.455763,11.773883],[125.449074,11.770928],[125.445734,11.772782],[125.44488,11.780074],[125.439633,11.781262],[125.44052,11.773985],[125.436053,11.766785],[125.427937,11.776162],[125.428134,11.772136],[125.423735,11.770602],[125.427417,11.765253],[125.41868,11.765815],[125.413927,11.762437],[125.413336,11.75735],[125.41823,11.752494],[125.433395,11.757857],[125.425843,11.74823],[125.437307,11.744788],[125.439171,11.738525],[125.454619,11.758628],[125.461558,11.759227],[125.462954,11.74831],[125.470232,11.735521],[125.461433,11.733617],[125.468621,11.730432],[125.470843,11.721778],[125.479429,11.71316],[125.476757,11.711143],[125.473294,11.713189],[125.470844,11.704439],[125.47527,11.697903],[125.480286,11.698985],[125.482768,11.695023],[125.481719,11.69072],[125.47072,11.68538],[125.474164,11.678885],[125.484277,11.682198],[125.492487,11.671231],[125.483468,11.670515],[125.481996,11.665362],[125.462693,11.674251],[125.461438,11.668368],[125.451896,11.668891],[125.45557,11.660987],[125.448182,11.662852],[125.446354,11.654454],[125.455413,11.65557],[125.455347,11.652114],[125.45095,11.649549],[125.457336,11.650594],[125.463471,11.644373],[125.456665,11.641061],[125.458237,11.636475],[125.454683,11.636488],[125.458957,11.634174],[125.457353,11.629104],[125.453601,11.627104],[125.449168,11.630533],[125.450529,11.627039],[125.439701,11.619645],[125.439095,11.606997],[125.447408,11.607584],[125.441692,11.601537],[125.442075,11.595895],[125.450352,11.588515],[125.454285,11.587545],[125.461021,11.593266],[125.474821,11.590928],[125.469973,11.58386],[125.467433,11.571411],[125.469544,11.556706],[125.473524,11.550152],[125.469561,11.545277],[125.472056,11.545259],[125.479737,11.528593],[125.495184,11.515471],[125.496022,11.507173],[125.501305,11.50233],[125.505919,11.504358],[125.514323,11.49419],[125.514429,11.478484],[125.527623,11.475047],[125.511457,11.469022],[125.50459,11.459173],[125.49602,11.455874],[125.497402,11.45359],[125.493428,11.448268],[125.522965,11.453755],[125.523225,11.450048],[125.528917,11.44666],[125.529183,11.440061],[125.535172,11.435824],[125.544023,11.437914],[125.538609,11.430483],[125.550448,11.420736],[125.547617,11.415382],[125.553009,11.405435],[125.556342,11.403598],[125.561332,11.407343],[125.567019,11.40497],[125.561621,11.398136],[125.5633,11.393238],[125.569422,11.392598],[125.575341,11.398104],[125.584166,11.399076],[125.588028,11.391812],[125.585163,11.387695],[125.590977,11.388121],[125.601292,11.378371],[125.59772,11.372907],[125.604074,11.371091],[125.604989,11.367716],[125.622652,11.368121],[125.632491,11.355887],[125.630071,11.353917],[125.632937,11.351365],[125.632445,11.337011],[125.626619,11.337814],[125.622328,11.334418],[125.622696,11.328539],[125.62642,11.328145],[125.626323,11.325396],[125.618426,11.322925],[125.612689,11.315921],[125.609163,11.307345],[125.611378,11.302329],[125.604411,11.300926],[125.591693,11.291168],[125.573114,11.285975],[125.567456,11.271612],[125.557305,11.269204],[125.556243,11.265083],[125.547021,11.259678],[125.538784,11.240727],[125.543513,11.236344],[125.537757,11.233598],[125.53741,11.223282],[125.534082,11.220229],[125.534066,11.213668],[125.539228,11.213947],[125.535184,11.206416],[125.538014,11.206163],[125.536542,11.201289],[125.533125,11.199296],[125.534593,11.194794],[125.540271,11.195764],[125.540227,11.18874],[125.547474,11.192974],[125.555264,11.181863],[125.559805,11.183056],[125.559552,11.187555],[125.566368,11.186028],[125.567831,11.18118],[125.574261,11.184144],[125.581546,11.18199],[125.581692,11.179296],[125.596092,11.178502],[125.597936,11.180255],[125.589802,11.182497],[125.587697,11.187185],[125.598976,11.188227],[125.604749,11.194699],[125.608654,11.191811],[125.605948,11.190334],[125.611283,11.192476],[125.614883,11.188579],[125.616577,11.19443],[125.613266,11.195965],[125.627716,11.196664],[125.621632,11.198203],[125.614696,11.207313],[125.587776,11.225411],[125.588335,11.228602],[125.596723,11.232478],[125.611346,11.228613],[125.624456,11.221233],[125.629507,11.214071],[125.651951,11.206739],[125.665131,11.1982],[125.685645,11.166601],[125.688732,11.143655],[125.695387,11.131239],[125.720853,11.105302],[125.750324,11.065143],[125.750111,11.060052],[125.760251,11.044622],[125.761328,11.021085],[125.754028,11.015861],[125.75532,11.010733],[125.745609,11.013465],[125.751435,11.012158],[125.749656,11.014283],[125.751985,11.014225],[125.752556,11.016472],[125.751442,11.015218],[125.7481,11.017255],[125.738066,11.016048],[125.726899,11.026553],[125.723853,11.023881],[125.725986,11.027437],[125.71813,11.028811],[125.721715,11.031355],[125.713079,11.036407],[125.714565,11.045696],[125.70534,11.056402],[125.701558,11.067827],[125.690513,11.068055],[125.686989,11.077424],[125.678803,11.077751],[125.672751,11.082946],[125.673201,11.088569],[125.683117,11.093891],[125.687946,11.093138],[125.698748,11.108474],[125.691466,11.10776],[125.665351,11.116722],[125.66276,11.122812],[125.658062,11.122184],[125.663236,11.126868],[125.661849,11.13286],[125.666421,11.135938],[125.665483,11.140061],[125.660498,11.142384],[125.636989,11.13643],[125.618482,11.128343],[125.616421,11.122096],[125.591957,11.116099],[125.578577,11.107013],[125.574349,11.108845],[125.575476,11.117147],[125.571062,11.117238],[125.571614,11.122543],[125.566932,11.122731],[125.569116,11.127812],[125.565673,11.124956],[125.558884,11.12673],[125.562725,11.128434],[125.562481,11.131583],[125.567375,11.13181],[125.56662,11.141501],[125.572491,11.14984],[125.560855,11.152149],[125.553134,11.147678],[125.554979,11.14309],[125.550875,11.149712],[125.543085,11.153151],[125.539614,11.150419],[125.534724,11.152355],[125.52879,11.147341],[125.532612,11.133114],[125.531358,11.133202],[125.530995,11.131849],[125.529343,11.131313],[125.531263,11.13462],[125.526198,11.134051],[125.527469,11.131873],[125.52253,11.127288],[125.52504,11.132933],[125.522831,11.13316],[125.523624,11.142994],[125.516867,11.13185],[125.516549,11.117002],[125.520333,11.112108],[125.512816,11.101364],[125.517273,11.089382],[125.511805,11.087477],[125.511326,11.081447],[125.501899,11.085467],[125.501331,11.092919],[125.49066,11.102299],[125.482948,11.0939],[125.48134,11.102181],[125.485136,11.101939],[125.489247,11.110594],[125.479577,11.105491],[125.476415,11.107478],[125.479338,11.114327],[125.467237,11.117124],[125.461902,11.12606],[125.458444,11.117994],[125.452354,11.121648],[125.448883,11.117847],[125.451927,11.10997],[125.449676,11.10795],[125.456814,11.103458],[125.454583,11.098782],[125.450562,11.100698],[125.447298,11.098603],[125.440507,11.105572],[125.439684,11.11126],[125.436831,11.108819],[125.434963,11.111418],[125.436341,11.104553],[125.43269,11.091532],[125.415706,11.088128],[125.407395,11.081845],[125.401327,11.092732],[125.407373,11.09973],[125.400651,11.099971],[125.383671,11.109069],[125.379285,11.105625],[125.378442,11.100036],[125.373256,11.100003],[125.365923,11.108745],[125.367838,11.109691],[125.363061,11.110821],[125.364684,11.114497],[125.360666,11.119292],[125.342996,11.120576],[125.338724,11.124208],[125.333314,11.121986],[125.334897,11.118907],[125.332206,11.11519],[125.329118,11.117976],[125.318413,11.116692],[125.314931,11.119409],[125.319338,11.12733],[125.310174,11.124545],[125.305922,11.131743],[125.301808,11.132976],[125.301585,11.137436],[125.296327,11.138412],[125.298105,11.142762],[125.278698,11.138064],[125.274523,11.13385],[125.273646,11.138384],[125.266458,11.136518],[125.25932,11.129181],[125.257731,11.119003],[125.251507,11.117599],[125.247339,11.122475]]],[[[124.760305,11.732642],[124.757522,11.726057],[124.766142,11.729078],[124.7711,11.72651],[124.776148,11.730378],[124.778897,11.725772],[124.771948,11.718999],[124.771034,11.7111],[124.776347,11.710145],[124.774454,11.702865],[124.765625,11.70061],[124.766303,11.697729],[124.755235,11.704222],[124.752568,11.701475],[124.747014,11.71223],[124.74748,11.716008],[124.753079,11.711297],[124.749053,11.718321],[124.7519,11.723109],[124.749438,11.723213],[124.749924,11.72645],[124.755448,11.725971],[124.756064,11.729606],[124.745752,11.734259],[124.745631,11.738496],[124.754154,11.738635],[124.760305,11.732642]]],[[[124.877267,11.736371],[124.873419,11.741328],[124.87344,11.745497],[124.876509,11.745499],[124.877267,11.736371]]],[[[124.897602,11.743642],[124.896133,11.748037],[124.897562,11.74909],[124.897602,11.743642]]],[[[124.872465,11.746769],[124.869264,11.750133],[124.869362,11.750988],[124.87231,11.749851],[124.872465,11.746769]]],[[[124.798785,11.794729],[124.798501,11.794094],[124.797322,11.794384],[124.798785,11.794729]]],[[[124.802089,11.796733],[124.806048,11.79844],[124.806543,11.797893],[124.803891,11.795192],[124.802089,11.796733]]],[[[124.743053,11.813735],[124.738911,11.809396],[124.737085,11.820718],[124.743053,11.813735]]],[[[124.817248,11.81793],[124.81917,11.818],[124.818608,11.816608],[124.817248,11.81793]]],[[[124.779543,11.888047],[124.778799,11.89107],[124.782182,11.890593],[124.782548,11.889905],[124.779543,11.888047]]],[[[125.073512,9.895222],[125.067436,9.907633],[125.073794,9.922802],[125.060801,9.953131],[125.060424,9.964785],[125.068169,9.959709],[125.079862,9.932971],[125.078585,9.899875],[125.073512,9.895222]]],[[[125.11635,10.112752],[125.117525,10.132748],[125.120727,10.13861],[125.116035,10.145338],[125.116751,10.158441],[125.123253,10.15678],[125.128683,10.162415],[125.164302,10.133468],[125.182467,10.135389],[125.188592,10.130557],[125.202734,10.126695],[125.212265,10.128388],[125.222943,10.093698],[125.234247,10.079808],[125.23362,10.073233],[125.245025,10.048751],[125.243904,10.042689],[125.265727,10.008724],[125.280213,9.994577],[125.27208,9.969872],[125.295641,9.938406],[125.299069,9.925965],[125.289333,9.913358],[125.265156,9.909355],[125.255725,9.913996],[125.247531,9.936529],[125.248245,9.947817],[125.237743,9.962672],[125.231091,9.965125],[125.223297,9.962733],[125.221234,9.972935],[125.209914,9.985468],[125.200756,10.011918],[125.190829,10.022472],[125.18656,10.037019],[125.18071,10.043169],[125.156014,10.056402],[125.134843,10.061742],[125.134495,10.069099],[125.122862,10.087085],[125.124531,10.092183],[125.11635,10.112752]]],[[[125.220343,10.425275],[125.216521,10.433312],[125.225809,10.432789],[125.228502,10.429435],[125.223967,10.424857],[125.220343,10.425275]]],[[[125.228791,10.473523],[125.224355,10.462431],[125.232412,10.445109],[125.224598,10.45393],[125.221492,10.463112],[125.222231,10.472538],[125.228791,10.473523]]],[[[125.031374,10.726951],[125.024658,10.733435],[125.025392,10.736445],[125.031374,10.726951]]],[[[125.469622,11.115804],[125.4691,11.112138],[125.46791,11.112388],[125.469622,11.115804]]],[[[125.013914,11.152359],[125.015955,11.151481],[125.015799,11.150745],[125.013914,11.152359]]],[[[125.046906,11.215624],[125.047995,11.216416],[125.048017,11.214951],[125.046906,11.215624]]],[[[125.074392,11.269224],[125.085239,11.258151],[125.085238,11.254474],[125.075513,11.258313],[125.070752,11.265254],[125.074392,11.269224]]],[[[124.972773,11.300008],[124.972198,11.303181],[124.973732,11.300753],[124.972773,11.300008]]],[[[124.97083,11.304798],[124.971228,11.30593],[124.971505,11.305065],[124.97083,11.304798]]],[[[124.971614,11.321552],[124.972604,11.320735],[124.972119,11.32035],[124.971614,11.321552]]],[[[124.974039,11.336346],[124.973334,11.336934],[124.975282,11.337383],[124.974039,11.336346]]],[[[124.977144,11.341648],[124.97853,11.339552],[124.975676,11.33836],[124.975372,11.33969],[124.977144,11.341648]]],[[[124.990389,11.362205],[124.989222,11.357377],[124.987584,11.363205],[124.990389,11.362205]]],[[[124.980044,11.361174],[124.978414,11.361203],[124.98074,11.362048],[124.980044,11.361174]]],[[[124.986318,11.362875],[124.986445,11.361937],[124.985381,11.362067],[124.986318,11.362875]]],[[[124.981111,11.362847],[124.98058,11.364224],[124.981205,11.364257],[124.981111,11.362847]]],[[[124.978831,11.363339],[124.978269,11.365326],[124.979721,11.365843],[124.978831,11.363339]]],[[[124.986254,11.36496],[124.98673,11.367735],[124.98749,11.364992],[124.986254,11.36496]]],[[[124.988837,11.363795],[124.987225,11.368691],[124.988505,11.369514],[124.991625,11.365517],[124.988837,11.363795]]],[[[124.986874,11.388717],[124.984211,11.386751],[124.983417,11.388841],[124.986874,11.388717]]],[[[124.959919,11.422973],[124.9667,11.41387],[124.971862,11.415404],[124.974818,11.40923],[124.97076,11.409771],[124.970044,11.406697],[124.975024,11.406536],[124.975885,11.409251],[124.979878,11.403217],[124.969491,11.39294],[124.958024,11.394471],[124.952605,11.40127],[124.956502,11.407049],[124.956387,11.413045],[124.952253,11.418743],[124.959919,11.422973]]],[[[124.983788,11.410089],[124.985364,11.410406],[124.984662,11.408744],[124.983788,11.410089]]],[[[124.969656,11.417776],[124.969702,11.422224],[124.974593,11.420966],[124.973521,11.417732],[124.969656,11.417776]]],[[[124.986775,11.422737],[124.983909,11.421586],[124.984532,11.422222],[124.986775,11.422737]]],[[[124.966095,11.425433],[124.967012,11.423795],[124.965737,11.425297],[124.966095,11.425433]]],[[[125.477551,11.858671],[125.479276,11.853228],[125.475726,11.849558],[125.466371,11.855517],[125.453242,11.850613],[125.450167,11.855998],[125.453265,11.859565],[125.461336,11.856606],[125.468082,11.862286],[125.477551,11.858671]]],[[[125.458316,11.869226],[125.457104,11.862463],[125.452072,11.864084],[125.458316,11.869226]]],[[[125.470637,11.878794],[125.469118,11.87624],[125.464842,11.877616],[125.467678,11.880699],[125.470637,11.878794]]],[[[125.048573,12.545854],[125.039098,12.536415],[125.03401,12.53721],[125.027037,12.532143],[125.019144,12.560997],[125.025702,12.556381],[125.029137,12.556186],[125.02769,12.55154],[125.030776,12.548319],[125.048573,12.545854]]],[[[125.053211,12.551781],[125.052627,12.548702],[125.049884,12.546848],[125.049287,12.550226],[125.053211,12.551781]]],[[[125.049006,12.547928],[125.045072,12.548269],[125.046075,12.551415],[125.048693,12.551065],[125.049006,12.547928]]],[[[125.060789,12.553925],[125.063258,12.561285],[125.068417,12.562199],[125.062883,12.549085],[125.055895,12.547777],[125.057293,12.552919],[125.060789,12.553925]]],[[[125.019905,12.567761],[125.019065,12.567006],[125.019182,12.568022],[125.019905,12.567761]]],[[[125.128219,12.577818],[125.127872,12.579147],[125.128876,12.57785],[125.128219,12.577818]]],[[[125.14381,12.601816],[125.148823,12.589397],[125.142158,12.585085],[125.136162,12.598898],[125.14381,12.601816]]],[[[125.062314,12.5791],[125.06866,12.574695],[125.069802,12.569984],[125.059864,12.564203],[125.059136,12.557941],[125.053883,12.552996],[125.048238,12.55161],[125.043992,12.556115],[125.029745,12.552855],[125.029706,12.556874],[125.019762,12.563259],[125.021195,12.568159],[125.017216,12.56789],[125.016068,12.565371],[125.003853,12.572299],[125.006387,12.5843],[124.999878,12.587744],[125.000987,12.606028],[124.990929,12.614733],[124.99021,12.618113],[124.994747,12.621423],[124.9897,12.630347],[124.988988,12.641954],[125.000841,12.638848],[125.01102,12.625143],[125.016287,12.612444],[125.011095,12.605887],[125.016181,12.599986],[125.015728,12.595466],[125.021621,12.595975],[125.025554,12.590022],[125.02888,12.591157],[125.039334,12.58351],[125.052607,12.589173],[125.055548,12.585326],[125.059444,12.586343],[125.062314,12.5791]]],[[[125.086532,12.629431],[125.087964,12.621551],[125.082776,12.622499],[125.081686,12.629552],[125.086532,12.629431]]],[[[125.053348,12.627759],[125.053761,12.62932],[125.054868,12.628875],[125.053348,12.627759]]],[[[125.064988,12.684548],[125.074227,12.663001],[125.069737,12.64875],[125.07594,12.640515],[125.074251,12.621419],[125.079727,12.621332],[125.085735,12.615568],[125.088986,12.619414],[125.088609,12.602382],[125.070611,12.60396],[125.067987,12.607559],[125.055812,12.604592],[125.050867,12.612362],[125.046699,12.610835],[125.033277,12.620047],[125.039335,12.624845],[125.053061,12.622453],[125.050758,12.627292],[125.055996,12.62585],[125.060103,12.63681],[125.047667,12.642577],[125.045648,12.647662],[125.028671,12.649841],[125.028013,12.658241],[125.037308,12.665224],[125.030156,12.666875],[125.030576,12.671843],[125.037237,12.68218],[125.048307,12.680803],[125.053567,12.684219],[125.064988,12.684548]]],[[[125.007605,12.660632],[125.010719,12.64093],[125.000622,12.641721],[124.990408,12.648126],[124.988391,12.657734],[124.994067,12.657881],[124.99825,12.663523],[125.007605,12.660632]]],[[[125.698625,10.822425],[125.724869,10.805045],[125.727632,10.797595],[125.722805,10.785056],[125.713796,10.777791],[125.713992,10.76804],[125.71048,10.761792],[125.71972,10.753091],[125.718562,10.746038],[125.733822,10.739858],[125.762963,10.73719],[125.782823,10.739128],[125.811263,10.730782],[125.819967,10.717942],[125.811204,10.702919],[125.810787,10.696652],[125.798081,10.690398],[125.781241,10.693203],[125.763194,10.688016],[125.752116,10.689194],[125.744063,10.69377],[125.725179,10.717729],[125.697504,10.724898],[125.695736,10.730461],[125.702409,10.736127],[125.686847,10.737347],[125.670189,10.744399],[125.659545,10.761548],[125.663077,10.775369],[125.660129,10.77601],[125.658621,10.781642],[125.660576,10.791111],[125.679877,10.813878],[125.692534,10.823615],[125.698625,10.822425]]],[[[125.959133,10.775809],[125.96918,10.753725],[125.966856,10.746819],[125.951142,10.75609],[125.948226,10.764847],[125.937706,10.769636],[125.959133,10.775809]]],[[[125.937445,10.773598],[125.937126,10.770395],[125.935819,10.77242],[125.937445,10.773598]]],[[[125.952286,10.776136],[125.951529,10.774568],[125.95094,10.774918],[125.952286,10.776136]]],[[[125.952903,10.776659],[125.952589,10.777469],[125.953668,10.77719],[125.952903,10.776659]]],[[[125.647775,10.784791],[125.651814,10.785458],[125.643824,10.777856],[125.647775,10.784791]]],[[[125.840089,10.921714],[125.837967,10.913881],[125.837138,10.921134],[125.829788,10.929977],[125.836674,10.931112],[125.840089,10.921714]]],[[[125.834903,10.933746],[125.826634,10.934136],[125.825421,10.93777],[125.831803,10.939496],[125.834903,10.933746]]],[[[125.771536,11.032256],[125.79595,11.005728],[125.808671,10.982607],[125.826001,10.969983],[125.837716,10.943047],[125.835777,10.938544],[125.83135,10.940529],[125.824733,10.93865],[125.812659,10.966652],[125.790945,10.994171],[125.788089,10.993067],[125.7632,11.014265],[125.764192,11.031306],[125.771536,11.032256]]],[[[125.61679,10.997629],[125.618741,11.003658],[125.627154,11.005811],[125.652004,11.004207],[125.656254,10.988124],[125.65147,10.980058],[125.637035,10.974917],[125.617991,10.987467],[125.615937,10.991688],[125.619411,10.995562],[125.61679,10.997629]]],[[[125.642259,11.008604],[125.644161,11.007482],[125.64216,11.008306],[125.642259,11.008604]]],[[[125.749064,11.014821],[125.745365,11.01442],[125.746703,11.016534],[125.749064,11.014821]]],[[[125.696685,11.025984],[125.692267,11.023064],[125.688801,11.028147],[125.693508,11.029195],[125.696685,11.025984]]],[[[125.7614,11.031813],[125.763403,11.032577],[125.761673,11.030651],[125.7614,11.031813]]],[[[125.697639,11.054445],[125.712335,11.045805],[125.690037,11.032719],[125.683988,11.047183],[125.678842,11.048281],[125.67672,11.054276],[125.681379,11.05983],[125.685465,11.056141],[125.697639,11.054445]]],[[[125.629875,11.046607],[125.629615,11.045405],[125.627121,11.046774],[125.629875,11.046607]]],[[[125.701302,11.056059],[125.70064,11.055451],[125.700333,11.057168],[125.701302,11.056059]]],[[[125.695827,11.058362],[125.695064,11.056468],[125.695125,11.058232],[125.695827,11.058362]]],[[[125.693263,11.061123],[125.697432,11.062063],[125.698719,11.05863],[125.698088,11.058374],[125.693263,11.061123]]],[[[125.683198,11.071274],[125.685494,11.070492],[125.683448,11.070561],[125.683198,11.071274]]],[[[125.687755,11.094521],[125.687715,11.096603],[125.69096,11.098489],[125.687755,11.094521]]],[[[125.577772,11.093014],[125.568756,11.102054],[125.575556,11.107277],[125.58542,11.099517],[125.577772,11.093014]]],[[[125.667826,11.091264],[125.667749,11.100407],[125.663956,11.09916],[125.667479,11.103382],[125.664259,11.103507],[125.664013,11.111137],[125.674016,11.109139],[125.6773,11.112165],[125.682699,11.109265],[125.685614,11.100203],[125.676886,11.102296],[125.676276,11.095437],[125.667826,11.091264]]],[[[125.653805,11.108428],[125.661995,11.11046],[125.653884,11.104478],[125.653805,11.108428]]],[[[125.528509,11.126624],[125.528201,11.125682],[125.52777,11.126498],[125.528509,11.126624]]],[[[125.527995,11.130882],[125.527769,11.129933],[125.527582,11.130956],[125.527995,11.130882]]],[[[125.534872,11.136528],[125.534928,11.132814],[125.532902,11.134188],[125.534872,11.136528]]],[[[125.522742,11.134937],[125.520392,11.134528],[125.520659,11.135763],[125.522742,11.134937]]],[[[125.538011,11.138176],[125.53603,11.135989],[125.534184,11.137206],[125.538011,11.138176]]],[[[125.541264,11.140497],[125.541626,11.142664],[125.543469,11.142805],[125.543646,11.142322],[125.541264,11.140497]]],[[[125.547577,11.141841],[125.546094,11.14162],[125.545513,11.142185],[125.547577,11.141841]]],[[[125.54722,11.142606],[125.548939,11.142301],[125.547672,11.142082],[125.54722,11.142606]]],[[[125.550999,11.144208],[125.551659,11.14495],[125.551822,11.144279],[125.550999,11.144208]]],[[[125.55198,11.439701],[125.560927,11.430743],[125.548006,11.431222],[125.55198,11.439701]]],[[[125.50259,11.601204],[125.504479,11.593198],[125.498555,11.593906],[125.496573,11.600873],[125.50259,11.601204]]],[[[125.48854,11.646655],[125.485531,11.64227],[125.48951,11.630397],[125.47669,11.644714],[125.48854,11.646655]]],[[[125.470087,11.645468],[125.468561,11.645259],[125.468647,11.645845],[125.470087,11.645468]]],[[[125.559802,12.011206],[125.555629,12.006886],[125.556579,12.015405],[125.559802,12.011206]]],[[[125.55869,12.02104],[125.560843,12.016967],[125.558676,12.015265],[125.556427,12.020154],[125.55869,12.02104]]],[[[125.559703,12.022672],[125.556494,12.023453],[125.557963,12.027721],[125.560458,12.02641],[125.559703,12.022672]]],[[[125.568115,12.056879],[125.566632,12.044509],[125.558618,12.034537],[125.557677,12.039725],[125.563642,12.047818],[125.560429,12.067715],[125.564179,12.066864],[125.568115,12.056879]]],[[[125.567979,12.070667],[125.572023,12.05978],[125.567217,12.066042],[125.567979,12.070667]]],[[[125.564151,12.09123],[125.56254,12.09367],[125.564993,12.093754],[125.564151,12.09123]]],[[[125.562996,12.09876],[125.546024,12.120682],[125.562968,12.111574],[125.568929,12.100322],[125.562996,12.09876]]]]}},{"type":"Feature","properties":{"ADM1_PCODE":"PH09","ADM1_EN":"Region IX (Zamboanga Peninsula)"},"geometry":{"type":"MultiPolygon","coordinates":[[[[120.733212,5.474904],[120.726287,5.482017],[120.7204,5.482868],[120.719629,5.477869],[120.724458,5.475783],[120.720666,5.471789],[120.716366,5.478166],[120.716517,5.485464],[120.722868,5.487709],[120.736579,5.47332],[120.744638,5.453642],[120.74061,5.443678],[120.735661,5.451061],[120.739336,5.45425],[120.733212,5.474904]]],[[[120.726653,5.473512],[120.725422,5.473591],[120.726304,5.474284],[120.726653,5.473512]]],[[[120.765543,5.495118],[120.777857,5.492378],[120.773303,5.483448],[120.772666,5.478215],[120.763552,5.491892],[120.765543,5.495118]]],[[[120.800992,5.468157],[120.798025,5.458123],[120.799923,5.455955],[120.78942,5.455526],[120.772814,5.477156],[120.777851,5.488899],[120.778139,5.493942],[120.786184,5.502609],[120.788484,5.511534],[120.80213,5.517656],[120.806858,5.528925],[120.802627,5.510719],[120.80526,5.496514],[120.800147,5.477263],[120.785713,5.472892],[120.786517,5.460144],[120.79744,5.456883],[120.795755,5.460449],[120.800992,5.468157]]],[[[120.784951,5.503577],[120.783798,5.505394],[120.784436,5.505676],[120.784951,5.503577]]],[[[120.77651,5.495944],[120.758786,5.497787],[120.747939,5.509038],[120.744503,5.517647],[120.747271,5.527631],[120.756954,5.537858],[120.759857,5.553042],[120.765466,5.560422],[120.777603,5.561919],[120.78548,5.568789],[120.793929,5.569548],[120.808967,5.562581],[120.811202,5.554193],[120.8037,5.542446],[120.80548,5.530508],[120.802939,5.526821],[120.801288,5.529145],[120.796711,5.526914],[120.79876,5.524842],[120.793732,5.517907],[120.782542,5.513948],[120.784971,5.511743],[120.78339,5.505144],[120.777118,5.500317],[120.77651,5.495944]]],[[[120.7524,5.552656],[120.757013,5.55524],[120.756624,5.5512],[120.7524,5.552656]]],[[[120.729037,5.586195],[120.728961,5.583128],[120.726134,5.58399],[120.729037,5.586195]]],[[[120.272157,5.615731],[120.269514,5.62106],[120.271155,5.629162],[120.283569,5.627993],[120.284959,5.623107],[120.282334,5.619219],[120.272157,5.615731]]],[[[120.27651,5.638232],[120.280414,5.638594],[120.28063,5.634916],[120.27651,5.638232]]],[[[120.280125,5.653547],[120.28201,5.655324],[120.282645,5.651667],[120.280125,5.653547]]],[[[120.345747,5.667894],[120.34918,5.669829],[120.354048,5.66137],[120.348795,5.662825],[120.345747,5.667894]]],[[[120.215922,5.689528],[120.215535,5.688962],[120.214999,5.689575],[120.215922,5.689528]]],[[[120.220412,5.692079],[120.216361,5.698375],[120.224318,5.696124],[120.220412,5.692079]]],[[[120.294872,5.725385],[120.299372,5.732873],[120.300918,5.732052],[120.300167,5.727679],[120.294872,5.725385]]],[[[120.397377,5.725311],[120.400996,5.73036],[120.403685,5.728914],[120.408816,5.739992],[120.402023,5.722629],[120.398678,5.719156],[120.397377,5.725311]]],[[[120.407623,5.749872],[120.409649,5.761318],[120.418793,5.762848],[120.410616,5.745529],[120.407623,5.749872]]],[[[120.409476,5.775795],[120.394549,5.804581],[120.394769,5.810758],[120.398473,5.812112],[120.410603,5.799252],[120.409873,5.79533],[120.413468,5.797049],[120.421293,5.787583],[120.421637,5.777972],[120.415812,5.773265],[120.409476,5.775795]]],[[[119.97879,5.87083],[119.975184,5.871584],[119.975873,5.875605],[119.975648,5.872417],[119.97879,5.87083]]],[[[119.962109,5.862748],[119.93098,5.866467],[119.919332,5.874491],[119.938646,5.884992],[119.946504,5.87579],[119.951589,5.880481],[119.961791,5.870008],[119.962109,5.862748]]],[[[119.979311,5.875098],[119.9799,5.874083],[119.980375,5.87251],[119.979311,5.875098]]],[[[119.970707,5.866374],[119.976056,5.868546],[119.97672,5.864864],[119.982257,5.87182],[119.986263,5.867248],[119.997826,5.876052],[119.994302,5.872075],[120.006965,5.874642],[120.006771,5.879248],[120.00453,5.875074],[120.001159,5.876651],[120.005888,5.882124],[120.009706,5.879968],[120.006597,5.885742],[120.009964,5.88863],[120.018465,5.884426],[120.017263,5.880872],[120.01642,5.885051],[120.012176,5.884867],[120.016264,5.881839],[120.014631,5.879484],[120.014897,5.877042],[120.007227,5.86778],[119.974814,5.861291],[119.971052,5.862091],[119.970707,5.866374]]],[[[119.974347,5.8758],[119.975594,5.876589],[119.975066,5.875711],[119.974347,5.8758]]],[[[119.979356,5.876251],[119.979289,5.877493],[119.979736,5.876512],[119.979356,5.876251]]],[[[119.965327,5.885931],[119.971449,5.893943],[119.971654,5.889177],[119.974994,5.888635],[119.972781,5.885404],[119.96817,5.888329],[119.969607,5.880726],[119.972999,5.879288],[119.969808,5.874631],[119.972381,5.878357],[119.973403,5.875071],[119.969269,5.870791],[119.973098,5.86906],[119.969705,5.866355],[119.965327,5.885931]]],[[[120.017445,5.880567],[120.020339,5.885462],[120.018485,5.881519],[120.016227,5.878697],[120.015029,5.878516],[120.017445,5.880567]]],[[[120.075709,5.891174],[120.079152,5.871663],[120.074794,5.870843],[120.069742,5.87765],[120.070725,5.893531],[120.067404,5.892209],[120.068244,5.885061],[120.06647,5.887444],[120.067145,5.892299],[120.069816,5.894141],[120.075709,5.891174]]],[[[119.973398,5.884213],[119.974839,5.884334],[119.973832,5.883751],[119.973398,5.884213]]],[[[119.976402,5.886372],[119.97812,5.885661],[119.977106,5.885379],[119.976402,5.886372]]],[[[119.977101,5.888637],[119.976045,5.888527],[119.976354,5.889196],[119.977101,5.888637]]],[[[120.013891,5.889141],[120.010245,5.889323],[120.011368,5.890494],[120.013891,5.889141]]],[[[120.0096,5.890101],[120.009215,5.891726],[120.011003,5.891214],[120.0096,5.890101]]],[[[120.009407,5.897161],[120.006546,5.89499],[120.00968,5.900815],[120.014657,5.892681],[120.008923,5.893475],[120.009407,5.897161]]],[[[120.008623,5.901907],[120.009914,5.90105],[120.006992,5.900765],[120.006685,5.901534],[120.008623,5.901907]]],[[[120.008476,5.902038],[120.008466,5.903805],[120.009094,5.903924],[120.008476,5.902038]]],[[[119.98642,5.908107],[119.98582,5.904655],[119.983365,5.906022],[119.98642,5.908107]]],[[[119.985805,5.910434],[119.982345,5.90985],[119.982195,5.910517],[119.985805,5.910434]]],[[[120.003913,5.906168],[119.999866,5.917811],[120.003444,5.921078],[120.008261,5.918935],[120.004151,5.913367],[120.006993,5.912102],[120.008142,5.903693],[120.003913,5.906168]]],[[[119.985598,5.914322],[119.988036,5.910577],[119.983637,5.912893],[119.985598,5.914322]]],[[[119.993883,5.915184],[119.995448,5.914504],[119.995145,5.91424],[119.993883,5.915184]]],[[[119.988695,5.916032],[119.991007,5.91741],[119.98997,5.91385],[119.988695,5.916032]]],[[[119.994872,5.919234],[119.996577,5.917372],[119.995478,5.916434],[119.994486,5.916484],[119.994872,5.919234]]],[[[119.999025,5.918565],[119.99988,5.92415],[120.005801,5.922636],[120.001538,5.923438],[119.999025,5.918565]]],[[[119.976637,5.92012],[119.978603,5.927975],[119.979696,5.924103],[119.980958,5.926757],[119.986137,5.923139],[119.98435,5.925953],[119.988767,5.924696],[119.97785,5.930201],[119.984181,5.938509],[119.991841,5.940507],[120.001703,5.937143],[120.002049,5.929826],[119.997798,5.92828],[119.995062,5.931022],[119.991984,5.927024],[119.99927,5.922408],[119.998631,5.920484],[119.994712,5.923008],[119.992032,5.918445],[119.982001,5.922759],[119.980156,5.917048],[119.976637,5.92012]]],[[[120.120095,5.968957],[120.124168,5.956808],[120.122147,5.95144],[120.115927,5.952813],[120.120315,5.955124],[120.118391,5.961354],[120.114651,5.959301],[120.116336,5.955113],[120.111434,5.957912],[120.11093,5.955574],[120.113902,5.945429],[120.121414,5.95004],[120.122068,5.940276],[120.119318,5.93682],[120.117446,5.940976],[120.115151,5.93973],[120.109642,5.959173],[120.113841,5.959272],[120.112098,5.960959],[120.119757,5.965085],[120.120095,5.968957]]],[[[120.116585,5.918096],[120.089899,5.97423],[120.093559,5.980652],[120.096352,5.97861],[120.094861,5.983662],[120.095929,5.984916],[120.103575,5.989416],[120.110146,5.988307],[120.120943,5.970633],[120.114163,5.963953],[120.11195,5.971401],[120.102853,5.970758],[120.103301,5.976426],[120.110892,5.977482],[120.106102,5.986236],[120.104578,5.981579],[120.102384,5.98452],[120.095904,5.98373],[120.098183,5.978614],[120.101853,5.980351],[120.094792,5.975585],[120.101539,5.969033],[120.101183,5.96398],[120.098718,5.965881],[120.102491,5.960394],[120.108739,5.959934],[120.113058,5.938429],[120.122311,5.932259],[120.120017,5.917157],[120.116585,5.918096]]],[[[120.10601,5.961631],[120.104427,5.969139],[120.105496,5.965274],[120.109277,5.96707],[120.110424,5.961771],[120.10601,5.961631]]],[[[120.479435,6.054805],[120.481905,6.060041],[120.485052,6.059716],[120.48912,6.048383],[120.483055,6.049904],[120.479435,6.054805]]],[[[120.503609,6.104323],[120.503391,6.111858],[120.508433,6.11154],[120.514593,6.099623],[120.510195,6.097902],[120.503609,6.104323]]],[[[120.535106,6.115401],[120.530378,6.132074],[120.535357,6.145081],[120.550611,6.13706],[120.556838,6.124715],[120.552972,6.11709],[120.546966,6.113127],[120.535106,6.115401]]],[[[120.477612,6.136674],[120.474095,6.140698],[120.48094,6.149126],[120.482091,6.139173],[120.477612,6.136674]]],[[[120.442779,6.132996],[120.417125,6.150089],[120.416147,6.158131],[120.423758,6.162092],[120.422824,6.157622],[120.431102,6.167575],[120.459065,6.171635],[120.465655,6.16288],[120.455798,6.145144],[120.45499,6.136098],[120.450825,6.133173],[120.448684,6.136658],[120.439727,6.137842],[120.446891,6.1341],[120.442779,6.132996]]],[[[120.660846,6.275003],[120.646191,6.255659],[120.636266,6.250344],[120.629127,6.252461],[120.621153,6.265845],[120.628119,6.27735],[120.631104,6.276082],[120.64491,6.293363],[120.648209,6.291864],[120.653646,6.279312],[120.653033,6.272369],[120.655226,6.274813],[120.654813,6.281683],[120.660655,6.290751],[120.659303,6.298401],[120.653845,6.301789],[120.656091,6.304275],[120.6524,6.304245],[120.649857,6.294569],[120.644176,6.29965],[120.642922,6.293613],[120.637505,6.289832],[120.651847,6.320003],[120.659989,6.316919],[120.658989,6.307014],[120.661683,6.308126],[120.660066,6.310706],[120.667484,6.305578],[120.667303,6.294262],[120.660846,6.275003]]],[[[120.651171,6.290852],[120.650948,6.292536],[120.651721,6.29195],[120.651171,6.290852]]],[[[120.65183,6.292815],[120.650814,6.295356],[120.651581,6.296055],[120.65183,6.292815]]],[[[120.64482,6.295184],[120.643357,6.294562],[120.644226,6.295491],[120.64482,6.295184]]],[[[120.645223,6.296651],[120.645223,6.295795],[120.644783,6.296553],[120.645223,6.296651]]],[[[120.65339,6.297935],[120.651644,6.299307],[120.65242,6.300872],[120.6529,6.300502],[120.65339,6.297935]]],[[[120.535121,6.238969],[120.513803,6.249201],[120.495316,6.248849],[120.480058,6.252947],[120.477046,6.256448],[120.476731,6.268685],[120.48774,6.27261],[120.507926,6.260978],[120.518414,6.263137],[120.52185,6.269397],[120.521258,6.28149],[120.536246,6.301606],[120.542455,6.328509],[120.542084,6.34388],[120.552727,6.355343],[120.551968,6.363145],[120.556699,6.374331],[120.571435,6.385308],[120.585336,6.387574],[120.594909,6.394598],[120.600188,6.393389],[120.602752,6.388699],[120.595841,6.360258],[120.588953,6.35247],[120.586094,6.322241],[120.581395,6.310748],[120.585359,6.310417],[120.586211,6.303087],[120.577752,6.250872],[120.569142,6.245843],[120.535121,6.238969]]],[[[120.700915,6.393257],[120.689692,6.401359],[120.670524,6.403468],[120.666961,6.414787],[120.67803,6.423406],[120.711303,6.4374],[120.71594,6.426483],[120.714551,6.405455],[120.709413,6.396627],[120.706783,6.400969],[120.704398,6.398933],[120.706224,6.397292],[120.697823,6.399807],[120.703483,6.394418],[120.700915,6.393257]]],[[[120.825809,5.466859],[120.822198,5.465203],[120.824237,5.46766],[120.825809,5.466859]]],[[[120.800675,5.469856],[120.794207,5.464527],[120.791288,5.467271],[120.794876,5.469237],[120.794141,5.473167],[120.799317,5.470639],[120.798869,5.474628],[120.800675,5.469856]]],[[[120.805413,5.471405],[120.804756,5.470143],[120.804345,5.47112],[120.805413,5.471405]]],[[[120.860717,5.473526],[120.855125,5.47726],[120.861663,5.478005],[120.860717,5.473526]]],[[[120.848861,5.478948],[120.840042,5.485635],[120.842239,5.487144],[120.851287,5.480781],[120.848861,5.478948]]],[[[120.858451,5.486049],[120.861167,5.486463],[120.861221,5.485959],[120.858451,5.486049]]],[[[120.851509,5.487226],[120.854759,5.487186],[120.855827,5.486347],[120.854095,5.486056],[120.851509,5.487226]]],[[[120.864723,5.485875],[120.868736,5.488226],[120.869598,5.487775],[120.864723,5.485875]]],[[[120.872817,5.488377],[120.871124,5.489141],[120.873939,5.4888],[120.872817,5.488377]]],[[[120.8497,5.488151],[120.841041,5.489404],[120.840202,5.490704],[120.8497,5.488151]]],[[[120.897422,5.491781],[120.898857,5.491931],[120.900382,5.491142],[120.897422,5.491781]]],[[[120.903793,5.491195],[120.902099,5.492006],[120.903968,5.491908],[120.903793,5.491195]]],[[[120.894638,5.491252],[120.891914,5.492191],[120.896461,5.491589],[120.894638,5.491252]]],[[[120.885566,5.492754],[120.879676,5.491739],[120.876091,5.49063],[120.878562,5.492372],[120.885566,5.492754]]],[[[120.939335,5.493264],[120.939423,5.491606],[120.938866,5.491936],[120.939335,5.493264]]],[[[120.936884,5.490967],[120.935896,5.493002],[120.93643,5.49446],[120.937208,5.493995],[120.936884,5.490967]]],[[[120.929923,5.494524],[120.929265,5.492848],[120.928543,5.495191],[120.929923,5.494524]]],[[[120.921948,5.491478],[120.924501,5.494178],[120.925589,5.500658],[120.927982,5.487729],[120.921948,5.491478]]],[[[120.938329,5.494374],[120.937006,5.495189],[120.937539,5.495483],[120.938329,5.494374]]],[[[120.931015,5.495047],[120.930859,5.496695],[120.931464,5.495001],[120.931015,5.495047]]],[[[120.961548,5.496536],[120.956327,5.491457],[120.951741,5.489441],[120.926097,5.485649],[120.903724,5.489084],[120.924845,5.486434],[120.951548,5.490399],[120.962458,5.498686],[120.96311,5.506927],[120.965216,5.504331],[120.961548,5.496536]]],[[[120.936503,5.499361],[120.937633,5.497114],[120.936874,5.49623],[120.936266,5.497106],[120.936503,5.499361]]],[[[120.918369,5.498543],[120.919014,5.498915],[120.918928,5.498061],[120.918369,5.498543]]],[[[120.894584,5.499668],[120.893875,5.499478],[120.894004,5.500167],[120.894584,5.499668]]],[[[120.930826,5.498275],[120.927954,5.501582],[120.928123,5.502216],[120.930826,5.498275]]],[[[120.936846,5.50048],[120.937429,5.499961],[120.936741,5.499744],[120.936846,5.50048]]],[[[120.837594,5.501073],[120.836754,5.50138],[120.837348,5.501501],[120.837594,5.501073]]],[[[120.935334,5.500482],[120.933518,5.50385],[120.934813,5.504082],[120.935334,5.500482]]],[[[120.943813,5.499041],[120.941063,5.501048],[120.939819,5.507514],[120.944138,5.505996],[120.943813,5.499041]]],[[[120.905342,5.51069],[120.907028,5.508042],[120.906127,5.507805],[120.905342,5.51069]]],[[[120.811675,5.519381],[120.806107,5.508769],[120.810771,5.524235],[120.811675,5.519381]]],[[[120.823137,5.522241],[120.823803,5.521223],[120.822726,5.521126],[120.823137,5.522241]]],[[[120.908375,5.522862],[120.909365,5.52612],[120.909895,5.523738],[120.908375,5.522862]]],[[[120.802171,5.525978],[120.800419,5.524655],[120.800799,5.526212],[120.802171,5.525978]]],[[[120.825714,5.575786],[120.850487,5.592234],[120.858621,5.584516],[120.867431,5.585525],[120.879273,5.570251],[120.876025,5.566791],[120.879997,5.568944],[120.892305,5.549132],[120.894069,5.551543],[120.899195,5.550191],[120.906231,5.542296],[120.906153,5.531207],[120.901508,5.529631],[120.889121,5.507057],[120.877014,5.493194],[120.856915,5.487558],[120.850814,5.48939],[120.84766,5.495104],[120.839052,5.499931],[120.837261,5.505825],[120.829711,5.510128],[120.830689,5.514733],[120.829538,5.511352],[120.825966,5.514624],[120.823166,5.519713],[120.82492,5.52304],[120.824474,5.523489],[120.821854,5.52164],[120.817087,5.526016],[120.818458,5.532725],[120.816155,5.532752],[120.815777,5.542018],[120.814087,5.53687],[120.812293,5.544657],[120.817518,5.552196],[120.818369,5.54864],[120.821177,5.549589],[120.81898,5.55373],[120.820757,5.568466],[120.825714,5.575786]]],[[[120.8078,5.54735],[120.808092,5.54856],[120.808359,5.548412],[120.8078,5.54735]]],[[[120.926999,5.551872],[120.930138,5.545698],[120.922075,5.545361],[120.911036,5.554834],[120.912839,5.556555],[120.926999,5.551872]]],[[[120.85554,5.600534],[120.857569,5.603465],[120.860922,5.593765],[120.868164,5.592955],[120.876227,5.600701],[120.877228,5.594138],[120.873733,5.590648],[120.859853,5.58857],[120.85554,5.600534]]],[[[120.873873,5.600743],[120.873817,5.601515],[120.874361,5.601372],[120.873873,5.600743]]],[[[120.873397,5.603382],[120.872849,5.600215],[120.872342,5.603208],[120.873397,5.603382]]],[[[120.79481,5.669179],[120.805852,5.7009],[120.835515,5.710083],[120.855054,5.707957],[120.890372,5.6928],[120.885508,5.681597],[120.87276,5.682737],[120.865612,5.67863],[120.862625,5.666274],[120.852105,5.663957],[120.840129,5.664187],[120.824146,5.670222],[120.815361,5.667991],[120.809406,5.66204],[120.799239,5.66294],[120.79481,5.669179]]],[[[120.900141,5.695778],[120.899167,5.696063],[120.899751,5.696393],[120.900141,5.695778]]],[[[120.909662,5.698258],[120.909845,5.696828],[120.908761,5.695092],[120.909662,5.698258]]],[[[120.913495,5.700151],[120.916266,5.700051],[120.914787,5.697784],[120.913495,5.700151]]],[[[120.88014,5.706248],[120.885967,5.741871],[120.899742,5.758254],[120.918785,5.757628],[120.931173,5.746228],[120.936041,5.729488],[120.934976,5.719015],[120.924527,5.705727],[120.904602,5.70147],[120.896416,5.694359],[120.890586,5.694106],[120.88014,5.706248]]],[[[120.882324,6.015686],[120.880493,6.015686],[120.882324,6.017273],[120.882324,6.015686]]],[[[120.888684,6.126468],[120.891953,6.124947],[120.892704,6.124444],[120.888684,6.126468]]],[[[120.892449,6.126585],[120.892963,6.130539],[120.910345,6.126972],[120.915935,6.129236],[120.908621,6.12444],[120.897944,6.122626],[120.892449,6.126585]]],[[[120.881502,6.135234],[120.885369,6.131615],[120.887178,6.128662],[120.883131,6.131503],[120.881502,6.135234]]],[[[120.899587,6.13595],[120.897565,6.136936],[120.898429,6.13841],[120.899587,6.13595]]],[[[120.930999,6.140113],[120.93529,6.147897],[120.932363,6.140186],[120.930999,6.140113]]],[[[120.913431,6.142371],[120.905387,6.14743],[120.915052,6.145819],[120.913431,6.142371]]],[[[120.894114,6.148845],[120.897788,6.150708],[120.898531,6.149227],[120.895287,6.146236],[120.894114,6.148845]]],[[[120.923488,6.15291],[120.923688,6.151736],[120.923304,6.151768],[120.923488,6.15291]]],[[[120.911168,6.169269],[120.931324,6.17759],[120.933734,6.169126],[120.927742,6.174317],[120.923528,6.172769],[120.923202,6.168738],[120.9211,6.170313],[120.919045,6.167011],[120.919693,6.170698],[120.917206,6.169159],[120.914743,6.16185],[120.91228,6.165631],[120.910019,6.164497],[120.911065,6.160671],[120.906809,6.159862],[120.909428,6.158589],[120.902278,6.160456],[120.899479,6.154788],[120.890572,6.151519],[120.893615,6.146727],[120.888626,6.140327],[120.885449,6.142824],[120.884066,6.13732],[120.882916,6.137181],[120.886956,6.150666],[120.910273,6.16827],[120.914625,6.166181],[120.911168,6.169269]]],[[[120.93652,6.167065],[120.941814,6.167231],[120.936295,6.164634],[120.93652,6.167065]]],[[[120.935167,6.17415],[120.936802,6.172726],[120.937485,6.167737],[120.936884,6.172071],[120.935167,6.17415]]],[[[120.935152,6.17526],[120.93341,6.176783],[120.93417,6.177385],[120.935152,6.17526]]],[[[120.845033,6.211285],[120.854593,6.217399],[120.851278,6.218023],[120.855864,6.21827],[120.862669,6.213209],[120.860634,6.20813],[120.849099,6.205821],[120.845033,6.211285]]],[[[120.843031,6.324384],[120.847878,6.323743],[120.845525,6.334136],[120.851881,6.341833],[120.866708,6.341149],[120.874415,6.335318],[120.874481,6.319673],[120.87099,6.314235],[120.859522,6.308687],[120.841758,6.309846],[120.843031,6.324384]]],[[[120.944505,5.492285],[120.942639,5.496009],[120.945035,5.492722],[120.944505,5.492285]]],[[[120.947219,5.494077],[120.947647,5.494998],[120.948043,5.494314],[120.947219,5.494077]]],[[[120.94826,5.500723],[120.945501,5.501957],[120.946256,5.507002],[120.950977,5.504262],[120.94826,5.500723]]],[[[120.947035,5.509814],[120.94549,5.515064],[120.949094,5.513679],[120.951354,5.514376],[120.952434,5.513382],[120.951461,5.508503],[120.947035,5.509814]]],[[[120.948385,5.514408],[120.949145,5.514608],[120.949063,5.513745],[120.948385,5.514408]]],[[[120.963485,5.514263],[120.964073,5.515277],[120.964218,5.514498],[120.963485,5.514263]]],[[[120.946201,5.514961],[120.947694,5.514972],[120.947863,5.514594],[120.946201,5.514961]]],[[[120.953262,5.517658],[120.953579,5.515069],[120.952288,5.515923],[120.953262,5.517658]]],[[[120.950162,5.51569],[120.946699,5.517272],[120.946827,5.518463],[120.950162,5.51569]]],[[[120.953663,5.518138],[120.955025,5.51941],[120.955349,5.518876],[120.954494,5.517345],[120.953663,5.518138]]],[[[120.96276,5.517765],[120.963951,5.518417],[120.963279,5.516852],[120.96276,5.517765]]],[[[120.956324,5.523368],[120.954929,5.524024],[120.956282,5.524362],[120.956324,5.523368]]],[[[120.959877,5.528173],[120.958419,5.529193],[120.959907,5.529182],[120.959877,5.528173]]],[[[120.994519,5.697969],[121.011382,5.672777],[121.010972,5.667661],[121.004416,5.668788],[120.995392,5.678997],[120.991773,5.686038],[120.994519,5.697969]]],[[[121.013509,5.684774],[121.011711,5.683848],[121.012687,5.685305],[121.013509,5.684774]]],[[[121.016043,5.686145],[121.014988,5.687318],[121.015838,5.687359],[121.016043,5.686145]]],[[[121.0137,5.686727],[121.008611,5.685758],[121.011203,5.688613],[121.009575,5.691449],[121.013575,5.690141],[121.0137,5.686727]]],[[[121.016163,5.690211],[121.015646,5.689621],[121.015544,5.690026],[121.016163,5.690211]]],[[[121.015689,5.690822],[121.014835,5.691795],[121.016264,5.691927],[121.015689,5.690822]]],[[[121.014508,5.693682],[121.016696,5.693821],[121.016212,5.69246],[121.014508,5.693682]]],[[[121.006531,5.706482],[121.007507,5.707703],[121.007324,5.706482],[121.006531,5.706482]]],[[[121.024902,5.708313],[121.025513,5.707275],[121.024719,5.707275],[121.024902,5.708313]]],[[[121.019287,5.707886],[121.017883,5.708923],[121.019104,5.709106],[121.019287,5.707886]]],[[[121.016113,5.707886],[121.01532,5.708679],[121.016113,5.708496],[121.016113,5.707886]]],[[[121.021461,5.711444],[121.019866,5.7103],[121.019851,5.711102],[121.021461,5.711444]]],[[[121.015968,5.710935],[121.015068,5.711431],[121.015861,5.711808],[121.015968,5.710935]]],[[[121.031128,5.713501],[121.022888,5.709473],[121.025367,5.714019],[121.031128,5.713501]]],[[[121.015853,5.713092],[121.018417,5.712478],[121.015846,5.712014],[121.015853,5.713092]]],[[[121.023925,5.712482],[121.024398,5.713232],[121.024536,5.712725],[121.023925,5.712482]]],[[[121.028076,5.716675],[121.027527,5.717896],[121.028503,5.718323],[121.028076,5.716675]]],[[[120.999139,5.719535],[121.000385,5.719221],[120.999547,5.718473],[120.999139,5.719535]]],[[[121.012317,5.721158],[121.015297,5.720488],[121.012521,5.719976],[121.012317,5.721158]]],[[[121.02948,5.720886],[121.028503,5.720093],[121.028687,5.720886],[121.02948,5.720886]]],[[[120.997996,5.720912],[120.998405,5.719995],[120.997835,5.720419],[120.997996,5.720912]]],[[[121.010518,5.720087],[121.011999,5.720718],[121.01187,5.720175],[121.010518,5.720087]]],[[[121.023499,5.72168],[121.024719,5.721497],[121.023682,5.72113],[121.023499,5.72168]]],[[[121.0271,5.722107],[121.027893,5.722473],[121.027527,5.721924],[121.0271,5.722107]]],[[[121.027954,5.724892],[121.026962,5.724105],[121.026718,5.725301],[121.027954,5.724892]]],[[[120.994713,5.73751],[121.009752,5.73647],[121.016521,5.731846],[121.018446,5.725307],[121.016044,5.721054],[121.008809,5.722229],[121.010997,5.718691],[121.013052,5.718847],[121.01209,5.715742],[121.002132,5.716377],[121.000852,5.722127],[120.997529,5.7208],[120.996876,5.718938],[120.994713,5.73751]]],[[[121.027389,5.727354],[121.026756,5.726654],[121.027023,5.727452],[121.027389,5.727354]]],[[[121.021053,5.8396],[121.025615,5.844406],[121.031635,5.837111],[121.026554,5.834088],[121.021053,5.8396]]],[[[120.964551,6.11522],[120.966515,6.109728],[120.964064,6.114243],[120.954846,6.105794],[120.961142,6.101744],[120.96519,6.105965],[120.962347,6.101179],[120.951493,6.103202],[120.964551,6.11522]]],[[[120.979852,6.121334],[120.976649,6.120276],[120.974811,6.120833],[120.979852,6.121334]]],[[[120.983633,6.127503],[120.988347,6.125381],[120.99051,6.131157],[120.996382,6.130718],[120.98413,6.121522],[120.983633,6.127503]]],[[[120.985073,6.129551],[120.983127,6.131418],[120.986139,6.130307],[120.985073,6.129551]]],[[[120.998939,6.132645],[121.000069,6.135149],[121.001091,6.133622],[120.998939,6.132645]]],[[[120.978027,6.137296],[120.979215,6.131629],[120.974527,6.130979],[120.972284,6.133298],[120.978027,6.137296]]],[[[120.991495,6.135951],[120.988756,6.135742],[120.989972,6.137127],[120.991495,6.135951]]],[[[120.9973,6.138134],[120.994974,6.132113],[120.993787,6.132452],[120.995965,6.135915],[120.992705,6.139682],[120.993618,6.137197],[120.990835,6.137318],[120.99136,6.140277],[120.995311,6.140177],[121.00017,6.136865],[120.999757,6.135428],[120.9973,6.138134]]],[[[120.980887,6.137757],[120.981346,6.136878],[120.980706,6.137276],[120.980887,6.137757]]],[[[120.982377,6.138025],[120.982465,6.138845],[120.982898,6.138302],[120.982377,6.138025]]],[[[120.985006,6.140289],[120.98985,6.139391],[120.982933,6.138725],[120.985006,6.140289]]],[[[120.949239,6.165618],[120.950042,6.162719],[120.946947,6.159269],[120.949127,6.162194],[120.949239,6.165618]]],[[[120.986289,6.164728],[120.991902,6.168723],[120.993784,6.164959],[121.000528,6.161776],[120.986289,6.164728]]],[[[121.006383,6.172013],[121.007389,6.162403],[121.004467,6.159623],[121.001383,6.161455],[121.004315,6.160223],[121.006503,6.16338],[121.005065,6.171345],[120.999609,6.16806],[120.992102,6.168829],[121.006383,6.172013]]],[[[120.974782,6.169209],[120.97217,6.166572],[120.971887,6.166814],[120.974782,6.169209]]],[[[120.951573,6.171232],[120.949691,6.173737],[120.951346,6.175271],[120.951573,6.171232]]],[[[120.96358,6.179154],[120.966061,6.179141],[120.969018,6.174095],[120.967481,6.173739],[120.96358,6.179154]]],[[[120.972935,6.175726],[120.976086,6.178803],[120.967599,6.181552],[120.97078,6.184304],[120.968545,6.187958],[120.970473,6.190763],[120.977048,6.188299],[120.976457,6.18611],[120.974808,6.187792],[120.970097,6.186775],[120.972083,6.185675],[120.97085,6.18255],[120.974876,6.186453],[120.978338,6.183084],[120.97843,6.17699],[120.972935,6.175726]]],[[[120.962774,6.175151],[120.958037,6.193907],[120.964691,6.206305],[120.986446,6.197807],[120.993104,6.191757],[120.990542,6.181603],[120.980836,6.177656],[120.977797,6.185532],[120.985151,6.187059],[120.985725,6.194436],[120.982449,6.195689],[120.978887,6.191909],[120.976405,6.195492],[120.969229,6.192161],[120.966899,6.194413],[120.969475,6.197752],[120.967311,6.197628],[120.963736,6.190792],[120.967069,6.1895],[120.961987,6.180192],[120.966952,6.17385],[120.962774,6.175151]]],[[[121.043001,5.659533],[121.019626,5.67103],[121.012323,5.681862],[121.014433,5.684885],[121.019781,5.686384],[121.024769,5.681089],[121.032034,5.679718],[121.034032,5.683411],[121.040489,5.682777],[121.04428,5.688061],[121.050317,5.689713],[121.051295,5.687391],[121.058708,5.693043],[121.069305,5.693349],[121.072791,5.687147],[121.0715,5.675928],[121.05385,5.66192],[121.038654,5.657984],[121.043001,5.659533]]],[[[121.193842,5.789969],[121.197093,5.791674],[121.192938,5.7887],[121.193842,5.789969]]],[[[121.210567,5.797706],[121.214623,5.798523],[121.210043,5.797134],[121.210567,5.797706]]],[[[121.213403,5.803472],[121.212744,5.802906],[121.212844,5.803455],[121.213403,5.803472]]],[[[121.207069,5.801989],[121.209339,5.806496],[121.208736,5.800999],[121.207069,5.801989]]],[[[121.212259,5.804398],[121.212065,5.802971],[121.211297,5.804596],[121.212259,5.804398]]],[[[121.216776,5.804403],[121.210985,5.806461],[121.212135,5.810121],[121.216776,5.804403]]],[[[121.210297,5.809785],[121.211375,5.810189],[121.210809,5.807961],[121.210297,5.809785]]],[[[121.236718,5.809671],[121.236335,5.808911],[121.236156,5.809497],[121.236718,5.809671]]],[[[121.215988,5.818716],[121.224548,5.811218],[121.224748,5.817847],[121.240767,5.817831],[121.241882,5.814934],[121.238861,5.811646],[121.232939,5.8134],[121.232813,5.808776],[121.218609,5.803706],[121.208701,5.820361],[121.215988,5.818716]]],[[[121.131478,5.806824],[121.13416,5.826077],[121.137759,5.82766],[121.141097,5.84374],[121.145901,5.849641],[121.152144,5.849664],[121.154037,5.843427],[121.169351,5.846056],[121.193696,5.835933],[121.201178,5.818267],[121.208252,5.808721],[121.206116,5.800272],[121.19903,5.79833],[121.192704,5.789619],[121.191316,5.792318],[121.17562,5.783673],[121.159029,5.779001],[121.150883,5.779839],[121.138023,5.789091],[121.131478,5.806824]]],[[[121.203852,5.826377],[121.202295,5.828681],[121.203882,5.828603],[121.203852,5.826377]]],[[[121.19692,5.829775],[121.196544,5.830762],[121.197184,5.830505],[121.19692,5.829775]]],[[[121.203707,5.830839],[121.200169,5.82865],[121.196264,5.831603],[121.196266,5.837385],[121.203357,5.834824],[121.203707,5.830839]]],[[[121.195496,5.837995],[121.19657,5.839105],[121.196529,5.838243],[121.195496,5.837995]]],[[[121.238228,5.836637],[121.232946,5.838375],[121.237936,5.8377],[121.240582,5.840536],[121.239097,5.844243],[121.241319,5.841031],[121.238228,5.836637]]],[[[121.103384,5.839224],[121.100464,5.841457],[121.102195,5.845297],[121.107254,5.842978],[121.103384,5.839224]]],[[[121.129516,5.841458],[121.128166,5.845009],[121.131354,5.843064],[121.129516,5.841458]]],[[[121.222555,5.858276],[121.238307,5.844806],[121.237373,5.839129],[121.223539,5.842478],[121.217239,5.859181],[121.222555,5.858276]]],[[[121.079057,5.851182],[121.086152,5.844701],[121.081826,5.85581],[121.090287,5.859145],[121.095207,5.85028],[121.092725,5.84448],[121.082408,5.840403],[121.079057,5.851182]]],[[[121.275208,5.854585],[121.27931,5.855474],[121.27437,5.853965],[121.275208,5.854585]]],[[[121.280882,5.862105],[121.282012,5.861726],[121.281129,5.861365],[121.280882,5.862105]]],[[[121.214509,5.875725],[121.212442,5.869952],[121.208709,5.872934],[121.211764,5.876959],[121.214509,5.875725]]],[[[121.298629,5.874748],[121.300153,5.875235],[121.299136,5.873899],[121.298629,5.874748]]],[[[121.256127,5.879252],[121.256219,5.880198],[121.256695,5.879891],[121.256127,5.879252]]],[[[121.257412,5.879285],[121.25682,5.88228],[121.257871,5.879501],[121.257412,5.879285]]],[[[121.255701,5.883468],[121.256294,5.882063],[121.255071,5.88303],[121.255701,5.883468]]],[[[121.254728,5.885096],[121.255208,5.883947],[121.254564,5.884237],[121.254728,5.885096]]],[[[121.32015,5.890014],[121.312704,5.884249],[121.308996,5.879964],[121.311285,5.884126],[121.32015,5.890014]]],[[[121.328657,5.895827],[121.326887,5.892963],[121.323927,5.89175],[121.326795,5.893903],[121.328657,5.895827]]],[[[121.04518,5.898059],[121.043738,5.898153],[121.044036,5.898875],[121.04518,5.898059]]],[[[121.333326,5.898615],[121.331465,5.898506],[121.333219,5.899119],[121.333326,5.898615]]],[[[121.389602,5.904345],[121.387228,5.90415],[121.391438,5.905315],[121.389602,5.904345]]],[[[121.039451,5.908742],[121.040015,5.90586],[121.037726,5.908896],[121.039451,5.908742]]],[[[121.041022,5.909043],[121.040885,5.90729],[121.040564,5.908891],[121.041022,5.909043]]],[[[121.37235,5.911343],[121.372765,5.912432],[121.373235,5.912043],[121.37235,5.911343]]],[[[121.387272,5.914333],[121.388353,5.913161],[121.38644,5.913351],[121.387272,5.914333]]],[[[121.578426,5.979541],[121.588827,5.975576],[121.596971,5.961623],[121.597062,5.953874],[121.580014,5.936319],[121.570022,5.932547],[121.557604,5.944293],[121.558112,5.955212],[121.569349,5.968298],[121.579895,5.969988],[121.573382,5.971999],[121.578426,5.979541]]],[[[120.903231,6.006524],[120.917971,6.024839],[120.928812,6.030348],[120.937266,6.031018],[120.942112,6.03521],[120.949932,6.033161],[120.959344,6.037251],[120.965321,6.043883],[120.983028,6.044348],[120.989547,6.053335],[120.998202,6.05467],[121.007076,6.061151],[121.006995,6.066151],[121.013779,6.071273],[121.014217,6.084979],[121.018761,6.087397],[121.028011,6.090302],[121.043691,6.085784],[121.05915,6.09114],[121.067005,6.086186],[121.085766,6.085682],[121.12156,6.090423],[121.134503,6.078784],[121.147845,6.075867],[121.15398,6.077723],[121.161806,6.057729],[121.181114,6.040403],[121.184348,6.022997],[121.204983,5.996686],[121.219454,5.995561],[121.230779,6.003183],[121.231337,6.007735],[121.242283,6.012104],[121.245141,6.01059],[121.245507,6.013604],[121.260675,6.013773],[121.279599,6.018948],[121.299781,6.015652],[121.307938,6.011161],[121.307489,6.007433],[121.310469,6.007847],[121.314014,6.002737],[121.329763,5.999161],[121.33358,6.00614],[121.346188,6.010286],[121.355148,6.004747],[121.363969,6.00483],[121.362589,5.996831],[121.356205,5.996865],[121.363184,5.989476],[121.36788,5.99002],[121.367658,5.999898],[121.372187,6.000587],[121.368939,6.00528],[121.393024,6.010653],[121.418369,5.995711],[121.425489,5.983022],[121.426748,5.965623],[121.424841,5.958081],[121.413924,5.945592],[121.407261,5.942085],[121.397486,5.943606],[121.394041,5.940174],[121.387928,5.9409],[121.383612,5.936985],[121.385403,5.934915],[121.379668,5.929179],[121.385249,5.921093],[121.388942,5.92168],[121.381383,5.911425],[121.388354,5.911922],[121.382005,5.905588],[121.384618,5.903925],[121.377535,5.90389],[121.372459,5.910479],[121.375638,5.911605],[121.375267,5.915519],[121.367487,5.914383],[121.353458,5.918306],[121.337886,5.901458],[121.325562,5.897389],[121.311037,5.887586],[121.304258,5.877496],[121.291452,5.874516],[121.293483,5.871726],[121.297107,5.873022],[121.293975,5.868799],[121.296791,5.869928],[121.29923,5.866059],[121.295299,5.860336],[121.290512,5.864097],[121.286393,5.86281],[121.288537,5.857088],[121.284123,5.855935],[121.286359,5.856826],[121.283494,5.865933],[121.274355,5.863534],[121.270361,5.870843],[121.275742,5.865792],[121.280965,5.867681],[121.278505,5.871488],[121.286051,5.870685],[121.287864,5.874389],[121.264996,5.879821],[121.259692,5.884623],[121.258706,5.892673],[121.254054,5.893925],[121.246202,5.888192],[121.235792,5.893346],[121.238711,5.894982],[121.23545,5.89614],[121.232969,5.906954],[121.235581,5.905944],[121.241225,5.918083],[121.245497,5.919931],[121.237505,5.936353],[121.233109,5.936259],[121.232003,5.940722],[121.219099,5.936049],[121.219289,5.939014],[121.216491,5.939259],[121.218796,5.943937],[121.212647,5.939626],[121.21322,5.944047],[121.206647,5.947414],[121.199757,5.946591],[121.19599,5.952561],[121.194722,5.949634],[121.19596,5.954305],[121.186482,5.945599],[121.182205,5.934444],[121.17439,5.937189],[121.175562,5.943068],[121.172318,5.944793],[121.165496,5.939041],[121.167971,5.936352],[121.162214,5.924738],[121.158949,5.92541],[121.158447,5.929467],[121.155238,5.926381],[121.153472,5.929794],[121.145919,5.923958],[121.143655,5.927191],[121.136575,5.920595],[121.138852,5.910908],[121.133092,5.912485],[121.127909,5.905423],[121.114913,5.903606],[121.113047,5.906497],[121.108403,5.907522],[121.112685,5.905406],[121.111295,5.900959],[121.104093,5.897815],[121.102651,5.9007],[121.101197,5.897508],[121.091323,5.897281],[121.093088,5.901176],[121.08765,5.897405],[121.086089,5.901383],[121.068885,5.896729],[121.069617,5.892843],[121.078333,5.896556],[121.085175,5.891723],[121.08326,5.887758],[121.073831,5.889148],[121.075019,5.884444],[121.079588,5.886692],[121.082336,5.884499],[121.075949,5.877841],[121.058976,5.887425],[121.052948,5.897784],[121.055048,5.9045],[121.051993,5.902157],[121.046243,5.905408],[121.036125,5.922747],[121.032897,5.921129],[121.032625,5.924748],[121.023387,5.927217],[121.020044,5.922389],[121.015546,5.926001],[121.005474,5.92234],[120.999937,5.914809],[120.992899,5.91539],[120.984719,5.907779],[120.979526,5.907602],[120.979218,5.904775],[120.973628,5.906137],[120.953359,5.89942],[120.940962,5.889418],[120.922751,5.891672],[120.910559,5.909389],[120.896224,5.918493],[120.880044,5.920293],[120.873923,5.936641],[120.875934,5.941661],[120.873307,5.954409],[120.887927,5.97513],[120.891024,5.992064],[120.898797,6.005858],[120.903231,6.006524]]],[[[121.652408,6.001963],[121.652492,6.002812],[121.653271,6.002499],[121.652408,6.001963]]],[[[121.368535,6.006938],[121.362415,6.012022],[121.367011,6.016271],[121.37399,6.011653],[121.368535,6.006938]]],[[[121.673941,6.013016],[121.673595,6.01557],[121.675057,6.013597],[121.673941,6.013016]]],[[[121.522248,5.995273],[121.541275,6.038961],[121.545239,6.041328],[121.549992,6.042221],[121.554357,6.042212],[121.550369,6.041964],[121.558472,6.034977],[121.55788,6.029461],[121.551602,6.027998],[121.555655,6.022668],[121.552135,6.01855],[121.555548,6.01504],[121.541119,6.010667],[121.543294,6.006964],[121.529457,5.993937],[121.522248,5.995273]]],[[[121.666175,6.027979],[121.66492,6.017295],[121.656202,6.008441],[121.657657,6.017408],[121.666175,6.027979]]],[[[121.694132,5.996588],[121.677735,5.993901],[121.667423,5.988114],[121.655301,5.991882],[121.65257,5.995875],[121.66181,6.00763],[121.674965,6.011571],[121.675403,6.015855],[121.686534,6.027764],[121.679648,6.039975],[121.673809,6.036298],[121.669129,6.038312],[121.672475,6.055498],[121.677349,6.057464],[121.699766,6.050727],[121.691572,6.047782],[121.675627,6.054224],[121.681522,6.047756],[121.69125,6.045801],[121.688644,6.036658],[121.693001,6.036268],[121.692626,6.042149],[121.704016,6.042389],[121.711834,6.038901],[121.711584,6.035049],[121.715088,6.036785],[121.717618,6.033228],[121.727945,6.031293],[121.723952,6.02511],[121.712015,6.024014],[121.701829,6.018474],[121.692986,6.005627],[121.694132,5.996588]]],[[[121.315676,6.017982],[121.317056,6.030748],[121.327773,6.034012],[121.325838,6.022315],[121.319435,6.016549],[121.315676,6.017982]]],[[[121.681731,6.032119],[121.682564,6.032816],[121.682275,6.032054],[121.681731,6.032119]]],[[[121.381784,6.036765],[121.392291,6.04365],[121.397285,6.053557],[121.412245,6.057112],[121.426032,6.049492],[121.431119,6.042424],[121.433302,6.027541],[121.423298,6.013544],[121.418314,6.012779],[121.408075,6.01915],[121.395874,6.01456],[121.384499,6.019274],[121.379969,6.032357],[121.381784,6.036765]]],[[[121.662803,6.039126],[121.665164,6.039036],[121.664375,6.036989],[121.662803,6.039126]]],[[[121.665964,6.041365],[121.666332,6.040585],[121.665758,6.040436],[121.665964,6.041365]]],[[[121.522996,6.045853],[121.521648,6.043131],[121.513909,6.042397],[121.516796,6.05119],[121.522996,6.045853]]],[[[121.784025,6.05051],[121.792078,6.04476],[121.77995,6.051618],[121.784025,6.05051]]],[[[121.440436,6.056435],[121.442858,6.073314],[121.453779,6.076395],[121.458388,6.07299],[121.461385,6.064192],[121.458907,6.059594],[121.453313,6.058378],[121.445698,6.050376],[121.440436,6.056435]]],[[[121.71132,6.074235],[121.72085,6.060017],[121.71154,6.062007],[121.701974,6.075784],[121.71132,6.074235]]],[[[121.192078,6.072693],[121.193281,6.070141],[121.191711,6.070313],[121.192078,6.072693]]],[[[121.164847,6.078348],[121.173637,6.077926],[121.177186,6.076497],[121.167309,6.071048],[121.164847,6.078348]]],[[[121.264665,6.075816],[121.271456,6.090537],[121.276551,6.08977],[121.277489,6.085079],[121.271346,6.082454],[121.276251,6.076533],[121.278666,6.080926],[121.276302,6.074313],[121.264665,6.075816]]],[[[121.667392,6.081706],[121.656423,6.07759],[121.655008,6.078428],[121.658014,6.088045],[121.66301,6.091513],[121.667811,6.088319],[121.667392,6.081706]]],[[[121.767667,6.137468],[121.761894,6.138774],[121.763476,6.145565],[121.768538,6.140062],[121.767667,6.137468]]],[[[121.053585,6.203697],[121.054506,6.199699],[121.050092,6.195393],[121.041898,6.200937],[121.040284,6.205898],[121.046191,6.20764],[121.053585,6.203697]]],[[[121.792691,6.04345],[121.794037,6.042309],[121.793881,6.042164],[121.792691,6.04345]]],[[[121.764093,6.09502],[121.776727,6.086311],[121.788676,6.066504],[121.814714,6.041673],[121.828961,6.034818],[121.84093,6.033505],[121.85343,6.024827],[121.853625,6.020271],[121.855519,6.022978],[121.869844,6.018777],[121.870571,6.024207],[121.8764,6.027736],[121.890391,6.033665],[121.899776,6.033752],[121.894938,6.029701],[121.896973,6.028788],[121.916549,6.040115],[121.921929,6.039776],[121.926338,6.045177],[121.934897,6.046954],[121.946663,6.056528],[121.948718,6.05329],[121.942196,6.042075],[121.910493,6.018539],[121.9035,6.016049],[121.903314,6.018588],[121.898948,6.012481],[121.880277,6.002212],[121.854177,5.998699],[121.828889,6.018888],[121.817233,6.020252],[121.805431,6.028883],[121.798427,6.037279],[121.804737,6.033945],[121.803116,6.041446],[121.789145,6.048504],[121.786149,6.054767],[121.783882,6.052249],[121.777349,6.053344],[121.766084,6.071193],[121.75642,6.078358],[121.764093,6.09502]]],[[[121.845542,6.147422],[121.854959,6.131351],[121.846221,6.116664],[121.827008,6.115377],[121.813369,6.126143],[121.816464,6.135418],[121.825972,6.136781],[121.834341,6.145446],[121.845542,6.147422]]],[[[121.814684,6.138372],[121.816018,6.139389],[121.815235,6.137415],[121.814684,6.138372]]],[[[121.82586,6.139616],[121.826552,6.138947],[121.82535,6.138938],[121.82586,6.139616]]],[[[121.81678,6.139555],[121.817444,6.13985],[121.817347,6.139224],[121.81678,6.139555]]],[[[121.817357,6.176416],[121.8298,6.153889],[121.82824,6.144204],[121.824444,6.140972],[121.814567,6.140442],[121.809426,6.130919],[121.804272,6.130606],[121.795831,6.14094],[121.800088,6.16379],[121.807085,6.172466],[121.817357,6.176416]]],[[[121.869816,6.15619],[121.872319,6.155372],[121.871317,6.154578],[121.869816,6.15619]]],[[[121.862831,6.157869],[121.86181,6.157451],[121.861374,6.157991],[121.862831,6.157869]]],[[[121.831257,6.231951],[121.834319,6.242506],[121.843944,6.238706],[121.845659,6.224095],[121.838297,6.21547],[121.835728,6.216136],[121.831257,6.231951]]],[[[122.031154,6.732989],[122.035341,6.728878],[122.030985,6.725458],[122.031237,6.721607],[122.0379,6.712506],[122.036004,6.709351],[122.031455,6.710349],[122.031253,6.703717],[122.033922,6.703505],[122.034453,6.701379],[122.030622,6.701449],[122.029913,6.692094],[122.031736,6.689737],[122.032941,6.694585],[122.03659,6.693878],[122.051225,6.675618],[122.048958,6.671436],[122.051535,6.667949],[122.047069,6.665732],[122.04753,6.657514],[122.036435,6.653507],[122.037573,6.642578],[122.032078,6.630824],[122.034091,6.624843],[122.026831,6.616179],[122.034925,6.615838],[122.040326,6.595146],[122.042893,6.56482],[121.96473,6.563972],[121.954958,6.559809],[121.941277,6.566363],[121.936488,6.564649],[121.937492,6.583335],[121.943681,6.598678],[121.941153,6.605194],[121.943357,6.605463],[121.943088,6.615481],[121.941479,6.61961],[121.935789,6.62106],[121.933567,6.617322],[121.92874,6.61865],[121.924297,6.63567],[121.916535,6.637974],[121.917178,6.674741],[121.931126,6.666423],[121.929173,6.668566],[121.941932,6.676908],[121.939588,6.684552],[121.94357,6.691421],[121.948289,6.692378],[121.952414,6.699362],[121.969733,6.705198],[121.983791,6.719659],[121.987289,6.730815],[121.999295,6.733092],[121.998737,6.738497],[122.012216,6.745335],[122.027697,6.744444],[122.032589,6.741122],[122.031154,6.732989]]],[[[121.8841,6.691329],[121.877047,6.685465],[121.875273,6.690877],[121.8841,6.691329]]],[[[121.94123,6.711256],[121.941191,6.728077],[121.952977,6.743816],[121.964299,6.745528],[121.980504,6.755132],[121.99049,6.74764],[121.987977,6.740501],[121.986193,6.739474],[121.986759,6.742377],[121.976476,6.734964],[121.980767,6.727643],[121.969885,6.711157],[121.964275,6.70872],[121.967722,6.713449],[121.959902,6.710572],[121.954271,6.717209],[121.943626,6.71877],[121.941474,6.711893],[121.945723,6.710399],[121.946941,6.713948],[121.947326,6.714319],[121.950769,6.714469],[121.946989,6.713952],[121.946948,6.709884],[121.950407,6.710047],[121.946799,6.708674],[121.94123,6.711256]]],[[[121.981905,6.731266],[121.979883,6.736216],[121.984036,6.735721],[121.981905,6.731266]]],[[[121.992997,6.734761],[121.992066,6.736327],[121.994808,6.73635],[121.992997,6.734761]]],[[[122.061954,6.872571],[122.071861,6.866339],[122.073474,6.862358],[122.060595,6.858179],[122.051402,6.868893],[122.053838,6.872456],[122.061954,6.872571]]],[[[122.29947,6.873594],[122.296921,6.875511],[122.300212,6.87449],[122.29947,6.873594]]],[[[122.292093,6.883667],[122.293599,6.871168],[122.289498,6.870984],[122.281491,6.879618],[122.27396,6.881943],[122.272465,6.890809],[122.283705,6.892875],[122.292093,6.883667]]],[[[122.048912,6.882914],[122.037353,6.883648],[122.036363,6.885349],[122.039207,6.885728],[122.048912,6.882914]]],[[[122.157883,6.883247],[122.143036,6.881222],[122.141913,6.878449],[122.135734,6.882062],[122.141552,6.887941],[122.153281,6.88528],[122.159627,6.890513],[122.157883,6.883247]]],[[[122.167417,6.886925],[122.16674,6.894966],[122.16294,6.894544],[122.165118,6.896754],[122.169463,6.892454],[122.167417,6.886925]]],[[[122.16252,6.913107],[122.156946,6.909578],[122.161211,6.916618],[122.16252,6.913107]]],[[[122.184081,6.916135],[122.179239,6.9128],[122.181496,6.919007],[122.184081,6.916135]]],[[[122.323429,6.953775],[122.324771,6.956199],[122.328265,6.955637],[122.328086,6.953486],[122.323429,6.953775]]],[[[122.27148,7.000122],[122.285529,6.977702],[122.272629,6.957568],[122.264148,6.9534],[122.24978,6.9566],[122.244727,6.964325],[122.240643,6.962367],[122.243128,6.953754],[122.231043,6.945456],[122.221147,6.945518],[122.224486,6.942602],[122.220081,6.937815],[122.211517,6.939947],[122.207869,6.937403],[122.206065,6.926765],[122.199098,6.919245],[122.199592,6.922841],[122.193789,6.928159],[122.202045,6.938762],[122.198847,6.953654],[122.201677,6.956185],[122.204349,6.952244],[122.209559,6.956011],[122.214114,6.969212],[122.208759,6.97195],[122.213743,6.975204],[122.215343,6.981043],[122.223078,6.978318],[122.222907,6.984435],[122.231351,6.988893],[122.224661,6.989792],[122.240547,6.992345],[122.241572,6.983858],[122.247558,6.990728],[122.244167,6.99162],[122.27148,7.000122]]],[[[122.354765,6.986478],[122.353827,6.976603],[122.347305,6.978441],[122.345793,6.981645],[122.357678,6.988171],[122.354765,6.986478]]],[[[122.355274,6.983082],[122.358832,6.983859],[122.357747,6.982144],[122.355274,6.983082]]],[[[122.25058,7.100022],[122.250996,7.10321],[122.253798,7.104321],[122.25376,7.098929],[122.25058,7.100022]]],[[[122.270526,7.117611],[122.269401,7.11832],[122.270973,7.118546],[122.270526,7.117611]]],[[[122.271298,7.119683],[122.272344,7.119372],[122.271756,7.119079],[122.271298,7.119683]]],[[[122.271393,7.124891],[122.275222,7.124999],[122.274657,7.123693],[122.271393,7.124891]]],[[[122.260848,7.131713],[122.26295,7.130907],[122.262571,7.129149],[122.260848,7.131713]]],[[[122.26969,7.128076],[122.266012,7.132283],[122.267466,7.135189],[122.271154,7.131846],[122.26969,7.128076]]],[[[122.256559,7.132971],[122.256036,7.137237],[122.257588,7.136801],[122.256559,7.132971]]],[[[122.253759,7.138253],[122.25476,7.139005],[122.254655,7.137968],[122.253759,7.138253]]],[[[122.257013,7.140473],[122.258743,7.138374],[122.258809,7.137705],[122.255546,7.13831],[122.257013,7.140473]]],[[[122.266154,7.152382],[122.261663,7.145185],[122.261154,7.14843],[122.266154,7.152382]]],[[[122.273743,7.150325],[122.270606,7.154974],[122.273196,7.155955],[122.273743,7.150325]]],[[[122.277893,7.168014],[122.275588,7.162695],[122.266216,7.167024],[122.271301,7.172432],[122.277893,7.168014]]],[[[122.287047,7.171361],[122.288791,7.17028],[122.286816,7.169509],[122.287047,7.171361]]],[[[122.286515,7.172426],[122.28277,7.175619],[122.286634,7.176814],[122.286515,7.172426]]],[[[122.267109,7.176916],[122.268943,7.180851],[122.271489,7.179949],[122.269289,7.177236],[122.267109,7.176916]]],[[[122.35418,7.455142],[122.350551,7.449679],[122.351324,7.444386],[122.346256,7.445549],[122.343512,7.425089],[122.35064,7.419818],[122.348488,7.414391],[122.353927,7.414014],[122.344284,7.403696],[122.343374,7.396589],[122.35236,7.397328],[122.357825,7.401503],[122.363962,7.394808],[122.380414,7.391902],[122.384574,7.395716],[122.390396,7.389798],[122.39347,7.390385],[122.379315,7.371793],[122.380105,7.364012],[122.382525,7.364011],[122.374136,7.354873],[122.372659,7.347744],[122.364459,7.343354],[122.363583,7.335416],[122.345657,7.323151],[122.340153,7.313722],[122.336495,7.316715],[122.329613,7.307089],[122.32565,7.3068],[122.32935,7.311596],[122.327467,7.317637],[122.336792,7.323146],[122.333942,7.32345],[122.333912,7.328624],[122.331455,7.327102],[122.328356,7.329816],[122.311483,7.31896],[122.318931,7.333816],[122.31715,7.33558],[122.308063,7.329408],[122.307352,7.335411],[122.301512,7.335171],[122.291903,7.325318],[122.290038,7.320377],[122.292484,7.313544],[122.289718,7.307586],[122.29448,7.303921],[122.289761,7.292739],[122.289239,7.27518],[122.285362,7.274639],[122.279994,7.264245],[122.284526,7.259954],[122.280253,7.254753],[122.282046,7.251619],[122.278211,7.250304],[122.279368,7.231097],[122.266799,7.22865],[122.267992,7.221199],[122.261424,7.216333],[122.264074,7.21637],[122.265501,7.210171],[122.262177,7.20373],[122.258126,7.204327],[122.256996,7.208803],[122.248312,7.205913],[122.248758,7.20107],[122.25467,7.195509],[122.265164,7.194533],[122.251324,7.192558],[122.246274,7.187799],[122.252658,7.175146],[122.248394,7.171038],[122.255348,7.168548],[122.260149,7.159404],[122.256144,7.155329],[122.25775,7.148285],[122.247103,7.142155],[122.243639,7.132526],[122.247347,7.135076],[122.256847,7.128018],[122.258733,7.12103],[122.256076,7.116827],[122.250924,7.1164],[122.25679,7.111127],[122.240977,7.097824],[122.235136,7.084023],[122.232504,7.082908],[122.228962,7.086708],[122.228506,7.082926],[122.226877,7.086194],[122.212186,7.073858],[122.214211,7.070189],[122.208345,7.071332],[122.204049,7.068109],[122.203745,7.062836],[122.209633,7.064658],[122.212575,7.057919],[122.211642,7.053076],[122.208921,7.055435],[122.203053,7.048519],[122.210277,7.050551],[122.212597,7.047235],[122.204724,7.043228],[122.205831,7.040567],[122.20178,7.042694],[122.198003,7.039982],[122.202972,7.037439],[122.201907,7.034004],[122.211661,7.039666],[122.211674,7.033794],[122.207324,7.031341],[122.204017,7.0181],[122.192067,7.003271],[122.192381,6.993],[122.189786,6.992468],[122.18434,6.973386],[122.184545,6.951554],[122.170094,6.941462],[122.169004,6.935459],[122.150881,6.929127],[122.159237,6.9283],[122.153576,6.92081],[122.159221,6.916042],[122.150213,6.906474],[122.142236,6.907212],[122.139095,6.900942],[122.132061,6.898707],[122.126806,6.89232],[122.108665,6.889301],[122.069315,6.903791],[122.059652,6.911672],[122.05281,6.909942],[122.025862,6.919935],[121.990681,6.939591],[121.97301,6.955144],[121.963337,6.95328],[121.966979,6.948722],[121.964869,6.946932],[121.948238,6.955821],[121.938055,6.965243],[121.923204,6.98841],[121.918352,7.020108],[121.898418,7.074617],[121.901679,7.10066],[121.897658,7.108513],[121.90403,7.129511],[121.902018,7.146182],[121.910274,7.154768],[121.914159,7.169884],[121.928897,7.198661],[121.942659,7.213763],[121.961031,7.22745],[121.961729,7.234306],[121.972094,7.246874],[121.982383,7.250234],[121.991306,7.258503],[122.006652,7.261072],[122.014182,7.270698],[122.012255,7.278407],[122.033532,7.283515],[122.052486,7.28419],[122.060016,7.287714],[122.064069,7.296292],[122.065241,7.313338],[122.051783,7.314649],[122.037482,7.325992],[122.034886,7.334952],[122.036424,7.346015],[122.032374,7.348897],[122.031056,7.356459],[122.037852,7.365634],[122.047725,7.369345],[122.044018,7.385404],[122.051533,7.391061],[122.057985,7.402283],[122.057703,7.427899],[122.060231,7.43547],[122.053996,7.442452],[122.055483,7.447554],[122.062421,7.451961],[122.061432,7.455459],[122.067471,7.462551],[122.071119,7.472516],[122.069443,7.477152],[122.074683,7.488171],[122.090423,7.496462],[122.088611,7.507106],[122.087686,7.502429],[122.078889,7.50475],[122.071543,7.515245],[122.077238,7.525926],[122.082066,7.521259],[122.085174,7.527311],[122.092944,7.521428],[122.102745,7.525732],[122.106177,7.531621],[122.102288,7.535313],[122.105806,7.54108],[122.11284,7.5424],[122.112782,7.550794],[122.120605,7.554649],[122.125662,7.5531],[122.127035,7.559896],[122.138786,7.562005],[122.14331,7.573641],[122.139417,7.584406],[122.134863,7.586472],[122.135972,7.589127],[122.130733,7.591441],[122.126213,7.589451],[122.123862,7.581306],[122.105509,7.596114],[122.109762,7.605865],[122.121707,7.610643],[122.120499,7.620875],[122.126361,7.625142],[122.124355,7.6281],[122.127796,7.635459],[122.134274,7.639529],[122.135143,7.666411],[122.11471,7.725956],[122.112095,7.722763],[122.111786,7.727115],[122.107407,7.730439],[122.098463,7.725096],[122.093579,7.735796],[122.086577,7.737085],[122.089061,7.743519],[122.099393,7.749558],[122.100034,7.759136],[122.103044,7.762147],[122.110395,7.759282],[122.111734,7.747895],[122.115755,7.754613],[122.117248,7.751572],[122.124199,7.755574],[122.123604,7.760534],[122.115899,7.762053],[122.101683,7.779318],[122.105722,7.788247],[122.111147,7.774551],[122.120033,7.776898],[122.118934,7.781565],[122.124971,7.788564],[122.12123,7.800549],[122.123176,7.802595],[122.126829,7.797397],[122.141879,7.806497],[122.14349,7.812829],[122.138693,7.819394],[122.142108,7.818768],[122.144531,7.827542],[122.15205,7.832225],[122.153633,7.83606],[122.150558,7.840111],[122.157677,7.847052],[122.160273,7.858165],[122.170848,7.868975],[122.189625,7.874692],[122.204822,7.884235],[122.22593,7.90728],[122.231607,7.920418],[122.232921,7.933062],[122.22235,7.950077],[122.225719,7.95968],[122.245305,7.971456],[122.250977,7.985333],[122.262669,7.989751],[122.267539,7.997164],[122.28356,8.00153],[122.293748,8.012567],[122.301949,8.016442],[122.320019,8.019092],[122.327208,8.026513],[122.341638,8.032839],[122.345017,8.038582],[122.348969,8.036319],[122.358892,8.042735],[122.390259,8.048737],[122.401205,8.047936],[122.465286,8.072977],[122.509285,8.065055],[122.517988,8.069358],[122.52244,8.076015],[122.544401,8.074551],[122.552547,8.078935],[122.566583,8.07788],[122.583452,8.082708],[122.591468,8.088289],[122.590801,8.094507],[122.594142,8.099053],[122.613522,8.102955],[122.629536,8.113504],[122.637822,8.134075],[122.652665,8.14539],[122.66166,8.162241],[122.674749,8.156222],[122.673292,8.141269],[122.684068,8.122398],[122.700071,8.115527],[122.720375,8.112115],[122.743081,8.110922],[122.763812,8.114195],[122.765872,8.117472],[122.775135,8.115415],[122.811771,8.120387],[122.844934,8.132386],[122.855133,8.139379],[122.85718,8.144355],[122.857844,8.142076],[122.858645,8.146844],[122.870938,8.141225],[122.887861,8.145199],[122.910289,8.145236],[122.9441,8.169314],[122.954569,8.184037],[122.9602,8.184738],[122.974687,8.197343],[122.98657,8.199033],[122.995782,8.214375],[122.994779,8.225448],[122.99782,8.227226],[122.993572,8.229025],[122.995183,8.249355],[122.966644,8.260663],[122.965949,8.265262],[122.954632,8.278244],[122.947449,8.279261],[122.946515,8.291155],[122.936792,8.307398],[122.940991,8.308398],[122.945365,8.316356],[122.957301,8.313866],[122.974803,8.319066],[122.983279,8.32835],[122.989915,8.349982],[122.9875,8.363521],[122.979819,8.378989],[122.979673,8.413398],[122.984998,8.418842],[122.992012,8.418057],[122.994335,8.422868],[123.004947,8.424996],[123.008919,8.429117],[123.013329,8.440735],[123.018663,8.443659],[123.025586,8.483649],[123.030918,8.489638],[123.038331,8.489253],[123.043167,8.494656],[123.044517,8.492681],[123.043249,8.495774],[123.055055,8.511369],[123.063871,8.515443],[123.140757,8.523846],[123.183941,8.533029],[123.198864,8.532202],[123.232609,8.521384],[123.248582,8.520367],[123.26626,8.512305],[123.29498,8.516458],[123.304387,8.52182],[123.331015,8.562526],[123.336985,8.588454],[123.341303,8.593503],[123.335736,8.591637],[123.350719,8.634721],[123.370538,8.643533],[123.372622,8.639708],[123.376976,8.640642],[123.382494,8.636893],[123.39208,8.624563],[123.407637,8.636092],[123.414278,8.635939],[123.411755,8.641146],[123.421739,8.66254],[123.41836,8.667014],[123.40681,8.66748],[123.410595,8.674364],[123.401905,8.672933],[123.402047,8.67597],[123.397484,8.675551],[123.398994,8.685137],[123.407245,8.688621],[123.406335,8.694557],[123.402287,8.696533],[123.403044,8.702027],[123.398138,8.7008],[123.393822,8.683905],[123.394351,8.688665],[123.391423,8.690361],[123.393418,8.694054],[123.388653,8.694059],[123.389918,8.700629],[123.378663,8.704571],[123.37954,8.726856],[123.397537,8.726465],[123.43597,8.715712],[123.451273,8.698779],[123.451748,8.684369],[123.456144,8.691254],[123.467129,8.689474],[123.474698,8.681472],[123.478343,8.687147],[123.482832,8.686294],[123.492902,8.699365],[123.50186,8.700505],[123.507683,8.681927],[123.492979,8.669379],[123.493957,8.663109],[123.484823,8.65662],[123.487965,8.653797],[123.488424,8.642322],[123.512385,8.621573],[123.517265,8.622747],[123.517386,8.630975],[123.522881,8.625085],[123.534923,8.631401],[123.537741,8.627201],[123.533895,8.621248],[123.536274,8.618198],[123.544185,8.625748],[123.550514,8.62516],[123.555022,8.619755],[123.554192,8.567373],[123.558577,8.503721],[123.555673,8.500897],[123.56001,8.459861],[123.558901,8.386771],[123.563266,8.349368],[123.559733,8.346493],[123.566568,8.315118],[123.56169,8.296392],[123.558316,8.294803],[123.556348,8.185707],[123.562202,8.068567],[123.559838,8.026097],[123.564354,8.023149],[123.577805,8.027133],[123.585501,8.026097],[123.591237,8.032118],[123.595245,8.025755],[123.601143,8.026001],[123.604176,8.030855],[123.612741,8.028765],[123.616593,8.033723],[123.622986,8.03483],[123.627165,8.028478],[123.635853,8.033805],[123.638721,8.027413],[123.633107,8.022003],[123.63917,8.01278],[123.63778,8.01],[123.63722,8.01389],[123.63361,8.0125],[123.63416,8.00722],[123.64111,8.00389],[123.63834,8.00806],[123.64361,8.00944],[123.648378,8.019112],[123.651431,8.017981],[123.660796,8.002985],[123.658668,7.999128],[123.663715,7.997546],[123.648266,7.992092],[123.644431,7.994646],[123.644577,7.989921],[123.640551,7.988865],[123.645085,7.976472],[123.635662,7.97739],[123.644434,7.969945],[123.63938,7.966198],[123.641113,7.962769],[123.647972,7.964482],[123.649852,7.959802],[123.635034,7.932722],[123.663546,7.922498],[123.662123,7.907383],[123.65985,7.907532],[123.657693,7.898697],[123.653644,7.898401],[123.648673,7.89188],[123.66543,7.891539],[123.666222,7.888529],[123.659285,7.877207],[123.648847,7.87753],[123.633659,7.868725],[123.635447,7.864302],[123.632381,7.856143],[123.629289,7.856146],[123.626467,7.848955],[123.621694,7.846522],[123.625816,7.839539],[123.621899,7.828722],[123.613414,7.829377],[123.613303,7.832786],[123.60754,7.836631],[123.598046,7.833239],[123.582453,7.842265],[123.573943,7.851068],[123.567342,7.851995],[123.535073,7.847686],[123.527227,7.840591],[123.527225,7.83557],[123.51068,7.832814],[123.508014,7.835762],[123.505821,7.830852],[123.498022,7.829114],[123.484902,7.819605],[123.472171,7.819604],[123.460837,7.812026],[123.447062,7.815188],[123.451821,7.817801],[123.448509,7.816805],[123.446855,7.822661],[123.445985,7.819611],[123.431959,7.817328],[123.43229,7.814363],[123.426941,7.816596],[123.422724,7.814484],[123.427237,7.808264],[123.425939,7.801208],[123.430279,7.794845],[123.431016,7.781726],[123.422229,7.778907],[123.418847,7.771652],[123.420199,7.767745],[123.426955,7.763973],[123.430562,7.765603],[123.433361,7.761316],[123.439776,7.764874],[123.446249,7.764211],[123.440912,7.751219],[123.44328,7.74608],[123.452364,7.748276],[123.458441,7.743523],[123.470398,7.74392],[123.482387,7.729082],[123.476704,7.719606],[123.482349,7.70931],[123.477865,7.708614],[123.476501,7.704089],[123.481937,7.694238],[123.478862,7.689033],[123.482234,7.681704],[123.474404,7.673916],[123.477846,7.668085],[123.472576,7.664064],[123.470812,7.654319],[123.464439,7.648476],[123.466964,7.638481],[123.463557,7.629995],[123.459052,7.632603],[123.443937,7.623763],[123.435839,7.624215],[123.42843,7.620026],[123.429133,7.615179],[123.415401,7.617927],[123.393897,7.609467],[123.395962,7.60578],[123.388597,7.603719],[123.384648,7.605698],[123.37929,7.596498],[123.385592,7.594766],[123.384236,7.589377],[123.391807,7.586002],[123.389311,7.576487],[123.394302,7.573134],[123.388441,7.555905],[123.370244,7.578477],[123.367464,7.575742],[123.369021,7.571623],[123.361356,7.579335],[123.35587,7.579747],[123.350229,7.573018],[123.338552,7.570444],[123.337505,7.567239],[123.341349,7.563983],[123.336314,7.55169],[123.34224,7.545812],[123.346968,7.550575],[123.355272,7.53909],[123.360027,7.540687],[123.365084,7.536047],[123.369864,7.538841],[123.372598,7.533605],[123.381572,7.534325],[123.383991,7.5127],[123.380831,7.510464],[123.380344,7.49101],[123.394321,7.47259],[123.394471,7.458672],[123.401433,7.458277],[123.408291,7.467206],[123.412461,7.467296],[123.425644,7.455699],[123.436783,7.452528],[123.441913,7.444089],[123.446516,7.442547],[123.451078,7.434308],[123.440756,7.428117],[123.441489,7.414783],[123.436275,7.410475],[123.44561,7.402066],[123.447464,7.388143],[123.45233,7.382226],[123.44924,7.379956],[123.453313,7.375661],[123.451749,7.371849],[123.444503,7.368401],[123.42369,7.373844],[123.420667,7.371826],[123.420925,7.362093],[123.405707,7.357656],[123.389229,7.373729],[123.381432,7.376383],[123.381523,7.391194],[123.375263,7.399249],[123.333304,7.413336],[123.324483,7.423181],[123.322737,7.440972],[123.315587,7.449677],[123.296326,7.457338],[123.29636,7.46044],[123.292141,7.460794],[123.294388,7.463616],[123.287663,7.464047],[123.282915,7.471375],[123.282124,7.474948],[123.289907,7.484682],[123.290558,7.490936],[123.295419,7.493703],[123.289665,7.499081],[123.289621,7.508862],[123.294755,7.514646],[123.302609,7.512467],[123.30765,7.518921],[123.308162,7.523947],[123.300356,7.531863],[123.294955,7.529006],[123.289007,7.532203],[123.274704,7.531071],[123.27024,7.534734],[123.263223,7.532585],[123.256534,7.537023],[123.252561,7.532176],[123.242536,7.52959],[123.237444,7.536665],[123.224548,7.540245],[123.224449,7.535651],[123.220662,7.535659],[123.215689,7.528346],[123.216283,7.524491],[123.203663,7.519427],[123.201525,7.515468],[123.195357,7.515369],[123.194364,7.510673],[123.182153,7.505086],[123.182526,7.498549],[123.191991,7.495216],[123.198286,7.484567],[123.195922,7.481569],[123.189816,7.483206],[123.185697,7.470832],[123.176957,7.466154],[123.1643,7.472936],[123.161557,7.484605],[123.163313,7.491664],[123.168195,7.490236],[123.167106,7.495232],[123.13919,7.499435],[123.115561,7.514217],[123.11329,7.523637],[123.115513,7.527722],[123.106786,7.530994],[123.108259,7.53604],[123.102164,7.537977],[123.103166,7.544573],[123.107046,7.547503],[123.102309,7.557043],[123.128883,7.565804],[123.131369,7.569564],[123.125142,7.58028],[123.130454,7.580282],[123.124072,7.583466],[123.121281,7.5889],[123.096651,7.60189],[123.108108,7.606541],[123.124973,7.602631],[123.124625,7.600078],[123.134264,7.592989],[123.12998,7.584526],[123.137013,7.576468],[123.139169,7.579539],[123.147098,7.576679],[123.161486,7.5823],[123.17604,7.574641],[123.196512,7.591037],[123.19251,7.596733],[123.193847,7.602121],[123.189872,7.605997],[123.189912,7.611494],[123.186202,7.615512],[123.180306,7.615122],[123.182194,7.617752],[123.180914,7.62247],[123.174233,7.625339],[123.177713,7.625194],[123.179568,7.628948],[123.174588,7.6349],[123.180108,7.635264],[123.177483,7.641249],[123.167078,7.644914],[123.166423,7.63856],[123.161612,7.637735],[123.15546,7.640284],[123.149767,7.648976],[123.13941,7.643452],[123.138722,7.650061],[123.145108,7.657715],[123.13754,7.653699],[123.13097,7.655628],[123.125039,7.67034],[123.134113,7.678707],[123.13414,7.68281],[123.135882,7.679942],[123.138066,7.681978],[123.137288,7.686114],[123.145656,7.687915],[123.144375,7.698162],[123.138784,7.705353],[123.139381,7.711927],[123.13533,7.709235],[123.137122,7.712518],[123.134656,7.710545],[123.130616,7.715019],[123.128242,7.713007],[123.119056,7.719547],[123.117161,7.734815],[123.113818,7.735721],[123.11446,7.729426],[123.102994,7.703372],[123.097218,7.705587],[123.091746,7.703304],[123.085006,7.695071],[123.086488,7.68948],[123.082392,7.689643],[123.083807,7.68535],[123.081362,7.683073],[123.083776,7.677317],[123.080253,7.676326],[123.079269,7.680001],[123.072294,7.681016],[123.07107,7.683847],[123.068348,7.679507],[123.062403,7.680626],[123.059228,7.660688],[123.050606,7.662255],[123.051143,7.666265],[123.04247,7.65708],[123.034342,7.657554],[123.041961,7.653075],[123.037322,7.64866],[123.040683,7.646673],[123.047151,7.650039],[123.048461,7.654213],[123.053186,7.653312],[123.052764,7.648221],[123.04803,7.645793],[123.048469,7.640658],[123.054898,7.637763],[123.057046,7.626269],[123.051076,7.620683],[123.038999,7.626369],[123.037726,7.624053],[123.026695,7.626826],[123.029153,7.611605],[123.03388,7.609923],[123.029207,7.595718],[123.035402,7.585278],[123.032914,7.58256],[123.035172,7.577878],[123.03285,7.57919],[123.029493,7.575355],[123.033534,7.569535],[123.025213,7.560005],[123.026247,7.546458],[123.02351,7.541283],[123.016126,7.53847],[123.013228,7.529103],[123.008041,7.526235],[123.001992,7.502274],[122.996131,7.500117],[123.002581,7.489274],[123.003841,7.480156],[122.995896,7.476823],[122.99154,7.47047],[122.996545,7.46776],[122.992496,7.458151],[122.986459,7.459291],[122.983007,7.464494],[122.983186,7.47429],[122.976525,7.473844],[122.972978,7.481557],[122.974923,7.487269],[122.964515,7.486283],[122.959581,7.473675],[122.950535,7.479134],[122.942721,7.499419],[122.937559,7.501893],[122.937136,7.505475],[122.932741,7.504529],[122.927389,7.519058],[122.928644,7.525645],[122.922233,7.531857],[122.920776,7.537932],[122.904521,7.545037],[122.889175,7.539829],[122.885372,7.509102],[122.863047,7.50482],[122.857677,7.498754],[122.856683,7.495333],[122.861576,7.490653],[122.875437,7.486442],[122.874422,7.478173],[122.877585,7.470709],[122.87447,7.46415],[122.870322,7.467122],[122.864246,7.455719],[122.855304,7.457002],[122.842721,7.43625],[122.837887,7.44588],[122.837058,7.443549],[122.83296,7.446782],[122.823953,7.443515],[122.814946,7.4338],[122.810721,7.437523],[122.81061,7.44468],[122.819803,7.45702],[122.817307,7.480013],[122.809743,7.481052],[122.810685,7.4846],[122.805624,7.490929],[122.79949,7.489751],[122.783621,7.471761],[122.780459,7.47089],[122.779485,7.474827],[122.782178,7.483949],[122.780212,7.488591],[122.783033,7.490576],[122.781413,7.505375],[122.788143,7.509473],[122.795559,7.527082],[122.787827,7.531598],[122.787439,7.539083],[122.798499,7.545699],[122.798501,7.539108],[122.807258,7.538831],[122.809913,7.533927],[122.805474,7.533973],[122.808266,7.528722],[122.804979,7.529332],[122.802316,7.525846],[122.804298,7.523841],[122.806821,7.525597],[122.819438,7.518144],[122.828209,7.521851],[122.824657,7.527128],[122.828662,7.529466],[122.82858,7.539321],[122.819808,7.55733],[122.822747,7.561532],[122.812751,7.573223],[122.814301,7.576778],[122.810653,7.581609],[122.801431,7.584955],[122.800178,7.589536],[122.793849,7.588627],[122.788672,7.592075],[122.793686,7.604748],[122.790352,7.606836],[122.791962,7.612281],[122.786659,7.614824],[122.794369,7.628096],[122.794928,7.636242],[122.798107,7.636933],[122.793237,7.639875],[122.790134,7.651682],[122.785802,7.655109],[122.78576,7.657916],[122.788723,7.65783],[122.786242,7.663088],[122.788052,7.668659],[122.782546,7.674696],[122.785594,7.677148],[122.782371,7.678142],[122.786431,7.686593],[122.79258,7.688437],[122.792242,7.697026],[122.797135,7.703912],[122.802401,7.704525],[122.798662,7.707236],[122.801426,7.713162],[122.804475,7.713503],[122.796704,7.725565],[122.810682,7.72676],[122.816147,7.721496],[122.805599,7.738586],[122.808306,7.741594],[122.813964,7.738281],[122.814287,7.740659],[122.809378,7.748714],[122.802109,7.75203],[122.803197,7.754904],[122.799992,7.753454],[122.787989,7.762433],[122.783372,7.753433],[122.758398,7.753553],[122.758601,7.760916],[122.749736,7.750639],[122.744764,7.749835],[122.74576,7.75778],[122.737098,7.766053],[122.733755,7.763378],[122.730576,7.765644],[122.723948,7.780962],[122.715599,7.784104],[122.712485,7.78241],[122.712405,7.777147],[122.705632,7.786459],[122.697123,7.781354],[122.693371,7.788561],[122.685585,7.7832],[122.685654,7.77939],[122.677865,7.783834],[122.678829,7.777565],[122.675083,7.774458],[122.679462,7.773401],[122.681657,7.775977],[122.682634,7.770832],[122.673561,7.766093],[122.672764,7.77828],[122.667204,7.78515],[122.663301,7.78244],[122.657356,7.786901],[122.655004,7.782547],[122.643814,7.777377],[122.636577,7.779575],[122.627004,7.774406],[122.62418,7.777058],[122.623189,7.770257],[122.617425,7.771506],[122.623813,7.763641],[122.621138,7.760037],[122.618831,7.759806],[122.617754,7.765112],[122.613917,7.765371],[122.609017,7.763556],[122.612198,7.759652],[122.604946,7.756783],[122.602191,7.751799],[122.585319,7.749733],[122.58406,7.746169],[122.579294,7.74589],[122.579165,7.741361],[122.568001,7.747669],[122.562452,7.744828],[122.562893,7.738878],[122.544465,7.734446],[122.542392,7.723839],[122.533164,7.71262],[122.533095,7.705803],[122.529151,7.702414],[122.522032,7.703534],[122.525438,7.693191],[122.518311,7.692426],[122.514407,7.695988],[122.509714,7.691715],[122.504556,7.67998],[122.499094,7.676936],[122.502638,7.668386],[122.497758,7.666601],[122.497515,7.660509],[122.494957,7.66091],[122.493796,7.656431],[122.4854,7.657447],[122.483075,7.653762],[122.483467,7.645879],[122.477024,7.641433],[122.481119,7.636581],[122.490117,7.634273],[122.489902,7.631434],[122.473617,7.631656],[122.473301,7.620524],[122.468406,7.615322],[122.446249,7.609053],[122.446766,7.602487],[122.441688,7.596074],[122.444957,7.593626],[122.439207,7.58841],[122.432918,7.588126],[122.433932,7.584549],[122.429452,7.581217],[122.436723,7.56918],[122.451197,7.56675],[122.459813,7.567955],[122.47042,7.579427],[122.47364,7.577487],[122.478232,7.580338],[122.473565,7.575416],[122.483251,7.569331],[122.487351,7.574411],[122.497023,7.572459],[122.499736,7.575393],[122.49764,7.578556],[122.505938,7.579273],[122.500433,7.565898],[122.488983,7.566212],[122.486961,7.558903],[122.492257,7.55537],[122.484503,7.536725],[122.478132,7.534455],[122.469936,7.520168],[122.461027,7.516132],[122.460358,7.510036],[122.453809,7.502511],[122.446147,7.50269],[122.440606,7.498235],[122.43519,7.499717],[122.43819,7.505869],[122.447988,7.511358],[122.457693,7.529786],[122.462259,7.531356],[122.459503,7.534281],[122.467537,7.538298],[122.46097,7.540279],[122.456951,7.546761],[122.452624,7.536794],[122.449675,7.548013],[122.439151,7.545446],[122.435361,7.536888],[122.447569,7.538653],[122.448567,7.534335],[122.431199,7.522137],[122.426777,7.511341],[122.425374,7.513827],[122.420823,7.507877],[122.422002,7.50358],[122.417216,7.504616],[122.403711,7.489063],[122.40964,7.498354],[122.408463,7.506418],[122.402571,7.49848],[122.397901,7.497974],[122.398775,7.494653],[122.393973,7.488487],[122.383999,7.491431],[122.377547,7.488293],[122.371453,7.474463],[122.363726,7.476238],[122.358514,7.468377],[122.354026,7.468329],[122.357556,7.463061],[122.353607,7.461989],[122.35418,7.455142]]],[[[122.318702,7.311441],[122.314272,7.307626],[122.308158,7.309506],[122.311501,7.314384],[122.317314,7.315339],[122.318702,7.311441]]],[[[122.322989,7.318745],[122.325864,7.319041],[122.326454,7.318021],[122.322989,7.318745]]],[[[122.328443,7.319632],[122.327541,7.318716],[122.327031,7.319543],[122.328443,7.319632]]],[[[122.409485,7.355896],[122.408081,7.354919],[122.408081,7.356689],[122.409485,7.355896]]],[[[122.405701,7.362305],[122.404297,7.35968],[122.404724,7.363098],[122.405701,7.362305]]],[[[122.428894,7.385925],[122.428894,7.388123],[122.429504,7.387695],[122.428894,7.385925]]],[[[122.4021,7.392883],[122.401921,7.396977],[122.403491,7.396335],[122.4021,7.392883]]],[[[122.38745,7.394652],[122.388321,7.395188],[122.387935,7.394443],[122.38745,7.394652]]],[[[122.373442,7.403834],[122.369917,7.406937],[122.373835,7.406503],[122.373442,7.403834]]],[[[122.371574,7.408159],[122.370521,7.412521],[122.373783,7.410933],[122.371574,7.408159]]],[[[122.390018,7.486275],[122.389685,7.487191],[122.390364,7.487042],[122.390018,7.486275]]],[[[122.417703,7.496072],[122.423465,7.496469],[122.416155,7.489654],[122.415022,7.490955],[122.417703,7.496072]]],[[[122.438495,7.521156],[122.436715,7.519923],[122.438017,7.521589],[122.438495,7.521156]]],[[[122.094694,7.53119],[122.092549,7.530146],[122.09415,7.531646],[122.094694,7.53119]]],[[[122.45711,7.531148],[122.457408,7.530216],[122.456313,7.530488],[122.45711,7.531148]]],[[[122.447882,7.541655],[122.445033,7.542047],[122.44427,7.543236],[122.446671,7.544004],[122.447882,7.541655]]],[[[122.443918,7.587867],[122.446068,7.587536],[122.443062,7.587168],[122.443918,7.587867]]],[[[122.850979,7.267852],[122.841115,7.275721],[122.844301,7.276195],[122.84564,7.279415],[122.849249,7.276308],[122.854493,7.284508],[122.860034,7.274117],[122.850979,7.267852]]],[[[122.842945,7.279895],[122.841354,7.276822],[122.840416,7.277813],[122.842945,7.279895]]],[[[122.858572,7.287331],[122.854369,7.287371],[122.856452,7.288906],[122.858572,7.287331]]],[[[122.918447,7.343364],[122.917407,7.341243],[122.916801,7.342504],[122.918447,7.343364]]],[[[122.885732,7.380599],[122.884263,7.397081],[122.889245,7.403845],[122.886436,7.413474],[122.887613,7.427495],[122.896637,7.436685],[122.898434,7.443134],[122.905815,7.435969],[122.906933,7.430814],[122.919162,7.426033],[122.93002,7.427918],[122.932764,7.421329],[122.946364,7.408098],[122.944209,7.403613],[122.938557,7.405069],[122.933179,7.397314],[122.941912,7.400568],[122.947148,7.39184],[122.956384,7.390414],[122.967396,7.373352],[122.973497,7.370033],[122.975575,7.363707],[122.972414,7.361212],[122.963707,7.364166],[122.958708,7.370107],[122.950672,7.36958],[122.936604,7.375252],[122.932292,7.374371],[122.93355,7.372216],[122.924907,7.37211],[122.92151,7.364677],[122.926478,7.35638],[122.933289,7.356855],[122.937101,7.351351],[122.944666,7.351315],[122.946738,7.348433],[122.952792,7.349159],[122.948916,7.337871],[122.938667,7.33547],[122.929481,7.346519],[122.928531,7.344081],[122.91812,7.348547],[122.919581,7.344422],[122.905798,7.338783],[122.904988,7.330046],[122.90172,7.326951],[122.903257,7.323846],[122.897337,7.318098],[122.89094,7.31536],[122.874045,7.317241],[122.866324,7.311942],[122.84683,7.30837],[122.846361,7.304702],[122.839392,7.301288],[122.837832,7.293799],[122.830431,7.287739],[122.835426,7.286774],[122.839107,7.278443],[122.830507,7.277679],[122.816054,7.284491],[122.807633,7.291438],[122.804765,7.30657],[122.808047,7.311314],[122.801779,7.318168],[122.801816,7.33117],[122.811763,7.336161],[122.811331,7.340027],[122.808079,7.340946],[122.80671,7.337111],[122.802703,7.33992],[122.800418,7.336631],[122.792216,7.339285],[122.787308,7.352501],[122.790307,7.368407],[122.800159,7.380735],[122.79432,7.391613],[122.800521,7.401678],[122.804542,7.4251],[122.814262,7.428678],[122.823786,7.438981],[122.837309,7.434452],[122.837816,7.430666],[122.848072,7.425929],[122.854674,7.415281],[122.859697,7.412576],[122.859638,7.389142],[122.874095,7.369681],[122.877963,7.373304],[122.874486,7.364857],[122.882154,7.375214],[122.89119,7.378811],[122.885732,7.380599]]],[[[123.329529,7.36908],[123.328308,7.368896],[123.328674,7.369507],[123.329529,7.36908]]],[[[123.329062,7.370635],[123.328236,7.37475],[123.330533,7.373198],[123.329062,7.370635]]],[[[122.786775,7.385152],[122.787926,7.390701],[122.790441,7.386042],[122.786775,7.385152]]],[[[122.926621,7.432443],[122.928896,7.431494],[122.926988,7.430022],[122.926621,7.432443]]],[[[122.858659,7.433922],[122.853388,7.429944],[122.848832,7.432319],[122.857213,7.436912],[122.858659,7.433922]]],[[[122.848816,7.434651],[122.845166,7.434606],[122.848873,7.436387],[122.848816,7.434651]]],[[[122.970275,7.452263],[122.962432,7.459834],[122.963667,7.463086],[122.967513,7.460512],[122.970275,7.452263]]],[[[123.136108,7.488708],[123.135873,7.485773],[123.134094,7.486084],[123.133118,7.488708],[123.136108,7.488708]]],[[[122.463074,7.486511],[122.462708,7.488892],[122.463684,7.488281],[122.463074,7.486511]]],[[[123.302484,7.519275],[123.30512,7.518924],[123.304995,7.518395],[123.302484,7.519275]]],[[[123.217288,7.520562],[123.22134,7.522009],[123.224493,7.516588],[123.219735,7.517945],[123.217288,7.520562]]],[[[122.822797,7.52612],[122.820308,7.520444],[122.817036,7.520303],[122.815185,7.525202],[122.818315,7.529046],[122.822797,7.52612]]],[[[123.256261,7.527255],[123.25129,7.527378],[123.251011,7.528263],[123.25325,7.528986],[123.256261,7.527255]]],[[[122.486049,7.534552],[122.48523,7.534907],[122.485651,7.535296],[122.486049,7.534552]]],[[[122.797407,7.551861],[122.788734,7.552472],[122.789314,7.556107],[122.796961,7.555927],[122.797407,7.551861]]],[[[123.368293,7.570092],[123.365609,7.571241],[123.365655,7.57198],[123.368293,7.570092]]],[[[123.049377,7.576382],[123.049253,7.572717],[123.047514,7.576459],[123.049377,7.576382]]],[[[123.045584,7.585033],[123.051618,7.582405],[123.051665,7.580846],[123.047727,7.582414],[123.045584,7.585033]]],[[[123.038378,7.586242],[123.039242,7.587358],[123.039645,7.586257],[123.038378,7.586242]]],[[[123.049309,7.591851],[123.048495,7.59101],[123.048848,7.591864],[123.049309,7.591851]]],[[[122.49258,7.596274],[122.492051,7.593761],[122.489104,7.59448],[122.49258,7.596274]]],[[[123.399329,7.608488],[123.397087,7.605467],[123.395137,7.608663],[123.399329,7.608488]]],[[[123.07723,7.607023],[123.077515,7.608276],[123.077698,7.607483],[123.07723,7.607023]]],[[[123.454482,7.609384],[123.458783,7.615693],[123.464757,7.609677],[123.461429,7.604063],[123.454482,7.609384]]],[[[123.186847,7.611196],[123.188285,7.610885],[123.188128,7.609872],[123.186847,7.611196]]],[[[123.074219,7.612764],[123.075799,7.60871],[123.072392,7.614557],[123.074219,7.612764]]],[[[123.080303,7.611738],[123.079073,7.611772],[123.080037,7.612546],[123.080303,7.611738]]],[[[123.179142,7.615167],[123.180207,7.616536],[123.179583,7.614869],[123.179142,7.615167]]],[[[123.179082,7.617066],[123.177312,7.617774],[123.178286,7.618666],[123.179082,7.617066]]],[[[123.180004,7.619727],[123.179414,7.6171],[123.178839,7.619964],[123.180004,7.619727]]],[[[123.465353,7.620684],[123.466218,7.618505],[123.464104,7.619197],[123.465353,7.620684]]],[[[123.460582,7.619339],[123.461215,7.621125],[123.461715,7.620001],[123.460582,7.619339]]],[[[123.057202,7.627035],[123.057836,7.627555],[123.057909,7.626957],[123.057202,7.627035]]],[[[123.060889,7.630499],[123.060262,7.629602],[123.060034,7.630719],[123.060889,7.630499]]],[[[123.059082,7.633118],[123.060303,7.633484],[123.059875,7.631714],[123.059082,7.633118]]],[[[123.112915,7.638489],[123.113281,7.637085],[123.112488,7.637878],[123.112915,7.638489]]],[[[123.091675,7.650085],[123.092529,7.647522],[123.090515,7.648071],[123.091675,7.650085]]],[[[123.089294,7.650085],[123.089722,7.651917],[123.090271,7.651672],[123.089294,7.650085]]],[[[123.070885,7.653572],[123.069975,7.655535],[123.070579,7.658201],[123.071365,7.657202],[123.070885,7.653572]]],[[[123.050181,7.66219],[123.049283,7.662473],[123.050179,7.662919],[123.050181,7.66219]]],[[[123.124084,7.669312],[123.12207,7.669922],[123.123718,7.670471],[123.124084,7.669312]]],[[[123.110519,7.680849],[123.110356,7.675712],[123.106143,7.673701],[123.105896,7.680481],[123.110519,7.680849]]],[[[122.540667,7.684673],[122.540402,7.688613],[122.545493,7.685817],[122.545786,7.68238],[122.540667,7.684673]]],[[[123.435166,7.79255],[123.435374,7.794816],[123.435487,7.792445],[123.435166,7.79255]]],[[[123.489633,8.649026],[123.490369,8.648454],[123.48958,8.648389],[123.489633,8.649026]]],[[[123.503421,8.656017],[123.497743,8.65256],[123.496139,8.650182],[123.496455,8.657836],[123.503421,8.656017]]],[[[123.225806,8.743182],[123.219806,8.742349],[123.218297,8.747502],[123.226649,8.749102],[123.225806,8.743182]]],[[[123.413908,8.860215],[123.421115,8.856631],[123.419187,8.849419],[123.413999,8.851597],[123.413908,8.860215]]]]}},{"type":"Feature","properties":{"ADM1_PCODE":"PH10","ADM1_EN":"Region X (Northern Mindanao)"},"geometry":{"type":"MultiPolygon","coordinates":[[[[123.624134,7.830434],[123.625816,7.839539],[123.621694,7.846522],[123.626467,7.848955],[123.629289,7.856146],[123.632381,7.856143],[123.635447,7.864302],[123.633659,7.868725],[123.648847,7.87753],[123.659285,7.877207],[123.666222,7.888529],[123.66543,7.891539],[123.648673,7.89188],[123.653644,7.898401],[123.657693,7.898697],[123.65985,7.907532],[123.662123,7.907383],[123.663546,7.922498],[123.635034,7.932722],[123.649852,7.959802],[123.65237,7.953004],[123.655297,7.954798],[123.668377,7.950882],[123.672804,7.953659],[123.675359,7.950839],[123.674824,7.953179],[123.681212,7.956516],[123.67974,7.961124],[123.687322,7.9677],[123.685947,7.970448],[123.692155,7.973419],[123.694428,7.978875],[123.699233,7.975246],[123.699585,7.979932],[123.710262,7.978374],[123.719115,7.99],[123.747228,7.997053],[123.753721,8.002321],[123.752103,8.005322],[123.758392,8.013303],[123.757963,8.017005],[123.766184,8.017502],[123.774762,8.027312],[123.779829,8.036368],[123.779856,8.044794],[123.788289,8.051951],[123.787835,8.057919],[123.802491,8.062425],[123.807548,8.073454],[123.812652,8.073708],[123.815601,8.079319],[123.822432,8.080876],[123.827746,8.087083],[123.833992,8.084924],[123.847987,8.112203],[123.857145,8.105611],[123.870061,8.103287],[123.884887,8.113481],[123.898746,8.114161],[123.902941,8.116989],[123.901735,8.119688],[123.912452,8.123803],[123.917904,8.13724],[123.931484,8.153215],[123.943867,8.157029],[123.96105,8.171155],[123.979012,8.172899],[123.986888,8.17535],[123.985005,8.177305],[123.992851,8.182408],[124.00003,8.184604],[124.00227,8.182612],[124.010797,8.187158],[124.012775,8.194587],[124.032637,8.198426],[124.04155,8.193696],[124.056358,8.195514],[124.068216,8.187163],[124.076417,8.193866],[124.083267,8.188951],[124.084755,8.192991],[124.096756,8.189605],[124.095855,8.192946],[124.108429,8.187209],[124.154584,8.184874],[124.166467,8.186181],[124.181714,8.193011],[124.185215,8.198379],[124.189215,8.195783],[124.200178,8.204547],[124.2022,8.210495],[124.21491,8.212411],[124.218701,8.209665],[124.22987,8.217552],[124.234405,8.227616],[124.232155,8.232241],[124.240207,8.240323],[124.248596,8.264196],[124.257246,8.268895],[124.264036,8.278406],[124.263805,8.284442],[124.257366,8.288526],[124.254509,8.304786],[124.246333,8.323309],[124.246434,8.331747],[124.257237,8.339774],[124.262201,8.377003],[124.276611,8.386588],[124.282871,8.396562],[124.288373,8.443171],[124.283376,8.452637],[124.283707,8.462324],[124.295269,8.471735],[124.294022,8.48563],[124.304939,8.501016],[124.312258,8.536184],[124.320825,8.546755],[124.340348,8.551211],[124.349957,8.562927],[124.360925,8.568313],[124.369516,8.581916],[124.386549,8.593659],[124.406544,8.597582],[124.432584,8.612936],[124.432421,8.616276],[124.449438,8.624065],[124.467582,8.625123],[124.470023,8.622848],[124.465115,8.622685],[124.479426,8.618768],[124.474662,8.603762],[124.469679,8.598508],[124.471352,8.591104],[124.485808,8.587473],[124.517287,8.568877],[124.535669,8.555599],[124.543497,8.540649],[124.556935,8.537225],[124.567498,8.54007],[124.574816,8.528897],[124.571159,8.524905],[124.577666,8.519007],[124.614371,8.520986],[124.65313,8.510299],[124.657101,8.506331],[124.654087,8.5017],[124.656328,8.500884],[124.662419,8.507065],[124.664676,8.501666],[124.663002,8.490255],[124.666587,8.483607],[124.677707,8.478368],[124.691449,8.478665],[124.699604,8.472191],[124.718613,8.478135],[124.743352,8.494763],[124.752392,8.505197],[124.753993,8.512379],[124.740498,8.534262],[124.741944,8.554166],[124.748884,8.554053],[124.742759,8.558555],[124.748154,8.568013],[124.759907,8.577648],[124.756691,8.5769],[124.766558,8.582093],[124.771538,8.594959],[124.765288,8.600949],[124.760224,8.612492],[124.763367,8.626074],[124.759985,8.630448],[124.76256,8.641656],[124.755966,8.649111],[124.750084,8.6475],[124.747865,8.642955],[124.742211,8.650643],[124.738871,8.673376],[124.740545,8.692246],[124.744803,8.705048],[124.75814,8.717212],[124.764383,8.71735],[124.77189,8.712066],[124.777457,8.718188],[124.77826,8.733334],[124.764096,8.761473],[124.766483,8.776706],[124.782613,8.799676],[124.78952,8.825539],[124.788166,8.849149],[124.784908,8.854631],[124.788967,8.886079],[124.784141,8.916143],[124.779631,8.922455],[124.772203,8.955624],[124.77189,8.965366],[124.778884,8.976459],[124.783906,8.974514],[124.781502,8.97966],[124.787368,8.979357],[124.797749,8.994413],[124.817989,9.00454],[124.865706,9.006722],[124.873664,9.016206],[124.877743,9.016126],[124.879829,9.011132],[124.874603,9.00608],[124.886838,8.995685],[124.902204,8.992466],[124.906432,8.981718],[124.917269,8.980338],[124.928285,8.971513],[124.941495,8.969586],[124.957094,8.956674],[124.9717,8.950775],[124.990409,8.930832],[125.01517,8.924362],[125.024196,8.919038],[125.02709,8.911235],[125.024432,8.901383],[125.033771,8.894943],[125.044158,8.875403],[125.066247,8.857158],[125.069443,8.835469],[125.07837,8.828634],[125.096368,8.829161],[125.12505,8.835906],[125.133979,8.842573],[125.141384,8.842172],[125.15198,8.851449],[125.160275,8.85123],[125.163804,8.845685],[125.166978,8.851372],[125.164706,8.857571],[125.168655,8.864271],[125.168254,8.876223],[125.185272,8.896003],[125.18753,8.927377],[125.183938,8.939936],[125.187104,8.949882],[125.185894,8.960273],[125.179312,8.973072],[125.179676,8.980916],[125.171283,9.009898],[125.185229,9.028809],[125.181206,9.039784],[125.186178,9.07627],[125.192455,9.085215],[125.207725,9.093653],[125.217677,9.030474],[125.230815,9.015114],[125.238139,8.987512],[125.217782,8.982029],[125.224053,8.979817],[125.224355,8.973909],[125.229296,8.974241],[125.230832,8.969594],[125.224444,8.967543],[125.226547,8.962048],[125.223981,8.958107],[125.229385,8.955441],[125.225932,8.949821],[125.233127,8.950771],[125.231223,8.944712],[125.2227,8.943054],[125.223736,8.940289],[125.230694,8.939885],[125.230097,8.937162],[125.224715,8.933237],[125.218171,8.935446],[125.216396,8.930693],[125.220304,8.930951],[125.221452,8.922429],[125.217318,8.918384],[125.225748,8.916267],[125.224535,8.911499],[125.227581,8.913568],[125.228871,8.90962],[125.23561,8.909374],[125.232538,8.89152],[125.237744,8.89183],[125.239478,8.886515],[125.244459,8.88983],[125.248061,8.888393],[125.245782,8.882698],[125.250965,8.87933],[125.24895,8.876756],[125.25494,8.870232],[125.250484,8.864802],[125.253424,8.852865],[125.262599,8.842401],[125.241096,8.84064],[125.236214,8.78465],[125.24018,8.668429],[125.23466,8.665647],[125.238181,8.664388],[125.238516,8.660305],[125.230027,8.6571],[125.219077,8.637285],[125.214408,8.637677],[125.201259,8.627035],[125.187754,8.611919],[125.183447,8.614259],[125.182101,8.610941],[125.185148,8.609066],[125.182719,8.605276],[125.185371,8.604982],[125.181773,8.604264],[125.182943,8.595595],[125.176223,8.589405],[125.176622,8.585103],[125.169852,8.58377],[125.255372,8.57961],[125.256914,8.587537],[125.261733,8.587566],[125.260606,8.579007],[125.249471,8.556958],[125.252543,8.551628],[125.253068,8.535442],[125.247561,8.47807],[125.266307,8.438375],[125.279481,8.435162],[125.287272,8.422475],[125.283286,8.422377],[125.276353,8.412212],[125.279203,8.405716],[125.275771,8.39886],[125.277921,8.370984],[125.274758,8.367383],[125.27508,8.354652],[125.28975,8.335109],[125.300574,8.329203],[125.308693,8.311562],[125.319005,8.302095],[125.331539,8.297252],[125.339878,8.284365],[125.346783,8.232365],[125.367014,8.214609],[125.365776,8.187803],[125.370024,8.183167],[125.377161,8.183493],[125.383809,8.179686],[125.383908,8.17652],[125.39442,8.170167],[125.406585,8.144125],[125.413139,8.142345],[125.412419,8.132324],[125.419132,8.131317],[125.414576,8.12512],[125.416125,8.122045],[125.419864,8.123765],[125.420773,8.119889],[125.425336,8.122958],[125.428098,8.11733],[125.431679,8.118624],[125.430169,8.112944],[125.433899,8.113153],[125.431826,8.110766],[125.435157,8.109198],[125.434925,8.104249],[125.43748,8.105441],[125.436864,8.101172],[125.44062,8.100468],[125.438243,8.097975],[125.443481,8.094467],[125.43638,8.094759],[125.436459,8.085088],[125.424526,8.083999],[125.422089,8.079451],[125.414781,8.079454],[125.411177,8.074353],[125.409178,8.078235],[125.405628,8.076177],[125.405604,8.066601],[125.393723,8.055688],[125.393454,8.043015],[125.379923,8.042899],[125.377084,8.038135],[125.378954,8.025505],[125.375057,8.014981],[125.386359,7.98436],[125.395049,7.976256],[125.415118,7.938313],[125.420104,7.909867],[125.415464,7.864332],[125.416235,7.819379],[125.42687,7.803338],[125.432095,7.787205],[125.432798,7.760784],[125.441386,7.738588],[125.438124,7.719951],[125.424375,7.684201],[125.424562,7.622786],[125.370072,7.623009],[125.371206,7.620835],[125.367683,7.620917],[125.353605,7.623268],[125.335363,7.635943],[125.331488,7.636126],[125.327398,7.629674],[125.317648,7.630981],[125.30734,7.639047],[125.300924,7.637283],[125.309413,7.629251],[125.324324,7.601914],[125.325903,7.565047],[125.265592,7.564791],[125.2636,7.506819],[125.257033,7.510498],[125.23063,7.500939],[125.229414,7.491877],[125.189726,7.505808],[125.163441,7.509029],[125.155311,7.46582],[125.13041,7.463113],[125.124069,7.45396],[125.066953,7.451182],[125.066154,7.433567],[125.046828,7.404643],[125.007441,7.406819],[124.997389,7.402476],[124.985528,7.404242],[124.983059,7.408462],[124.975287,7.404788],[124.973624,7.400869],[124.968573,7.408565],[124.959001,7.409293],[124.952108,7.415675],[124.947353,7.414889],[124.934293,7.434102],[124.929823,7.435701],[124.919241,7.42674],[124.904837,7.421906],[124.90169,7.415537],[124.899153,7.418826],[124.894949,7.414777],[124.889972,7.419386],[124.884316,7.420695],[124.881961,7.418062],[124.880779,7.424927],[124.883681,7.426801],[124.880189,7.43648],[124.866643,7.434049],[124.860904,7.441662],[124.85595,7.440961],[124.854073,7.446382],[124.852438,7.444846],[124.839164,7.456086],[124.84319,7.465195],[124.840764,7.475051],[124.817016,7.499056],[124.807993,7.494697],[124.806071,7.487994],[124.788597,7.484095],[124.794619,7.494051],[124.79208,7.497831],[124.797206,7.496664],[124.799843,7.49937],[124.798052,7.508385],[124.802919,7.507762],[124.80495,7.512504],[124.800956,7.52153],[124.80718,7.522142],[124.811323,7.533816],[124.820745,7.536496],[124.820596,7.540854],[124.825674,7.540711],[124.828437,7.54622],[124.825126,7.548997],[124.827398,7.55669],[124.818065,7.565893],[124.824905,7.571591],[124.817117,7.569729],[124.815227,7.572087],[124.816083,7.575483],[124.819588,7.575755],[124.814823,7.581381],[124.820939,7.590707],[124.815806,7.589214],[124.818427,7.594076],[124.813711,7.596389],[124.810617,7.592789],[124.807412,7.59709],[124.81079,7.604679],[124.808358,7.613993],[124.802193,7.614063],[124.806676,7.619207],[124.805123,7.622628],[124.799083,7.623151],[124.803127,7.628317],[124.795802,7.628098],[124.795425,7.632021],[124.775946,7.636487],[124.776866,7.64579],[124.774238,7.642104],[124.75578,7.654909],[124.758601,7.658515],[124.756359,7.681907],[124.746226,7.68575],[124.744422,7.683751],[124.743803,7.698284],[124.730717,7.703494],[124.73245,7.712113],[124.728723,7.721776],[124.733173,7.720164],[124.739592,7.729572],[124.732196,7.735228],[124.731065,7.74568],[124.71838,7.749871],[124.71864,7.753744],[124.711471,7.754229],[124.70474,7.780107],[124.68258,7.795841],[124.681449,7.801941],[124.674407,7.809338],[124.673374,7.816805],[124.665307,7.823335],[124.663619,7.834812],[124.650155,7.835138],[124.636753,7.844699],[124.633498,7.843799],[124.632205,7.850454],[124.629195,7.850545],[124.626583,7.868311],[124.618807,7.869065],[124.618084,7.873841],[124.621873,7.875395],[124.624604,7.888361],[124.618787,7.887982],[124.61193,7.892112],[124.610178,7.898852],[124.605497,7.897278],[124.59761,7.902537],[124.596721,7.905673],[124.598112,7.908378],[124.601532,7.907465],[124.601564,7.912001],[124.562531,7.981841],[124.564788,7.99409],[124.557437,8.004365],[124.561984,8.008681],[124.548418,8.024093],[124.54979,8.047025],[124.545763,8.058066],[124.547875,8.063419],[124.53718,8.079769],[124.53625,8.083103],[124.539209,8.084137],[124.537167,8.090485],[124.527967,8.097693],[124.522786,8.115148],[124.516902,8.117534],[124.510718,8.129269],[124.502297,8.13281],[124.497979,8.146409],[124.484264,8.154716],[124.485882,8.157781],[124.481239,8.163487],[124.455546,8.132937],[124.435015,8.128415],[124.404669,8.141588],[124.395757,8.153384],[124.376571,8.158135],[124.368875,8.156649],[124.367686,8.145419],[124.373478,8.127259],[124.368329,8.124975],[124.370752,8.120672],[124.368015,8.116234],[124.35001,8.115384],[124.350241,8.110817],[124.337708,8.102475],[124.334456,8.094328],[124.338484,8.081574],[124.331818,8.073891],[124.2839,8.053403],[124.278138,8.058013],[124.271885,8.054689],[124.253162,8.055728],[124.251971,8.065743],[124.247527,8.070434],[124.244882,8.067976],[124.22019,8.068078],[124.213964,8.071286],[124.212832,8.064629],[124.209921,8.064255],[124.211953,8.048658],[124.199277,8.046689],[124.204677,8.031889],[124.201371,8.029056],[124.191004,8.029098],[124.194124,8.021357],[124.174513,8.025479],[124.176762,8.020728],[124.157516,8.020146],[124.157623,8.033464],[124.123042,8.028824],[124.108835,8.029946],[124.111351,8.021063],[124.107962,8.010342],[124.098283,8.012729],[124.100929,8.002768],[124.108233,8.005317],[124.117509,8.00328],[124.11433,7.985755],[124.096324,7.986627],[124.096936,7.980998],[124.103552,7.972682],[124.101635,7.964451],[124.030819,7.952899],[124.008841,7.946689],[123.987841,7.935096],[124.001883,7.912552],[123.965705,7.87963],[123.973689,7.874037],[123.99573,7.838661],[124.023908,7.828601],[124.029423,7.821627],[124.009684,7.808221],[123.995513,7.785322],[123.996585,7.763499],[124.001625,7.742659],[123.959323,7.724985],[123.902944,7.729356],[123.870273,7.738133],[123.850969,7.735202],[123.853703,7.726686],[123.859266,7.728782],[123.860606,7.718057],[123.855817,7.712337],[123.857213,7.709874],[123.853845,7.710848],[123.849652,7.70709],[123.849913,7.697782],[123.843052,7.70024],[123.82063,7.697009],[123.814205,7.701667],[123.792362,7.70748],[123.7732,7.704323],[123.77199,7.708028],[123.775897,7.714184],[123.763668,7.731712],[123.749029,7.737],[123.745739,7.727483],[123.735532,7.733519],[123.738176,7.743002],[123.735821,7.753637],[123.739807,7.761869],[123.721437,7.790022],[123.708299,7.796799],[123.691483,7.798425],[123.696366,7.805675],[123.691898,7.81307],[123.650216,7.823261],[123.643035,7.821053],[123.628579,7.826554],[123.627766,7.831709],[123.624134,7.830434]],[[124.193909,8.12017],[124.198652,8.12271],[124.200366,8.119589],[124.20689,8.123591],[124.209236,8.131981],[124.207371,8.135845],[124.188682,8.128685],[124.19362,8.127537],[124.191381,8.12591],[124.195067,8.123162],[124.193909,8.12017]]],[[[123.558316,8.294803],[123.56169,8.296392],[123.566568,8.315118],[123.559733,8.346493],[123.563266,8.349368],[123.558901,8.386771],[123.56001,8.459861],[123.555673,8.500897],[123.558577,8.503721],[123.55545,8.528011],[123.553827,8.616683],[123.558484,8.619337],[123.564958,8.615316],[123.556413,8.594823],[123.558062,8.591513],[123.56165,8.591729],[123.564179,8.597721],[123.568709,8.597196],[123.563617,8.588838],[123.563012,8.577821],[123.566701,8.57146],[123.567398,8.576964],[123.575063,8.580931],[123.576269,8.608173],[123.580022,8.614304],[123.576276,8.61849],[123.583468,8.626722],[123.587579,8.627179],[123.586032,8.630618],[123.594171,8.643009],[123.601882,8.642618],[123.599137,8.649094],[123.603575,8.650828],[123.600078,8.652758],[123.601149,8.657966],[123.597738,8.661462],[123.583639,8.654274],[123.579963,8.659651],[123.586348,8.664543],[123.586154,8.668386],[123.608383,8.670148],[123.622644,8.661455],[123.621279,8.656267],[123.614578,8.651723],[123.615899,8.649935],[123.621084,8.648381],[123.623342,8.643483],[123.630594,8.646415],[123.638716,8.641508],[123.631461,8.632793],[123.636145,8.638073],[123.638292,8.63378],[123.640782,8.641592],[123.648304,8.635802],[123.655422,8.63474],[123.656939,8.639436],[123.665698,8.645239],[123.670862,8.64201],[123.688258,8.640944],[123.696862,8.629608],[123.703266,8.62813],[123.724665,8.611313],[123.725092,8.604115],[123.738249,8.599043],[123.739426,8.588643],[123.742139,8.590753],[123.740699,8.599048],[123.734204,8.607568],[123.734626,8.611354],[123.740217,8.608708],[123.740947,8.600249],[123.746456,8.603743],[123.75518,8.599691],[123.749131,8.602086],[123.744332,8.599955],[123.747501,8.595565],[123.744331,8.576316],[123.747099,8.577038],[123.751049,8.569466],[123.75603,8.569435],[123.753947,8.564635],[123.7602,8.563179],[123.757946,8.559191],[123.761274,8.555387],[123.766175,8.557569],[123.772933,8.55558],[123.773526,8.548809],[123.785383,8.528343],[123.78529,8.518366],[123.777351,8.51292],[123.783361,8.505571],[123.785777,8.508365],[123.788631,8.500908],[123.803193,8.492221],[123.817797,8.475291],[123.815109,8.453769],[123.837308,8.428261],[123.834843,8.405278],[123.844889,8.381623],[123.843691,8.361449],[123.849646,8.356903],[123.848466,8.354236],[123.8459,8.356139],[123.845207,8.349879],[123.863644,8.324601],[123.847707,8.311936],[123.84986,8.289827],[123.846474,8.269882],[123.848386,8.255514],[123.855542,8.247469],[123.864005,8.223669],[123.862539,8.203777],[123.86649,8.201936],[123.864755,8.191844],[123.867711,8.18949],[123.86897,8.174276],[123.866378,8.159695],[123.859394,8.154911],[123.862774,8.157664],[123.860773,8.159392],[123.855748,8.155738],[123.855178,8.149543],[123.846672,8.137686],[123.843713,8.140757],[123.843508,8.140158],[123.834077,8.138346],[123.842535,8.14013],[123.836751,8.142517],[123.83201,8.139562],[123.830112,8.128975],[123.821732,8.127158],[123.803343,8.105157],[123.789585,8.099333],[123.783455,8.090466],[123.784891,8.080543],[123.770759,8.07332],[123.770285,8.067575],[123.774757,8.065008],[123.761618,8.064545],[123.757408,8.058853],[123.759176,8.052215],[123.751891,8.056371],[123.747255,8.054642],[123.746646,8.048528],[123.737164,8.050734],[123.721661,8.045443],[123.710367,8.051901],[123.694371,8.049279],[123.692294,8.044055],[123.675065,8.038584],[123.661734,8.029436],[123.656625,8.018705],[123.647871,8.020375],[123.64399,8.01231],[123.633107,8.022003],[123.638721,8.027413],[123.635853,8.033805],[123.627165,8.028478],[123.622986,8.03483],[123.616593,8.033723],[123.612741,8.028765],[123.607291,8.031633],[123.596441,8.025614],[123.590266,8.032004],[123.585501,8.026097],[123.577805,8.027133],[123.564354,8.023149],[123.559838,8.026097],[123.559107,8.032329],[123.562202,8.068567],[123.556348,8.185707],[123.558316,8.294803]]],[[[123.574602,8.633525],[123.570094,8.621844],[123.566694,8.620099],[123.571935,8.632002],[123.574602,8.633525]]],[[[124.716962,9.103914],[124.674894,9.120554],[124.670887,9.129335],[124.653317,9.139552],[124.643085,9.152682],[124.634945,9.170282],[124.634149,9.185105],[124.637323,9.193714],[124.633344,9.20529],[124.636922,9.210912],[124.635308,9.218181],[124.644203,9.226418],[124.643382,9.232986],[124.650508,9.238173],[124.658819,9.239984],[124.672096,9.251824],[124.707236,9.257946],[124.731866,9.248396],[124.752544,9.227317],[124.758911,9.215284],[124.766765,9.21347],[124.778219,9.204239],[124.798327,9.146333],[124.793498,9.138109],[124.798493,9.132731],[124.797807,9.128096],[124.806325,9.122319],[124.80647,9.117664],[124.802925,9.104043],[124.799213,9.104051],[124.800171,9.106613],[124.796757,9.108153],[124.794265,9.102922],[124.787099,9.100104],[124.781993,9.083945],[124.769836,9.078889],[124.759279,9.082535],[124.744511,9.102719],[124.716962,9.103914]]],[[[124.822857,9.172964],[124.825104,9.17117],[124.822542,9.171871],[124.822857,9.172964]]]]}},{"type":"Feature","properties":{"ADM1_PCODE":"PH11","ADM1_EN":"Region XI (Davao Region)"},"geometry":{"type":"MultiPolygon","coordinates":[[[[125.340077,5.383845],[125.328667,5.390152],[125.329646,5.391947],[125.337348,5.390115],[125.346251,5.392827],[125.34942,5.397648],[125.346687,5.400443],[125.348777,5.404527],[125.352285,5.405128],[125.352287,5.409773],[125.360987,5.42117],[125.369548,5.429019],[125.379775,5.430778],[125.383489,5.4352],[125.390817,5.433799],[125.397085,5.437925],[125.39877,5.433773],[125.409862,5.432915],[125.413207,5.426048],[125.416625,5.427236],[125.42954,5.419597],[125.429063,5.416593],[125.426007,5.416786],[125.426644,5.408897],[125.421079,5.403003],[125.426547,5.394406],[125.423968,5.386485],[125.42747,5.375561],[125.420038,5.365508],[125.41202,5.367299],[125.407445,5.377801],[125.402745,5.374646],[125.385228,5.374633],[125.373784,5.3668],[125.362657,5.36708],[125.353523,5.372268],[125.350447,5.36929],[125.349277,5.372178],[125.354141,5.378817],[125.348472,5.386797],[125.340077,5.383845]]],[[[125.45802,5.440034],[125.460333,5.441844],[125.453496,5.443927],[125.457038,5.4461],[125.455444,5.449799],[125.46356,5.449376],[125.473744,5.455023],[125.468618,5.460335],[125.465618,5.456596],[125.458121,5.456334],[125.454986,5.466111],[125.467011,5.476371],[125.473817,5.474658],[125.473711,5.4639],[125.482754,5.467782],[125.475413,5.471384],[125.476836,5.479061],[125.473913,5.476737],[125.467987,5.480214],[125.473231,5.494034],[125.478289,5.495731],[125.495036,5.484635],[125.499836,5.468167],[125.49549,5.443671],[125.487342,5.42795],[125.492274,5.430232],[125.492504,5.421483],[125.480096,5.395096],[125.471845,5.389437],[125.465326,5.39178],[125.463193,5.396633],[125.464285,5.408442],[125.468009,5.411964],[125.463227,5.41652],[125.464051,5.422645],[125.455499,5.423214],[125.457986,5.425806],[125.454031,5.426274],[125.45704,5.428395],[125.462752,5.424184],[125.462775,5.428595],[125.452172,5.432415],[125.452543,5.436047],[125.45981,5.435484],[125.45802,5.440034]]],[[[125.491226,5.51217],[125.487684,5.511129],[125.48698,5.514712],[125.489745,5.515211],[125.491226,5.51217]]],[[[125.445218,6.57964],[125.447126,6.583781],[125.443011,6.589893],[125.449314,6.588338],[125.449159,6.593265],[125.432387,6.61243],[125.425334,6.611916],[125.42586,6.619886],[125.421278,6.621776],[125.421112,6.629782],[125.429085,6.632886],[125.429073,6.62739],[125.438858,6.620451],[125.445903,6.609372],[125.451508,6.607316],[125.456207,6.609969],[125.463467,6.594377],[125.477804,6.593473],[125.484497,6.598848],[125.485609,6.595674],[125.478257,6.581629],[125.480145,6.574835],[125.491357,6.566414],[125.500968,6.566611],[125.500376,6.560177],[125.505222,6.556318],[125.513953,6.557684],[125.520053,6.554654],[125.514381,6.552332],[125.513589,6.546],[125.524361,6.517246],[125.529266,6.516357],[125.535145,6.522589],[125.53339,6.530583],[125.547583,6.526401],[125.552557,6.531764],[125.55153,6.534849],[125.567186,6.530091],[125.566236,6.518976],[125.576026,6.51953],[125.582464,6.515048],[125.569697,6.513497],[125.567825,6.507807],[125.563357,6.505844],[125.566441,6.500727],[125.57329,6.495753],[125.577703,6.497297],[125.579712,6.490689],[125.583935,6.489557],[125.588326,6.492265],[125.588433,6.502679],[125.595379,6.498707],[125.589281,6.488885],[125.58254,6.462775],[125.582776,6.438835],[125.583793,6.440735],[125.599572,6.430837],[125.618483,6.40962],[125.619724,6.386802],[125.639424,6.360645],[125.637597,6.349905],[125.645491,6.342402],[125.653272,6.323578],[125.657491,6.306193],[125.655321,6.29815],[125.6707,6.275188],[125.671651,6.259408],[125.685873,6.251027],[125.703249,6.213645],[125.704188,6.185367],[125.71221,6.172198],[125.703045,6.126564],[125.706451,6.115783],[125.713963,6.11224],[125.715122,6.102664],[125.71374,6.097917],[125.706975,6.093868],[125.701134,6.072713],[125.70169,6.024004],[125.694932,6.021204],[125.693256,6.017255],[125.693439,6.002973],[125.689582,5.998236],[125.685533,5.971813],[125.664337,5.947002],[125.660781,5.9205],[125.648891,5.917825],[125.642198,5.900288],[125.630812,5.894434],[125.624984,5.872937],[125.612395,5.869194],[125.60269,5.860681],[125.598498,5.845992],[125.584626,5.836701],[125.577616,5.82189],[125.566058,5.813863],[125.565023,5.800624],[125.544204,5.787935],[125.521351,5.752589],[125.512896,5.748675],[125.500161,5.721158],[125.498722,5.703699],[125.484022,5.695694],[125.482613,5.684341],[125.474153,5.667702],[125.46762,5.662365],[125.460883,5.646607],[125.448857,5.630328],[125.441881,5.629211],[125.444196,5.617697],[125.438355,5.611636],[125.431001,5.610886],[125.430231,5.599858],[125.419367,5.58405],[125.415587,5.582809],[125.413727,5.572615],[125.402695,5.568738],[125.400104,5.564498],[125.375729,5.558642],[125.366158,5.567196],[125.361978,5.563876],[125.358658,5.567551],[125.351548,5.567914],[125.339073,5.563637],[125.331891,5.554851],[125.327487,5.556454],[125.330361,5.563267],[125.327437,5.568573],[125.321064,5.569718],[125.318372,5.566401],[125.317032,5.56864],[125.322722,5.571627],[125.32806,5.585564],[125.325058,5.588469],[125.327481,5.59385],[125.325718,5.597361],[125.329606,5.597801],[125.331776,5.606714],[125.356104,5.616905],[125.394188,5.649429],[125.392117,5.661611],[125.397015,5.679604],[125.458624,5.784236],[125.466872,5.816126],[125.47412,5.818648],[125.483153,5.837674],[125.480925,5.847182],[125.485956,5.859862],[125.487095,5.878431],[125.481047,5.908265],[125.494635,5.938296],[125.503642,5.995895],[125.538566,6.070513],[125.534961,6.083924],[125.537353,6.092834],[125.53309,6.107229],[125.521676,6.117177],[125.50715,6.14978],[125.50284,6.20843],[125.504583,6.22985],[125.486717,6.257503],[125.473666,6.295944],[125.453673,6.311167],[125.449814,6.321552],[125.425451,6.324123],[125.425691,6.319656],[125.424331,6.336674],[125.424456,6.370407],[125.403501,6.418259],[125.401463,6.476567],[125.405814,6.480593],[125.393206,6.503467],[125.364722,6.522708],[125.3615,6.529778],[125.363405,6.534969],[125.350639,6.53675],[125.346861,6.540556],[125.337389,6.536667],[125.339444,6.529333],[125.345606,6.52388],[125.341139,6.515778],[125.345472,6.511167],[125.342639,6.504278],[125.339333,6.503361],[125.341972,6.499028],[125.340458,6.49375],[125.333333,6.488472],[125.326944,6.490361],[125.317737,6.47806],[125.31248,6.477875],[125.305003,6.462712],[125.312326,6.463396],[125.306913,6.454622],[125.278653,6.454448],[125.275262,6.446286],[125.269052,6.448612],[125.266368,6.4449],[125.258155,6.446142],[125.248674,6.434869],[125.236905,6.438149],[125.233745,6.445791],[125.224634,6.45161],[125.227402,6.46198],[125.221119,6.461473],[125.221265,6.465624],[125.200547,6.461881],[125.133019,6.431131],[125.107701,6.436109],[125.10827,6.451471],[125.097995,6.498287],[125.118743,6.501291],[125.140435,6.52038],[125.121261,6.547711],[125.113385,6.545768],[125.091804,6.567451],[125.065396,6.613307],[125.062055,6.662469],[125.04679,6.668459],[125.06136,6.706818],[125.061363,6.719775],[125.06896,6.730308],[125.070534,6.738923],[125.065296,6.751674],[125.072695,6.760706],[125.051656,6.766669],[125.054111,6.790082],[125.05776,6.784899],[125.064918,6.78607],[125.06687,6.780605],[125.084947,6.793715],[125.072819,6.808869],[125.079595,6.824703],[125.075125,6.831542],[125.078857,6.839755],[125.090935,6.837164],[125.098002,6.839701],[125.127448,6.857832],[125.143591,6.851961],[125.151111,6.853431],[125.154456,6.859669],[125.156935,6.857143],[125.158291,6.868619],[125.163898,6.872072],[125.164941,6.881364],[125.185773,6.890563],[125.189781,6.897514],[125.197451,6.900758],[125.199954,6.910421],[125.206246,6.914986],[125.205747,6.921966],[125.212727,6.928198],[125.212976,6.936673],[125.218959,6.939664],[125.219208,6.946145],[125.226935,6.952875],[125.248624,7.00054],[125.255658,7.007557],[125.250801,7.013872],[125.259868,7.018892],[125.259221,7.029417],[125.274765,7.029093],[125.292739,7.036056],[125.287395,7.04739],[125.292253,7.059211],[125.289014,7.063583],[125.286472,7.09133],[125.29163,7.105673],[125.288646,7.115206],[125.228769,7.175858],[125.223472,7.210868],[125.227641,7.224333],[125.238236,7.233013],[125.241956,7.246105],[125.255211,7.259348],[125.253517,7.275036],[125.24031,7.278891],[125.24626,7.295387],[125.243792,7.296542],[125.244008,7.307018],[125.237019,7.318125],[125.237635,7.335027],[125.228342,7.346069],[125.228904,7.355889],[125.275666,7.374365],[125.273154,7.380178],[125.266917,7.381121],[125.265325,7.38447],[125.258675,7.382159],[125.25976,7.386368],[125.252601,7.40046],[125.233383,7.404153],[125.230223,7.411782],[125.24067,7.414059],[125.239685,7.422433],[125.235281,7.428663],[125.232504,7.428194],[125.232767,7.456921],[125.230136,7.457016],[125.224186,7.471523],[125.230775,7.479554],[125.23063,7.500939],[125.257033,7.510498],[125.2636,7.506819],[125.265592,7.564791],[125.325903,7.565047],[125.324324,7.601914],[125.309413,7.629251],[125.300924,7.637283],[125.30734,7.639047],[125.317648,7.630981],[125.327398,7.629674],[125.331488,7.636126],[125.335363,7.635943],[125.353605,7.623268],[125.367683,7.620917],[125.371206,7.620835],[125.370072,7.623009],[125.424562,7.622786],[125.424375,7.684201],[125.438124,7.719951],[125.441313,7.741655],[125.432798,7.760784],[125.432095,7.787205],[125.42687,7.803338],[125.416235,7.819379],[125.415464,7.864332],[125.420104,7.909867],[125.415118,7.938313],[125.395049,7.976256],[125.386359,7.98436],[125.379389,8.003247],[125.75254,7.99848],[125.752289,7.98323],[125.767735,7.966555],[125.775587,7.951921],[125.785581,7.948709],[125.79843,7.956918],[125.805688,7.970124],[125.851492,7.96715],[125.863477,7.947843],[125.876239,7.936217],[125.887303,7.93122],[125.900866,7.930863],[125.911574,7.948114],[125.917522,7.96477],[125.909194,7.986185],[125.911491,7.999984],[125.980042,7.998678],[125.987497,7.971541],[125.999897,7.952441],[126.039097,7.930941],[126.044897,7.932641],[126.068214,7.95316],[126.068504,7.958981],[126.081403,7.960266],[126.0813,7.964698],[126.088233,7.966105],[126.112691,7.982457],[126.149244,7.996846],[126.148903,7.991932],[126.157563,7.991132],[126.160122,7.983052],[126.168432,7.981062],[126.178392,7.987314],[126.192165,7.986076],[126.195006,7.978256],[126.199946,7.980859],[126.20377,7.978839],[126.199489,7.983146],[126.20135,7.986847],[126.207663,7.985746],[126.208014,7.991324],[126.215613,7.989927],[126.215899,7.993068],[126.223647,7.995343],[126.227791,8.000191],[126.351581,8.002066],[126.351246,7.933008],[126.355787,7.922216],[126.368348,7.918813],[126.359098,7.906737],[126.360596,7.8977],[126.365708,7.895119],[126.359442,7.884445],[126.364296,7.878249],[126.376739,7.871708],[126.378151,7.866525],[126.383658,7.867258],[126.382995,7.858898],[126.373576,7.851485],[126.376178,7.840731],[126.383593,7.836156],[126.382987,7.829814],[126.421439,7.825857],[126.418801,7.819013],[126.425849,7.809919],[126.446674,7.809289],[126.454303,7.797115],[126.45523,7.787173],[126.458893,7.788663],[126.488524,7.749953],[126.504043,7.737597],[126.51751,7.738233],[126.519439,7.733113],[126.532322,7.740353],[126.548748,7.729866],[126.560135,7.731189],[126.559081,7.725513],[126.555121,7.72691],[126.556803,7.722999],[126.559869,7.723463],[126.556499,7.719049],[126.5583,7.720007],[126.559145,7.714389],[126.56108,7.720909],[126.5661,7.723198],[126.57012,7.718942],[126.56547,7.71183],[126.565864,7.718974],[126.563511,7.71848],[126.562702,7.709991],[126.554957,7.711587],[126.554179,7.708752],[126.559216,7.705197],[126.551086,7.695559],[126.554485,7.685829],[126.550771,7.677865],[126.558511,7.672391],[126.552681,7.663119],[126.55745,7.653766],[126.551871,7.637496],[126.565374,7.617633],[126.574972,7.618955],[126.577594,7.608599],[126.577383,7.604247],[126.567413,7.609767],[126.561945,7.605676],[126.562282,7.591029],[126.558685,7.582167],[126.565887,7.571752],[126.573016,7.574846],[126.581883,7.569088],[126.580437,7.563691],[126.576566,7.563942],[126.576845,7.558041],[126.583757,7.551709],[126.587679,7.53384],[126.596676,7.514648],[126.599042,7.484901],[126.598198,7.480687],[126.59358,7.478851],[126.598512,7.473932],[126.594688,7.464195],[126.597138,7.458239],[126.594724,7.448869],[126.579244,7.446043],[126.573259,7.44847],[126.558553,7.447106],[126.549047,7.428682],[126.548553,7.413384],[126.553821,7.40201],[126.575408,7.39992],[126.578062,7.394972],[126.565448,7.388813],[126.554847,7.374105],[126.557446,7.357341],[126.551499,7.352843],[126.567076,7.341876],[126.57018,7.33276],[126.569408,7.326503],[126.56295,7.328007],[126.554548,7.323802],[126.560481,7.323705],[126.554368,7.320306],[126.551247,7.312792],[126.555159,7.301681],[126.565473,7.287993],[126.580284,7.29232],[126.582293,7.287696],[126.597132,7.295508],[126.602963,7.293829],[126.604957,7.288555],[126.598774,7.270336],[126.59396,7.268125],[126.587468,7.253648],[126.564434,7.233821],[126.571693,7.224704],[126.562744,7.211265],[126.561591,7.202791],[126.548177,7.211164],[126.533865,7.206263],[126.532476,7.196071],[126.537494,7.186322],[126.528077,7.18267],[126.523786,7.16705],[126.531563,7.147471],[126.528669,7.144871],[126.520092,7.146402],[126.516196,7.143069],[126.516429,7.124486],[126.50537,7.123875],[126.500587,7.117883],[126.500773,7.113047],[126.492738,7.118984],[126.484164,7.11449],[126.47761,7.103786],[126.477863,7.09222],[126.472016,7.091807],[126.466687,7.08589],[126.46907,7.069851],[126.474256,7.064946],[126.467933,7.060385],[126.458585,7.061649],[126.452385,7.056567],[126.45067,7.043683],[126.453025,7.039573],[126.446284,7.017482],[126.449044,7.008756],[126.457827,7.001937],[126.458556,6.994599],[126.447953,6.995773],[126.442258,7.000756],[126.43479,6.998469],[126.425745,7.003755],[126.415812,7.004118],[126.398833,6.991596],[126.384262,6.994676],[126.365773,6.992454],[126.353559,7.004237],[126.337973,7.005598],[126.315765,6.977075],[126.309029,6.957248],[126.307371,6.939543],[126.301799,6.934564],[126.282081,6.928555],[126.281155,6.922722],[126.29157,6.901702],[126.323537,6.880647],[126.345873,6.856521],[126.345072,6.822899],[126.352315,6.807147],[126.350145,6.802546],[126.338458,6.798632],[126.311804,6.80267],[126.301388,6.806892],[126.29679,6.817293],[126.288099,6.822157],[126.286975,6.827232],[126.290424,6.834117],[126.284603,6.843504],[126.29722,6.848357],[126.301004,6.862788],[126.277848,6.883719],[126.268678,6.905495],[126.267724,6.918097],[126.260141,6.925513],[126.260492,6.927727],[126.263652,6.923319],[126.268462,6.923251],[126.27001,6.927782],[126.26803,6.924485],[126.262323,6.929677],[126.256972,6.927433],[126.259144,6.919619],[126.264467,6.916367],[126.262447,6.911918],[126.242016,6.937081],[126.238751,6.937238],[126.24056,6.932576],[126.23779,6.937976],[126.226122,6.941775],[126.222908,6.948364],[126.205459,6.953683],[126.195279,6.950306],[126.189057,6.943845],[126.19077,6.939908],[126.186603,6.938959],[126.184305,6.934247],[126.18879,6.925901],[126.185779,6.912689],[126.178521,6.905818],[126.177178,6.898654],[126.179062,6.893782],[126.182589,6.89492],[126.184526,6.89142],[126.187354,6.895299],[126.190409,6.893795],[126.194264,6.885462],[126.188525,6.886147],[126.188904,6.879845],[126.181172,6.876784],[126.17618,6.882066],[126.178716,6.884708],[126.17737,6.88934],[126.163763,6.907201],[126.16006,6.909022],[126.155039,6.90606],[126.159198,6.897708],[126.158343,6.891883],[126.164764,6.884918],[126.164455,6.890216],[126.167712,6.886854],[126.191444,6.839584],[126.203803,6.831331],[126.207867,6.817525],[126.229309,6.798169],[126.231772,6.790541],[126.249371,6.767829],[126.253033,6.767082],[126.260319,6.75287],[126.253618,6.741021],[126.251821,6.730734],[126.24577,6.724083],[126.249294,6.70215],[126.241938,6.699151],[126.243933,6.690425],[126.236382,6.684668],[126.236213,6.675848],[126.229543,6.670273],[126.231278,6.660913],[126.228453,6.652412],[126.222323,6.647586],[126.220416,6.635142],[126.226641,6.616098],[126.223414,6.594217],[126.229097,6.58022],[126.225385,6.558452],[126.231664,6.551066],[126.228624,6.547732],[126.228888,6.530963],[126.225859,6.523149],[126.214402,6.51733],[126.212063,6.5091],[126.215016,6.465686],[126.225745,6.435397],[126.221121,6.431581],[126.221033,6.426901],[126.212753,6.42555],[126.197817,6.389681],[126.198267,6.343561],[126.206607,6.322861],[126.203875,6.310696],[126.204764,6.290448],[126.196819,6.282446],[126.193186,6.269452],[126.186862,6.286396],[126.189249,6.289677],[126.185881,6.29917],[126.191999,6.301809],[126.19198,6.311764],[126.189216,6.313959],[126.191936,6.322409],[126.187181,6.324648],[126.188234,6.336159],[126.17973,6.349623],[126.173992,6.353029],[126.173727,6.358077],[126.169575,6.359262],[126.166867,6.366568],[126.168447,6.371208],[126.145806,6.375753],[126.136054,6.387747],[126.145217,6.393537],[126.150645,6.419125],[126.138011,6.437872],[126.128725,6.44014],[126.116891,6.455714],[126.119012,6.464633],[126.112915,6.466403],[126.111007,6.472658],[126.101075,6.483294],[126.083682,6.531449],[126.089836,6.553309],[126.086273,6.57398],[126.09156,6.583883],[126.087643,6.591675],[126.0935,6.598963],[126.084993,6.599516],[126.069343,6.650252],[126.073442,6.667639],[126.078774,6.673913],[126.089326,6.677032],[126.092521,6.682483],[126.091549,6.690543],[126.084411,6.697743],[126.091962,6.722575],[126.08949,6.731182],[126.095395,6.730392],[126.09755,6.735877],[126.090112,6.748352],[126.079337,6.751909],[126.075329,6.761637],[126.075668,6.773359],[126.081169,6.779473],[126.085837,6.804614],[126.083621,6.821514],[126.077824,6.824943],[126.073307,6.8233],[126.080486,6.840372],[126.079294,6.847309],[126.067456,6.861293],[126.053682,6.867775],[126.039682,6.866202],[126.023659,6.874838],[125.997316,6.899009],[125.986664,6.913978],[125.98329,6.922866],[125.977005,6.927888],[125.978118,6.939458],[125.97223,6.952874],[125.97932,6.977802],[125.987908,6.992972],[125.984021,6.997141],[125.988567,7.00128],[125.983589,7.008373],[125.989916,7.011013],[125.990037,7.013782],[125.981761,7.019339],[125.983842,7.026379],[125.981178,7.030566],[125.969549,7.036204],[125.961457,7.046134],[125.950039,7.047524],[125.947024,7.057286],[125.950896,7.05723],[125.952633,7.062066],[125.959152,7.060499],[125.957069,7.06631],[125.938429,7.077472],[125.927258,7.088618],[125.910693,7.091502],[125.883886,7.126445],[125.888277,7.131334],[125.885847,7.136418],[125.892658,7.165372],[125.873723,7.182719],[125.870128,7.199119],[125.873086,7.204926],[125.87168,7.209233],[125.867632,7.21112],[125.861629,7.225399],[125.848627,7.233335],[125.837783,7.254551],[125.841011,7.268994],[125.840135,7.28528],[125.848037,7.29295],[125.845275,7.309835],[125.848793,7.326733],[125.846946,7.328664],[125.855828,7.342199],[125.84992,7.362135],[125.842533,7.364139],[125.836132,7.360883],[125.822859,7.36729],[125.819388,7.362222],[125.817578,7.366077],[125.810035,7.366031],[125.809538,7.361706],[125.791238,7.347534],[125.783075,7.34504],[125.783326,7.342516],[125.758157,7.33439],[125.74246,7.32419],[125.737007,7.319096],[125.73756,7.3141],[125.733559,7.316813],[125.733274,7.309473],[125.717509,7.3049],[125.712792,7.297871],[125.716324,7.294154],[125.711636,7.290278],[125.697021,7.293895],[125.679616,7.269318],[125.684074,7.269341],[125.679058,7.252817],[125.661971,7.251828],[125.653584,7.247683],[125.648005,7.240014],[125.651473,7.228695],[125.647117,7.226633],[125.648571,7.222586],[125.645239,7.216302],[125.649268,7.207379],[125.652384,7.209104],[125.652863,7.206506],[125.648215,7.206087],[125.648082,7.198271],[125.652024,7.183249],[125.657368,7.181546],[125.654895,7.180025],[125.657938,7.178077],[125.65567,7.175578],[125.65892,7.159186],[125.662536,7.154801],[125.663572,7.126768],[125.661734,7.119266],[125.65024,7.103254],[125.649719,7.09608],[125.627526,7.083514],[125.626258,7.071134],[125.6122,7.056679],[125.610063,7.046305],[125.606255,7.049286],[125.607525,7.045081],[125.578449,7.039172],[125.576056,7.024642],[125.573331,7.028537],[125.574963,7.038269],[125.565279,7.045731],[125.558779,7.046239],[125.540242,7.041868],[125.525088,7.028325],[125.516149,7.017995],[125.517165,7.014879],[125.507719,7.00805],[125.504486,6.99909],[125.486345,6.979155],[125.483827,6.964835],[125.490211,6.935629],[125.490253,6.921208],[125.484284,6.911791],[125.456498,6.896186],[125.457513,6.882285],[125.451934,6.870429],[125.439472,6.867308],[125.436379,6.860211],[125.42011,6.849223],[125.418095,6.842875],[125.422859,6.838726],[125.418837,6.837811],[125.418667,6.832397],[125.411368,6.82949],[125.408856,6.821603],[125.396039,6.813957],[125.391735,6.802685],[125.379833,6.806747],[125.392529,6.792778],[125.391291,6.78192],[125.383698,6.775732],[125.383781,6.76672],[125.387453,6.764974],[125.391299,6.754809],[125.3857,6.749992],[125.387797,6.740291],[125.385358,6.740818],[125.386745,6.738956],[125.372838,6.725737],[125.374418,6.707484],[125.380388,6.695606],[125.376571,6.689815],[125.379855,6.690181],[125.383736,6.678842],[125.380508,6.661354],[125.386868,6.635017],[125.383733,6.632517],[125.381419,6.617438],[125.387047,6.603455],[125.400704,6.604462],[125.412272,6.598596],[125.415267,6.590215],[125.430365,6.58036],[125.445218,6.57964]]],[[[125.713749,6.898565],[125.691641,6.903924],[125.687172,6.907613],[125.681893,6.926582],[125.668619,6.949085],[125.681825,6.9618],[125.70445,6.95948],[125.720566,6.937354],[125.72465,6.923143],[125.721804,6.910096],[125.713749,6.898565]]],[[[125.764986,6.892526],[125.758634,6.899441],[125.750412,6.901281],[125.749373,6.918729],[125.722863,6.964175],[125.723665,6.973716],[125.728427,6.981069],[125.725239,6.998269],[125.726803,7.006431],[125.725717,7.013575],[125.719112,7.020104],[125.722783,7.024989],[125.718275,7.031448],[125.722193,7.042339],[125.712509,7.069018],[125.704597,7.075687],[125.69526,7.076984],[125.687771,7.065661],[125.679454,7.063495],[125.671465,7.071105],[125.664038,7.093728],[125.663728,7.108215],[125.672706,7.121465],[125.683103,7.128715],[125.68664,7.13633],[125.694402,7.189773],[125.702234,7.196884],[125.719351,7.194256],[125.727947,7.179592],[125.727263,7.174819],[125.734581,7.167233],[125.739261,7.170368],[125.760844,7.163455],[125.769579,7.152132],[125.786366,7.138773],[125.791938,7.12317],[125.797551,7.116855],[125.791079,7.106361],[125.792248,7.098203],[125.782959,7.088371],[125.781947,7.05378],[125.777976,7.050436],[125.779363,7.04446],[125.775605,7.033306],[125.780384,7.008948],[125.787782,6.994619],[125.78529,6.990817],[125.788063,6.981251],[125.78615,6.97355],[125.793227,6.937816],[125.788164,6.934177],[125.782691,6.92195],[125.775441,6.919591],[125.768265,6.894431],[125.764986,6.892526]]],[[[125.68147,7.15767],[125.68168,7.155638],[125.681209,7.155701],[125.68147,7.15767]]],[[[125.773708,7.192627],[125.772988,7.190268],[125.772352,7.193773],[125.773708,7.192627]]],[[[126.291444,6.77099],[126.290448,6.76849],[126.289508,6.770579],[126.291444,6.77099]]],[[[126.283936,6.773813],[126.282777,6.773905],[126.283264,6.775285],[126.283936,6.773813]]],[[[126.257267,6.795674],[126.269475,6.792582],[126.275502,6.779365],[126.260742,6.789451],[126.257267,6.795674]]],[[[126.273091,6.831611],[126.274587,6.83342],[126.274337,6.83061],[126.273091,6.831611]]],[[[125.777862,7.178607],[125.784617,7.162967],[125.784514,7.159719],[125.777862,7.178607]]],[[[125.828931,7.273217],[125.830204,7.285297],[125.8316,7.286132],[125.835022,7.279223],[125.832334,7.269326],[125.828931,7.273217]]],[[[125.840016,7.287268],[125.841634,7.292888],[125.844296,7.29151],[125.840016,7.287268]]],[[[126.387141,7.881426],[126.383479,7.879822],[126.382075,7.877578],[126.382632,7.880651],[126.387141,7.881426]]]]}},{"type":"Feature","properties":{"ADM1_PCODE":"PH12","ADM1_EN":"Region XII (SOCCSKSARGEN)"},"geometry":{"type":"MultiPolygon","coordinates":[[[[125.11404,5.966858],[125.098809,5.951999],[125.096805,5.938273],[125.093296,5.93479],[125.100427,5.921099],[125.097667,5.912261],[125.082317,5.904315],[125.07659,5.892535],[125.077667,5.885044],[125.088124,5.874011],[125.07306,5.858418],[125.036986,5.85105],[124.980374,5.86212],[124.952378,5.85577],[124.938817,5.862006],[124.923771,5.860095],[124.913779,5.866877],[124.893076,5.871469],[124.875026,5.880774],[124.823177,5.889557],[124.802504,5.907764],[124.780037,5.915155],[124.75984,5.92607],[124.731386,5.931272],[124.695452,5.952706],[124.676467,5.957393],[124.658935,5.96586],[124.640281,5.9843],[124.602679,5.986367],[124.595117,5.994902],[124.591482,6.005038],[124.578306,6.01513],[124.540558,6.017597],[124.520991,6.022053],[124.476416,6.052315],[124.457888,6.059338],[124.422695,6.088935],[124.403897,6.093761],[124.398501,6.090101],[124.392542,6.092487],[124.38687,6.100678],[124.379944,6.101501],[124.371446,6.110943],[124.356092,6.118274],[124.321607,6.114776],[124.277972,6.157817],[124.261252,6.152907],[124.24377,6.164205],[124.217414,6.19183],[124.184751,6.210646],[124.179519,6.222372],[124.180568,6.23293],[124.171019,6.2502],[124.167973,6.272304],[124.160629,6.275108],[124.154134,6.272517],[124.149207,6.282944],[124.139229,6.286751],[124.123223,6.308495],[124.108331,6.318985],[124.083447,6.363779],[124.080867,6.372044],[124.082286,6.382143],[124.077288,6.389819],[124.0667,6.394893],[124.061633,6.386698],[124.064178,6.380762],[124.055746,6.377748],[124.056717,6.383994],[124.047258,6.400413],[124.050442,6.40471],[124.04971,6.411807],[124.044367,6.413574],[124.041794,6.422815],[124.035811,6.423836],[124.043782,6.431051],[124.044081,6.436963],[124.040272,6.445848],[124.029935,6.449238],[124.027689,6.456919],[124.031385,6.459106],[124.041425,6.45262],[124.039794,6.471302],[124.037938,6.473025],[124.035807,6.469697],[124.032505,6.475419],[124.038238,6.477123],[124.039384,6.485302],[124.035439,6.490408],[124.035915,6.498655],[124.031564,6.500566],[124.028555,6.498223],[124.024349,6.506757],[124.032855,6.516973],[124.020272,6.523069],[124.020646,6.530497],[124.024944,6.531246],[124.024219,6.537034],[124.02669,6.535135],[124.029085,6.53771],[124.043071,6.529324],[124.047361,6.535994],[124.046099,6.531441],[124.052239,6.532706],[124.063884,6.544531],[124.041665,6.558112],[124.036132,6.553713],[124.038106,6.560021],[124.035375,6.561353],[124.036882,6.566227],[124.033699,6.571564],[124.038494,6.571129],[124.04278,6.57578],[124.044704,6.586541],[124.053647,6.595784],[124.054833,6.603907],[124.049908,6.637188],[124.032715,6.676268],[124.035741,6.678496],[124.022351,6.698965],[124.016305,6.715464],[124.017225,6.727479],[124.033163,6.741122],[124.084953,6.743239],[124.0969,6.747261],[124.148256,6.746884],[124.210142,6.74325],[124.228321,6.73391],[124.247724,6.75663],[124.283917,6.754071],[124.276266,6.736065],[124.278954,6.696176],[124.413559,6.727837],[124.465275,6.730109],[124.516146,6.727933],[124.513217,6.736546],[124.516674,6.746674],[124.509315,6.772892],[124.538507,6.773909],[124.537496,6.78112],[124.577986,6.781467],[124.576177,6.792157],[124.583602,6.799082],[124.58573,6.80983],[124.578643,6.815662],[124.584206,6.821555],[124.580756,6.831199],[124.580314,6.850144],[124.602952,6.850612],[124.597538,6.864945],[124.633727,6.887707],[124.637568,6.880306],[124.666806,6.869075],[124.66981,6.865206],[124.669097,6.855363],[124.694421,6.793023],[124.698217,6.79968],[124.717085,6.810847],[124.724936,6.784795],[124.743255,6.747772],[124.761948,6.726859],[124.770089,6.727039],[124.775583,6.710586],[124.782319,6.706576],[124.779091,6.702645],[124.783637,6.693444],[124.795257,6.683822],[124.787096,6.676971],[124.769273,6.676179],[124.760998,6.66484],[124.786996,6.649397],[124.775171,6.642719],[124.784988,6.639035],[124.781701,6.627507],[124.778728,6.626619],[124.786041,6.603598],[124.787082,6.607046],[124.799192,6.613207],[124.8003,6.610432],[124.807682,6.609666],[124.809315,6.6049],[124.810017,6.6124],[124.814704,6.612286],[124.813051,6.607384],[124.816473,6.612544],[124.82024,6.612889],[124.819772,6.610058],[124.824021,6.610807],[124.833436,6.601441],[124.835944,6.603331],[124.839788,6.601107],[124.843925,6.609535],[124.846648,6.60688],[124.850672,6.609665],[124.857229,6.6073],[124.865487,6.609752],[124.872109,6.617489],[124.868361,6.622079],[124.86845,6.643072],[124.880154,6.64296],[124.902009,6.655855],[124.886808,6.677563],[124.969185,6.709966],[125.006812,6.711873],[125.007743,6.734106],[125.004144,6.734395],[125.004807,6.731092],[124.998175,6.732301],[124.983524,6.727055],[124.978702,6.732133],[124.974799,6.731361],[124.976086,6.733549],[124.971668,6.734878],[124.970038,6.739939],[124.966006,6.739339],[124.966221,6.735908],[124.958629,6.73698],[124.959358,6.74114],[124.955026,6.743885],[124.953138,6.750491],[124.950351,6.748904],[124.950351,6.755037],[124.948678,6.757482],[124.945761,6.755852],[124.952685,6.784597],[124.945993,6.783556],[124.94175,6.790628],[124.9281,6.791915],[124.927834,6.789544],[124.891348,6.78662],[124.892933,6.789699],[124.888622,6.790036],[124.888845,6.796142],[124.871229,6.797642],[124.8547,6.797642],[124.8539,6.790242],[124.829645,6.7919],[124.822464,6.794189],[124.823642,6.815536],[124.804196,6.816776],[124.805486,6.841647],[124.811992,6.841965],[124.818429,6.846924],[124.827845,6.861072],[124.827866,6.865479],[124.820635,6.866329],[124.804106,6.882345],[124.803562,6.91238],[124.803472,6.948886],[124.823833,6.949088],[124.821964,7.044488],[124.825212,7.062748],[124.802274,7.071195],[124.771989,7.075949],[124.77203,7.087198],[124.785546,7.101409],[124.781965,7.131594],[124.786879,7.131327],[124.792604,7.122709],[124.797528,7.125972],[124.79642,7.136251],[124.786387,7.140745],[124.785139,7.147001],[124.781395,7.145239],[124.777504,7.147931],[124.772462,7.156912],[124.789357,7.166786],[124.784454,7.202299],[124.7749,7.200854],[124.772571,7.2059],[124.756998,7.20945],[124.745896,7.216608],[124.744839,7.205807],[124.735135,7.200217],[124.727758,7.176642],[124.720029,7.182099],[124.711797,7.182737],[124.71,7.187548],[124.717495,7.195857],[124.711241,7.199736],[124.712997,7.202625],[124.719143,7.201651],[124.721518,7.198107],[124.72554,7.202681],[124.718381,7.212426],[124.726594,7.224423],[124.714802,7.24814],[124.72014,7.248157],[124.717927,7.253321],[124.71379,7.253636],[124.712567,7.249024],[124.709734,7.253636],[124.667561,7.235391],[124.669382,7.229566],[124.680057,7.224778],[124.679545,7.220171],[124.690255,7.220841],[124.691817,7.216372],[124.696778,7.218301],[124.696424,7.210662],[124.700834,7.210859],[124.705559,7.204205],[124.703944,7.197747],[124.69208,7.204922],[124.678106,7.205074],[124.680108,7.192795],[124.670255,7.195029],[124.666153,7.192941],[124.667618,7.185066],[124.683428,7.171675],[124.679201,7.152255],[124.698251,7.152079],[124.699084,7.148218],[124.693858,7.148472],[124.694127,7.145337],[124.708971,7.146655],[124.707792,7.142042],[124.716263,7.13968],[124.717781,7.131152],[124.730177,7.132974],[124.725272,7.122065],[124.727562,7.116862],[124.733042,7.11877],[124.73651,7.113428],[124.723087,7.115787],[124.720487,7.11239],[124.707444,7.116904],[124.707364,7.119284],[124.675816,7.134802],[124.667456,7.118521],[124.664577,7.100798],[124.692071,7.089716],[124.700458,7.077714],[124.699647,7.06744],[124.6901,7.073352],[124.685978,7.080635],[124.66892,7.086447],[124.664603,7.076164],[124.664567,7.062824],[124.672302,7.063597],[124.673812,7.057768],[124.687127,7.052724],[124.688135,7.058527],[124.693927,7.050419],[124.702819,7.051224],[124.701126,7.038647],[124.709982,7.03492],[124.711558,7.030969],[124.707689,7.024503],[124.716624,7.019549],[124.692718,7.019404],[124.692814,7.011923],[124.68165,7.012142],[124.681575,7.026917],[124.686993,7.02692],[124.687067,7.034328],[124.670666,7.049032],[124.667003,7.049059],[124.667015,7.034358],[124.63784,7.034306],[124.63429,7.041837],[124.625511,7.048379],[124.624934,7.064025],[124.647181,7.063937],[124.645149,7.072322],[124.632345,7.083218],[124.626771,7.095723],[124.628628,7.108706],[124.631812,7.108749],[124.635518,7.116307],[124.630614,7.125662],[124.625497,7.122446],[124.617199,7.123849],[124.611694,7.108136],[124.61461,7.089431],[124.611143,7.089254],[124.610314,7.078884],[124.597186,7.082577],[124.589448,7.080768],[124.584799,7.091482],[124.572937,7.096565],[124.573467,7.119293],[124.560944,7.121408],[124.560329,7.099548],[124.563873,7.099388],[124.56166,7.083302],[124.580763,7.083439],[124.585713,7.071132],[124.584324,7.065773],[124.57241,7.06502],[124.568301,7.059611],[124.553975,7.059578],[124.539268,7.051307],[124.523781,7.030098],[124.519151,7.030999],[124.519452,7.044227],[124.537744,7.088159],[124.537777,7.098844],[124.521917,7.099576],[124.519521,7.137543],[124.507604,7.137284],[124.507618,7.142089],[124.499157,7.141828],[124.499142,7.145892],[124.482093,7.150596],[124.482429,7.170753],[124.464925,7.171735],[124.474346,7.18917],[124.481126,7.190628],[124.48112,7.198064],[124.489277,7.197909],[124.489619,7.207223],[124.474515,7.207256],[124.474445,7.216185],[124.466696,7.216321],[124.467568,7.228464],[124.453565,7.22801],[124.446637,7.231069],[124.444315,7.236166],[124.437292,7.232242],[124.43469,7.226824],[124.426599,7.22616],[124.425209,7.22994],[124.418117,7.23027],[124.417426,7.221158],[124.408198,7.220233],[124.407273,7.223285],[124.415397,7.235744],[124.366263,7.235561],[124.377574,7.286177],[124.381131,7.286357],[124.376674,7.296938],[124.39602,7.355388],[124.40333,7.354124],[124.405752,7.363209],[124.447599,7.365183],[124.452005,7.423536],[124.463254,7.437709],[124.485289,7.438605],[124.490922,7.505226],[124.528049,7.638289],[124.590366,7.609325],[124.6705,7.599775],[124.676154,7.594909],[124.692172,7.590114],[124.714628,7.593476],[124.717405,7.591174],[124.741962,7.590974],[124.751595,7.57791],[124.752525,7.571597],[124.755241,7.575518],[124.758116,7.574836],[124.761104,7.561551],[124.771586,7.561034],[124.771558,7.557498],[124.768777,7.557554],[124.772607,7.550788],[124.770762,7.546993],[124.790895,7.542728],[124.793739,7.538166],[124.791762,7.533529],[124.797289,7.53204],[124.795559,7.527511],[124.80495,7.512504],[124.802919,7.507762],[124.798052,7.508385],[124.799843,7.49937],[124.797206,7.496664],[124.79208,7.497831],[124.794619,7.494051],[124.788597,7.484095],[124.806071,7.487994],[124.807993,7.494697],[124.817016,7.499056],[124.840764,7.475051],[124.84319,7.465195],[124.839164,7.456086],[124.852438,7.444846],[124.854073,7.446382],[124.85595,7.440961],[124.860904,7.441662],[124.866643,7.434049],[124.880189,7.43648],[124.883681,7.426801],[124.880779,7.424927],[124.881961,7.418062],[124.884316,7.420695],[124.889972,7.419386],[124.894102,7.414821],[124.899153,7.418826],[124.90169,7.415537],[124.904837,7.421906],[124.919241,7.42674],[124.929823,7.435701],[124.934293,7.434102],[124.947353,7.414889],[124.952108,7.415675],[124.959001,7.409293],[124.968573,7.408565],[124.973624,7.400869],[124.975287,7.404788],[124.983059,7.408462],[124.985528,7.404242],[124.997389,7.402476],[125.007441,7.406819],[125.046828,7.404643],[125.066154,7.433567],[125.066953,7.451182],[125.124069,7.45396],[125.13041,7.463113],[125.155311,7.46582],[125.163441,7.509029],[125.189726,7.505808],[125.21117,7.499089],[125.229414,7.491877],[125.230775,7.479554],[125.224186,7.471523],[125.230136,7.457016],[125.232767,7.456921],[125.232504,7.428194],[125.235281,7.428663],[125.239685,7.422433],[125.24067,7.414059],[125.230223,7.411782],[125.233383,7.404153],[125.252601,7.40046],[125.25976,7.386368],[125.258675,7.382159],[125.265325,7.38447],[125.266917,7.381121],[125.273154,7.380178],[125.275666,7.374365],[125.228904,7.355889],[125.228342,7.346069],[125.237635,7.335027],[125.237019,7.318125],[125.244008,7.307018],[125.243792,7.296542],[125.24626,7.295387],[125.24031,7.278891],[125.253517,7.275036],[125.255211,7.259348],[125.241956,7.246105],[125.238236,7.233013],[125.228872,7.227272],[125.223472,7.210868],[125.228769,7.175858],[125.288646,7.115206],[125.29163,7.105673],[125.286472,7.09133],[125.289014,7.063583],[125.292253,7.059211],[125.287395,7.04739],[125.292739,7.036056],[125.274765,7.029093],[125.259221,7.029417],[125.259868,7.018892],[125.250801,7.013872],[125.255658,7.007557],[125.248624,7.00054],[125.226935,6.952875],[125.219208,6.946145],[125.218959,6.939664],[125.212976,6.936673],[125.212727,6.928198],[125.205747,6.921966],[125.206246,6.914986],[125.199954,6.910421],[125.197451,6.900758],[125.189781,6.897514],[125.185773,6.890563],[125.164941,6.881364],[125.163898,6.872072],[125.158291,6.868619],[125.156935,6.857143],[125.154456,6.859669],[125.151111,6.853431],[125.143591,6.851961],[125.127448,6.857832],[125.098002,6.839701],[125.090935,6.837164],[125.078857,6.839755],[125.075125,6.831542],[125.079595,6.824703],[125.072819,6.808869],[125.084947,6.793715],[125.06687,6.780605],[125.064918,6.78607],[125.05776,6.784899],[125.054111,6.790082],[125.051656,6.766669],[125.072695,6.760706],[125.065296,6.751674],[125.070534,6.738923],[125.06896,6.730308],[125.061363,6.719775],[125.06136,6.706818],[125.04679,6.668459],[125.062055,6.662469],[125.065396,6.613307],[125.091804,6.567451],[125.113385,6.545768],[125.121261,6.547711],[125.140435,6.52038],[125.118743,6.501291],[125.097995,6.498287],[125.10827,6.451471],[125.107701,6.436109],[125.133019,6.431131],[125.200547,6.461881],[125.221265,6.465624],[125.221119,6.461473],[125.227402,6.46198],[125.224634,6.45161],[125.233745,6.445791],[125.236905,6.438149],[125.248674,6.434869],[125.258155,6.446142],[125.266368,6.4449],[125.269052,6.448612],[125.275262,6.446286],[125.278653,6.454448],[125.306913,6.454622],[125.312326,6.463396],[125.305003,6.462712],[125.31248,6.477875],[125.317737,6.47806],[125.326944,6.490361],[125.333333,6.488472],[125.340458,6.49375],[125.341972,6.499028],[125.339333,6.503361],[125.342639,6.504278],[125.345472,6.511167],[125.341139,6.515778],[125.345606,6.52388],[125.339444,6.529333],[125.337389,6.536667],[125.346861,6.540556],[125.350639,6.53675],[125.363405,6.534969],[125.3615,6.529778],[125.364722,6.522708],[125.393206,6.503467],[125.405814,6.480593],[125.401463,6.476567],[125.403501,6.418259],[125.424456,6.370407],[125.424331,6.336674],[125.425691,6.319656],[125.425451,6.324123],[125.449814,6.321552],[125.453673,6.311167],[125.473666,6.295944],[125.486717,6.257503],[125.504583,6.22985],[125.50284,6.20843],[125.50715,6.14978],[125.521676,6.117177],[125.53309,6.107229],[125.537353,6.092834],[125.534961,6.083924],[125.538566,6.070513],[125.503642,5.995895],[125.494635,5.938296],[125.481047,5.908265],[125.487095,5.878431],[125.485956,5.859862],[125.480925,5.847182],[125.483153,5.837674],[125.47412,5.818648],[125.466872,5.816126],[125.458624,5.784236],[125.397015,5.679604],[125.392117,5.661611],[125.394188,5.649429],[125.356104,5.616905],[125.331776,5.606714],[125.329606,5.597801],[125.325718,5.597361],[125.327481,5.59385],[125.325058,5.588469],[125.32806,5.585564],[125.322722,5.571627],[125.317032,5.56864],[125.308897,5.577806],[125.293648,5.583196],[125.292492,5.595457],[125.308623,5.632013],[125.304135,5.651276],[125.29861,5.65767],[125.286252,5.693962],[125.273229,5.709981],[125.246026,5.711263],[125.227441,5.729173],[125.22868,5.740778],[125.220893,5.761355],[125.212018,5.772409],[125.199688,5.774105],[125.196273,5.769295],[125.182655,5.774133],[125.189403,5.778111],[125.189055,5.787523],[125.182997,5.793796],[125.176774,5.794495],[125.172384,5.811742],[125.176429,5.81931],[125.175142,5.829599],[125.180623,5.838347],[125.198865,5.825861],[125.205821,5.829386],[125.205248,5.837227],[125.209755,5.844914],[125.214163,5.846263],[125.215424,5.854613],[125.221327,5.861471],[125.219795,5.87766],[125.213019,5.882819],[125.214642,5.886709],[125.221719,5.891769],[125.236614,5.895344],[125.236138,5.906053],[125.240934,5.910035],[125.25706,5.918738],[125.270222,5.91662],[125.272591,5.918801],[125.270876,5.924977],[125.265964,5.927077],[125.265593,5.936066],[125.268649,5.944008],[125.281174,5.957547],[125.283272,5.968448],[125.285857,5.967725],[125.283925,5.970036],[125.291985,5.98239],[125.287461,5.999407],[125.2891,6.010426],[125.277766,6.027609],[125.277669,6.035434],[125.282543,6.0362],[125.279908,6.037188],[125.275679,6.053001],[125.270974,6.055632],[125.278755,6.064575],[125.272408,6.082842],[125.250064,6.095941],[125.223162,6.095743],[125.216419,6.102391],[125.201202,6.098874],[125.178948,6.106048],[125.164576,6.103352],[125.158655,6.097809],[125.160962,6.095223],[125.153519,6.091183],[125.154272,6.082964],[125.157871,6.080509],[125.153495,6.07448],[125.156309,6.066124],[125.150173,6.059469],[125.148134,6.046923],[125.142995,6.042018],[125.145311,6.034041],[125.141885,6.020034],[125.131776,6.012621],[125.130194,6.002755],[125.120479,5.991039],[125.120835,5.984182],[125.114084,5.978204],[125.11404,5.966858]],[[124.854894,7.295987],[124.847789,7.294154],[124.857402,7.289106],[124.854605,7.283768],[124.836278,7.279524],[124.840272,7.270745],[124.815452,7.272749],[124.795947,7.280701],[124.773881,7.278857],[124.761082,7.26758],[124.76433,7.264208],[124.761949,7.261933],[124.763935,7.256605],[124.769877,7.254751],[124.770891,7.238207],[124.76258,7.232669],[124.772755,7.228228],[124.800357,7.233061],[124.808989,7.23085],[124.816452,7.22128],[124.818041,7.224699],[124.819353,7.222798],[124.813663,7.20622],[124.80637,7.200944],[124.815937,7.198248],[124.820547,7.189579],[124.820077,7.183708],[124.80222,7.141984],[124.808529,7.14228],[124.813009,7.150771],[124.816772,7.151885],[124.838416,7.145647],[124.848628,7.147523],[124.858385,7.168438],[124.85475,7.169929],[124.854976,7.175674],[124.851484,7.175899],[124.849005,7.19167],[124.855627,7.208204],[124.860616,7.240718],[124.909569,7.215873],[124.91048,7.30342],[124.893305,7.311575],[124.875273,7.313755],[124.868278,7.304898],[124.861057,7.305067],[124.865457,7.294235],[124.859653,7.292932],[124.854894,7.295987]],[[124.883833,7.154068],[124.870045,7.142563],[124.867899,7.131724],[124.880105,7.132534],[124.885233,7.129186],[124.883202,7.132086],[124.88881,7.134085],[124.892871,7.130701],[124.883833,7.154068]]],[[[124.576024,6.993941],[124.572785,7.006301],[124.55571,7.023554],[124.566628,7.051214],[124.593348,7.049889],[124.59862,7.039928],[124.60481,7.040972],[124.604825,7.038309],[124.613749,7.036584],[124.612974,7.024409],[124.607609,7.024153],[124.609476,6.994184],[124.576024,6.993941]]],[[[124.456742,7.07968],[124.439889,7.091965],[124.434348,7.087539],[124.431541,7.08954],[124.44505,7.110413],[124.471426,7.092686],[124.471594,7.086088],[124.456742,7.07968]]]]}},{"type":"Feature","properties":{"ADM1_PCODE":"PH13","ADM1_EN":"National Capital Region (NCR)"},"geometry":{"type":"Polygon","coordinates":[[[120.906474,14.700915],[120.925362,14.683987],[120.957793,14.633909],[120.9414,14.634243],[120.945062,14.629397],[120.958309,14.629806],[120.959645,14.626586],[120.953705,14.627663],[120.955105,14.620824],[120.958055,14.620211],[120.956872,14.613395],[120.959373,14.61359],[120.957451,14.611794],[120.960241,14.602884],[120.957805,14.601814],[120.960467,14.600847],[120.956553,14.600498],[120.948266,14.611888],[120.947738,14.607739],[120.95421,14.601105],[120.943099,14.598663],[120.943372,14.594771],[120.966779,14.59642],[120.953868,14.591119],[120.959039,14.584666],[120.961608,14.592231],[120.964947,14.592012],[120.961955,14.586561],[120.965736,14.587513],[120.961945,14.583232],[120.966377,14.586797],[120.964903,14.583534],[120.969016,14.584225],[120.966806,14.58105],[120.97073,14.582709],[120.968874,14.579595],[120.972746,14.583159],[120.972328,14.578818],[120.97942,14.575288],[120.985464,14.562417],[120.982358,14.558162],[120.979775,14.562418],[120.982281,14.558096],[120.978489,14.555839],[120.982802,14.542756],[120.978667,14.541507],[120.980595,14.518783],[120.974212,14.508108],[120.989742,14.502586],[120.985337,14.492007],[120.981177,14.492935],[120.988066,14.501954],[120.984732,14.503298],[120.981926,14.502076],[120.981047,14.493268],[120.976026,14.492613],[120.972117,14.481958],[120.979127,14.492238],[120.98244,14.491702],[120.981459,14.488276],[120.96993,14.47545],[120.971614,14.471805],[120.968111,14.471219],[120.969608,14.46853],[120.966129,14.464391],[120.97295,14.440951],[120.984107,14.433398],[120.995251,14.405865],[121.002102,14.399287],[121.001735,14.394243],[121.007855,14.39087],[121.007784,14.383801],[121.011611,14.380261],[121.007182,14.370074],[121.006891,14.353943],[121.016239,14.351821],[121.029876,14.365981],[121.036195,14.366279],[121.04342,14.371819],[121.048388,14.367285],[121.057385,14.37864],[121.051034,14.398819],[121.053944,14.425782],[121.051856,14.43973],[121.055608,14.445741],[121.054355,14.451266],[121.052785,14.447051],[121.05338,14.454051],[121.062329,14.478359],[121.062177,14.487713],[121.069329,14.506686],[121.085247,14.505624],[121.093939,14.521841],[121.101051,14.527591],[121.102476,14.524309],[121.107002,14.545701],[121.109722,14.546625],[121.099122,14.553318],[121.095948,14.563852],[121.100975,14.57482],[121.109058,14.580947],[121.108643,14.587715],[121.103457,14.588898],[121.103695,14.593669],[121.11045,14.592235],[121.101879,14.620657],[121.10496,14.621358],[121.103837,14.626708],[121.108536,14.636496],[121.123766,14.637801],[121.130013,14.634345],[121.128558,14.643593],[121.135036,14.657664],[121.131207,14.667832],[121.125621,14.670079],[121.121823,14.666385],[121.115666,14.673998],[121.110694,14.669853],[121.106702,14.675499],[121.112169,14.684748],[121.111469,14.695668],[121.120102,14.698593],[121.115992,14.709235],[121.119772,14.71182],[121.123759,14.707339],[121.125344,14.720708],[121.131469,14.723613],[121.129267,14.728125],[121.123797,14.728357],[121.121699,14.725227],[121.118023,14.729929],[121.122382,14.737702],[121.11811,14.739393],[121.117772,14.746046],[121.126036,14.762584],[121.12478,14.766289],[121.134972,14.77673],[121.121199,14.77603],[121.114653,14.772163],[121.109682,14.763838],[121.104915,14.762656],[121.099729,14.765222],[121.098925,14.771527],[121.0962,14.768312],[121.093899,14.770958],[121.092302,14.767531],[121.087101,14.767973],[121.086674,14.773334],[121.082189,14.774794],[121.080934,14.771125],[121.077391,14.776568],[121.072214,14.771775],[121.0715,14.775875],[121.066865,14.773717],[121.065655,14.777533],[121.06299,14.774853],[121.062812,14.778689],[121.059543,14.777101],[121.055421,14.782563],[121.043944,14.780404],[121.038153,14.785292],[121.030954,14.784042],[121.025006,14.779326],[121.028057,14.777713],[121.023536,14.773814],[121.026637,14.771407],[121.024024,14.763035],[121.002572,14.753415],[120.99782,14.758379],[120.988985,14.757224],[120.978523,14.734807],[120.982983,14.725317],[120.967681,14.723868],[120.95955,14.719874],[120.949279,14.734197],[120.943713,14.73375],[120.941398,14.737112],[120.936337,14.736819],[120.934072,14.733149],[120.926696,14.735891],[120.929382,14.724312],[120.953128,14.69424],[120.945337,14.68849],[120.918415,14.712961],[120.914907,14.712337],[120.914164,14.707311],[120.906474,14.700915]]]}},{"type":"Feature","properties":{"ADM1_PCODE":"PH14","ADM1_EN":"Cordillera Administrative Region (CAR)"},"geometry":{"type":"Polygon","coordinates":[[[120.89211,16.55846],[120.883206,16.505392],[120.889427,16.436073],[120.878145,16.421579],[120.871158,16.384244],[120.86392,16.374813],[120.860347,16.353389],[120.845523,16.3195],[120.823177,16.318529],[120.815927,16.31315],[120.81312,16.303561],[120.800053,16.304846],[120.768966,16.198034],[120.697753,16.191001],[120.681966,16.183927],[120.632372,16.183949],[120.62994,16.180256],[120.558021,16.218416],[120.542754,16.222234],[120.520203,16.233441],[120.511823,16.232201],[120.516699,16.249475],[120.506548,16.287194],[120.50083,16.293355],[120.49737,16.312977],[120.499125,16.323064],[120.490631,16.332446],[120.495924,16.335077],[120.496794,16.339735],[120.493259,16.341989],[120.496282,16.345442],[120.479805,16.348712],[120.479093,16.355366],[120.482053,16.354388],[120.4844,16.35889],[120.469037,16.379757],[120.444614,16.38613],[120.453822,16.396987],[120.455253,16.404883],[120.45016,16.408602],[120.454109,16.40803],[120.458958,16.416685],[120.466731,16.417731],[120.466683,16.423752],[120.46997,16.424879],[120.473115,16.472721],[120.467346,16.502706],[120.469259,16.508641],[120.479047,16.522823],[120.478208,16.529996],[120.48809,16.540866],[120.512631,16.550258],[120.516358,16.55802],[120.513382,16.562263],[120.517081,16.568623],[120.512038,16.571698],[120.517857,16.594692],[120.54122,16.638014],[120.555653,16.657593],[120.565065,16.669766],[120.574522,16.671265],[120.599036,16.738318],[120.589617,16.747183],[120.586284,16.770516],[120.586016,16.836661],[120.610184,16.840017],[120.613051,16.856985],[120.624536,16.877777],[120.644332,16.897367],[120.657155,16.901457],[120.660078,16.90899],[120.669563,16.911981],[120.734096,16.914688],[120.741509,16.918565],[120.747513,16.926551],[120.758824,16.926498],[120.770621,16.921185],[120.785274,16.921335],[120.780091,17.016488],[120.77708,17.017552],[120.767613,17.066791],[120.774824,17.108021],[120.812355,17.155872],[120.804746,17.17127],[120.796195,17.161848],[120.786224,17.158849],[120.751333,17.155256],[120.744091,17.162442],[120.739226,17.159274],[120.733683,17.167989],[120.70276,17.174975],[120.691626,17.17273],[120.687846,17.184097],[120.680547,17.187246],[120.679272,17.191396],[120.672134,17.192853],[120.680013,17.198794],[120.675997,17.21133],[120.682035,17.218058],[120.68347,17.226154],[120.679876,17.235215],[120.682708,17.243607],[120.669494,17.244611],[120.676707,17.249287],[120.678401,17.256839],[120.63617,17.275629],[120.611949,17.302219],[120.593611,17.310186],[120.56676,17.30716],[120.564614,17.311435],[120.559011,17.311669],[120.538611,17.343605],[120.537814,17.356986],[120.542809,17.371764],[120.57786,17.430013],[120.581659,17.471827],[120.588891,17.492162],[120.575893,17.491013],[120.565491,17.501756],[120.543337,17.492196],[120.533743,17.498413],[120.517573,17.499614],[120.496032,17.487307],[120.474416,17.484248],[120.467786,17.495665],[120.468167,17.514727],[120.475736,17.534418],[120.487538,17.544978],[120.485315,17.547937],[120.49009,17.556015],[120.488096,17.584617],[120.497818,17.62513],[120.516385,17.64924],[120.53877,17.713123],[120.542744,17.735324],[120.571822,17.786033],[120.582793,17.799098],[120.602226,17.809285],[120.690869,17.83458],[120.713091,17.859956],[120.728249,17.892508],[120.743652,17.901404],[120.783752,17.911236],[120.833695,17.959454],[120.850205,17.962861],[120.864945,17.96152],[120.894586,17.951472],[120.909974,17.949925],[120.920396,17.956265],[120.937722,17.984299],[120.944834,17.989445],[120.946946,17.997094],[120.939315,18.005185],[120.938123,18.012403],[120.932257,18.013896],[120.92775,18.020743],[120.933396,18.02913],[120.935841,18.048434],[120.932988,18.05757],[120.935462,18.068995],[120.927533,18.078633],[120.928141,18.088193],[120.970069,18.181864],[120.93879,18.220895],[120.926764,18.241938],[120.916666,18.28456],[120.948363,18.381693],[120.947044,18.420626],[120.958673,18.463202],[121.002874,18.466106],[121.023473,18.498689],[121.038808,18.50503],[121.042779,18.528186],[121.061365,18.539198],[121.093501,18.541746],[121.090566,18.538185],[121.092356,18.53046],[121.089054,18.527138],[121.089064,18.495391],[121.118481,18.543111],[121.156003,18.543775],[121.169231,18.539121],[121.167864,18.521978],[121.222081,18.500581],[121.220861,18.483044],[121.225797,18.472818],[121.226541,18.436471],[121.248844,18.42888],[121.285557,18.388538],[121.318623,18.387155],[121.402383,18.340896],[121.415834,18.323572],[121.461257,18.31462],[121.466846,18.307332],[121.480223,18.306371],[121.464627,18.284911],[121.467914,18.262597],[121.48059,18.26338],[121.489484,18.238845],[121.484187,18.17887],[121.486595,18.177993],[121.482501,18.168326],[121.484526,18.148202],[121.477689,18.141472],[121.471221,18.139876],[121.473792,18.131069],[121.468932,18.125649],[121.460365,18.124116],[121.465673,18.104679],[121.460359,18.04941],[121.427838,18.035335],[121.364469,18.061619],[121.346891,18.038611],[121.343563,18.031746],[121.348282,18.029744],[121.349199,18.025159],[121.343954,18.02258],[121.34445,18.016939],[121.336591,18.013412],[121.338374,18.007371],[121.330956,17.999776],[121.333295,17.998084],[121.331776,17.991225],[121.324398,17.992105],[121.321494,17.988276],[121.320889,17.98347],[121.32663,17.975108],[121.318308,17.975117],[121.318245,17.970964],[121.315118,17.970783],[121.357452,17.922369],[121.357067,17.913197],[121.346962,17.879415],[121.324139,17.847131],[121.320724,17.826205],[121.315935,17.827856],[121.319445,17.815231],[121.306053,17.815184],[121.313468,17.807667],[121.325365,17.803086],[121.358673,17.804647],[121.388297,17.79363],[121.414118,17.763194],[121.416503,17.749347],[121.424689,17.740362],[121.430414,17.72098],[121.431406,17.701014],[121.43931,17.69013],[121.436756,17.671348],[121.4401,17.666039],[121.450788,17.660811],[121.457624,17.663079],[121.457833,17.669549],[121.463708,17.669227],[121.466322,17.672322],[121.473537,17.671701],[121.477344,17.667742],[121.472191,17.660301],[121.485124,17.647322],[121.476188,17.645451],[121.484091,17.6385],[121.488842,17.625984],[121.487236,17.610049],[121.491908,17.609355],[121.496614,17.591043],[121.514076,17.590183],[121.525817,17.583678],[121.546723,17.580621],[121.573305,17.564789],[121.576734,17.555491],[121.59972,17.548195],[121.603043,17.563412],[121.614203,17.560317],[121.632575,17.533222],[121.625973,17.528588],[121.634877,17.521842],[121.633246,17.519257],[121.639615,17.504361],[121.647231,17.500484],[121.644809,17.480185],[121.637927,17.453544],[121.627935,17.43139],[121.629096,17.41832],[121.606081,17.421432],[121.593478,17.396917],[121.582195,17.353559],[121.559931,17.350483],[121.548171,17.323746],[121.5387,17.317269],[121.533217,17.296519],[121.530175,17.274919],[121.53709,17.266306],[121.544976,17.264894],[121.542784,17.247162],[121.550429,17.210119],[121.549135,17.196524],[121.555393,17.187029],[121.562439,17.185352],[121.562665,17.152951],[121.559902,17.144528],[121.568219,17.130746],[121.565604,17.120796],[121.566041,17.085725],[121.571491,17.040943],[121.568733,17.019169],[121.558755,17.012191],[121.56254,16.967387],[121.572874,16.968785],[121.564642,16.961138],[121.562027,16.953169],[121.569836,16.948085],[121.568222,16.909512],[121.558424,16.899087],[121.548872,16.873689],[121.537979,16.877821],[121.531975,16.863393],[121.531828,16.851338],[121.521322,16.838935],[121.502349,16.834543],[121.479135,16.835973],[121.458263,16.826284],[121.419519,16.817469],[121.401748,16.80487],[121.394596,16.805247],[121.386013,16.796678],[121.372008,16.798355],[121.377964,16.790436],[121.358422,16.787018],[121.359538,16.778848],[121.354755,16.774421],[121.35409,16.783639],[121.344673,16.789026],[121.339173,16.78847],[121.33632,16.7805],[121.343541,16.777541],[121.345772,16.769469],[121.331747,16.764861],[121.326168,16.757541],[121.32973,16.753672],[121.339306,16.755222],[121.333815,16.751936],[121.330367,16.735431],[121.314345,16.717912],[121.313765,16.696883],[121.304366,16.69306],[121.293654,16.694119],[121.288374,16.688371],[121.294042,16.679246],[121.291372,16.673553],[121.294828,16.663304],[121.289884,16.657925],[121.284683,16.657784],[121.276433,16.668529],[121.269459,16.658989],[121.260383,16.658332],[121.258888,16.651144],[121.236041,16.654164],[121.232596,16.649162],[121.224713,16.647957],[121.222413,16.644663],[121.213122,16.645721],[121.211883,16.641666],[121.204472,16.642878],[121.197748,16.638961],[121.176696,16.64027],[121.169907,16.645898],[121.160583,16.638689],[121.135498,16.644747],[121.105634,16.630561],[121.072132,16.62783],[121.035703,16.610006],[120.983717,16.569471],[120.973111,16.56945],[120.94754,16.579197],[120.929506,16.600054],[120.904409,16.59536],[120.89211,16.55846]]]}},{"type":"Feature","properties":{"ADM1_PCODE":"PH16","ADM1_EN":"Region XIII (Caraga)"},"geometry":{"type":"MultiPolygon","coordinates":[[[[125.236214,8.78465],[125.241096,8.84064],[125.262599,8.842401],[125.253424,8.852865],[125.250484,8.864802],[125.25494,8.870232],[125.24895,8.876756],[125.250965,8.87933],[125.245782,8.882698],[125.248061,8.888393],[125.244459,8.88983],[125.239478,8.886515],[125.237744,8.89183],[125.232538,8.89152],[125.23561,8.909374],[125.228871,8.90962],[125.227581,8.913568],[125.224535,8.911499],[125.225748,8.916267],[125.217318,8.918384],[125.221452,8.922429],[125.220304,8.930951],[125.216396,8.930693],[125.218171,8.935446],[125.224715,8.933237],[125.230097,8.937162],[125.230694,8.939885],[125.223736,8.940289],[125.2227,8.943054],[125.231223,8.944712],[125.233127,8.950771],[125.225932,8.949821],[125.229385,8.955441],[125.223981,8.958107],[125.226547,8.962048],[125.224444,8.967543],[125.230832,8.969594],[125.229296,8.974241],[125.224355,8.973909],[125.224053,8.979817],[125.217782,8.982029],[125.238139,8.987512],[125.230815,9.015114],[125.217677,9.030474],[125.208036,9.093955],[125.218068,9.089728],[125.221165,9.066731],[125.236488,9.044005],[125.237213,9.030769],[125.251523,9.024369],[125.266325,9.002744],[125.273001,9.000333],[125.281493,8.991235],[125.331457,8.990513],[125.332121,8.978326],[125.325878,8.973877],[125.332442,8.969485],[125.331166,8.975828],[125.337695,8.973546],[125.335116,8.987048],[125.34284,8.990574],[125.358298,8.992739],[125.374989,8.982295],[125.404516,8.983337],[125.425451,8.975277],[125.490729,9.003879],[125.491636,9.001976],[125.502955,9.012578],[125.521699,9.007975],[125.523622,9.011303],[125.521989,9.017513],[125.517387,9.017808],[125.511519,9.028006],[125.529753,9.055541],[125.536575,9.078468],[125.521602,9.119844],[125.524814,9.129533],[125.519709,9.141765],[125.51946,9.163301],[125.528681,9.179242],[125.530559,9.193829],[125.523075,9.200471],[125.523087,9.216998],[125.512181,9.225199],[125.514237,9.2376],[125.50511,9.244154],[125.509113,9.270295],[125.505601,9.277092],[125.503408,9.302208],[125.497316,9.306151],[125.491407,9.33477],[125.486761,9.339635],[125.48237,9.35374],[125.46994,9.361104],[125.467334,9.380174],[125.461149,9.384477],[125.462548,9.410776],[125.459684,9.418039],[125.450513,9.420403],[125.450035,9.432949],[125.453965,9.442532],[125.447146,9.456677],[125.447716,9.474242],[125.437046,9.484408],[125.427776,9.534297],[125.401306,9.610171],[125.391032,9.655902],[125.395083,9.661022],[125.392723,9.675115],[125.396128,9.691876],[125.394673,9.727386],[125.40121,9.767484],[125.412353,9.771867],[125.427144,9.786681],[125.438954,9.792261],[125.439813,9.804001],[125.435373,9.822338],[125.441041,9.824676],[125.455453,9.815638],[125.459389,9.800978],[125.477555,9.798157],[125.488033,9.791366],[125.495706,9.792544],[125.502346,9.783356],[125.496334,9.781526],[125.496253,9.77668],[125.499198,9.774061],[125.500617,9.776154],[125.499205,9.771626],[125.503909,9.771312],[125.505947,9.766075],[125.527596,9.766876],[125.53434,9.77323],[125.534935,9.770382],[125.540858,9.766505],[125.546897,9.769232],[125.5567,9.764355],[125.557547,9.760119],[125.554182,9.759846],[125.557398,9.755964],[125.554868,9.753946],[125.558723,9.751054],[125.566686,9.753678],[125.573245,9.762064],[125.576325,9.757023],[125.566343,9.742971],[125.568246,9.737015],[125.574261,9.733368],[125.572198,9.745153],[125.581975,9.745779],[125.585206,9.739588],[125.582956,9.734323],[125.58454,9.733095],[125.58722,9.740271],[125.590695,9.731037],[125.589813,9.737647],[125.595699,9.736302],[125.59353,9.751445],[125.594635,9.747793],[125.59938,9.746518],[125.595528,9.752282],[125.598876,9.754452],[125.60912,9.754937],[125.618783,9.751012],[125.615273,9.734935],[125.604814,9.7312],[125.611773,9.725209],[125.609852,9.70977],[125.607908,9.707649],[125.605542,9.708445],[125.604409,9.707041],[125.603107,9.70817],[125.599584,9.707094],[125.601562,9.705632],[125.598286,9.700943],[125.594592,9.704813],[125.594411,9.701588],[125.59017,9.700449],[125.590656,9.694248],[125.600899,9.678572],[125.606147,9.677381],[125.606104,9.674059],[125.599268,9.672738],[125.597501,9.661921],[125.598643,9.658112],[125.601977,9.659751],[125.604819,9.656609],[125.604454,9.642682],[125.60836,9.633728],[125.611142,9.631051],[125.615512,9.633437],[125.619839,9.626314],[125.625163,9.626496],[125.640157,9.609835],[125.65488,9.60221],[125.668919,9.600118],[125.687414,9.603027],[125.702548,9.595972],[125.708387,9.596867],[125.716007,9.58954],[125.73314,9.581886],[125.740275,9.591548],[125.740045,9.566558],[125.759223,9.561802],[125.766097,9.553226],[125.773064,9.556136],[125.782707,9.552671],[125.790078,9.558362],[125.815149,9.545596],[125.82357,9.546804],[125.831156,9.541555],[125.845444,9.541176],[125.860853,9.534326],[125.868476,9.523989],[125.868563,9.517882],[125.872287,9.516382],[125.873959,9.519844],[125.876782,9.515926],[125.877712,9.513119],[125.871652,9.505312],[125.875522,9.498886],[125.883304,9.497899],[125.887586,9.491621],[125.891277,9.496217],[125.89373,9.494115],[125.898333,9.496766],[125.908977,9.490651],[125.91109,9.492874],[125.907723,9.501655],[125.917153,9.496016],[125.922612,9.484323],[125.917362,9.474968],[125.927239,9.473614],[125.931267,9.455521],[125.936233,9.453064],[125.935775,9.448746],[125.943064,9.445541],[125.946475,9.44751],[125.937873,9.460289],[125.938652,9.474482],[125.94272,9.466348],[125.946366,9.465792],[125.950916,9.469983],[125.94779,9.475344],[125.948497,9.484477],[125.953513,9.480263],[125.957317,9.480744],[125.957375,9.483492],[125.961961,9.480196],[125.959218,9.467671],[125.949571,9.456787],[125.949834,9.45207],[125.959052,9.451574],[125.953861,9.441397],[125.945461,9.43828],[125.940411,9.445244],[125.929822,9.437611],[125.924873,9.441547],[125.926825,9.445515],[125.922632,9.444001],[125.923212,9.436869],[125.917147,9.439272],[125.912916,9.432535],[125.907911,9.434077],[125.894833,9.428615],[125.893796,9.41381],[125.898444,9.40999],[125.899943,9.4136],[125.899197,9.410397],[125.916431,9.398604],[125.919067,9.387345],[125.925452,9.388319],[125.932152,9.395343],[125.931607,9.388893],[125.933777,9.389],[125.93031,9.38638],[125.937143,9.386625],[125.930758,9.384312],[125.932246,9.377053],[125.94203,9.370711],[125.955002,9.372836],[125.966572,9.379231],[125.970031,9.377841],[125.971883,9.393786],[125.981477,9.403073],[125.988059,9.403543],[125.987209,9.39409],[125.983369,9.390782],[125.987068,9.380089],[125.974825,9.374547],[125.971595,9.366637],[125.974384,9.350647],[125.986267,9.342284],[125.981942,9.339468],[125.985842,9.337289],[125.982846,9.330208],[125.984308,9.322429],[126.026021,9.25753],[126.050394,9.237331],[126.056607,9.233158],[126.077958,9.24492],[126.090497,9.243836],[126.118571,9.256577],[126.13723,9.270254],[126.145192,9.282799],[126.156025,9.289145],[126.169937,9.309303],[126.173979,9.306717],[126.177081,9.309228],[126.179901,9.304459],[126.179853,9.308288],[126.188622,9.312946],[126.192961,9.311876],[126.194602,9.306145],[126.203016,9.308552],[126.207176,9.30601],[126.207246,9.299687],[126.199971,9.297383],[126.196465,9.289537],[126.190908,9.288952],[126.192094,9.274179],[126.197243,9.270162],[126.190958,9.263712],[126.193562,9.259153],[126.181163,9.244342],[126.179289,9.236368],[126.185439,9.219579],[126.177971,9.21475],[126.179422,9.206558],[126.174843,9.202198],[126.180502,9.191936],[126.173329,9.173019],[126.177643,9.169658],[126.179399,9.160692],[126.175133,9.157291],[126.174048,9.145174],[126.166983,9.134866],[126.163689,9.116218],[126.15841,9.11132],[126.157985,9.105086],[126.168457,9.086445],[126.180312,9.079352],[126.193653,9.077731],[126.195549,9.081617],[126.192505,9.081606],[126.192588,9.085813],[126.197504,9.089779],[126.19454,9.083755],[126.200144,9.086722],[126.197736,9.084547],[126.201312,9.080246],[126.201656,9.072443],[126.209459,9.070465],[126.2059,9.063588],[126.211302,9.050567],[126.237762,9.017881],[126.235396,9.013943],[126.226206,9.02159],[126.223983,9.018375],[126.235597,9.008341],[126.242853,9.010499],[126.238068,9.01421],[126.241788,9.015458],[126.269768,8.984453],[126.275424,8.98283],[126.27646,8.979751],[126.271464,8.977819],[126.270857,8.96998],[126.281591,8.96741],[126.284796,8.976209],[126.288876,8.975878],[126.289814,8.969646],[126.306663,8.956144],[126.307225,8.949686],[126.310308,8.947658],[126.31024,8.935712],[126.306979,8.932752],[126.293508,8.933249],[126.290616,8.926964],[126.298342,8.920202],[126.303653,8.920589],[126.303269,8.927285],[126.311276,8.925537],[126.30957,8.919018],[126.312184,8.915702],[126.321898,8.921251],[126.32532,8.919475],[126.322595,8.912261],[126.325102,8.896572],[126.31609,8.894137],[126.316299,8.889335],[126.308699,8.885186],[126.307299,8.879756],[126.314408,8.876272],[126.317421,8.869097],[126.323481,8.870114],[126.33458,8.840624],[126.314947,8.837693],[126.315167,8.833457],[126.321362,8.831915],[126.327446,8.824829],[126.324474,8.824695],[126.320545,8.81755],[126.306981,8.813049],[126.30489,8.804303],[126.301341,8.80578],[126.302695,8.782386],[126.29566,8.782741],[126.288576,8.772483],[126.266356,8.774559],[126.256286,8.767204],[126.254091,8.773356],[126.247231,8.764512],[126.238663,8.76282],[126.236141,8.751871],[126.240726,8.748179],[126.237611,8.740301],[126.232627,8.738998],[126.226488,8.743363],[126.212971,8.733233],[126.212119,8.710594],[126.21794,8.706696],[126.224181,8.708217],[126.232572,8.698993],[126.243323,8.699648],[126.244549,8.694764],[126.213124,8.691465],[126.204992,8.696691],[126.193702,8.699173],[126.193195,8.696283],[126.188027,8.699424],[126.171983,8.680988],[126.135393,8.671126],[126.139447,8.664948],[126.13046,8.662268],[126.127509,8.654282],[126.123889,8.654493],[126.123365,8.657813],[126.118027,8.651511],[126.107731,8.651703],[126.104035,8.650153],[126.105057,8.645846],[126.097789,8.645809],[126.095322,8.639209],[126.096796,8.623746],[126.082293,8.611985],[126.12516,8.582517],[126.122136,8.574354],[126.115236,8.573315],[126.112904,8.566908],[126.119565,8.559186],[126.123011,8.542569],[126.143147,8.533857],[126.144619,8.53195],[126.13884,8.532462],[126.143153,8.529568],[126.154155,8.527537],[126.159039,8.532748],[126.16389,8.53114],[126.160502,8.535909],[126.164731,8.534449],[126.159526,8.541091],[126.174007,8.537696],[126.193701,8.526362],[126.219397,8.522583],[126.220676,8.526046],[126.227575,8.526301],[126.225597,8.532952],[126.215483,8.538502],[126.217126,8.535091],[126.214943,8.53522],[126.212964,8.542157],[126.208168,8.540185],[126.188041,8.546774],[126.187104,8.552292],[126.207541,8.557797],[126.240971,8.548329],[126.262403,8.550497],[126.272486,8.541268],[126.281918,8.537977],[126.283748,8.532715],[126.288087,8.532815],[126.287898,8.529097],[126.313031,8.538635],[126.316435,8.537681],[126.316741,8.531699],[126.324056,8.53732],[126.333148,8.535581],[126.333998,8.529788],[126.337121,8.529644],[126.344295,8.535398],[126.337961,8.537231],[126.34071,8.542817],[126.354759,8.548575],[126.361099,8.54466],[126.359601,8.542678],[126.363673,8.537679],[126.350913,8.519764],[126.369382,8.513922],[126.375983,8.516422],[126.389268,8.510917],[126.388084,8.502691],[126.397639,8.493085],[126.390418,8.492856],[126.383874,8.483014],[126.394828,8.478687],[126.389454,8.471926],[126.397522,8.467933],[126.375417,8.466031],[126.370845,8.467253],[126.373211,8.471656],[126.370812,8.470381],[126.370518,8.473291],[126.362636,8.472526],[126.369866,8.470702],[126.362904,8.466496],[126.357528,8.471724],[126.354699,8.470305],[126.361701,8.466515],[126.35779,8.465736],[126.362608,8.462684],[126.360514,8.458124],[126.35755,8.459203],[126.359956,8.455565],[126.35389,8.448057],[126.357123,8.441878],[126.347519,8.428519],[126.35414,8.424455],[126.363469,8.424993],[126.374155,8.431573],[126.373807,8.416545],[126.380102,8.409415],[126.370934,8.404638],[126.370105,8.391722],[126.357342,8.38686],[126.35497,8.368398],[126.345139,8.372],[126.34776,8.364974],[126.345795,8.362892],[126.337854,8.369694],[126.337981,8.364623],[126.319971,8.357219],[126.318225,8.35257],[126.327571,8.347582],[126.326366,8.344654],[126.332761,8.342834],[126.328775,8.341553],[126.330183,8.336289],[126.337779,8.334467],[126.32635,8.331383],[126.330497,8.313737],[126.350708,8.310012],[126.363335,8.31292],[126.364057,8.308886],[126.37534,8.308121],[126.373557,8.300892],[126.377915,8.301993],[126.38296,8.292421],[126.366361,8.268795],[126.348678,8.252615],[126.338368,8.250577],[126.320456,8.237833],[126.314423,8.230041],[126.312165,8.220199],[126.308202,8.217709],[126.310566,8.216282],[126.317152,8.223205],[126.33383,8.189913],[126.344025,8.183315],[126.353138,8.189045],[126.35613,8.194748],[126.362348,8.19584],[126.364837,8.191541],[126.365784,8.196402],[126.378681,8.197112],[126.376823,8.203302],[126.379106,8.197331],[126.393329,8.20482],[126.40216,8.216934],[126.432508,8.235738],[126.438393,8.246008],[126.44324,8.246877],[126.449718,8.242585],[126.45603,8.244562],[126.459284,8.230412],[126.453001,8.232851],[126.449935,8.227916],[126.446368,8.228205],[126.451525,8.222167],[126.443494,8.215241],[126.441822,8.21198],[126.445781,8.207531],[126.439303,8.200413],[126.446116,8.182199],[126.444496,8.166017],[126.437312,8.162971],[126.432937,8.155801],[126.437597,8.147474],[126.435424,8.140869],[126.439807,8.125609],[126.432096,8.116708],[126.433535,8.114566],[126.42876,8.116184],[126.426912,8.111534],[126.434833,8.099709],[126.446103,8.101403],[126.452316,8.098722],[126.448863,8.09569],[126.45055,8.092823],[126.441481,8.095239],[126.437393,8.088286],[126.433876,8.088424],[126.427926,8.07055],[126.420582,8.062469],[126.422036,8.054594],[126.416983,8.056892],[126.412508,8.052135],[126.421474,8.050252],[126.413235,8.03248],[126.415153,8.02104],[126.421767,8.016188],[126.419817,8.011534],[126.413965,8.014968],[126.410871,8.01003],[126.406714,8.009496],[126.407208,8.002751],[126.410837,8.000585],[126.408138,7.998906],[126.40943,7.996338],[126.417089,7.997701],[126.415306,7.993999],[126.420567,7.994661],[126.415811,7.984114],[126.429961,7.993537],[126.436522,7.987547],[126.440026,7.992575],[126.449454,7.988613],[126.442579,7.988397],[126.4413,7.984495],[126.439868,7.986928],[126.433752,7.986183],[126.42752,7.978159],[126.423149,7.979269],[126.413443,7.967279],[126.41534,7.965756],[126.412558,7.960137],[126.405579,7.953659],[126.401466,7.957697],[126.386075,7.954048],[126.373606,7.941521],[126.368348,7.918813],[126.355787,7.922216],[126.351246,7.933008],[126.351581,8.002066],[126.227791,8.000191],[126.223647,7.995343],[126.215899,7.993068],[126.215613,7.989927],[126.208014,7.991324],[126.207663,7.985746],[126.20135,7.986847],[126.199489,7.983146],[126.20377,7.978839],[126.199946,7.980859],[126.195006,7.978256],[126.192165,7.986076],[126.178392,7.987314],[126.168432,7.981062],[126.160122,7.983052],[126.157563,7.991132],[126.148903,7.991932],[126.149244,7.996846],[126.112691,7.982457],[126.088233,7.966105],[126.0813,7.964698],[126.081403,7.960266],[126.068504,7.958981],[126.068214,7.95316],[126.044897,7.932641],[126.039097,7.930941],[125.999897,7.952441],[125.987497,7.971541],[125.980042,7.998678],[125.911491,7.999984],[125.909194,7.986185],[125.917522,7.96477],[125.911574,7.948114],[125.900866,7.930863],[125.887303,7.93122],[125.876239,7.936217],[125.863477,7.947843],[125.851492,7.96715],[125.805688,7.970124],[125.79843,7.956918],[125.785581,7.948709],[125.775587,7.951921],[125.767735,7.966555],[125.752289,7.98323],[125.75254,7.99848],[125.379394,8.003231],[125.375057,8.014981],[125.378954,8.025505],[125.377084,8.038135],[125.379923,8.042899],[125.393454,8.043015],[125.393723,8.055688],[125.405604,8.066601],[125.405628,8.076177],[125.409178,8.078235],[125.411177,8.074353],[125.414781,8.079454],[125.422089,8.079451],[125.424526,8.083999],[125.436459,8.085088],[125.43638,8.094759],[125.44022,8.092842],[125.442902,8.096643],[125.438243,8.097975],[125.440468,8.101058],[125.436864,8.101172],[125.43748,8.105441],[125.434925,8.104249],[125.435157,8.109198],[125.431826,8.110766],[125.433899,8.113153],[125.430169,8.112944],[125.431679,8.118624],[125.428098,8.11733],[125.425336,8.122958],[125.420773,8.119889],[125.419864,8.123765],[125.416125,8.122045],[125.414576,8.12512],[125.419132,8.131317],[125.412419,8.132324],[125.413139,8.142345],[125.406585,8.144125],[125.39442,8.170167],[125.383908,8.17652],[125.383809,8.179686],[125.377161,8.183493],[125.370024,8.183167],[125.365776,8.187803],[125.367014,8.214609],[125.346783,8.232365],[125.339878,8.284365],[125.331539,8.297252],[125.319005,8.302095],[125.308693,8.311562],[125.300574,8.329203],[125.28975,8.335109],[125.27508,8.354652],[125.274758,8.367383],[125.277921,8.370984],[125.275771,8.39886],[125.279203,8.405716],[125.276353,8.412212],[125.283286,8.422377],[125.287272,8.422475],[125.279481,8.435162],[125.266307,8.438375],[125.247561,8.47807],[125.253068,8.535442],[125.252543,8.551628],[125.249471,8.556958],[125.260606,8.579007],[125.261733,8.587566],[125.256914,8.587537],[125.255372,8.57961],[125.169852,8.58377],[125.176622,8.585103],[125.176223,8.589405],[125.182943,8.595595],[125.181773,8.604264],[125.185371,8.604982],[125.182719,8.605276],[125.185148,8.609066],[125.182101,8.610941],[125.183447,8.614259],[125.187754,8.611919],[125.201259,8.627035],[125.214408,8.637677],[125.219077,8.637285],[125.230027,8.6571],[125.238516,8.660305],[125.238181,8.664388],[125.23466,8.665647],[125.24018,8.668429],[125.236214,8.78465]],[[125.485736,9.454061],[125.491863,9.435357],[125.489703,9.429755],[125.50053,9.408197],[125.503401,9.384902],[125.511571,9.367548],[125.522129,9.329396],[125.528635,9.326122],[125.53009,9.343007],[125.522979,9.349103],[125.527523,9.351344],[125.532326,9.349566],[125.535672,9.35836],[125.545894,9.358896],[125.546674,9.36894],[125.550295,9.366885],[125.551932,9.371975],[125.555619,9.372964],[125.560068,9.390696],[125.548939,9.393254],[125.544895,9.40485],[125.554703,9.416408],[125.554101,9.423722],[125.557529,9.426049],[125.555751,9.43088],[125.552536,9.429489],[125.550148,9.436343],[125.552269,9.444966],[125.550354,9.455247],[125.555441,9.462886],[125.55354,9.467165],[125.557258,9.466584],[125.560912,9.47727],[125.559537,9.488348],[125.565878,9.493342],[125.563704,9.499258],[125.571819,9.504823],[125.570294,9.510723],[125.565631,9.513387],[125.562479,9.511546],[125.560286,9.51495],[125.554769,9.514084],[125.544502,9.528248],[125.528753,9.534323],[125.509182,9.533949],[125.489754,9.53795],[125.486756,9.531198],[125.49075,9.527248],[125.48351,9.528654],[125.473731,9.516138],[125.478317,9.49768],[125.475503,9.488034],[125.479623,9.483187],[125.477424,9.476905],[125.489677,9.45596],[125.485736,9.454061]]],[[[125.538225,9.770306],[125.537203,9.771363],[125.538069,9.771952],[125.538225,9.770306]]],[[[125.536658,9.77178],[125.536095,9.770937],[125.535727,9.771823],[125.536658,9.77178]]],[[[125.518921,9.771729],[125.522522,9.773682],[125.522705,9.771301],[125.518921,9.771729]]],[[[125.532265,9.778229],[125.538611,9.778262],[125.53814,9.77257],[125.531697,9.774305],[125.532265,9.778229]]],[[[125.514133,9.922316],[125.515842,9.916469],[125.513359,9.913172],[125.517781,9.909035],[125.514751,9.907737],[125.518728,9.89863],[125.531546,9.892295],[125.533353,9.881642],[125.555265,9.865439],[125.553112,9.861614],[125.537322,9.862057],[125.533715,9.871739],[125.524395,9.870786],[125.510561,9.886213],[125.514403,9.891813],[125.508585,9.911362],[125.514133,9.922316]]],[[[125.441711,9.91333],[125.441895,9.917297],[125.445679,9.916504],[125.450674,9.907938],[125.441711,9.91333]]],[[[125.494989,9.929148],[125.50106,9.926651],[125.496369,9.920693],[125.492146,9.924334],[125.494989,9.929148]]],[[[125.517374,9.980002],[125.52204,9.98578],[125.523696,9.972308],[125.51959,9.972627],[125.517374,9.980002]]],[[[125.524683,9.993596],[125.523736,9.995503],[125.523805,9.997992],[125.524964,9.997469],[125.524683,9.993596]]],[[[125.514317,9.999804],[125.515318,9.999214],[125.515007,9.998892],[125.514317,9.999804]]],[[[125.511127,9.997994],[125.502825,9.981614],[125.499117,9.986652],[125.503535,9.987975],[125.50389,9.998849],[125.501855,10.006897],[125.496011,10.012106],[125.49729,10.017878],[125.501526,10.015931],[125.511127,9.997994]]],[[[125.513323,10.030032],[125.534059,10.017139],[125.53811,10.009503],[125.52887,10.008158],[125.521173,10.011458],[125.512948,10.004424],[125.5164,10.014235],[125.512006,10.012777],[125.512492,10.0188],[125.516123,10.0217],[125.513323,10.030032]]],[[[125.503907,10.066284],[125.503717,10.067344],[125.504477,10.066844],[125.503907,10.066284]]],[[[125.470581,10.080579],[125.473871,10.079669],[125.473936,10.078574],[125.470581,10.080579]]],[[[125.50526,10.084558],[125.502856,10.081623],[125.500925,10.082788],[125.50526,10.084558]]],[[[125.491084,10.083754],[125.490729,10.084822],[125.491341,10.085376],[125.491084,10.083754]]],[[[125.478207,10.090917],[125.483575,10.086103],[125.478807,10.078551],[125.478207,10.090917]]],[[[125.483002,10.093273],[125.485305,10.093222],[125.485499,10.091396],[125.483002,10.093273]]],[[[125.476584,10.106442],[125.482811,10.101112],[125.480259,10.098001],[125.482477,10.099841],[125.484637,10.094872],[125.479483,10.097935],[125.479553,10.101133],[125.476907,10.101103],[125.476584,10.106442]]],[[[125.479367,10.143708],[125.481403,10.145931],[125.482854,10.142058],[125.482376,10.141613],[125.479367,10.143708]]],[[[125.484733,10.14348],[125.487242,10.144259],[125.484495,10.142815],[125.484733,10.14348]]],[[[125.494319,10.144733],[125.493592,10.145321],[125.49404,10.145703],[125.494319,10.144733]]],[[[125.494337,10.148774],[125.494062,10.148459],[125.493425,10.149098],[125.494337,10.148774]]],[[[125.480684,10.153927],[125.487864,10.151825],[125.482216,10.145786],[125.480684,10.153927]]],[[[125.463477,10.17473],[125.466698,10.172865],[125.461508,10.166964],[125.460479,10.169467],[125.463477,10.17473]]],[[[125.492594,10.168885],[125.490453,10.171328],[125.490881,10.173763],[125.492516,10.171386],[125.492594,10.168885]]],[[[125.497534,10.172628],[125.495976,10.174752],[125.497433,10.174288],[125.497534,10.172628]]],[[[125.504588,10.17522],[125.505292,10.175644],[125.505854,10.174942],[125.504588,10.17522]]],[[[125.501395,10.17768],[125.501987,10.176715],[125.501333,10.177256],[125.501395,10.17768]]],[[[125.502852,10.181263],[125.501756,10.182444],[125.503541,10.181821],[125.502852,10.181263]]],[[[125.499081,10.200778],[125.499129,10.202126],[125.499756,10.201449],[125.499081,10.200778]]],[[[125.498313,10.2019],[125.497802,10.202677],[125.498583,10.202399],[125.498313,10.2019]]],[[[125.496354,10.202326],[125.497212,10.203257],[125.496974,10.201911],[125.496354,10.202326]]],[[[125.472698,10.440838],[125.472752,10.434685],[125.469197,10.430443],[125.472223,10.42899],[125.465227,10.429536],[125.472698,10.440838]]],[[[125.476103,10.437268],[125.475462,10.436476],[125.475052,10.438083],[125.476103,10.437268]]],[[[125.490169,10.422058],[125.477411,10.426894],[125.476231,10.435654],[125.477804,10.432971],[125.479019,10.435617],[125.470224,10.443774],[125.46334,10.457116],[125.465703,10.460603],[125.471654,10.462174],[125.484116,10.457587],[125.501618,10.44565],[125.498128,10.436506],[125.493291,10.432711],[125.498509,10.423506],[125.490169,10.422058]]],[[[125.615362,9.685999],[125.615701,9.686913],[125.616772,9.686161],[125.615362,9.685999]]],[[[125.617681,9.687662],[125.616474,9.686929],[125.616096,9.687229],[125.617681,9.687662]]],[[[125.602495,9.688671],[125.604022,9.691162],[125.606494,9.686537],[125.604283,9.691746],[125.608443,9.69379],[125.610337,9.690393],[125.614253,9.691351],[125.606603,9.683245],[125.602495,9.688671]]],[[[125.591832,9.696626],[125.591044,9.69987],[125.591322,9.700277],[125.592576,9.699289],[125.591832,9.696626]]],[[[125.612295,9.705197],[125.616594,9.700385],[125.614612,9.697593],[125.608307,9.699496],[125.612295,9.705197]]],[[[125.603418,9.707529],[125.602002,9.707121],[125.602713,9.707927],[125.603418,9.707529]]],[[[125.620569,9.713113],[125.620463,9.711899],[125.618796,9.713431],[125.620569,9.713113]]],[[[125.609229,9.756175],[125.602695,9.755063],[125.601426,9.758585],[125.594571,9.756662],[125.605539,9.764571],[125.61425,9.765575],[125.617876,9.754535],[125.609229,9.756175]]],[[[125.620858,9.758826],[125.619347,9.761101],[125.622385,9.760461],[125.620858,9.758826]]],[[[125.575188,9.761719],[125.577773,9.760029],[125.576904,9.759656],[125.575188,9.761719]]],[[[125.567897,9.762428],[125.567503,9.760994],[125.566687,9.761554],[125.567897,9.762428]]],[[[125.566415,9.761693],[125.565292,9.761241],[125.565073,9.762442],[125.566415,9.761693]]],[[[125.577914,9.763111],[125.578664,9.761667],[125.577878,9.761678],[125.577914,9.763111]]],[[[125.579798,9.769031],[125.582195,9.768758],[125.579806,9.767521],[125.579798,9.769031]]],[[[125.545585,9.769507],[125.546051,9.76896],[125.54541,9.76897],[125.545585,9.769507]]],[[[125.5406,9.770453],[125.539069,9.770266],[125.540074,9.770767],[125.5406,9.770453]]],[[[125.539815,9.770744],[125.539185,9.771458],[125.539725,9.771634],[125.539815,9.770744]]],[[[125.561336,9.767761],[125.53987,9.77194],[125.538638,9.7764],[125.560129,9.776767],[125.561336,9.767761]]],[[[125.539321,9.777928],[125.54143,9.779109],[125.54104,9.776898],[125.539321,9.777928]]],[[[125.53778,9.780564],[125.538536,9.780854],[125.538471,9.780163],[125.53778,9.780564]]],[[[125.543213,9.783913],[125.555167,9.788065],[125.558492,9.779086],[125.544399,9.778166],[125.543213,9.783913]]],[[[125.546394,9.787832],[125.545096,9.788689],[125.545408,9.789235],[125.546394,9.787832]]],[[[125.582067,9.799129],[125.586248,9.801685],[125.589802,9.797761],[125.584342,9.795186],[125.582067,9.799129]]],[[[125.611173,9.912173],[125.607838,9.901956],[125.612367,9.890038],[125.602401,9.887741],[125.596317,9.890733],[125.596086,9.883722],[125.587585,9.873285],[125.585757,9.860731],[125.582598,9.859509],[125.583369,9.853575],[125.576552,9.853108],[125.580971,9.865055],[125.579143,9.873053],[125.573983,9.876337],[125.583586,9.894623],[125.575789,9.895286],[125.565748,9.881265],[125.565722,9.887878],[125.560294,9.894661],[125.564861,9.900997],[125.570455,9.901008],[125.571421,9.909459],[125.575538,9.908644],[125.577344,9.902765],[125.585204,9.897607],[125.588855,9.898926],[125.58981,9.905917],[125.593833,9.908292],[125.601559,9.905024],[125.603135,9.908739],[125.608507,9.908722],[125.611173,9.912173]]],[[[125.554292,9.944206],[125.551192,9.947077],[125.553279,9.947446],[125.554292,9.944206]]],[[[125.548551,9.948958],[125.545793,9.943898],[125.542094,9.949503],[125.548551,9.948958]]],[[[125.535599,9.990856],[125.541311,9.984133],[125.559724,9.970859],[125.557301,9.961207],[125.552772,9.964333],[125.556409,9.969847],[125.547065,9.976124],[125.541626,9.974037],[125.538279,9.97813],[125.534612,9.986961],[125.535599,9.990856]]],[[[125.568086,9.999968],[125.56895,10.000784],[125.569555,10.000343],[125.568086,9.999968]]],[[[125.582989,10.061071],[125.584798,10.059073],[125.581213,10.059838],[125.582884,10.05571],[125.579917,10.055598],[125.578438,10.059785],[125.582989,10.061071]]],[[[125.581347,10.073678],[125.583135,10.075204],[125.583076,10.073226],[125.581347,10.073678]]],[[[125.603299,10.043269],[125.60356,10.04691],[125.590576,10.051672],[125.599603,10.059172],[125.597518,10.065044],[125.589635,10.061775],[125.590971,10.069169],[125.587644,10.074851],[125.590101,10.077091],[125.582409,10.086085],[125.579342,10.084201],[125.577665,10.087766],[125.574035,10.086441],[125.570935,10.089716],[125.566879,10.088124],[125.570501,10.08593],[125.565738,10.084694],[125.567975,10.082097],[125.564719,10.081199],[125.57601,10.07835],[125.572699,10.071831],[125.578221,10.067086],[125.576956,10.064901],[125.558426,10.073161],[125.550502,10.078767],[125.548363,10.084529],[125.545458,10.080538],[125.539258,10.081084],[125.536705,10.074409],[125.539482,10.070902],[125.529513,10.06764],[125.527602,10.061939],[125.509496,10.06254],[125.505572,10.076842],[125.503527,10.077076],[125.503975,10.067301],[125.497407,10.07716],[125.498547,10.080182],[125.504514,10.078724],[125.506298,10.08381],[125.505602,10.085354],[125.503076,10.085712],[125.497631,10.083517],[125.499978,10.09536],[125.497995,10.100599],[125.494963,10.104133],[125.490342,10.095059],[125.490486,10.10114],[125.481053,10.104153],[125.477877,10.13126],[125.473473,10.134969],[125.477621,10.139578],[125.484567,10.126661],[125.481108,10.121001],[125.481173,10.118838],[125.484081,10.117674],[125.481913,10.121111],[125.484057,10.121863],[125.488857,10.1174],[125.49339,10.127282],[125.490366,10.1224],[125.486588,10.123001],[125.485064,10.132808],[125.487861,10.131913],[125.490055,10.135193],[125.500397,10.133687],[125.496544,10.138063],[125.489703,10.137786],[125.488004,10.142848],[125.491507,10.149223],[125.493778,10.143196],[125.495442,10.14285],[125.495181,10.150287],[125.499477,10.155314],[125.496968,10.159497],[125.499818,10.159304],[125.501466,10.171567],[125.497602,10.174453],[125.496874,10.181662],[125.499459,10.183945],[125.499307,10.177418],[125.506651,10.172061],[125.504432,10.185462],[125.510201,10.186102],[125.51713,10.178435],[125.525257,10.182774],[125.519142,10.189583],[125.505695,10.193832],[125.497929,10.209291],[125.511073,10.209447],[125.519606,10.205404],[125.523187,10.201826],[125.520942,10.200261],[125.522123,10.193429],[125.526263,10.190778],[125.537414,10.202769],[125.543159,10.203329],[125.540425,10.206091],[125.542724,10.209839],[125.530539,10.219025],[125.512358,10.242391],[125.514137,10.24689],[125.521527,10.246245],[125.518669,10.270965],[125.526953,10.27269],[125.520856,10.276636],[125.530098,10.276542],[125.537108,10.280799],[125.532532,10.282992],[125.535181,10.289218],[125.531195,10.288174],[125.529503,10.282796],[125.518148,10.285183],[125.52311,10.289843],[125.51511,10.292198],[125.514394,10.298536],[125.518696,10.307846],[125.513872,10.321086],[125.532644,10.324926],[125.558453,10.319867],[125.552186,10.348605],[125.555699,10.349476],[125.555697,10.353365],[125.547691,10.356592],[125.546283,10.362917],[125.551228,10.384851],[125.562296,10.381869],[125.566674,10.370144],[125.574056,10.361782],[125.581925,10.358802],[125.591817,10.365744],[125.59564,10.365001],[125.604919,10.379835],[125.607467,10.394636],[125.602753,10.413525],[125.608149,10.408403],[125.612132,10.410764],[125.608802,10.432263],[125.612429,10.441841],[125.620019,10.447311],[125.62124,10.459319],[125.630641,10.461144],[125.633415,10.468032],[125.642071,10.471595],[125.649851,10.466507],[125.649532,10.459647],[125.655378,10.451791],[125.652824,10.43945],[125.657734,10.439774],[125.669331,10.429257],[125.668474,10.422527],[125.673316,10.420166],[125.669388,10.414629],[125.670267,10.408583],[125.681633,10.391692],[125.670119,10.364272],[125.673169,10.355425],[125.664944,10.346466],[125.662817,10.334026],[125.6473,10.306487],[125.645911,10.295413],[125.653984,10.284837],[125.652493,10.281757],[125.65534,10.277128],[125.652157,10.267827],[125.655042,10.262313],[125.652288,10.250378],[125.644042,10.252722],[125.643998,10.243003],[125.646444,10.2436],[125.650649,10.235702],[125.654978,10.226514],[125.65687,10.209949],[125.66328,10.202668],[125.662438,10.197391],[125.652925,10.18681],[125.64906,10.188994],[125.643864,10.185145],[125.646726,10.181316],[125.650081,10.184511],[125.650379,10.170316],[125.654091,10.164667],[125.66537,10.172564],[125.670525,10.173091],[125.675781,10.168501],[125.675748,10.154309],[125.663215,10.154011],[125.658402,10.149549],[125.66377,10.142454],[125.660675,10.134955],[125.660813,10.120567],[125.664805,10.113401],[125.672719,10.113259],[125.677379,10.101446],[125.684253,10.096593],[125.694816,10.073618],[125.692595,10.062327],[125.697981,10.059524],[125.693401,10.054249],[125.695248,10.046712],[125.691357,10.037075],[125.684578,10.032925],[125.688291,10.026752],[125.687347,10.02107],[125.678788,10.007952],[125.680143,10.003816],[125.675298,9.993723],[125.67082,9.993202],[125.676104,9.989028],[125.679288,9.980797],[125.679844,9.969688],[125.672437,9.96899],[125.678996,9.962199],[125.675567,9.957597],[125.658385,9.951259],[125.656659,9.947746],[125.661942,9.945976],[125.662781,9.941066],[125.67627,9.935462],[125.673031,9.917446],[125.678514,9.914275],[125.683129,9.91382],[125.685402,9.917377],[125.693731,9.914986],[125.705974,9.902297],[125.707244,9.891152],[125.70147,9.87872],[125.705467,9.87369],[125.700839,9.865173],[125.690143,9.864524],[125.678051,9.86828],[125.67223,9.85278],[125.66028,9.8525],[125.65528,9.86],[125.65556,9.86528],[125.65028,9.86945],[125.64889,9.87611],[125.64259,9.88217],[125.64667,9.88433],[125.64222,9.88472],[125.64083,9.88833],[125.64222,9.89556],[125.64861,9.89639],[125.64445,9.90333],[125.646451,9.921878],[125.644646,9.935681],[125.642966,9.93409],[125.640783,9.937779],[125.636081,9.936724],[125.634019,9.939141],[125.632175,9.939612],[125.631775,9.940327],[125.631162,9.940434],[125.626492,9.938321],[125.623568,9.947604],[125.606018,9.947718],[125.603116,9.952131],[125.596293,9.949437],[125.591426,9.954638],[125.591023,9.962795],[125.595947,9.959662],[125.593477,9.956149],[125.611428,9.953297],[125.613602,9.954754],[125.611867,9.959087],[125.616455,9.959913],[125.603523,9.962947],[125.603263,9.974481],[125.591299,9.978124],[125.597589,9.981714],[125.603995,9.980736],[125.609875,9.988789],[125.604066,9.988942],[125.605727,9.993571],[125.597808,9.987864],[125.58632,9.989633],[125.580855,9.986175],[125.582015,9.983912],[125.575762,9.98213],[125.577179,9.976328],[125.572079,9.987849],[125.559985,9.990273],[125.561575,9.993092],[125.563708,9.990831],[125.576131,9.992883],[125.575106,9.998389],[125.580694,9.998286],[125.568689,10.008319],[125.57217,10.016392],[125.568625,10.018106],[125.574937,10.023897],[125.574362,10.02921],[125.587089,10.02387],[125.589196,10.026674],[125.586726,10.034371],[125.582982,10.038555],[125.578149,10.038621],[125.575552,10.04348],[125.580512,10.043544],[125.584136,10.050553],[125.592691,10.042408],[125.592206,10.03953],[125.60024,10.035986],[125.598486,10.042155],[125.603299,10.043269]]],[[[125.593546,10.381616],[125.593099,10.369685],[125.587534,10.375251],[125.588978,10.381765],[125.593546,10.381616]]],[[[125.567528,10.421751],[125.568398,10.421865],[125.56839,10.421163],[125.567528,10.421751]]],[[[125.566941,10.427655],[125.567658,10.428997],[125.56752,10.427887],[125.566941,10.427655]]],[[[125.879883,9.534912],[125.879517,9.533691],[125.879089,9.535095],[125.879883,9.534912]]],[[[125.879517,9.536499],[125.880676,9.536072],[125.8797,9.535889],[125.879517,9.536499]]],[[[125.868876,9.541283],[125.869416,9.539317],[125.867706,9.540373],[125.868876,9.541283]]],[[[125.844671,9.542391],[125.84417,9.544564],[125.840893,9.545502],[125.84702,9.543956],[125.844671,9.542391]]],[[[125.825734,9.554797],[125.826297,9.554891],[125.826084,9.554015],[125.825734,9.554797]]],[[[125.835356,9.555002],[125.838765,9.556072],[125.839463,9.554629],[125.836528,9.553116],[125.835356,9.555002]]],[[[125.785154,9.571029],[125.783976,9.571085],[125.784522,9.572666],[125.785154,9.571029]]],[[[125.765091,9.574892],[125.755595,9.577543],[125.756688,9.583856],[125.765154,9.581551],[125.767617,9.578582],[125.765091,9.574892]]],[[[125.71499,9.606002],[125.719299,9.604309],[125.714479,9.601632],[125.71499,9.606002]]],[[[125.714858,9.654323],[125.71268,9.652204],[125.714242,9.654877],[125.714858,9.654323]]],[[[125.706472,9.666831],[125.707906,9.668292],[125.706913,9.664098],[125.706472,9.666831]]],[[[125.672848,9.674392],[125.669644,9.678741],[125.674112,9.680341],[125.674513,9.677261],[125.672848,9.674392]]],[[[125.66143,9.684879],[125.660936,9.685622],[125.661448,9.685657],[125.66143,9.684879]]],[[[125.66669,9.686925],[125.66821,9.687456],[125.666815,9.686299],[125.66669,9.686925]]],[[[125.627686,9.690918],[125.625488,9.691895],[125.628296,9.691895],[125.627686,9.690918]]],[[[125.650058,9.710842],[125.658832,9.702875],[125.655825,9.700738],[125.660638,9.699298],[125.65522,9.690244],[125.658037,9.684082],[125.656242,9.677427],[125.662226,9.668967],[125.656092,9.66778],[125.658334,9.66416],[125.654431,9.663768],[125.643646,9.669485],[125.641309,9.694932],[125.643845,9.697662],[125.639122,9.698891],[125.640358,9.703951],[125.635752,9.707412],[125.635988,9.711279],[125.631346,9.703892],[125.616928,9.704592],[125.623137,9.712346],[125.621902,9.72341],[125.628588,9.727631],[125.634777,9.726092],[125.633198,9.721851],[125.63794,9.7192],[125.641982,9.720684],[125.642871,9.725],[125.646953,9.722112],[125.648883,9.72683],[125.655861,9.722445],[125.659022,9.725186],[125.663889,9.720674],[125.650058,9.710842]]],[[[125.663102,9.709758],[125.672456,9.702936],[125.67312,9.698874],[125.672275,9.694214],[125.664054,9.690606],[125.6642,9.695823],[125.667967,9.694293],[125.669874,9.697226],[125.668908,9.701082],[125.664356,9.700655],[125.667575,9.7048],[125.662179,9.70349],[125.663102,9.709758]]],[[[125.641694,9.732584],[125.637062,9.737517],[125.638376,9.739617],[125.648879,9.739669],[125.642882,9.7368],[125.641694,9.732584]]],[[[125.694969,9.753203],[125.705209,9.739684],[125.700566,9.734968],[125.695842,9.738311],[125.690659,9.736594],[125.690247,9.746087],[125.686382,9.741459],[125.678246,9.741263],[125.694969,9.753203]]],[[[125.671904,9.756701],[125.674647,9.75653],[125.676248,9.751761],[125.671904,9.756701]]],[[[125.624609,9.740025],[125.622234,9.753216],[125.627338,9.757658],[125.629353,9.768331],[125.632269,9.764687],[125.636292,9.76917],[125.641294,9.765927],[125.642281,9.759007],[125.635348,9.746398],[125.632757,9.747827],[125.624609,9.740025]]],[[[125.693842,9.757296],[125.690741,9.757823],[125.694174,9.757986],[125.693842,9.757296]]],[[[125.633675,9.770392],[125.633096,9.769544],[125.632582,9.770735],[125.633675,9.770392]]],[[[125.624617,9.774047],[125.631722,9.775554],[125.630816,9.770564],[125.627027,9.769514],[125.624271,9.769597],[125.624617,9.774047]]],[[[125.628724,9.784325],[125.638116,9.798925],[125.641565,9.792217],[125.645819,9.790132],[125.647286,9.792698],[125.646524,9.785537],[125.653545,9.773705],[125.6677,9.766863],[125.666969,9.754966],[125.658114,9.757867],[125.653216,9.75477],[125.649102,9.766577],[125.651111,9.771327],[125.643687,9.766281],[125.637369,9.769669],[125.633867,9.769882],[125.640326,9.775971],[125.639004,9.778163],[125.63604,9.77565],[125.638267,9.779795],[125.636026,9.780646],[125.631694,9.775666],[125.631485,9.779701],[125.637654,9.784497],[125.639352,9.782991],[125.636393,9.787243],[125.634047,9.783782],[125.628724,9.784325]]],[[[125.715607,9.801567],[125.71059,9.810441],[125.714348,9.813099],[125.721599,9.80613],[125.716333,9.799586],[125.718032,9.787553],[125.724557,9.786339],[125.731019,9.789432],[125.732359,9.783163],[125.740643,9.781278],[125.737227,9.77601],[125.731503,9.775911],[125.723293,9.763994],[125.72616,9.753393],[125.719187,9.755817],[125.715527,9.765402],[125.711055,9.766418],[125.711179,9.761393],[125.700752,9.764352],[125.702668,9.775974],[125.698549,9.778786],[125.696128,9.792602],[125.698684,9.796586],[125.702225,9.790983],[125.71005,9.791612],[125.715607,9.801567]]],[[[125.650075,9.792574],[125.653735,9.796844],[125.654853,9.792147],[125.650075,9.792574]]],[[[125.595966,9.804745],[125.58934,9.810758],[125.593978,9.810139],[125.593714,9.813127],[125.58756,9.810741],[125.584828,9.815393],[125.586844,9.820762],[125.598708,9.825752],[125.596896,9.832271],[125.589866,9.835161],[125.580796,9.81994],[125.577249,9.826107],[125.578495,9.838968],[125.583019,9.842183],[125.586756,9.852553],[125.595072,9.853072],[125.601667,9.871036],[125.599835,9.878654],[125.615165,9.881819],[125.612015,9.888271],[125.615463,9.893864],[125.618678,9.892715],[125.624541,9.903929],[125.62172,9.908766],[125.642125,9.916043],[125.643874,9.899044],[125.640048,9.895013],[125.639081,9.888151],[125.642484,9.880612],[125.648506,9.873162],[125.643632,9.869094],[125.643933,9.86168],[125.648099,9.867786],[125.654284,9.864813],[125.653523,9.859374],[125.659055,9.84901],[125.67406,9.850567],[125.679258,9.856195],[125.688464,9.850652],[125.671621,9.833332],[125.660823,9.828335],[125.653282,9.826242],[125.64648,9.830639],[125.642064,9.825079],[125.636132,9.832309],[125.630623,9.825052],[125.621811,9.827064],[125.613456,9.816054],[125.603367,9.816944],[125.595966,9.804745]]],[[[125.89116,9.899898],[125.891645,9.901074],[125.891945,9.900731],[125.89116,9.899898]]],[[[125.644835,9.921221],[125.640085,9.920595],[125.639003,9.924658],[125.644274,9.925665],[125.644835,9.921221]]],[[[125.805413,9.92136],[125.810913,9.929427],[125.81232,9.923931],[125.809997,9.920904],[125.805413,9.92136]]],[[[125.677182,9.930627],[125.680663,9.93373],[125.681901,9.932025],[125.680792,9.930085],[125.677182,9.930627]]],[[[125.625276,9.93415],[125.630792,9.937892],[125.634519,9.928055],[125.628242,9.929699],[125.625276,9.93415]]],[[[125.688467,9.939621],[125.688925,9.936156],[125.686369,9.935872],[125.688467,9.939621]]],[[[125.631569,9.940289],[125.630969,9.939482],[125.630844,9.940161],[125.631569,9.940289]]],[[[125.912221,9.406658],[125.910907,9.406473],[125.911656,9.407827],[125.912221,9.406658]]],[[[125.905186,9.408392],[125.90439,9.40772],[125.904294,9.409157],[125.905186,9.408392]]],[[[125.933297,9.402863],[125.927497,9.402786],[125.934402,9.404174],[125.934144,9.411809],[125.931268,9.408832],[125.929985,9.412259],[125.927063,9.40738],[125.920734,9.405298],[125.921491,9.41238],[125.916575,9.414225],[125.924372,9.417247],[125.936379,9.416294],[125.941524,9.407415],[125.933297,9.402863]]],[[[125.908576,9.411268],[125.912581,9.418724],[125.915787,9.418934],[125.914961,9.414809],[125.908576,9.411268]]],[[[125.896912,9.534729],[125.898499,9.535706],[125.898315,9.534485],[125.896912,9.534729]]],[[[125.928376,9.566615],[125.927844,9.565989],[125.927732,9.567134],[125.928376,9.566615]]],[[[125.929328,9.566806],[125.931015,9.568336],[125.931881,9.567616],[125.929328,9.566806]]],[[[125.93594,9.571269],[125.93495,9.573211],[125.936356,9.571879],[125.93594,9.571269]]],[[[125.923739,9.578495],[125.925092,9.57387],[125.923443,9.573513],[125.923739,9.578495]]],[[[125.935711,9.578602],[125.936248,9.577871],[125.935734,9.577523],[125.935711,9.578602]]],[[[125.928268,9.580089],[125.928275,9.581092],[125.92895,9.580204],[125.928268,9.580089]]],[[[125.910993,9.589647],[125.910227,9.5897],[125.910576,9.59035],[125.910993,9.589647]]],[[[125.906096,9.593791],[125.905479,9.594512],[125.906694,9.593923],[125.906096,9.593791]]],[[[125.912443,9.596068],[125.912522,9.595221],[125.911979,9.595312],[125.912443,9.596068]]],[[[125.904412,9.596828],[125.903831,9.596227],[125.904336,9.599074],[125.904412,9.596828]]],[[[125.910089,9.610981],[125.909913,9.612095],[125.910439,9.611733],[125.910089,9.610981]]],[[[125.985078,9.677066],[125.990497,9.663731],[125.986178,9.654321],[125.98802,9.645005],[125.975389,9.626592],[125.967172,9.623532],[125.965292,9.615343],[125.970659,9.584642],[125.962903,9.567885],[125.940549,9.559979],[125.932691,9.561734],[125.940032,9.566577],[125.939179,9.574321],[125.93692,9.578923],[125.929646,9.57946],[125.929995,9.582053],[125.925791,9.579742],[125.912414,9.582622],[125.912488,9.589966],[125.906127,9.597733],[125.909826,9.59328],[125.913443,9.594736],[125.911957,9.592759],[125.91729,9.59821],[125.912984,9.597733],[125.911429,9.601977],[125.913705,9.602707],[125.908812,9.60921],[125.912258,9.609969],[125.909996,9.614083],[125.908827,9.61055],[125.89685,9.616528],[125.893895,9.612251],[125.889796,9.614493],[125.890759,9.610973],[125.888206,9.611786],[125.89018,9.621779],[125.894567,9.619482],[125.897974,9.623773],[125.898515,9.618427],[125.900386,9.623673],[125.903082,9.620668],[125.906843,9.623526],[125.896247,9.62764],[125.899784,9.628043],[125.901537,9.632345],[125.907591,9.628272],[125.908582,9.621984],[125.910907,9.627452],[125.902009,9.637867],[125.908834,9.650086],[125.907795,9.653885],[125.91291,9.655869],[125.923523,9.65078],[125.927076,9.654224],[125.927157,9.670331],[125.923665,9.67227],[125.927531,9.67448],[125.920456,9.677395],[125.920716,9.690676],[125.915692,9.695784],[125.925081,9.703569],[125.917594,9.709134],[125.919415,9.703894],[125.914949,9.703012],[125.910509,9.706581],[125.906253,9.720481],[125.911415,9.725858],[125.920712,9.726892],[125.916329,9.736628],[125.911443,9.739311],[125.916434,9.746014],[125.913662,9.751614],[125.915276,9.756585],[125.919534,9.758846],[125.919413,9.751808],[125.927256,9.753886],[125.933587,9.760417],[125.946515,9.756313],[125.936679,9.748027],[125.947427,9.745445],[125.938736,9.736397],[125.939418,9.73318],[125.951744,9.740374],[125.959887,9.733909],[125.960133,9.744685],[125.96369,9.744401],[125.966496,9.738095],[125.964621,9.734293],[125.971222,9.727903],[125.963807,9.725393],[125.965215,9.731975],[125.961319,9.730199],[125.960379,9.687998],[125.964221,9.685001],[125.971882,9.683839],[125.97455,9.686989],[125.985172,9.683687],[125.987232,9.680516],[125.985078,9.677066]]],[[[125.964452,9.857792],[125.963855,9.855319],[125.962639,9.856655],[125.964452,9.857792]]],[[[125.966865,9.858007],[125.965045,9.858659],[125.965604,9.859171],[125.966865,9.858007]]],[[[125.94905,9.850163],[125.933848,9.863001],[125.925992,9.86458],[125.924352,9.868835],[125.929104,9.868352],[125.930723,9.875885],[125.934346,9.874762],[125.932808,9.88042],[125.943281,9.886859],[125.945582,9.891136],[125.947013,9.887815],[125.948199,9.887767],[125.950102,9.892641],[125.95412,9.892292],[125.959346,9.887834],[125.95794,9.87942],[125.960455,9.872628],[125.967155,9.867354],[125.965931,9.861547],[125.94905,9.850163]]],[[[125.96011,9.889325],[125.962033,9.888312],[125.960842,9.886782],[125.96011,9.889325]]],[[[125.94711,9.888945],[125.947834,9.888868],[125.947435,9.888111],[125.94711,9.888945]]],[[[125.963173,9.890357],[125.962226,9.889915],[125.96277,9.890867],[125.963173,9.890357]]],[[[125.947253,9.891656],[125.948066,9.89119],[125.947477,9.891179],[125.947253,9.891656]]],[[[125.928927,9.892582],[125.92968,9.891837],[125.928705,9.891819],[125.928927,9.892582]]],[[[125.902715,9.894163],[125.901885,9.893779],[125.901801,9.894346],[125.902715,9.894163]]],[[[125.907841,9.898326],[125.909284,9.897867],[125.909024,9.897192],[125.907841,9.898326]]],[[[125.906668,9.89782],[125.904734,9.895579],[125.905138,9.901257],[125.906668,9.89782]]],[[[125.909139,9.898751],[125.909624,9.899417],[125.910217,9.898508],[125.909139,9.898751]]],[[[125.893193,9.892989],[125.895354,9.903422],[125.891351,9.906805],[125.895055,9.916093],[125.899963,9.918638],[125.911364,9.907948],[125.906468,9.908081],[125.899905,9.894651],[125.893193,9.892989]]],[[[125.924654,9.906205],[125.925684,9.906693],[125.92605,9.905633],[125.924654,9.906205]]],[[[125.964008,9.912512],[125.950918,9.89465],[125.944944,9.891552],[125.9433,9.88837],[125.932863,9.884382],[125.929767,9.886684],[125.931408,9.895517],[125.927676,9.896373],[125.92951,9.892832],[125.925375,9.893793],[125.929236,9.888357],[125.920846,9.873634],[125.914499,9.874879],[125.905893,9.882121],[125.906805,9.890893],[125.913768,9.883717],[125.912752,9.886867],[125.923116,9.893387],[125.924567,9.90321],[125.93717,9.902952],[125.937964,9.904944],[125.929385,9.904457],[125.928532,9.908279],[125.93521,9.907189],[125.939621,9.918075],[125.945231,9.921033],[125.947043,9.918623],[125.947101,9.926296],[125.958388,9.926467],[125.959807,9.92874],[125.952455,9.934225],[125.96008,9.931432],[125.966292,9.936477],[125.968975,9.94219],[125.974692,9.939958],[125.966593,9.957064],[125.969083,9.963697],[125.974107,9.960209],[125.971168,9.950521],[125.978602,9.94948],[125.98104,9.939786],[125.978594,9.931493],[125.971428,9.924211],[125.972568,9.918313],[125.964008,9.912512]]],[[[125.895208,9.92273],[125.894826,9.920206],[125.891787,9.922738],[125.895208,9.92273]]],[[[125.931519,9.919499],[125.932473,9.927061],[125.936872,9.929484],[125.941072,9.927092],[125.935446,9.92609],[125.938305,9.922909],[125.938681,9.919939],[125.935097,9.92087],[125.937089,9.914492],[125.931519,9.919499]]],[[[125.955473,9.929667],[125.955295,9.927661],[125.954241,9.928329],[125.955473,9.929667]]],[[[125.965155,9.938082],[125.963845,9.93693],[125.963936,9.937728],[125.965155,9.938082]]],[[[125.954102,9.94928],[125.957703,9.951721],[125.957886,9.947876],[125.954102,9.94928]]],[[[126.339339,8.878614],[126.341756,8.879569],[126.341982,8.877102],[126.341093,8.877132],[126.339339,8.878614]]],[[[126.198764,9.229814],[126.199022,9.229017],[126.197945,9.22935],[126.198764,9.229814]]],[[[126.197485,9.229925],[126.196498,9.230412],[126.197452,9.2306],[126.197485,9.229925]]],[[[126.196762,9.23161],[126.194042,9.229361],[126.190644,9.233387],[126.196762,9.23161]]],[[[126.19642,9.232803],[126.195702,9.233423],[126.196498,9.233445],[126.19642,9.232803]]],[[[125.999752,9.373885],[125.994317,9.373965],[125.995713,9.379415],[125.999607,9.379636],[125.999752,9.373885]]],[[[126.056912,9.397966],[126.054111,9.390123],[126.04366,9.387425],[126.047015,9.391731],[126.056912,9.397966]]],[[[126.012387,9.409076],[126.012283,9.40977],[126.012973,9.409464],[126.012387,9.409076]]],[[[126.012706,9.430058],[126.025677,9.418456],[126.025004,9.412773],[126.012095,9.413514],[126.00993,9.408317],[126.013438,9.407393],[126.009551,9.406699],[126.013615,9.401957],[126.003515,9.40762],[126.008515,9.409602],[126.003893,9.414053],[125.996754,9.409901],[125.991415,9.411204],[126.006271,9.428721],[126.012706,9.430058]]],[[[126.178352,9.602999],[126.177589,9.605609],[126.180316,9.60263],[126.178352,9.602999]]],[[[126.129355,9.603067],[126.135784,9.610671],[126.146667,9.61386],[126.133512,9.60266],[126.129355,9.603067]]],[[[126.182468,9.612371],[126.176039,9.607184],[126.170999,9.608377],[126.176005,9.615663],[126.182468,9.612371]]],[[[126.180208,9.640218],[126.179891,9.623466],[126.176349,9.618821],[126.172886,9.623599],[126.174874,9.639428],[126.180208,9.640218]]],[[[125.995356,9.686043],[125.995811,9.687608],[125.996584,9.686245],[125.995356,9.686043]]],[[[126.02044,9.687249],[126.018572,9.686227],[126.019213,9.687898],[126.02044,9.687249]]],[[[126.073965,9.696818],[126.090227,9.694713],[126.090447,9.69247],[126.086129,9.688796],[126.080928,9.689539],[126.073965,9.696818]]],[[[126.037568,9.698217],[126.038175,9.700423],[126.039511,9.699594],[126.037568,9.698217]]],[[[126.027541,9.736922],[126.037241,9.72575],[126.044783,9.733208],[126.058143,9.731972],[126.060418,9.728144],[126.065178,9.729547],[126.064967,9.726479],[126.070738,9.728613],[126.070239,9.725404],[126.065203,9.724571],[126.068718,9.719744],[126.065258,9.720277],[126.064086,9.716456],[126.069125,9.707887],[126.057304,9.704847],[126.046725,9.707297],[126.041821,9.703723],[126.036893,9.711388],[126.038513,9.713585],[126.034174,9.713742],[126.028509,9.707603],[126.022088,9.707386],[126.027977,9.704338],[126.021955,9.689965],[126.014119,9.690884],[126.012354,9.687973],[126.00931,9.690015],[126.008629,9.682797],[126.005696,9.683401],[126.007015,9.696906],[126.010654,9.699567],[126.008611,9.707668],[126.014164,9.710989],[126.011007,9.715379],[126.015231,9.720934],[126.022307,9.717179],[126.023401,9.719638],[126.0169,9.726185],[126.026246,9.726606],[126.027541,9.736922]]],[[[125.98268,9.731506],[125.994984,9.725219],[126.000543,9.726864],[125.995346,9.721284],[126.003325,9.720732],[126.000596,9.716947],[126.004795,9.716431],[125.998931,9.714209],[126.008061,9.707398],[126.008877,9.703249],[126.003321,9.696502],[125.997875,9.696633],[125.995599,9.691959],[125.981031,9.698675],[125.984549,9.693176],[125.983102,9.686872],[125.974243,9.689171],[125.973762,9.7056],[125.965999,9.713867],[125.971722,9.723583],[125.975747,9.718036],[125.980704,9.719238],[125.983331,9.72593],[125.98031,9.72786],[125.981139,9.736413],[125.98268,9.731506]]],[[[126.041609,9.736708],[126.042961,9.739723],[126.048481,9.736405],[126.047108,9.73383],[126.041609,9.736708]]],[[[126.171639,9.740664],[126.156842,9.736427],[126.153053,9.738965],[126.155153,9.743015],[126.17233,9.745538],[126.171639,9.740664]]],[[[126.03958,9.742535],[126.035329,9.744308],[126.03941,9.750993],[126.044181,9.751192],[126.043695,9.745689],[126.03958,9.742535]]],[[[126.130664,9.754828],[126.132152,9.755242],[126.131331,9.753935],[126.130664,9.754828]]],[[[125.968194,9.851855],[125.964993,9.85423],[125.972722,9.855657],[125.968194,9.851855]]],[[[126.115002,9.855711],[126.115544,9.857145],[126.116343,9.856686],[126.115002,9.855711]]],[[[125.97087,9.857501],[125.970071,9.858381],[125.971213,9.857989],[125.97087,9.857501]]],[[[125.970831,9.861054],[125.96733,9.857893],[125.966888,9.861659],[125.970831,9.861054]]],[[[125.971482,9.863445],[125.971558,9.862066],[125.971337,9.862641],[125.971482,9.863445]]],[[[125.970168,9.861804],[125.967617,9.864658],[125.968545,9.865694],[125.970168,9.861804]]],[[[126.071251,10.054911],[126.070907,10.022679],[126.083469,10.010647],[126.088572,9.992478],[126.087749,9.983025],[126.098602,9.966794],[126.097805,9.953016],[126.103508,9.945124],[126.100513,9.938953],[126.108067,9.93394],[126.115371,9.918879],[126.112778,9.914613],[126.114174,9.900625],[126.111133,9.899681],[126.111144,9.895388],[126.120616,9.878559],[126.115864,9.86723],[126.097041,9.863563],[126.098457,9.858102],[126.091278,9.849111],[126.100135,9.854136],[126.105241,9.85336],[126.106268,9.845272],[126.111408,9.851096],[126.121034,9.84164],[126.121538,9.836632],[126.126601,9.843056],[126.142132,9.845088],[126.139849,9.838604],[126.14361,9.830929],[126.142043,9.826411],[126.15248,9.814332],[126.149178,9.812973],[126.151612,9.810237],[126.14727,9.806051],[126.152145,9.804945],[126.163044,9.813668],[126.168595,9.809988],[126.161014,9.802583],[126.16363,9.786972],[126.156829,9.780902],[126.131841,9.77163],[126.126504,9.757418],[126.113327,9.758571],[126.113113,9.747588],[126.052057,9.7541],[126.042359,9.763546],[126.025729,9.766838],[126.023243,9.760473],[126.029469,9.755543],[126.034588,9.756905],[126.036477,9.751068],[126.031604,9.744955],[126.018194,9.753048],[126.009792,9.763699],[126.009208,9.770629],[126.002975,9.775647],[126.002978,9.780838],[125.990302,9.794957],[125.990445,9.801028],[125.9827,9.809099],[125.973352,9.810879],[125.972321,9.819476],[125.977576,9.820022],[125.974528,9.826228],[125.959772,9.82535],[125.961648,9.832128],[125.948971,9.83546],[125.953585,9.842197],[125.950483,9.847418],[125.959299,9.855154],[125.968642,9.85094],[125.975201,9.855269],[125.971334,9.859725],[125.975514,9.86347],[125.969884,9.865718],[125.968922,9.870331],[125.965402,9.869436],[125.959576,9.880956],[125.967564,9.899626],[125.975866,9.904468],[125.975731,9.908304],[125.972671,9.908791],[125.975426,9.91265],[125.972604,9.914753],[125.973304,9.923114],[125.982951,9.937659],[125.995821,9.940854],[125.994615,9.94381],[125.999357,9.952306],[126.022331,9.977242],[126.030151,10.000298],[126.036865,10.005195],[126.030161,10.007834],[126.036638,10.016537],[126.028738,10.023095],[126.033597,10.036141],[126.042179,10.040946],[126.047774,10.053578],[126.057649,10.060477],[126.063899,10.062544],[126.071251,10.054911]]],[[[125.969149,9.914691],[125.974143,9.912773],[125.967446,9.909235],[125.969149,9.914691]]],[[[125.966148,9.938903],[125.966746,9.939474],[125.967204,9.938998],[125.966148,9.938903]]],[[[125.987239,9.942541],[125.987804,9.946836],[125.98962,9.949197],[125.990817,9.947972],[125.987239,9.942541]]]]}},{"type":"Feature","properties":{"ADM1_PCODE":"PH17","ADM1_EN":"MIMAROPA Region"},"geometry":{"type":"MultiPolygon","coordinates":[[[[117.312786,7.513916],[117.315335,7.509353],[117.309411,7.506944],[117.307502,7.510167],[117.312786,7.513916]]],[[[117.295727,7.524177],[117.307355,7.522963],[117.307805,7.521782],[117.302458,7.520391],[117.295727,7.524177]]],[[[117.291485,7.560738],[117.298248,7.559625],[117.298192,7.55894],[117.291485,7.560738]]],[[[117.025358,7.806964],[117.023879,7.807402],[117.02514,7.808173],[117.025358,7.806964]]],[[[117.215407,7.830796],[117.226039,7.822521],[117.210751,7.823535],[117.215407,7.830796]]],[[[117.220768,7.914528],[117.22095,7.917258],[117.222808,7.916041],[117.220768,7.914528]]],[[[117.019446,7.803709],[116.996119,7.809265],[116.992902,7.815802],[116.996877,7.820998],[116.992597,7.839339],[116.998891,7.842502],[117.000083,7.851532],[116.987813,7.848832],[116.982602,7.853888],[116.980448,7.865307],[116.973879,7.871496],[116.974711,7.876623],[116.967569,7.896531],[116.963944,7.896001],[116.964987,7.898525],[116.956422,7.907312],[116.956697,7.912165],[116.951484,7.918149],[116.941657,7.91335],[116.93516,7.913764],[116.936188,7.921377],[116.928864,7.935495],[116.933814,7.939441],[116.935573,7.934161],[116.94342,7.929536],[116.96692,7.951916],[116.958387,7.958259],[116.967208,7.961474],[116.969186,7.967128],[116.965308,7.968842],[116.96028,7.990336],[116.950269,7.99821],[116.959167,8.011346],[116.959138,8.015088],[116.954352,8.015783],[116.959834,8.02412],[116.95485,8.028886],[116.966503,8.054159],[116.970071,8.053695],[116.973669,8.046066],[116.971623,8.040823],[116.964107,8.037049],[116.96315,8.030933],[116.963525,8.027595],[116.968722,8.032755],[116.966702,8.018124],[116.969342,8.01536],[116.978622,8.025873],[116.988726,8.025958],[116.988432,8.035131],[116.995804,8.033181],[116.99834,8.041945],[117.003939,8.04251],[117.004441,8.046821],[117.000142,8.051918],[117.004005,8.055845],[116.996792,8.062664],[117.013321,8.063686],[117.0252,8.066976],[117.031459,8.064907],[117.035779,8.067925],[117.037495,8.064524],[117.040676,8.065028],[117.052141,8.075509],[117.057127,8.073742],[117.060011,8.078424],[117.064652,8.077102],[117.066028,8.080034],[117.073082,8.074556],[117.080525,8.046066],[117.08006,8.038504],[117.076229,8.033601],[117.077842,8.017676],[117.069431,8.018424],[117.065663,8.014805],[117.066675,8.01147],[117.078141,8.012381],[117.078401,8.005186],[117.075089,8.001844],[117.071627,8.004116],[117.064544,8.002078],[117.059198,7.994695],[117.0566,7.997447],[117.052319,7.988604],[117.053658,7.98471],[117.056653,7.984733],[117.060967,7.988487],[117.075049,7.991416],[117.076279,7.976692],[117.079475,7.972233],[117.077327,7.969031],[117.083289,7.953379],[117.079234,7.948131],[117.085645,7.943934],[117.080886,7.938902],[117.085602,7.935255],[117.086332,7.906319],[117.084039,7.900991],[117.080309,7.903622],[117.068736,7.897557],[117.067641,7.886993],[117.07887,7.880178],[117.074333,7.865262],[117.067106,7.861769],[117.06717,7.85498],[117.060616,7.842149],[117.04719,7.831184],[117.045696,7.833675],[117.041401,7.832023],[117.042259,7.825352],[117.027744,7.812709],[117.022802,7.820837],[117.015502,7.822666],[117.01526,7.815797],[117.024167,7.806458],[117.019446,7.803709]]],[[[117.013621,8.064976],[117.001037,8.06878],[117.014194,8.070032],[117.016677,8.067086],[117.013621,8.064976]]],[[[117.03977,8.073094],[117.042235,8.071717],[117.041722,8.071102],[117.03977,8.073094]]],[[[117.111329,8.081499],[117.1074,8.071173],[117.098109,8.072442],[117.103946,8.092207],[117.107854,8.091791],[117.111329,8.081499]]],[[[116.983808,8.087981],[116.988611,8.093638],[116.989437,8.090616],[116.985167,8.087742],[116.991688,8.087678],[116.986137,8.078107],[116.983808,8.087981]]],[[[117.075964,8.083081],[117.074462,8.08623],[117.073957,8.090823],[117.080199,8.083837],[117.075964,8.083081]]],[[[117.015603,8.071425],[117.014264,8.076799],[117.007504,8.076539],[117.003589,8.082339],[117.009033,8.085837],[117.008841,8.092589],[116.992683,8.08835],[116.99101,8.100602],[116.998324,8.109487],[117.005738,8.112247],[117.024358,8.128743],[117.037965,8.128243],[117.050746,8.118503],[117.05177,8.099368],[117.062458,8.083999],[117.050916,8.080513],[117.045447,8.082752],[117.042859,8.07822],[117.027201,8.074631],[117.022973,8.070875],[117.015603,8.071425]]],[[[117.135532,8.126289],[117.154392,8.117252],[117.156393,8.113773],[117.149993,8.111744],[117.143348,8.114664],[117.134413,8.123648],[117.130404,8.135096],[117.135532,8.126289]]],[[[117.226969,8.163492],[117.232254,8.155689],[117.230798,8.152169],[117.219072,8.155205],[117.21932,8.159157],[117.226969,8.163492]]],[[[117.1728,8.148542],[117.148542,8.15127],[117.13411,8.169078],[117.132178,8.177684],[117.140153,8.179951],[117.185142,8.177222],[117.187949,8.179483],[117.201196,8.168283],[117.205632,8.153706],[117.1728,8.148542]]],[[[117.249308,8.176052],[117.256958,8.167044],[117.241775,8.168553],[117.236644,8.173849],[117.24078,8.176847],[117.249308,8.176052]]],[[[117.019589,8.172699],[117.009893,8.180132],[117.02924,8.17053],[117.019589,8.172699]]],[[[117.281504,8.183179],[117.281424,8.178219],[117.277805,8.182686],[117.281504,8.183179]]],[[[117.283505,8.183953],[117.282636,8.183942],[117.282867,8.184589],[117.283505,8.183953]]],[[[117.198125,8.195564],[117.18779,8.201602],[117.190464,8.201641],[117.198125,8.195564]]],[[[117.115709,8.21268],[117.090561,8.213989],[117.081802,8.219536],[117.079327,8.231491],[117.081538,8.246969],[117.101372,8.246526],[117.11912,8.236452],[117.127586,8.217267],[117.115709,8.21268]]],[[[117.139946,8.233489],[117.141111,8.23488],[117.141424,8.233477],[117.139946,8.233489]]],[[[117.287559,8.188243],[117.294077,8.187925],[117.285915,8.188689],[117.262812,8.209509],[117.26523,8.225121],[117.271442,8.228433],[117.266184,8.231352],[117.271472,8.230427],[117.266125,8.235004],[117.271216,8.24469],[117.267245,8.267746],[117.269623,8.276961],[117.266487,8.286016],[117.267948,8.304598],[117.270607,8.313849],[117.278997,8.322785],[117.296845,8.315371],[117.302689,8.318414],[117.306374,8.330508],[117.311382,8.330432],[117.324628,8.323827],[117.339309,8.307277],[117.343406,8.308028],[117.352213,8.290774],[117.348992,8.26641],[117.342333,8.254103],[117.346542,8.210326],[117.334197,8.194151],[117.312185,8.188616],[117.294384,8.177174],[117.291151,8.181904],[117.283682,8.182081],[117.286887,8.18272],[117.287559,8.188243]]],[[[117.123832,8.286417],[117.127685,8.285698],[117.12645,8.278784],[117.120687,8.281094],[117.123832,8.286417]]],[[[117.175716,8.25556],[117.175715,8.269408],[117.17175,8.271304],[117.163118,8.286006],[117.169277,8.28494],[117.170128,8.281992],[117.192835,8.290281],[117.218819,8.315757],[117.230209,8.338558],[117.233598,8.333363],[117.222279,8.315158],[117.231305,8.311148],[117.236844,8.315393],[117.234293,8.309954],[117.238934,8.306798],[117.248145,8.317541],[117.258468,8.314222],[117.261995,8.305578],[117.256799,8.28827],[117.229757,8.266909],[117.218349,8.261892],[117.210266,8.266246],[117.202596,8.265725],[117.20429,8.263757],[117.175716,8.25556]]],[[[117.141593,8.303897],[117.142665,8.305058],[117.142347,8.301175],[117.141593,8.303897]]],[[[117.182378,8.308381],[117.183772,8.303154],[117.181713,8.302576],[117.182378,8.308381]]],[[[117.338095,8.309379],[117.341442,8.311033],[117.339012,8.308449],[117.338095,8.309379]]],[[[117.516841,8.337967],[117.51533,8.341592],[117.520112,8.342745],[117.516841,8.337967]]],[[[117.316854,8.347131],[117.310842,8.344795],[117.315058,8.352335],[117.316854,8.347131]]],[[[117.223646,8.355853],[117.222569,8.355992],[117.223603,8.356572],[117.223646,8.355853]]],[[[117.22544,8.357998],[117.224162,8.358589],[117.225176,8.359556],[117.22544,8.357998]]],[[[117.239836,8.364996],[117.230219,8.357874],[117.22822,8.359881],[117.238319,8.36713],[117.239836,8.364996]]],[[[117.245139,8.370451],[117.241626,8.367648],[117.248114,8.378293],[117.245139,8.370451]]],[[[117.261358,8.391709],[117.266282,8.392454],[117.26319,8.390197],[117.261358,8.391709]]],[[[117.26102,8.395017],[117.259399,8.395116],[117.261649,8.396336],[117.26102,8.395017]]],[[[117.268553,8.398043],[117.264385,8.39616],[117.270121,8.400884],[117.268553,8.398043]]],[[[117.192068,8.433272],[117.18982,8.433195],[117.191409,8.434565],[117.192068,8.433272]]],[[[117.429484,8.438918],[117.433425,8.44177],[117.436047,8.439601],[117.433268,8.437615],[117.429484,8.438918]]],[[[118.62845,9.48853],[118.626079,9.48335],[118.62989,9.482289],[118.628046,9.477766],[118.615604,9.488174],[118.611001,9.485013],[118.603133,9.462654],[118.592079,9.460474],[118.586434,9.455351],[118.585331,9.450343],[118.58881,9.44675],[118.586876,9.442199],[118.578362,9.444631],[118.572707,9.440243],[118.567738,9.424928],[118.565011,9.425095],[118.568696,9.416743],[118.561743,9.42299],[118.562742,9.414762],[118.554362,9.410328],[118.538169,9.389809],[118.534126,9.373384],[118.544324,9.369975],[118.538096,9.364207],[118.539637,9.358603],[118.537886,9.356333],[118.535143,9.359773],[118.527551,9.357451],[118.516847,9.331389],[118.508567,9.331565],[118.50267,9.326443],[118.489607,9.294616],[118.486387,9.293892],[118.485349,9.298213],[118.478889,9.301211],[118.468761,9.302309],[118.454553,9.293986],[118.442654,9.275884],[118.437753,9.280822],[118.429613,9.278177],[118.419551,9.260858],[118.421341,9.245404],[118.396855,9.243435],[118.386212,9.229354],[118.388347,9.224487],[118.381696,9.226985],[118.382016,9.222065],[118.376829,9.220488],[118.379425,9.215748],[118.374364,9.218094],[118.372539,9.215955],[118.375049,9.212153],[118.369592,9.214205],[118.363385,9.210507],[118.361555,9.201093],[118.363981,9.19509],[118.359956,9.195685],[118.358928,9.188614],[118.354319,9.188472],[118.344701,9.178235],[118.329884,9.176943],[118.328531,9.173629],[118.312136,9.181243],[118.295943,9.182656],[118.267764,9.175646],[118.221739,9.157203],[118.213156,9.170032],[118.191925,9.158822],[118.186393,9.152855],[118.177662,9.152138],[118.172214,9.155519],[118.163244,9.148441],[118.154166,9.147969],[118.151793,9.143907],[118.153965,9.138077],[118.148896,9.134921],[118.136535,9.148265],[118.124442,9.145548],[118.118494,9.134714],[118.114769,9.115912],[118.109237,9.112446],[118.108219,9.104967],[118.105031,9.102799],[118.106166,9.07837],[118.103758,9.075702],[118.10239,9.052021],[118.095552,9.044831],[118.088529,9.053446],[118.078156,9.046856],[118.068781,9.047861],[118.073188,9.038259],[118.085575,9.030684],[118.083568,9.024321],[118.079438,9.023111],[118.082579,9.020229],[118.080867,9.014327],[118.073625,9.008885],[118.05961,9.009719],[118.059301,9.004247],[118.065494,9.002568],[118.066767,8.994945],[118.05632,8.995528],[118.055135,8.990457],[118.060476,8.986294],[118.051671,8.970403],[118.046185,8.969423],[118.048535,8.961748],[118.042807,8.949475],[118.030809,8.946636],[118.024563,8.921593],[118.016338,8.905557],[118.005094,8.905326],[118.009033,8.895735],[118.001901,8.879352],[117.989867,8.881376],[117.98949,8.884292],[117.98216,8.877451],[117.9846,8.875668],[117.981409,8.869739],[117.969861,8.868977],[117.96878,8.873155],[117.963465,8.872437],[117.961745,8.866941],[117.949336,8.86463],[117.939233,8.853032],[117.931446,8.850631],[117.928147,8.843508],[117.914233,8.846635],[117.897277,8.831398],[117.884468,8.82734],[117.88213,8.818746],[117.876656,8.819497],[117.870647,8.81484],[117.862121,8.791501],[117.85478,8.789596],[117.836883,8.768682],[117.825019,8.7745],[117.811358,8.770327],[117.794532,8.741985],[117.793249,8.733173],[117.785382,8.727626],[117.779352,8.714185],[117.759246,8.704732],[117.741905,8.686958],[117.713816,8.68264],[117.703162,8.686522],[117.694411,8.685979],[117.685762,8.68183],[117.674179,8.66924],[117.657964,8.668495],[117.653288,8.665581],[117.64868,8.667232],[117.640835,8.663201],[117.63897,8.658703],[117.635819,8.660799],[117.624149,8.657228],[117.60523,8.662546],[117.589043,8.672443],[117.567505,8.674849],[117.558267,8.666715],[117.553957,8.657648],[117.538334,8.642956],[117.535089,8.643214],[117.538643,8.633861],[117.530285,8.623879],[117.532889,8.624416],[117.538521,8.617002],[117.539362,8.608324],[117.54728,8.596366],[117.546006,8.59088],[117.538991,8.566818],[117.527926,8.556343],[117.513841,8.533884],[117.501149,8.501053],[117.486661,8.494345],[117.485108,8.501778],[117.47939,8.50755],[117.46349,8.508623],[117.463888,8.52065],[117.462635,8.517453],[117.456302,8.521298],[117.452541,8.516273],[117.453231,8.505433],[117.449903,8.503795],[117.452425,8.500025],[117.449538,8.503539],[117.434066,8.501075],[117.430812,8.507765],[117.426809,8.50246],[117.432064,8.498142],[117.432075,8.493987],[117.422384,8.499588],[117.415022,8.499637],[117.402692,8.49378],[117.399274,8.488375],[117.392328,8.49279],[117.3913,8.490175],[117.371937,8.493559],[117.373074,8.489404],[117.366093,8.479821],[117.368251,8.475284],[117.359192,8.478159],[117.353427,8.470355],[117.343497,8.467316],[117.343235,8.463933],[117.330737,8.45428],[117.324253,8.45134],[117.320301,8.453138],[117.313559,8.441729],[117.290313,8.427861],[117.292975,8.423044],[117.286357,8.419837],[117.283377,8.410408],[117.278324,8.408963],[117.273479,8.412681],[117.264536,8.409182],[117.237974,8.368619],[117.228388,8.362123],[117.222777,8.370502],[117.219612,8.366121],[117.225411,8.362324],[117.221343,8.356268],[117.215661,8.361949],[117.20792,8.360918],[117.211191,8.355177],[117.214492,8.355186],[117.211986,8.351167],[117.218746,8.35043],[117.208474,8.334563],[117.190972,8.32995],[117.181879,8.332586],[117.175158,8.339043],[117.17377,8.353429],[117.177646,8.358373],[117.18103,8.378589],[117.186292,8.383304],[117.195648,8.408921],[117.203555,8.41357],[117.206309,8.424287],[117.214709,8.430325],[117.215639,8.458454],[117.209449,8.462909],[117.218203,8.466955],[117.218973,8.477827],[117.217023,8.485526],[117.211181,8.489097],[117.214288,8.501541],[117.222201,8.506908],[117.224606,8.51339],[117.218044,8.522298],[117.240793,8.541224],[117.241066,8.546096],[117.234507,8.54974],[117.237514,8.555862],[117.243538,8.559103],[117.237642,8.567997],[117.247483,8.56496],[117.251322,8.572371],[117.259734,8.570833],[117.264935,8.579879],[117.263947,8.588345],[117.254519,8.601242],[117.254717,8.608918],[117.26125,8.614146],[117.267187,8.597553],[117.272909,8.601919],[117.270427,8.604219],[117.277128,8.606765],[117.278324,8.615152],[117.275578,8.625335],[117.295262,8.65606],[117.303274,8.656114],[117.304111,8.661175],[117.312185,8.669245],[117.326136,8.673741],[117.33287,8.672628],[117.334478,8.675175],[117.329963,8.683225],[117.334684,8.692226],[117.34514,8.698381],[117.338706,8.69959],[117.32548,8.692911],[117.32236,8.694784],[117.346623,8.713228],[117.346958,8.728614],[117.361844,8.73743],[117.359454,8.744872],[117.364295,8.742604],[117.367618,8.747159],[117.377564,8.750493],[117.386912,8.748313],[117.395067,8.751694],[117.409443,8.750968],[117.417778,8.757936],[117.424672,8.758468],[117.423352,8.762565],[117.431613,8.770199],[117.425483,8.771928],[117.421872,8.7795],[117.423735,8.781104],[117.418883,8.782863],[117.419242,8.785827],[117.431874,8.802404],[117.437885,8.798568],[117.440771,8.807035],[117.456232,8.810923],[117.454571,8.820763],[117.465239,8.838538],[117.467272,8.854972],[117.472029,8.856632],[117.475642,8.852371],[117.47525,8.855009],[117.48119,8.857615],[117.492792,8.872702],[117.494543,8.884536],[117.490921,8.888314],[117.507964,8.895831],[117.517144,8.916139],[117.529182,8.920988],[117.531969,8.928477],[117.530209,8.933045],[117.537508,8.931066],[117.543819,8.934564],[117.547705,8.94542],[117.547415,8.956657],[117.567619,8.955956],[117.577896,8.958973],[117.592062,8.972837],[117.596292,8.982496],[117.621467,8.999535],[117.621486,9.016419],[117.625517,9.023301],[117.621441,9.030113],[117.630571,9.035069],[117.632015,9.043801],[117.629582,9.047917],[117.640912,9.04904],[117.644,9.056204],[117.650101,9.058249],[117.65346,9.065195],[117.659342,9.066254],[117.663723,9.073956],[117.674038,9.069136],[117.68766,9.07341],[117.689487,9.088973],[117.699027,9.082069],[117.700921,9.067846],[117.710387,9.060787],[117.717169,9.061141],[117.724103,9.071306],[117.727808,9.065011],[117.732996,9.062947],[117.739271,9.06538],[117.74082,9.071782],[117.74691,9.068218],[117.751272,9.073674],[117.75176,9.083666],[117.758733,9.09072],[117.753612,9.108383],[117.760004,9.113913],[117.760013,9.124526],[117.766229,9.134203],[117.777057,9.137018],[117.780489,9.143767],[117.773208,9.14628],[117.778198,9.153384],[117.775731,9.164874],[117.788053,9.176025],[117.796646,9.175812],[117.803351,9.18028],[117.810914,9.197482],[117.819584,9.189116],[117.824557,9.188437],[117.831082,9.19223],[117.834812,9.201113],[117.846842,9.20664],[117.848592,9.213886],[117.858745,9.216715],[117.861366,9.208925],[117.871501,9.224925],[117.869374,9.229961],[117.884628,9.234876],[117.880155,9.237179],[117.882338,9.243951],[117.896807,9.255143],[117.903057,9.256412],[117.904732,9.260491],[117.922784,9.261403],[117.929498,9.252624],[117.936079,9.250589],[117.9381,9.25191],[117.936029,9.255121],[117.941603,9.258273],[117.946633,9.25144],[117.952967,9.250817],[117.953573,9.262829],[117.958726,9.26402],[117.966902,9.272759],[117.974361,9.27282],[117.9817,9.2806],[117.985272,9.27058],[117.97932,9.263569],[117.977495,9.251884],[117.983727,9.244857],[117.992282,9.238887],[118.004476,9.246631],[118.012863,9.241724],[118.019047,9.243178],[118.027928,9.252875],[118.022524,9.260808],[118.024361,9.266115],[118.032843,9.271804],[118.032963,9.275797],[118.045897,9.276987],[118.049997,9.281421],[118.051354,9.285805],[118.046805,9.295056],[118.051939,9.300014],[118.060098,9.29806],[118.05857,9.29965],[118.072403,9.303476],[118.073441,9.31218],[118.078222,9.317402],[118.086918,9.316073],[118.087135,9.322449],[118.089931,9.323794],[118.086942,9.333343],[118.094591,9.336142],[118.096361,9.333932],[118.099619,9.338412],[118.105715,9.328452],[118.10981,9.329398],[118.108253,9.330956],[118.118005,9.341895],[118.12712,9.342895],[118.12604,9.353717],[118.116194,9.372373],[118.116778,9.375607],[118.126373,9.381536],[118.127481,9.397784],[118.145194,9.395627],[118.160688,9.402794],[118.172391,9.402098],[118.184519,9.40766],[118.189122,9.421086],[118.1883,9.429573],[118.193507,9.432478],[118.189009,9.43884],[118.198945,9.460042],[118.197315,9.471474],[118.205433,9.473946],[118.211632,9.486397],[118.219511,9.488062],[118.224274,9.495111],[118.22897,9.496671],[118.236605,9.491979],[118.246162,9.510125],[118.271363,9.521311],[118.276555,9.531388],[118.284303,9.534596],[118.286507,9.538754],[118.284302,9.54884],[118.291876,9.552571],[118.298066,9.563708],[118.307806,9.572791],[118.314375,9.572598],[118.319704,9.578356],[118.329604,9.582235],[118.336664,9.601558],[118.334978,9.607885],[118.340991,9.615964],[118.330974,9.632373],[118.340709,9.648943],[118.358384,9.656637],[118.359794,9.651837],[118.36547,9.648725],[118.368482,9.650437],[118.375678,9.645277],[118.382374,9.652621],[118.387265,9.652758],[118.390379,9.661902],[118.406315,9.663104],[118.410789,9.669838],[118.406948,9.674611],[118.40915,9.686928],[118.419732,9.694748],[118.422499,9.700553],[118.418979,9.701672],[118.419401,9.70463],[118.427504,9.704123],[118.434173,9.717344],[118.443866,9.720746],[118.448672,9.727815],[118.455958,9.726968],[118.462755,9.73317],[118.469633,9.730504],[118.475433,9.73264],[118.481525,9.740442],[118.488712,9.74126],[118.491012,9.749942],[118.495415,9.753863],[118.506297,9.761582],[118.508916,9.759152],[118.512225,9.760784],[118.517785,9.770936],[118.513702,9.77442],[118.528136,9.782624],[118.540924,9.800699],[118.541867,9.808042],[118.552038,9.814165],[118.556364,9.822676],[118.565783,9.829188],[118.569181,9.8475],[118.582424,9.851262],[118.590248,9.857495],[118.594355,9.867887],[118.600517,9.866522],[118.606199,9.87153],[118.605904,9.878512],[118.611529,9.883025],[118.61463,9.891824],[118.610032,9.897228],[118.611521,9.9049],[118.604029,9.905486],[118.607693,9.911571],[118.604888,9.914801],[118.619251,9.915818],[118.626062,9.920593],[118.62424,9.92458],[118.635249,9.928203],[118.636663,9.933849],[118.640647,9.93199],[118.644398,9.934198],[118.643385,9.943088],[118.646412,9.946027],[118.64172,9.948304],[118.64821,9.955132],[118.642943,9.959341],[118.646815,9.964073],[118.656012,9.965624],[118.663361,9.975446],[118.660838,9.982528],[118.651275,9.983944],[118.652412,9.992758],[118.645055,9.996006],[118.645015,10.003509],[118.649267,9.999769],[118.660609,9.998572],[118.668614,10.010132],[118.673591,10.012117],[118.678889,10.009905],[118.692974,10.019329],[118.693753,10.031977],[118.698836,10.03058],[118.703924,10.038384],[118.709378,10.032875],[118.723307,10.036239],[118.72764,10.043046],[118.72512,10.047351],[118.726592,10.07049],[118.731959,10.072229],[118.737067,10.08088],[118.745813,10.08354],[118.743536,10.090343],[118.747975,10.093726],[118.746598,10.10635],[118.761138,10.120953],[118.760223,10.131333],[118.766063,10.129013],[118.771454,10.115735],[118.763525,10.11667],[118.771604,10.102841],[118.770099,10.094236],[118.764069,10.094922],[118.767054,10.087735],[118.773511,10.08578],[118.773831,10.070987],[118.757259,10.076846],[118.754662,10.074729],[118.747863,10.079068],[118.741323,10.075754],[118.752154,10.06484],[118.762277,10.065507],[118.76485,10.059323],[118.775193,10.059911],[118.775925,10.047048],[118.769321,10.044074],[118.776171,10.022369],[118.78056,10.023965],[118.783998,10.021526],[118.787206,10.024237],[118.788738,10.019994],[118.795899,10.023351],[118.793928,10.036589],[118.800408,10.034496],[118.803433,10.02741],[118.809703,10.030029],[118.806476,10.051868],[118.811293,10.066102],[118.809929,10.069931],[118.817678,10.074708],[118.821326,10.086635],[118.826116,10.089085],[118.823081,10.094582],[118.827311,10.100631],[118.840271,10.104916],[118.827682,10.111383],[118.811136,10.110851],[118.806713,10.117363],[118.805325,10.121037],[118.813639,10.134169],[118.80844,10.149851],[118.81227,10.164631],[118.804846,10.172696],[118.808307,10.184234],[118.806084,10.192632],[118.818917,10.197311],[118.823084,10.194421],[118.822967,10.190638],[118.831162,10.186358],[118.839959,10.187679],[118.845168,10.190825],[118.850076,10.202829],[118.865575,10.210089],[118.88073,10.209038],[118.892557,10.197147],[118.897186,10.19629],[118.907909,10.198297],[118.909534,10.201864],[118.918998,10.200083],[118.924225,10.204235],[118.926726,10.200444],[118.937799,10.207239],[118.943794,10.219106],[118.938793,10.225657],[118.943007,10.225507],[118.945759,10.229236],[118.950806,10.242055],[118.947824,10.246211],[118.952706,10.251038],[118.948709,10.258271],[118.94426,10.260169],[118.942531,10.258056],[118.937001,10.263822],[118.954674,10.264228],[118.962629,10.26964],[118.958749,10.275549],[118.951898,10.27317],[118.952879,10.276598],[118.947329,10.284633],[118.934633,10.284931],[118.932357,10.289478],[118.940695,10.28909],[118.938159,10.297159],[118.942619,10.299284],[118.946788,10.292023],[118.951367,10.294054],[118.955928,10.284373],[118.964829,10.284588],[118.96721,10.288775],[118.973675,10.290892],[118.978055,10.298975],[118.971505,10.310151],[118.986174,10.301106],[118.990944,10.301476],[118.998483,10.308076],[119.002076,10.317892],[118.996572,10.321873],[119.005471,10.334434],[119.003924,10.339719],[119.007247,10.344052],[119.011088,10.344117],[119.017457,10.337284],[119.026788,10.338806],[119.014973,10.355062],[119.020601,10.360002],[119.015554,10.366081],[119.018775,10.369006],[119.016548,10.375955],[119.006869,10.371564],[119.001673,10.357708],[118.997225,10.35846],[118.996012,10.353462],[118.985466,10.350084],[118.981319,10.353219],[118.975617,10.345857],[118.971776,10.352061],[118.975569,10.35607],[118.9666,10.363756],[118.965065,10.370995],[118.973006,10.372906],[118.976845,10.370584],[118.983146,10.375926],[118.979784,10.385298],[118.991969,10.392865],[118.986703,10.407121],[118.995436,10.413143],[119.001459,10.40255],[119.007889,10.4086],[119.011947,10.403997],[119.021348,10.407859],[119.024193,10.4165],[119.030145,10.41097],[119.035909,10.412157],[119.034187,10.402406],[119.036573,10.397276],[119.047371,10.404094],[119.049689,10.38977],[119.0572,10.386424],[119.06339,10.388446],[119.0648,10.394125],[119.075532,10.400939],[119.073347,10.405182],[119.076348,10.410131],[119.069017,10.417797],[119.064443,10.418553],[119.063662,10.423017],[119.069266,10.419651],[119.077681,10.420022],[119.079798,10.416555],[119.084855,10.421928],[119.091907,10.417995],[119.097739,10.423326],[119.095508,10.427061],[119.105014,10.433859],[119.093808,10.442719],[119.086323,10.442993],[119.093339,10.448115],[119.091327,10.451855],[119.077138,10.448074],[119.073943,10.451047],[119.0861,10.45609],[119.083347,10.458009],[119.089531,10.461484],[119.077287,10.463031],[119.084193,10.467336],[119.082712,10.480392],[119.084858,10.482739],[119.08519,10.477371],[119.091024,10.47064],[119.094737,10.474401],[119.096414,10.485013],[119.101929,10.483458],[119.102775,10.478191],[119.107237,10.477574],[119.114893,10.48427],[119.116678,10.478539],[119.121262,10.478737],[119.121587,10.472311],[119.113088,10.474116],[119.103058,10.468011],[119.106692,10.465184],[119.106015,10.458297],[119.114188,10.460096],[119.111392,10.447734],[119.124268,10.446464],[119.118075,10.441338],[119.117564,10.431432],[119.111956,10.420935],[119.113147,10.411261],[119.119835,10.4028],[119.119578,10.39673],[119.126949,10.383044],[119.142065,10.382205],[119.140384,10.389147],[119.147107,10.392503],[119.145928,10.396287],[119.141058,10.395189],[119.142172,10.399761],[119.151011,10.402141],[119.163994,10.41312],[119.175066,10.410378],[119.178809,10.415834],[119.17591,10.420046],[119.177426,10.427202],[119.182462,10.427484],[119.188495,10.433354],[119.191049,10.452195],[119.199222,10.45802],[119.203634,10.456354],[119.208236,10.460731],[119.213705,10.461003],[119.21681,10.472494],[119.211857,10.47203],[119.215562,10.481187],[119.222943,10.481476],[119.225142,10.488098],[119.241866,10.484799],[119.243737,10.47977],[119.256773,10.484587],[119.26153,10.496975],[119.258802,10.501178],[119.268547,10.507078],[119.268759,10.513146],[119.264987,10.518601],[119.254346,10.524241],[119.251019,10.532722],[119.239397,10.531616],[119.230195,10.547651],[119.233365,10.54937],[119.240536,10.544712],[119.24328,10.551686],[119.255008,10.537565],[119.264444,10.537308],[119.292376,10.556569],[119.30586,10.574339],[119.308126,10.584373],[119.311173,10.582396],[119.317255,10.589105],[119.324433,10.610132],[119.322762,10.614025],[119.317608,10.613847],[119.31685,10.617963],[119.328503,10.647089],[119.326349,10.664679],[119.340547,10.697177],[119.343216,10.730957],[119.337011,10.742878],[119.323204,10.746735],[119.32414,10.760112],[119.317252,10.769857],[119.303123,10.775435],[119.292349,10.771295],[119.287773,10.766069],[119.274294,10.764832],[119.27369,10.772511],[119.267896,10.777329],[119.262218,10.79818],[119.264249,10.810148],[119.260084,10.815561],[119.26526,10.825361],[119.259531,10.834397],[119.252012,10.837914],[119.247896,10.833564],[119.24018,10.833073],[119.242162,10.845569],[119.231103,10.841032],[119.231892,10.844319],[119.228395,10.847022],[119.224429,10.842401],[119.221329,10.843166],[119.224122,10.850625],[119.219178,10.850349],[119.218643,10.847475],[119.209411,10.848693],[119.21069,10.860309],[119.223974,10.856286],[119.231307,10.857908],[119.233866,10.853604],[119.239395,10.857958],[119.244886,10.857282],[119.245788,10.864185],[119.236355,10.863422],[119.238469,10.869147],[119.233821,10.868588],[119.232348,10.872149],[119.22601,10.874125],[119.223056,10.871719],[119.223022,10.87806],[119.22758,10.87951],[119.240623,10.870954],[119.243794,10.87488],[119.239192,10.878706],[119.243442,10.885409],[119.259306,10.884592],[119.25574,10.896435],[119.248598,10.897667],[119.248561,10.904559],[119.244372,10.903841],[119.237378,10.908782],[119.23443,10.901566],[119.224918,10.909936],[119.214134,10.905848],[119.221913,10.916404],[119.225846,10.915431],[119.229755,10.921542],[119.227066,10.926182],[119.232628,10.933614],[119.227491,10.939344],[119.214609,10.939692],[119.221036,10.945427],[119.220978,10.954488],[119.23132,10.95601],[119.231081,10.946822],[119.238811,10.952229],[119.242197,10.950565],[119.244902,10.942856],[119.242888,10.935522],[119.236541,10.935025],[119.233677,10.930421],[119.244722,10.927449],[119.240927,10.92481],[119.245499,10.921522],[119.24376,10.910543],[119.254506,10.912475],[119.2589,10.917266],[119.253727,10.924831],[119.255566,10.929192],[119.250786,10.932514],[119.253475,10.936691],[119.260013,10.936125],[119.265654,10.946812],[119.268593,10.947117],[119.268818,10.939896],[119.27307,10.938513],[119.273362,10.935371],[119.284439,10.936357],[119.278184,10.927973],[119.276419,10.93037],[119.274767,10.928536],[119.275258,10.924583],[119.282877,10.922687],[119.285206,10.912169],[119.293584,10.911132],[119.289797,10.904714],[119.278967,10.906078],[119.28067,10.903597],[119.277146,10.900668],[119.281323,10.897198],[119.277619,10.895701],[119.277682,10.892373],[119.284135,10.890295],[119.29178,10.895674],[119.298763,10.891408],[119.293811,10.891551],[119.294832,10.888226],[119.289927,10.888471],[119.291681,10.886167],[119.286339,10.882042],[119.275018,10.884167],[119.27407,10.877441],[119.266,10.8729],[119.266269,10.870114],[119.270052,10.865317],[119.276153,10.865872],[119.299133,10.872847],[119.302033,10.878083],[119.305387,10.877937],[119.306364,10.873505],[119.299306,10.869998],[119.307696,10.870858],[119.30145,10.864342],[119.292521,10.867305],[119.290393,10.86151],[119.28588,10.860835],[119.290976,10.856385],[119.288422,10.857347],[119.289627,10.853895],[119.282309,10.851527],[119.282678,10.847622],[119.292901,10.844816],[119.297356,10.839344],[119.301128,10.840109],[119.311497,10.829233],[119.316646,10.832881],[119.313231,10.838165],[119.316775,10.846614],[119.318723,10.834831],[119.320844,10.836676],[119.323073,10.834304],[119.32116,10.830094],[119.324221,10.826604],[119.323716,10.817796],[119.330589,10.814717],[119.332046,10.810601],[119.336206,10.81494],[119.341428,10.812942],[119.342762,10.816747],[119.337957,10.821476],[119.340576,10.823577],[119.346724,10.820616],[119.344354,10.827083],[119.352195,10.819862],[119.356362,10.821497],[119.355225,10.814701],[119.349269,10.817333],[119.347516,10.815308],[119.351251,10.812212],[119.350995,10.806815],[119.34484,10.80544],[119.34637,10.798253],[119.350322,10.800145],[119.35336,10.797327],[119.35598,10.800325],[119.352422,10.805002],[119.35907,10.805906],[119.363982,10.802413],[119.368581,10.788663],[119.373376,10.787584],[119.377601,10.794439],[119.385542,10.794142],[119.390765,10.790431],[119.392214,10.780059],[119.39979,10.781246],[119.403734,10.77195],[119.401829,10.767768],[119.405159,10.765563],[119.397193,10.761032],[119.392318,10.766561],[119.392687,10.761009],[119.396813,10.760021],[119.394191,10.756665],[119.411216,10.754082],[119.415582,10.766378],[119.427445,10.740588],[119.430216,10.719324],[119.433851,10.718485],[119.432329,10.721536],[119.44233,10.725336],[119.44578,10.72094],[119.456302,10.719841],[119.455353,10.721698],[119.462598,10.72529],[119.460048,10.726016],[119.45877,10.738962],[119.453347,10.747888],[119.450756,10.761618],[119.444733,10.769359],[119.442442,10.778612],[119.444447,10.78471],[119.437854,10.798963],[119.433976,10.800027],[119.437733,10.800801],[119.439876,10.806928],[119.436617,10.809568],[119.440085,10.810938],[119.43896,10.821928],[119.432028,10.831338],[119.440502,10.827674],[119.44345,10.831002],[119.450209,10.827891],[119.456486,10.832125],[119.449787,10.837237],[119.454472,10.841341],[119.451172,10.849222],[119.44072,10.844938],[119.441893,10.839724],[119.43885,10.839564],[119.427325,10.857311],[119.425092,10.852438],[119.415422,10.855693],[119.41877,10.865603],[119.412981,10.87194],[119.406539,10.868442],[119.403022,10.871762],[119.394542,10.86826],[119.389585,10.870944],[119.380688,10.860292],[119.375852,10.862237],[119.37227,10.858383],[119.369508,10.869016],[119.363967,10.874067],[119.350748,10.875852],[119.352084,10.871502],[119.348641,10.871152],[119.349775,10.877803],[119.3546,10.878827],[119.351471,10.881797],[119.355793,10.883697],[119.351529,10.889075],[119.34843,10.888769],[119.34767,10.895445],[119.336206,10.891563],[119.333891,10.893546],[119.341145,10.90233],[119.339462,10.905966],[119.341882,10.910145],[119.348485,10.90855],[119.346117,10.913466],[119.356032,10.924029],[119.361584,10.937038],[119.355393,10.94615],[119.349451,10.948362],[119.344181,10.943815],[119.337986,10.945267],[119.336268,10.940645],[119.328759,10.941742],[119.328084,10.933887],[119.324022,10.938898],[119.319548,10.936928],[119.321752,10.941472],[119.31382,10.939634],[119.310379,10.942814],[119.316412,10.946558],[119.324687,10.944791],[119.332477,10.949818],[119.329687,10.953001],[119.323378,10.947748],[119.322004,10.953984],[119.312578,10.95255],[119.313783,10.957629],[119.308547,10.963665],[119.309198,10.989771],[119.303121,11.007758],[119.308047,11.00874],[119.313156,11.026488],[119.316955,11.027137],[119.320138,11.034447],[119.323535,11.027232],[119.330238,11.024192],[119.330472,11.018942],[119.334312,11.019763],[119.330389,11.009658],[119.341017,10.993359],[119.347953,10.990909],[119.348597,11.003481],[119.357674,10.998853],[119.363203,11.008791],[119.366843,11.009125],[119.36463,11.011647],[119.360458,11.009652],[119.355163,11.019087],[119.348098,11.024989],[119.344688,11.023911],[119.342717,11.033593],[119.334102,11.028282],[119.3288,11.036749],[119.328488,11.040422],[119.341505,11.04879],[119.34437,11.054688],[119.343213,11.05808],[119.337333,11.057285],[119.337452,11.053064],[119.332481,11.050572],[119.329239,11.053208],[119.330637,11.056974],[119.327077,11.057162],[119.327915,11.060256],[119.32347,11.05793],[119.327353,11.066421],[119.324738,11.084203],[119.327209,11.084569],[119.326793,11.093306],[119.321951,11.098085],[119.325517,11.106518],[119.328888,11.101968],[119.335339,11.10507],[119.340477,11.084691],[119.344612,11.090422],[119.353157,11.088672],[119.352355,11.083648],[119.345912,11.082539],[119.346337,11.074076],[119.356461,11.067526],[119.372137,11.043028],[119.375448,11.042335],[119.380618,11.047435],[119.383057,11.040337],[119.400306,11.032091],[119.40559,11.045159],[119.410528,11.031239],[119.411903,11.036221],[119.417098,11.036945],[119.413746,11.048315],[119.415522,11.077066],[119.422151,11.080998],[119.422726,11.089592],[119.41846,11.096639],[119.418903,11.104063],[119.414173,11.11026],[119.419123,11.106284],[119.423951,11.109443],[119.420248,11.129401],[119.427416,11.136161],[119.422372,11.146974],[119.424484,11.149636],[119.404871,11.144157],[119.406085,11.135749],[119.400188,11.132501],[119.392637,11.144166],[119.397224,11.148036],[119.395457,11.16863],[119.392326,11.170353],[119.389881,11.166378],[119.384851,11.167242],[119.382889,11.172378],[119.375974,11.174538],[119.375351,11.184318],[119.381377,11.189181],[119.384853,11.180497],[119.391614,11.182101],[119.398655,11.201379],[119.416488,11.209854],[119.415762,11.221848],[119.421354,11.227325],[119.422119,11.237674],[119.416332,11.248133],[119.412348,11.248888],[119.420657,11.257272],[119.416183,11.26714],[119.420198,11.277134],[119.416703,11.281763],[119.419256,11.282976],[119.419888,11.293457],[119.415714,11.304144],[119.418555,11.307952],[119.410533,11.311377],[119.419842,11.312298],[119.425799,11.317816],[119.431278,11.333363],[119.426279,11.340195],[119.431576,11.340519],[119.431614,11.345766],[119.44299,11.342899],[119.443893,11.333867],[119.45148,11.33261],[119.454128,11.336219],[119.451032,11.340693],[119.451449,11.348012],[119.460946,11.350224],[119.472588,11.362547],[119.477128,11.376396],[119.468961,11.401688],[119.47969,11.406982],[119.474245,11.414609],[119.476231,11.425188],[119.4812,11.420213],[119.487866,11.4238],[119.489888,11.41612],[119.493779,11.413721],[119.500315,11.418457],[119.505265,11.415125],[119.502573,11.408397],[119.508559,11.400642],[119.505102,11.379587],[119.509808,11.364517],[119.506643,11.361152],[119.511244,11.346641],[119.510282,11.331799],[119.516667,11.326255],[119.520473,11.327971],[119.537826,11.321978],[119.542476,11.325586],[119.546396,11.340746],[119.553932,11.340072],[119.551748,11.336429],[119.555557,11.328683],[119.553699,11.319666],[119.561386,11.311906],[119.564192,11.31257],[119.561336,11.310434],[119.562033,11.300258],[119.567928,11.291648],[119.562891,11.257584],[119.555207,11.239724],[119.557272,11.233808],[119.554664,11.217643],[119.541535,11.198035],[119.535963,11.195117],[119.540189,11.194149],[119.541368,11.186399],[119.538216,11.184089],[119.538194,11.174461],[119.516492,11.148055],[119.505573,11.144651],[119.500866,11.129338],[119.510673,11.115497],[119.512636,11.097051],[119.525209,11.093674],[119.530923,11.084768],[119.530224,11.07465],[119.537463,11.068815],[119.561365,11.083791],[119.55917,11.074324],[119.551123,11.062017],[119.552599,11.057006],[119.557093,11.056152],[119.558741,11.041706],[119.566259,11.024808],[119.566265,11.011416],[119.569723,11.007724],[119.568298,11.000847],[119.56129,10.996119],[119.55762,11.002493],[119.546286,11.000384],[119.538434,11.013444],[119.530706,11.011752],[119.527215,11.015713],[119.524329,11.010344],[119.517279,11.017442],[119.502313,11.007514],[119.501986,10.999801],[119.492663,10.990507],[119.491987,10.971485],[119.496544,10.968288],[119.487518,10.961452],[119.496231,10.948564],[119.49539,10.939577],[119.499096,10.926868],[119.491407,10.909387],[119.492326,10.904245],[119.494697,10.906805],[119.490004,10.891896],[119.492791,10.88786],[119.488657,10.881725],[119.483923,10.881011],[119.484096,10.873524],[119.509123,10.861163],[119.508201,10.851494],[119.514091,10.847416],[119.509124,10.840356],[119.510627,10.829116],[119.51509,10.825766],[119.516659,10.828937],[119.523327,10.826679],[119.530501,10.821976],[119.534456,10.81218],[119.538462,10.812946],[119.54082,10.819626],[119.550808,10.826453],[119.574789,10.838433],[119.578903,10.833758],[119.586459,10.836754],[119.593224,10.830855],[119.591534,10.824244],[119.598911,10.822448],[119.595842,10.818877],[119.59883,10.809707],[119.578915,10.812617],[119.590781,10.80747],[119.595321,10.798142],[119.588804,10.789295],[119.588479,10.781837],[119.58532,10.780112],[119.584874,10.785293],[119.57681,10.782876],[119.582155,10.782585],[119.582852,10.773385],[119.595145,10.771261],[119.594799,10.760282],[119.590319,10.756916],[119.591266,10.750234],[119.587012,10.744895],[119.589765,10.734672],[119.600186,10.731743],[119.601356,10.726921],[119.59244,10.718138],[119.595147,10.708816],[119.58972,10.704302],[119.590713,10.701759],[119.586361,10.701267],[119.59133,10.698795],[119.584887,10.696746],[119.586026,10.686288],[119.573724,10.680786],[119.575261,10.677351],[119.570609,10.664209],[119.578739,10.659466],[119.588831,10.669061],[119.591059,10.663168],[119.598159,10.661345],[119.59805,10.669898],[119.601969,10.670307],[119.611753,10.662626],[119.613304,10.667752],[119.61675,10.665926],[119.616429,10.674505],[119.625682,10.668415],[119.624628,10.671877],[119.629309,10.676366],[119.62023,10.682711],[119.624596,10.682415],[119.623779,10.687044],[119.627405,10.686844],[119.627661,10.690687],[119.635461,10.681854],[119.638716,10.686582],[119.636254,10.69101],[119.638544,10.691365],[119.642275,10.678433],[119.657762,10.674218],[119.653556,10.671632],[119.649406,10.673463],[119.648263,10.664629],[119.655297,10.661636],[119.663912,10.664299],[119.66493,10.65943],[119.669623,10.65804],[119.667723,10.655891],[119.657234,10.659104],[119.65028,10.65004],[119.643322,10.659034],[119.639133,10.649514],[119.639879,10.655469],[119.635078,10.654613],[119.635266,10.658284],[119.629798,10.662787],[119.622487,10.659234],[119.629326,10.656229],[119.627185,10.653747],[119.629977,10.651995],[119.628881,10.647578],[119.634824,10.644844],[119.639823,10.634695],[119.639305,10.630915],[119.63249,10.628889],[119.625728,10.620593],[119.62831,10.618732],[119.634193,10.623096],[119.63968,10.622718],[119.643343,10.613285],[119.640152,10.604529],[119.654785,10.607559],[119.654392,10.59264],[119.658897,10.588045],[119.656126,10.583011],[119.662725,10.577688],[119.660215,10.569402],[119.66179,10.560639],[119.665995,10.56138],[119.668491,10.556577],[119.673853,10.556276],[119.674851,10.550495],[119.670337,10.543491],[119.674379,10.541683],[119.680668,10.54632],[119.686658,10.540685],[119.69199,10.544093],[119.695706,10.53856],[119.702929,10.542233],[119.705547,10.537775],[119.698827,10.53702],[119.692755,10.527019],[119.696426,10.527071],[119.696416,10.519872],[119.701396,10.530495],[119.707966,10.531972],[119.718795,10.517625],[119.71353,10.511769],[119.716913,10.508013],[119.699891,10.493695],[119.695922,10.49299],[119.694325,10.502264],[119.687201,10.493679],[119.676795,10.492607],[119.654669,10.470581],[119.6534,10.461594],[119.647719,10.459746],[119.632159,10.443492],[119.620281,10.442586],[119.614389,10.434518],[119.597226,10.422891],[119.589486,10.419618],[119.586693,10.422441],[119.584606,10.411331],[119.575921,10.400685],[119.576702,10.390868],[119.570004,10.3726],[119.556943,10.37273],[119.550563,10.368577],[119.543463,10.371365],[119.509937,10.360944],[119.504754,10.366333],[119.497642,10.365487],[119.486532,10.372649],[119.475481,10.370243],[119.463317,10.375856],[119.456358,10.375295],[119.442607,10.36816],[119.435617,10.356684],[119.427052,10.351823],[119.414433,10.356408],[119.401502,10.345647],[119.393325,10.350481],[119.390548,10.344276],[119.381732,10.347581],[119.371639,10.345727],[119.355162,10.328096],[119.352462,10.315052],[119.339546,10.316112],[119.322108,10.310842],[119.306044,10.289658],[119.299185,10.283506],[119.293128,10.283994],[119.284517,10.254635],[119.268686,10.241911],[119.262222,10.231835],[119.258106,10.233018],[119.258089,10.226089],[119.243084,10.201742],[119.243036,10.185391],[119.246555,10.181854],[119.232843,10.181065],[119.22915,10.162634],[119.230031,10.155875],[119.235685,10.149172],[119.229146,10.147524],[119.22415,10.139049],[119.227177,10.118738],[119.218921,10.103627],[119.217805,10.077326],[119.203467,10.06146],[119.203322,10.057618],[119.206873,10.055415],[119.197117,10.047823],[119.181712,10.043847],[119.15396,10.027814],[119.131733,10.024191],[119.124479,10.02634],[119.115385,10.021844],[119.107962,10.023568],[119.079063,10.018551],[119.072008,10.012485],[119.066848,10.013001],[119.060732,10.008995],[119.030318,10.004182],[119.016802,9.995589],[119.013501,9.998087],[119.002299,9.997039],[118.987811,9.991757],[118.983936,9.986295],[118.952441,9.984671],[118.940444,9.978253],[118.924833,9.979785],[118.912502,9.97475],[118.899644,9.974737],[118.894354,9.981966],[118.893478,9.978334],[118.88186,9.981267],[118.865927,9.977414],[118.844665,9.965039],[118.822557,9.938104],[118.809867,9.938388],[118.802568,9.934845],[118.794038,9.944993],[118.77299,9.93938],[118.771938,9.929666],[118.763553,9.930335],[118.76458,9.913011],[118.757321,9.932698],[118.750093,9.928491],[118.750919,9.91972],[118.741046,9.896524],[118.745718,9.895639],[118.747404,9.882567],[118.743161,9.86628],[118.745925,9.858711],[118.744655,9.849135],[118.741743,9.844382],[118.746188,9.84384],[118.741812,9.841693],[118.757006,9.825881],[118.754146,9.81702],[118.764366,9.815941],[118.771979,9.805951],[118.774609,9.794199],[118.772351,9.790613],[118.772691,9.728759],[118.768365,9.721413],[118.75923,9.723526],[118.754724,9.728222],[118.731615,9.73135],[118.727011,9.742338],[118.737377,9.74484],[118.738881,9.75509],[118.733356,9.761405],[118.735582,9.774745],[118.730576,9.777195],[118.725458,9.766508],[118.72226,9.772645],[118.725206,9.782431],[118.720855,9.782555],[118.720938,9.788676],[118.717556,9.786995],[118.719458,9.778505],[118.716134,9.771194],[118.705276,9.777012],[118.700355,9.772143],[118.697875,9.777326],[118.691663,9.769643],[118.691053,9.758266],[118.693172,9.74804],[118.700088,9.737075],[118.695971,9.73637],[118.700655,9.728696],[118.693241,9.723212],[118.697008,9.717134],[118.694866,9.712023],[118.703674,9.707946],[118.711269,9.710081],[118.712267,9.707251],[118.719462,9.71218],[118.729192,9.708575],[118.720884,9.703876],[118.718689,9.695482],[118.70666,9.689363],[118.705183,9.680667],[118.712546,9.686418],[118.713897,9.682456],[118.720717,9.684495],[118.720746,9.691412],[118.731536,9.7],[118.738761,9.695772],[118.731243,9.686265],[118.735357,9.680752],[118.73654,9.684506],[118.744664,9.682602],[118.754779,9.690226],[118.761299,9.688373],[118.761772,9.681273],[118.75738,9.673461],[118.761054,9.66788],[118.747735,9.657253],[118.739888,9.66225],[118.734027,9.652069],[118.731588,9.65277],[118.732633,9.659011],[118.730021,9.654291],[118.721666,9.65826],[118.724619,9.655043],[118.718871,9.653108],[118.722318,9.651435],[118.720943,9.648423],[118.728018,9.646655],[118.735905,9.650028],[118.734733,9.642068],[118.722324,9.625857],[118.704982,9.612789],[118.695318,9.584766],[118.688671,9.581421],[118.68757,9.576177],[118.685161,9.577943],[118.679576,9.56714],[118.674284,9.5614],[118.664281,9.561537],[118.658177,9.557036],[118.652882,9.538374],[118.645673,9.528264],[118.644374,9.514866],[118.637806,9.504738],[118.63311,9.502402],[118.628991,9.508998],[118.622539,9.5061],[118.622323,9.48842],[118.62845,9.48853]]],[[[118.118046,9.0417],[118.117552,9.042591],[118.11832,9.042824],[118.118046,9.0417]]],[[[118.119955,9.044361],[118.121455,9.048512],[118.121381,9.046258],[118.119955,9.044361]]],[[[118.116382,9.047859],[118.120292,9.049577],[118.118806,9.043153],[118.116273,9.04432],[118.116382,9.047859]]],[[[118.133504,9.06716],[118.138589,9.070297],[118.143701,9.066414],[118.136271,9.060285],[118.133504,9.06716]]],[[[118.160894,9.086738],[118.159654,9.082918],[118.154115,9.0881],[118.157407,9.088939],[118.160894,9.086738]]],[[[118.122652,9.095803],[118.129675,9.095994],[118.130678,9.091595],[118.124389,9.089419],[118.122652,9.095803]]],[[[118.129643,9.102326],[118.135,9.101959],[118.134388,9.099689],[118.129643,9.102326]]],[[[118.158963,9.124679],[118.163714,9.125923],[118.164444,9.121804],[118.160072,9.122345],[118.158963,9.124679]]],[[[118.380184,9.206795],[118.381713,9.201955],[118.37921,9.204774],[118.380184,9.206795]]],[[[118.384758,9.219371],[118.386192,9.218842],[118.385624,9.218382],[118.384758,9.219371]]],[[[118.389625,9.227115],[118.390759,9.228961],[118.391299,9.227717],[118.389625,9.227115]]],[[[118.427027,9.217379],[118.433319,9.225879],[118.432657,9.245265],[118.441398,9.248807],[118.440728,9.237144],[118.447653,9.238603],[118.45371,9.235203],[118.457736,9.225422],[118.455667,9.217211],[118.446294,9.210639],[118.433258,9.212303],[118.426882,9.207634],[118.427027,9.217379]]],[[[117.849387,9.24519],[117.857642,9.248024],[117.859936,9.247372],[117.856779,9.242877],[117.849387,9.24519]]],[[[118.502352,9.251982],[118.501545,9.250513],[118.500325,9.252641],[118.502352,9.251982]]],[[[117.884575,9.259528],[117.889732,9.262293],[117.891859,9.259235],[117.889944,9.257279],[117.884575,9.259528]]],[[[117.93385,9.270807],[117.941008,9.274036],[117.946902,9.268102],[117.943965,9.265073],[117.93385,9.270807]]],[[[117.938889,9.273365],[117.930102,9.28167],[117.930783,9.284456],[117.937537,9.285551],[117.947223,9.294789],[117.938038,9.282098],[117.938889,9.273365]]],[[[118.003551,9.287544],[118.000449,9.287127],[117.998623,9.297334],[118.000686,9.297207],[118.003551,9.287544]]],[[[117.96373,9.299455],[117.967411,9.292279],[117.966985,9.289326],[117.957067,9.299991],[117.96373,9.299455]]],[[[117.946154,9.312523],[117.945315,9.315125],[117.948701,9.311414],[117.946154,9.312523]]],[[[118.085547,9.35283],[118.083077,9.35743],[118.087339,9.35919],[118.08854,9.354668],[118.09377,9.352789],[118.085547,9.35283]]],[[[118.579886,9.374931],[118.584787,9.376699],[118.581021,9.370988],[118.579886,9.374931]]],[[[118.6117,9.431102],[118.609801,9.449182],[118.617771,9.450473],[118.624005,9.460537],[118.631734,9.460509],[118.632181,9.448613],[118.62667,9.436185],[118.623495,9.434387],[118.619866,9.438564],[118.618916,9.432638],[118.6117,9.431102]]],[[[118.735386,9.754025],[118.736414,9.753635],[118.736166,9.753361],[118.735386,9.754025]]],[[[118.699585,9.773676],[118.698599,9.773342],[118.698531,9.774513],[118.699585,9.773676]]],[[[118.771823,9.838177],[118.773551,9.835188],[118.768125,9.840109],[118.776831,9.838888],[118.776361,9.833344],[118.771823,9.838177]]],[[[118.757514,9.853218],[118.765519,9.854917],[118.765905,9.852271],[118.763602,9.848844],[118.757514,9.853218]]],[[[118.766752,9.874198],[118.769851,9.873168],[118.770414,9.869175],[118.767097,9.872191],[118.766752,9.874198]]],[[[118.770303,9.87918],[118.768536,9.879427],[118.769271,9.880758],[118.770303,9.87918]]],[[[118.784153,9.88372],[118.783186,9.881098],[118.778022,9.881087],[118.775852,9.887756],[118.787659,9.888873],[118.786105,9.885076],[118.794773,9.878889],[118.791261,9.877933],[118.791131,9.881144],[118.784153,9.88372]]],[[[118.782995,10.09664],[118.782067,10.073419],[118.781384,10.072317],[118.780296,10.080632],[118.782995,10.09664]]],[[[114.277902,11.050634],[114.284702,11.056263],[114.289768,11.051458],[114.277902,11.050634]]],[[[118.817834,9.873267],[118.814139,9.872996],[118.813063,9.877944],[118.815068,9.87806],[118.817834,9.873267]]],[[[118.824266,9.902899],[118.828038,9.902877],[118.823391,9.901936],[118.82454,9.897835],[118.819659,9.898545],[118.824266,9.902899]]],[[[118.797406,9.90392],[118.797839,9.899632],[118.796393,9.901313],[118.797406,9.90392]]],[[[118.876238,9.914133],[118.884152,9.912322],[118.879741,9.904796],[118.877757,9.905477],[118.876238,9.914133]]],[[[118.844031,9.920753],[118.840595,9.919512],[118.839313,9.920616],[118.842047,9.923069],[118.844031,9.920753]]],[[[118.787884,9.928863],[118.792677,9.930361],[118.793855,9.928415],[118.789577,9.923687],[118.787884,9.928863]]],[[[118.858279,9.929536],[118.853476,9.926888],[118.853913,9.933389],[118.855928,9.932726],[118.858279,9.929536]]],[[[118.920854,9.940221],[118.929566,9.938561],[118.932298,9.934196],[118.925523,9.926149],[118.91659,9.93305],[118.920854,9.940221]]],[[[118.789722,10.024559],[118.788789,10.022497],[118.788426,10.023087],[118.789722,10.024559]]],[[[119.213965,10.061615],[119.214744,10.066371],[119.221554,10.070251],[119.230377,10.08747],[119.233197,10.078104],[119.225773,10.069091],[119.223945,10.06154],[119.213965,10.061615]]],[[[119.229795,10.0909],[119.234217,10.105324],[119.232735,10.122501],[119.240754,10.127554],[119.246833,10.116214],[119.246335,10.100549],[119.238477,10.08647],[119.229795,10.0909]]],[[[119.249843,10.141807],[119.246969,10.153443],[119.248738,10.154503],[119.254138,10.148862],[119.249843,10.141807]]],[[[119.300611,10.240401],[119.304271,10.237404],[119.302226,10.233863],[119.298967,10.238384],[119.300611,10.240401]]],[[[119.301215,10.24319],[119.300732,10.241186],[119.299807,10.242672],[119.301215,10.24319]]],[[[119.325968,10.249596],[119.33273,10.242457],[119.330734,10.237374],[119.321881,10.239615],[119.325968,10.249596]]],[[[118.937825,10.331734],[118.941889,10.333537],[118.952695,10.334251],[118.945114,10.329845],[118.937825,10.331734]]],[[[118.958043,10.332891],[118.957465,10.334057],[118.95909,10.335621],[118.958043,10.332891]]],[[[118.959839,10.337162],[118.960638,10.33563],[118.960003,10.335666],[118.959839,10.337162]]],[[[119.146058,10.406359],[119.146757,10.408063],[119.146692,10.406356],[119.146058,10.406359]]],[[[119.141094,10.417189],[119.141731,10.408944],[119.138438,10.406709],[119.139015,10.416649],[119.138369,10.416777],[119.138516,10.417372],[119.137421,10.417797],[119.137315,10.418052],[119.137928,10.420401],[119.137419,10.417818],[119.141094,10.417189]]],[[[119.093628,10.428042],[119.093472,10.426832],[119.093362,10.427778],[119.093628,10.428042]]],[[[119.015416,10.423333],[119.011733,10.433461],[119.01604,10.442194],[119.019145,10.436031],[119.027149,10.434848],[119.027831,10.426793],[119.023897,10.424973],[119.021923,10.418306],[119.015416,10.423333]]],[[[118.999296,10.443615],[118.996526,10.456611],[119.003857,10.458734],[119.000656,10.453502],[119.004355,10.451142],[119.003635,10.447886],[118.999296,10.443615]]],[[[119.177275,10.461544],[119.182435,10.450718],[119.175198,10.459123],[119.164037,10.458003],[119.162337,10.460402],[119.177275,10.461544]]],[[[119.158095,10.459057],[119.161985,10.45777],[119.157091,10.45842],[119.158095,10.459057]]],[[[119.154901,10.457926],[119.155721,10.459897],[119.156424,10.459094],[119.154901,10.457926]]],[[[119.148082,10.462542],[119.14985,10.466282],[119.152877,10.461161],[119.148082,10.462542]]],[[[119.163773,10.466343],[119.160986,10.466805],[119.161579,10.470767],[119.163773,10.466343]]],[[[119.160057,10.47805],[119.157651,10.481839],[119.158207,10.48236],[119.162321,10.480849],[119.160057,10.47805]]],[[[119.164412,10.480921],[119.165403,10.481825],[119.16532,10.480415],[119.164412,10.480921]]],[[[119.15172,10.49098],[119.153681,10.490288],[119.152146,10.488144],[119.15172,10.49098]]],[[[119.070091,10.490317],[119.054661,10.489365],[119.063001,10.497243],[119.056588,10.505606],[119.067538,10.50888],[119.069406,10.512471],[119.078137,10.510506],[119.076399,10.503999],[119.08299,10.502738],[119.07751,10.494435],[119.077535,10.485413],[119.071948,10.485818],[119.070091,10.490317]]],[[[119.131143,10.508236],[119.144481,10.504942],[119.143875,10.500694],[119.151627,10.49223],[119.137596,10.500072],[119.132257,10.493865],[119.131143,10.508236]]],[[[119.231169,10.534921],[119.229285,10.532883],[119.228633,10.531795],[119.22848,10.533266],[119.231169,10.534921]]],[[[119.117051,10.539834],[119.115463,10.541315],[119.116367,10.542267],[119.117051,10.539834]]],[[[119.110045,10.554315],[119.115418,10.552005],[119.109685,10.552378],[119.110045,10.554315]]],[[[119.198768,10.550807],[119.196804,10.554611],[119.199155,10.55598],[119.203861,10.552485],[119.198768,10.550807]]],[[[119.119588,10.549667],[119.129832,10.559245],[119.126458,10.565065],[119.135328,10.56919],[119.13472,10.572663],[119.125724,10.577454],[119.119229,10.576781],[119.119009,10.584301],[119.127805,10.589832],[119.12999,10.589293],[119.12696,10.584992],[119.128991,10.581535],[119.138221,10.586791],[119.138468,10.581332],[119.142248,10.579439],[119.14608,10.581242],[119.145407,10.584734],[119.160723,10.592849],[119.163178,10.587635],[119.156441,10.583353],[119.160738,10.578806],[119.160309,10.572274],[119.17653,10.572665],[119.176841,10.576191],[119.171192,10.578286],[119.175365,10.580831],[119.187977,10.568578],[119.193528,10.570465],[119.198564,10.566749],[119.198024,10.564292],[119.194716,10.565688],[119.192959,10.562978],[119.191118,10.56561],[119.184788,10.562821],[119.181466,10.569717],[119.17436,10.570152],[119.165433,10.563],[119.15273,10.569086],[119.148174,10.557862],[119.138293,10.55475],[119.14167,10.550997],[119.136977,10.555119],[119.132579,10.551849],[119.128901,10.555323],[119.127138,10.551509],[119.119588,10.549667]]],[[[119.299163,10.693287],[119.295865,10.691691],[119.294695,10.692732],[119.296848,10.694248],[119.299163,10.693287]]],[[[119.303798,10.688477],[119.304223,10.700785],[119.30694,10.703932],[119.312336,10.70358],[119.30968,10.690147],[119.303798,10.688477]]],[[[119.296017,10.76343],[119.295277,10.761217],[119.29485,10.761588],[119.296017,10.76343]]],[[[119.33347,10.828304],[119.328409,10.821334],[119.327895,10.82954],[119.33347,10.828304]]],[[[119.328621,10.8304],[119.329114,10.832219],[119.329373,10.831262],[119.328621,10.8304]]],[[[119.23592,10.831371],[119.23473,10.834638],[119.237892,10.836315],[119.238997,10.835319],[119.23592,10.831371]]],[[[119.309305,10.843868],[119.310457,10.841711],[119.308778,10.843829],[119.309305,10.843868]]],[[[119.304331,10.844133],[119.299387,10.846224],[119.296025,10.849857],[119.304187,10.850156],[119.304331,10.844133]]],[[[119.327212,10.858517],[119.31835,10.855886],[119.31746,10.859806],[119.324154,10.860812],[119.327212,10.858517]]],[[[119.325427,10.868899],[119.324759,10.869579],[119.326317,10.869568],[119.325427,10.868899]]],[[[119.31481,10.869416],[119.312034,10.870187],[119.311528,10.870825],[119.313164,10.871519],[119.31481,10.869416]]],[[[119.319101,10.887131],[119.329842,10.876212],[119.321783,10.877834],[119.319101,10.887131]]],[[[119.294981,10.905326],[119.295561,10.906516],[119.296405,10.906116],[119.294981,10.905326]]],[[[119.294607,10.909723],[119.294832,10.910687],[119.295228,10.910365],[119.294607,10.909723]]],[[[119.297467,10.92246],[119.293236,10.922483],[119.286571,10.919481],[119.293881,10.92694],[119.297467,10.92246]]],[[[119.317642,10.939598],[119.317979,10.940357],[119.318749,10.940448],[119.317642,10.939598]]],[[[119.228511,10.958324],[119.229407,10.959383],[119.229311,10.957463],[119.228511,10.958324]]],[[[119.291175,11.022894],[119.304727,11.013133],[119.29969,11.010821],[119.299061,11.007217],[119.302476,10.994361],[119.291631,10.989246],[119.288447,10.980289],[119.292235,10.973949],[119.298143,10.973664],[119.292464,10.967635],[119.296639,10.960434],[119.300219,10.960071],[119.297037,10.948964],[119.291963,10.948058],[119.277554,10.959602],[119.271472,10.958011],[119.269153,10.97593],[119.262436,10.982816],[119.274066,10.99725],[119.272123,11.001284],[119.26748,11.001419],[119.273277,11.014337],[119.269688,11.018945],[119.272326,11.021202],[119.282054,11.018462],[119.28352,11.011755],[119.291539,11.018641],[119.291175,11.022894]]],[[[119.335407,11.016185],[119.333743,11.015233],[119.334828,11.017413],[119.335407,11.016185]]],[[[119.307485,11.020754],[119.305798,11.020637],[119.306876,11.021845],[119.307485,11.020754]]],[[[119.304467,11.042255],[119.303805,11.04069],[119.303363,11.043031],[119.304467,11.042255]]],[[[119.305276,11.048877],[119.306891,11.047129],[119.30465,11.044153],[119.303471,11.046287],[119.305276,11.048877]]],[[[119.32364,11.056626],[119.324566,11.056902],[119.323551,11.055564],[119.32364,11.056626]]],[[[119.305701,11.110103],[119.306427,11.106524],[119.305056,11.111255],[119.305701,11.110103]]],[[[119.336732,11.112875],[119.327547,11.115049],[119.32665,11.116434],[119.333277,11.118104],[119.336732,11.112875]]],[[[119.261148,11.111692],[119.249738,11.122314],[119.249,11.125715],[119.257505,11.126096],[119.261148,11.111692]]],[[[119.330115,11.128014],[119.335193,11.131329],[119.336504,11.126114],[119.330115,11.128014]]],[[[119.320882,11.136161],[119.314117,11.129005],[119.315324,11.133518],[119.320882,11.136161]]],[[[119.247314,11.13208],[119.237915,11.136719],[119.237915,11.14032],[119.248474,11.133911],[119.249084,11.126892],[119.247314,11.13208]]],[[[119.317715,11.140461],[119.319103,11.137575],[119.318171,11.137416],[119.317715,11.140461]]],[[[119.319465,11.158929],[119.326432,11.152876],[119.318612,11.156098],[119.324219,11.152701],[119.324839,11.149615],[119.319208,11.147617],[119.321986,11.14365],[119.313717,11.146188],[119.311889,11.143135],[119.305233,11.143365],[119.309607,11.155708],[119.319465,11.158929]]],[[[119.280194,11.14479],[119.281753,11.175611],[119.277494,11.187018],[119.276926,11.200419],[119.271915,11.207686],[119.274013,11.213678],[119.276881,11.21324],[119.279096,11.206852],[119.277857,11.197484],[119.291355,11.17982],[119.287222,11.167202],[119.28278,11.163254],[119.283073,11.136065],[119.280194,11.14479]]],[[[119.291595,11.178569],[119.292058,11.179944],[119.292347,11.178699],[119.291595,11.178569]]],[[[119.270072,11.204543],[119.270371,11.203622],[119.269522,11.204167],[119.270072,11.204543]]],[[[119.292808,11.201061],[119.291387,11.213468],[119.292772,11.216641],[119.298052,11.204161],[119.297158,11.194426],[119.292808,11.201061]]],[[[119.267949,11.189154],[119.263568,11.203254],[119.258588,11.208582],[119.254665,11.208334],[119.254146,11.216199],[119.260763,11.218596],[119.254676,11.221425],[119.259125,11.226484],[119.266511,11.219605],[119.268103,11.204393],[119.27293,11.200879],[119.272349,11.189373],[119.267949,11.189154]]],[[[119.38589,10.252896],[119.385949,10.248031],[119.383154,10.253284],[119.38589,10.252896]]],[[[119.369854,10.256694],[119.366775,10.257851],[119.369504,10.257991],[119.369854,10.256694]]],[[[119.49531,10.270208],[119.498577,10.269189],[119.489584,10.266241],[119.49531,10.270208]]],[[[119.350718,10.271839],[119.354735,10.273891],[119.354546,10.281162],[119.362436,10.280781],[119.361499,10.275218],[119.352469,10.269203],[119.350718,10.271839]]],[[[119.452428,10.284473],[119.450916,10.282476],[119.449569,10.284119],[119.452428,10.284473]]],[[[119.365493,10.286508],[119.363187,10.28562],[119.363855,10.287096],[119.365493,10.286508]]],[[[119.389901,10.306503],[119.392975,10.304449],[119.390624,10.301094],[119.388483,10.302992],[119.389901,10.306503]]],[[[119.483159,10.31861],[119.480103,10.318185],[119.480602,10.32016],[119.483159,10.31861]]],[[[119.601639,10.674258],[119.601545,10.679128],[119.602965,10.67993],[119.601639,10.674258]]],[[[119.587711,10.677808],[119.581905,10.675862],[119.587322,10.682927],[119.587711,10.677808]]],[[[119.376421,10.795272],[119.374415,10.794916],[119.374016,10.795879],[119.37442,10.796327],[119.376421,10.795272]]],[[[119.351556,10.821966],[119.351921,10.82359],[119.35223,10.822289],[119.351556,10.821966]]],[[[119.352886,10.831189],[119.354826,10.82797],[119.354736,10.826294],[119.352886,10.831189]]],[[[119.350978,10.829346],[119.346565,10.833838],[119.349748,10.836422],[119.35188,10.834606],[119.350978,10.829346]]],[[[119.430117,10.846632],[119.429557,10.844569],[119.429029,10.845415],[119.430117,10.846632]]],[[[119.339662,10.845537],[119.340972,10.850117],[119.343721,10.850268],[119.339662,10.845537]]],[[[119.369358,10.852762],[119.368935,10.85229],[119.367653,10.85305],[119.369358,10.852762]]],[[[119.368863,10.858939],[119.367296,10.857074],[119.367841,10.858833],[119.368863,10.858939]]],[[[119.356675,10.861762],[119.356335,10.858689],[119.354282,10.858938],[119.353955,10.860762],[119.356675,10.861762]]],[[[119.358749,10.869756],[119.362217,10.870491],[119.365645,10.86819],[119.361242,10.867719],[119.358749,10.869756]]],[[[119.347782,10.875617],[119.343175,10.874665],[119.341249,10.861831],[119.340517,10.867991],[119.337781,10.868896],[119.333587,10.863419],[119.333761,10.866896],[119.328365,10.869421],[119.332029,10.876457],[119.337294,10.87903],[119.339098,10.877209],[119.34601,10.880332],[119.347782,10.875617]]],[[[119.616921,10.878482],[119.618316,10.884595],[119.619215,10.885856],[119.619605,10.880797],[119.616921,10.878482]]],[[[119.341039,10.889421],[119.339654,10.890679],[119.340567,10.891203],[119.341039,10.889421]]],[[[119.502978,10.911966],[119.501194,10.912668],[119.502074,10.91563],[119.502978,10.911966]]],[[[119.513979,10.919844],[119.514093,10.920634],[119.514681,10.920033],[119.513979,10.919844]]],[[[119.349869,10.927114],[119.35029,10.929855],[119.354932,10.92939],[119.354176,10.927296],[119.349869,10.927114]]],[[[119.34286,10.935304],[119.343787,10.932825],[119.342311,10.932333],[119.34286,10.935304]]],[[[119.337818,10.931685],[119.338864,10.93752],[119.342391,10.938217],[119.340398,10.933269],[119.337818,10.931685]]],[[[119.35335,10.937895],[119.353922,10.935724],[119.352229,10.936691],[119.35335,10.937895]]],[[[119.346192,10.939111],[119.345617,10.939799],[119.346415,10.939838],[119.346192,10.939111]]],[[[119.615099,10.961759],[119.618136,10.947338],[119.615916,10.953875],[119.612025,10.954673],[119.611452,10.963865],[119.615099,10.961759]]],[[[119.536659,10.972331],[119.533348,10.972416],[119.528175,10.973149],[119.536659,10.972331]]],[[[119.5743,10.980617],[119.573137,10.982083],[119.574901,10.982083],[119.5743,10.980617]]],[[[119.591537,10.992767],[119.590692,10.990605],[119.590382,10.992496],[119.591537,10.992767]]],[[[119.595385,10.996653],[119.596016,10.997729],[119.596199,10.996848],[119.595385,10.996653]]],[[[119.355166,11.013674],[119.355176,11.015152],[119.355959,11.014741],[119.355166,11.013674]]],[[[119.592034,11.016307],[119.595075,11.014498],[119.591867,11.012771],[119.592034,11.016307]]],[[[119.587186,11.08892],[119.597909,11.085782],[119.597698,11.090837],[119.60047,11.09124],[119.605024,11.082671],[119.608765,11.08705],[119.612994,11.083536],[119.620505,11.088487],[119.624286,11.085777],[119.623066,11.078812],[119.61648,11.073545],[119.618041,11.059947],[119.621089,11.061157],[119.622922,11.057879],[119.620725,11.054262],[119.625212,11.051195],[119.622588,11.047295],[119.627821,11.044781],[119.625169,11.036835],[119.634032,11.032441],[119.639437,11.037762],[119.642938,11.02525],[119.642301,11.015758],[119.63625,11.010553],[119.633359,11.001981],[119.633665,10.994944],[119.627572,11.011908],[119.63124,11.016839],[119.62897,11.0234],[119.622229,11.02244],[119.620952,11.016716],[119.610508,11.00499],[119.606151,11.010375],[119.59747,11.011752],[119.594828,11.019161],[119.598488,11.033778],[119.593127,11.028638],[119.574682,11.041956],[119.561134,11.043952],[119.560208,11.062665],[119.580668,11.090742],[119.58309,11.099968],[119.585628,11.099537],[119.587186,11.08892]]],[[[119.374334,11.061381],[119.369253,11.061859],[119.372314,11.070107],[119.374947,11.064229],[119.374334,11.061381]]],[[[119.620473,11.069442],[119.620235,11.071085],[119.620866,11.07077],[119.620473,11.069442]]],[[[119.384618,11.075771],[119.385406,11.076535],[119.385101,11.075102],[119.384618,11.075771]]],[[[119.39097,11.099521],[119.398025,11.091429],[119.402332,11.092209],[119.408247,11.082847],[119.40905,11.077941],[119.404775,11.073632],[119.39897,11.083291],[119.390098,11.085682],[119.386693,11.093422],[119.39097,11.099521]]],[[[119.340793,11.094368],[119.341179,11.095902],[119.34144,11.094494],[119.340793,11.094368]]],[[[119.599154,11.09426],[119.596697,11.097853],[119.597676,11.101266],[119.600665,11.097464],[119.599154,11.09426]]],[[[119.355931,11.099858],[119.357102,11.100049],[119.356408,11.099537],[119.355931,11.099858]]],[[[119.589149,11.100714],[119.588589,11.101527],[119.589523,11.101458],[119.589149,11.100714]]],[[[119.406304,11.107332],[119.405186,11.098975],[119.401555,11.107829],[119.406304,11.107332]]],[[[119.606879,11.10609],[119.609415,11.108165],[119.609494,11.105922],[119.606879,11.10609]]],[[[119.540618,11.110182],[119.539242,11.1112],[119.541448,11.111662],[119.540618,11.110182]]],[[[119.391116,11.119395],[119.389528,11.12398],[119.393248,11.124755],[119.394888,11.119545],[119.391116,11.119395]]],[[[119.557028,11.144116],[119.556478,11.145759],[119.55765,11.144808],[119.557028,11.144116]]],[[[119.389742,11.144365],[119.39096,11.145939],[119.391208,11.144373],[119.389742,11.144365]]],[[[119.553787,11.148035],[119.554373,11.146767],[119.553703,11.147025],[119.553787,11.148035]]],[[[119.541366,11.157107],[119.548174,11.174229],[119.5508,11.173249],[119.551306,11.166752],[119.541366,11.157107]]],[[[119.542411,11.166715],[119.540657,11.164663],[119.539267,11.165621],[119.539783,11.168509],[119.542411,11.166715]]],[[[119.597935,11.196879],[119.614073,11.189094],[119.622432,11.190689],[119.628889,11.184987],[119.627188,11.183188],[119.630902,11.175007],[119.625096,11.162078],[119.60618,11.150652],[119.601719,11.159451],[119.596087,11.161444],[119.593753,11.140894],[119.584663,11.147065],[119.579608,11.145901],[119.57388,11.139093],[119.562843,11.137875],[119.554119,11.155843],[119.556135,11.17324],[119.569951,11.181093],[119.589593,11.174937],[119.592075,11.193308],[119.597935,11.196879]]],[[[119.336152,11.194482],[119.334747,11.206074],[119.337179,11.207772],[119.340708,11.200628],[119.336152,11.194482]]],[[[119.379829,11.209292],[119.378087,11.208272],[119.379538,11.210685],[119.379829,11.209292]]],[[[119.345352,11.223485],[119.346484,11.246714],[119.355379,11.245158],[119.353894,11.236874],[119.359627,11.218942],[119.371208,11.21768],[119.376006,11.22673],[119.376316,11.203332],[119.379596,11.202244],[119.381734,11.195242],[119.357718,11.208703],[119.35479,11.206379],[119.344158,11.208942],[119.346325,11.214073],[119.341744,11.213534],[119.339261,11.222783],[119.345352,11.223485]]],[[[119.364706,11.232007],[119.366123,11.231428],[119.365192,11.230836],[119.364706,11.232007]]],[[[119.356749,11.249097],[119.355608,11.248187],[119.356326,11.249526],[119.356749,11.249097]]],[[[119.409544,11.250435],[119.407938,11.250807],[119.407481,11.252585],[119.409544,11.250435]]],[[[119.350112,11.260524],[119.346875,11.268101],[119.350169,11.272488],[119.352691,11.262223],[119.35839,11.259266],[119.35823,11.254628],[119.350112,11.260524]]],[[[119.344099,11.274586],[119.343504,11.272158],[119.342028,11.274835],[119.344099,11.274586]]],[[[119.427146,11.329806],[119.426225,11.329767],[119.42656,11.330428],[119.427146,11.329806]]],[[[119.545797,11.344702],[119.546871,11.342739],[119.544779,11.343172],[119.545797,11.344702]]],[[[119.407523,11.349265],[119.405054,11.358673],[119.409649,11.35974],[119.411344,11.365719],[119.417936,11.36698],[119.414426,11.356297],[119.407523,11.349265]]],[[[119.525668,11.369069],[119.533448,11.370201],[119.534026,11.374867],[119.542298,11.371476],[119.536096,11.369056],[119.536579,11.364443],[119.533538,11.366412],[119.52817,11.363787],[119.525668,11.369069]]],[[[119.454814,11.392198],[119.456546,11.389872],[119.45472,11.385492],[119.453742,11.389877],[119.454814,11.392198]]],[[[119.514941,11.401449],[119.514083,11.402768],[119.515385,11.402736],[119.514941,11.401449]]],[[[119.518891,11.410788],[119.518027,11.409949],[119.51803,11.410697],[119.518891,11.410788]]],[[[119.46736,11.425085],[119.466522,11.421644],[119.463926,11.42179],[119.46736,11.425085]]],[[[119.50296,11.421831],[119.495694,11.438567],[119.499597,11.444837],[119.506604,11.438786],[119.50296,11.421831]]],[[[119.727271,10.536364],[119.728949,10.534234],[119.724626,10.533791],[119.727271,10.536364]]],[[[119.731316,10.5383],[119.73475,10.542337],[119.732001,10.547926],[119.734125,10.547639],[119.735271,10.542165],[119.741906,10.53594],[119.734291,10.533458],[119.731316,10.5383]]],[[[119.706423,10.548717],[119.704385,10.548253],[119.704711,10.54962],[119.706423,10.548717]]],[[[119.702282,10.555042],[119.707075,10.561847],[119.707671,10.5554],[119.702282,10.555042]]],[[[119.744995,10.566572],[119.746556,10.559249],[119.740589,10.557457],[119.742311,10.565796],[119.744995,10.566572]]],[[[119.722003,10.565294],[119.719441,10.562218],[119.717042,10.562215],[119.718264,10.56515],[119.722003,10.565294]]],[[[119.712196,10.572916],[119.711082,10.573243],[119.712661,10.573369],[119.712196,10.572916]]],[[[119.749263,10.58384],[119.748326,10.577534],[119.745627,10.574081],[119.742576,10.580566],[119.746586,10.587275],[119.749263,10.58384]]],[[[119.746914,10.588617],[119.750403,10.597063],[119.752215,10.594016],[119.746914,10.588617]]],[[[119.6985,10.728204],[119.696294,10.710434],[119.702396,10.700296],[119.697759,10.693827],[119.698875,10.687778],[119.693117,10.6837],[119.688727,10.708144],[119.690264,10.716286],[119.6985,10.728204]]],[[[119.635055,10.720522],[119.636578,10.713686],[119.633767,10.710064],[119.628422,10.709271],[119.62721,10.714924],[119.622765,10.711063],[119.621567,10.715514],[119.627628,10.718643],[119.625375,10.721643],[119.635055,10.720522]]],[[[119.634755,10.727371],[119.628843,10.728985],[119.626252,10.732232],[119.634475,10.730299],[119.634755,10.727371]]],[[[119.654672,10.744475],[119.657139,10.748157],[119.660023,10.745173],[119.659573,10.744326],[119.654672,10.744475]]],[[[119.645304,10.797394],[119.645484,10.802813],[119.647108,10.802954],[119.648491,10.801147],[119.645304,10.797394]]],[[[119.619764,10.814204],[119.622568,10.814722],[119.624109,10.813533],[119.622602,10.812722],[119.619764,10.814204]]],[[[119.630067,10.835772],[119.636009,10.822976],[119.640129,10.825642],[119.637418,10.822588],[119.641318,10.821389],[119.641841,10.817827],[119.639109,10.816014],[119.640712,10.801878],[119.632022,10.798092],[119.626356,10.807118],[119.621585,10.805918],[119.63119,10.811467],[119.62864,10.817965],[119.617108,10.821165],[119.617933,10.824734],[119.623645,10.821235],[119.632096,10.823063],[119.621488,10.828724],[119.621114,10.83273],[119.625794,10.83815],[119.630067,10.835772]]],[[[119.635334,10.866855],[119.633527,10.850899],[119.621537,10.857486],[119.63108,10.867576],[119.635334,10.866855]]],[[[119.622891,10.896958],[119.620136,10.890307],[119.61864,10.897746],[119.621253,10.902792],[119.622891,10.896958]]],[[[119.714199,10.963219],[119.714158,10.940265],[119.712549,10.936765],[119.708654,10.939601],[119.709831,10.949413],[119.705841,10.954282],[119.714199,10.963219]]],[[[119.636133,10.990038],[119.638345,10.987824],[119.637932,10.986358],[119.636133,10.990038]]],[[[119.695758,11.007629],[119.696597,10.995998],[119.695086,11.000157],[119.695758,11.007629]]],[[[119.734486,11.024852],[119.742468,11.02341],[119.746457,11.018105],[119.744802,11.012723],[119.736462,11.007992],[119.726722,11.018523],[119.72463,11.026908],[119.731002,11.030258],[119.734486,11.024852]]],[[[119.670698,11.020899],[119.664958,11.020451],[119.665327,11.027172],[119.670698,11.020899]]],[[[119.713353,11.055665],[119.716693,11.04281],[119.72574,11.042225],[119.723484,11.034636],[119.725719,11.033384],[119.723595,11.029554],[119.718093,11.034469],[119.711744,11.032776],[119.702846,11.026565],[119.6985,11.031124],[119.698723,11.053196],[119.708142,11.0575],[119.713353,11.055665]]],[[[119.732649,11.048169],[119.733477,11.048464],[119.733428,11.046998],[119.732649,11.048169]]],[[[119.687331,11.07199],[119.694832,11.065465],[119.696677,11.067109],[119.691174,11.046948],[119.681253,11.04097],[119.674688,11.029071],[119.670722,11.033299],[119.671868,11.055049],[119.680181,11.058292],[119.681242,11.063219],[119.677861,11.066426],[119.685283,11.063978],[119.682579,11.06942],[119.687331,11.07199]]],[[[119.706579,11.061509],[119.706079,11.061021],[119.706369,11.06307],[119.706579,11.061509]]],[[[119.728299,11.079577],[119.738915,11.072916],[119.738291,11.065309],[119.727937,11.068655],[119.730287,11.072922],[119.728299,11.079577]]],[[[119.711541,11.085634],[119.711413,11.083821],[119.711069,11.083484],[119.711541,11.085634]]],[[[119.671742,11.0916],[119.674688,11.090993],[119.669983,11.088586],[119.671742,11.0916]]],[[[119.713449,11.093708],[119.712704,11.092271],[119.713066,11.09465],[119.713449,11.093708]]],[[[119.692419,11.118873],[119.691196,11.106963],[119.697982,11.102521],[119.697831,11.092907],[119.693364,11.090826],[119.69396,11.084073],[119.683887,11.082935],[119.676793,11.076142],[119.676747,11.080846],[119.679979,11.081168],[119.685644,11.091172],[119.683242,11.091793],[119.682587,11.103139],[119.677225,11.100543],[119.673361,11.104047],[119.675051,11.112202],[119.670205,11.112144],[119.667022,11.121713],[119.675424,11.125365],[119.684403,11.121953],[119.686534,11.124764],[119.692419,11.118873]]],[[[119.747827,11.116695],[119.749836,11.119501],[119.752693,11.119248],[119.75051,11.11603],[119.747827,11.116695]]],[[[119.69855,11.118333],[119.694827,11.120123],[119.700001,11.123748],[119.702176,11.12154],[119.69855,11.118333]]],[[[119.660293,11.128585],[119.659792,11.125775],[119.658644,11.126495],[119.660293,11.128585]]],[[[119.658926,11.134597],[119.654639,11.135832],[119.655906,11.13954],[119.658926,11.134597]]],[[[119.66846,11.137541],[119.665828,11.141293],[119.668215,11.141265],[119.66846,11.137541]]],[[[119.699971,11.156992],[119.69462,11.151476],[119.690017,11.149383],[119.69497,11.158038],[119.699971,11.156992]]],[[[119.650818,11.160986],[119.64932,11.165905],[119.649252,11.169029],[119.653574,11.16265],[119.650818,11.160986]]],[[[119.673181,11.168037],[119.668081,11.167841],[119.670778,11.174157],[119.673181,11.168037]]],[[[119.671728,11.187762],[119.675811,11.190722],[119.677686,11.190353],[119.675377,11.187078],[119.671728,11.187762]]],[[[119.686386,11.205808],[119.686758,11.206932],[119.687311,11.206438],[119.686386,11.205808]]],[[[119.684994,11.245481],[119.685488,11.237027],[119.677336,11.240227],[119.681146,11.247471],[119.684994,11.245481]]],[[[119.696544,11.228731],[119.701634,11.247118],[119.708867,11.249406],[119.710156,11.259579],[119.730326,11.255971],[119.728066,11.251075],[119.719529,11.248042],[119.715274,11.242883],[119.712381,11.243774],[119.696544,11.228731]]],[[[119.620218,11.234953],[119.623957,11.26077],[119.626904,11.263856],[119.633928,11.258937],[119.634424,11.254137],[119.630872,11.251214],[119.630825,11.245602],[119.627013,11.243718],[119.627114,11.234255],[119.623849,11.231134],[119.620218,11.234953]]],[[[119.695368,11.261485],[119.697298,11.263578],[119.695795,11.259935],[119.695368,11.261485]]],[[[119.665364,11.269662],[119.657073,11.292213],[119.658813,11.305268],[119.665275,11.312735],[119.668005,11.308354],[119.677065,11.30882],[119.680484,11.321956],[119.690582,11.325549],[119.694931,11.320912],[119.695839,11.310752],[119.689399,11.294344],[119.678721,11.281901],[119.681052,11.273574],[119.679077,11.266649],[119.676928,11.263085],[119.665364,11.269662]]],[[[119.698321,11.335353],[119.699295,11.351456],[119.706762,11.344631],[119.714102,11.343411],[119.7073,11.336352],[119.698321,11.335353]]],[[[119.806454,11.392288],[119.808395,11.387911],[119.806112,11.386782],[119.806454,11.392288]]],[[[119.66603,11.397505],[119.664417,11.398667],[119.666296,11.399242],[119.66603,11.397505]]],[[[119.720498,11.40387],[119.721391,11.399043],[119.716659,11.402292],[119.718897,11.41337],[119.721838,11.414267],[119.724831,11.412538],[119.720498,11.40387]]],[[[119.657271,11.400204],[119.651646,11.398879],[119.641566,11.410944],[119.640063,11.42411],[119.633187,11.430411],[119.641478,11.435559],[119.640109,11.42676],[119.645215,11.431885],[119.648056,11.41278],[119.652689,11.41173],[119.663619,11.419698],[119.667459,11.418477],[119.657164,11.404795],[119.660698,11.399653],[119.659538,11.395576],[119.657271,11.400204]]],[[[119.711788,11.424738],[119.706344,11.424116],[119.704282,11.427058],[119.711788,11.424738]]],[[[119.706158,11.435797],[119.707888,11.438483],[119.709408,11.43595],[119.706158,11.435797]]],[[[119.722214,11.443299],[119.719446,11.44081],[119.717429,11.443197],[119.71875,11.44475],[119.722214,11.443299]]],[[[119.734964,11.442054],[119.738644,11.448065],[119.734971,11.453596],[119.725264,11.450342],[119.721128,11.46006],[119.712281,11.463891],[119.714658,11.468008],[119.712718,11.472888],[119.71732,11.472233],[119.728541,11.47881],[119.732848,11.473603],[119.728663,11.471147],[119.728026,11.465297],[119.733499,11.463653],[119.734628,11.46644],[119.739102,11.466348],[119.74438,11.45712],[119.755075,11.45347],[119.761085,11.444989],[119.761715,11.438609],[119.770152,11.437372],[119.774538,11.439647],[119.767984,11.443626],[119.764848,11.451733],[119.766706,11.458245],[119.775636,11.459039],[119.782292,11.452662],[119.786208,11.458559],[119.785269,11.467606],[119.767309,11.469699],[119.763738,11.476404],[119.768351,11.480212],[119.777535,11.478848],[119.778079,11.485537],[119.773049,11.491294],[119.775571,11.493194],[119.784535,11.484168],[119.791069,11.484165],[119.791264,11.479936],[119.784154,11.477742],[119.796615,11.464061],[119.791368,11.461013],[119.792292,11.45866],[119.801021,11.451878],[119.806584,11.45448],[119.812718,11.452081],[119.814489,11.455098],[119.80708,11.464549],[119.807599,11.471932],[119.816684,11.467495],[119.820962,11.468682],[119.82932,11.456056],[119.83536,11.45738],[119.831201,11.464908],[119.832871,11.469422],[119.836078,11.469109],[119.835295,11.473677],[119.829096,11.474249],[119.824592,11.482806],[119.838326,11.480043],[119.840756,11.476439],[119.846562,11.479216],[119.841245,11.483839],[119.847516,11.486198],[119.838958,11.499888],[119.833052,11.497294],[119.829224,11.504476],[119.818534,11.504732],[119.810356,11.51879],[119.825828,11.514213],[119.830232,11.509254],[119.83736,11.510285],[119.835079,11.515937],[119.840343,11.513809],[119.84423,11.516058],[119.855599,11.50724],[119.863194,11.509421],[119.865296,11.505496],[119.868427,11.506232],[119.871395,11.493069],[119.867242,11.485012],[119.870433,11.478863],[119.864522,11.472168],[119.862347,11.46375],[119.865901,11.461291],[119.863949,11.458794],[119.868403,11.451966],[119.862623,11.449526],[119.863241,11.439521],[119.859221,11.434037],[119.851015,11.43405],[119.850844,11.429814],[119.855372,11.427674],[119.85409,11.419135],[119.851793,11.413003],[119.8433,11.408912],[119.830467,11.390827],[119.830802,11.37797],[119.819565,11.376487],[119.808499,11.379253],[119.808894,11.383339],[119.814909,11.38819],[119.812678,11.399301],[119.802033,11.398549],[119.804898,11.407967],[119.81122,11.402289],[119.815979,11.415054],[119.824432,11.413081],[119.826179,11.416901],[119.823281,11.428099],[119.813128,11.427418],[119.805265,11.415423],[119.801199,11.416684],[119.798338,11.422545],[119.78987,11.422051],[119.78587,11.425626],[119.77486,11.415658],[119.781068,11.404938],[119.773864,11.39468],[119.769794,11.399983],[119.761832,11.402493],[119.76207,11.414541],[119.758128,11.421731],[119.751946,11.423538],[119.747283,11.416677],[119.738096,11.429915],[119.727008,11.433047],[119.728531,11.445406],[119.734964,11.442054]]],[[[119.644525,11.453953],[119.647688,11.450137],[119.647212,11.449527],[119.644717,11.451188],[119.644525,11.453953]]],[[[119.663096,11.467945],[119.665134,11.465212],[119.661469,11.468557],[119.663096,11.467945]]],[[[119.642136,11.473044],[119.643103,11.472615],[119.642519,11.472515],[119.642136,11.473044]]],[[[119.756535,11.472072],[119.756917,11.474517],[119.756932,11.47187],[119.756535,11.472072]]],[[[119.653801,11.474458],[119.65465,11.481236],[119.662427,11.478784],[119.659466,11.469989],[119.653801,11.474458]]],[[[119.710254,11.476791],[119.712861,11.476502],[119.713197,11.474053],[119.710254,11.476791]]],[[[119.714383,11.478683],[119.712462,11.479308],[119.71439,11.479391],[119.714383,11.478683]]],[[[119.725603,11.48227],[119.727924,11.482544],[119.728575,11.480731],[119.725603,11.48227]]],[[[119.666002,11.487293],[119.672462,11.487943],[119.666842,11.476186],[119.666002,11.487293]]],[[[119.651374,11.482953],[119.652711,11.484392],[119.653758,11.48349],[119.651374,11.482953]]],[[[119.679598,11.492958],[119.668902,11.501596],[119.673214,11.50768],[119.671264,11.51537],[119.679177,11.511886],[119.676224,11.50848],[119.676962,11.50294],[119.690436,11.502613],[119.686275,11.498981],[119.68409,11.486728],[119.679865,11.488504],[119.679598,11.492958]]],[[[119.805507,11.547715],[119.810196,11.546364],[119.819684,11.546427],[119.817866,11.543333],[119.809768,11.541891],[119.805507,11.547715]]],[[[119.822126,11.939656],[119.822361,11.939088],[119.821551,11.939074],[119.822126,11.939656]]],[[[119.832625,11.981351],[119.831766,11.980868],[119.832032,11.981453],[119.832625,11.981351]]],[[[119.832396,11.983163],[119.830007,11.982694],[119.832196,11.983875],[119.832396,11.983163]]],[[[119.784709,12.05148],[119.791711,12.058971],[119.795256,12.05194],[119.784709,12.05148]]],[[[119.835693,12.073486],[119.834473,12.074524],[119.83551,12.074707],[119.835693,12.073486]]],[[[119.812917,12.145537],[119.813904,12.158456],[119.818825,12.161406],[119.816008,12.146222],[119.812917,12.145537]]],[[[119.796475,10.552106],[119.796039,10.558058],[119.792624,10.558333],[119.790984,10.563167],[119.801494,10.562854],[119.805689,10.566439],[119.796801,10.571425],[119.804696,10.587453],[119.817047,10.597087],[119.821795,10.595252],[119.824217,10.607169],[119.834137,10.612596],[119.83509,10.624477],[119.827933,10.652475],[119.830195,10.64984],[119.840241,10.650635],[119.843,10.638061],[119.845465,10.639425],[119.854947,10.634445],[119.862155,10.619811],[119.863861,10.629556],[119.868735,10.634342],[119.868369,10.630135],[119.872243,10.630447],[119.884098,10.616348],[119.88911,10.617251],[119.903697,10.605638],[119.90463,10.598364],[119.939272,10.607776],[119.944656,10.602349],[119.958529,10.5987],[119.969797,10.597914],[119.974924,10.601942],[119.982678,10.600027],[119.986944,10.594511],[119.994501,10.591692],[119.990432,10.580529],[119.991832,10.574693],[120.003355,10.565431],[119.998693,10.55742],[120.001408,10.552074],[119.98565,10.550211],[119.990763,10.561941],[119.983564,10.567103],[119.982713,10.571484],[119.978364,10.569899],[119.977645,10.566171],[119.981284,10.562379],[119.976149,10.558208],[119.980343,10.551672],[119.96952,10.549476],[119.972338,10.544623],[119.982296,10.542403],[119.981969,10.538462],[119.985978,10.536268],[119.982987,10.530689],[119.967738,10.529338],[119.95841,10.5175],[119.9478,10.518682],[119.94266,10.523247],[119.948142,10.534123],[119.944882,10.535998],[119.93571,10.527795],[119.937994,10.520519],[119.934346,10.517639],[119.936083,10.507444],[119.93047,10.504163],[119.924194,10.518478],[119.910485,10.516184],[119.913831,10.521833],[119.90986,10.531597],[119.90418,10.534214],[119.906663,10.540035],[119.902407,10.544059],[119.905909,10.545629],[119.894672,10.552878],[119.8836,10.550826],[119.890039,10.540481],[119.899518,10.541865],[119.895309,10.523029],[119.905331,10.521596],[119.904939,10.508848],[119.909036,10.506595],[119.911032,10.495132],[119.915411,10.495011],[119.923408,10.484101],[119.921992,10.481259],[119.912602,10.474648],[119.905962,10.480734],[119.903081,10.48007],[119.90297,10.483277],[119.888648,10.478194],[119.882944,10.481922],[119.871466,10.482724],[119.8678,10.487182],[119.864593,10.480608],[119.855794,10.485198],[119.865236,10.469537],[119.872785,10.471281],[119.876121,10.468975],[119.874349,10.46108],[119.850558,10.458268],[119.815256,10.442903],[119.810597,10.444708],[119.804875,10.44124],[119.804378,10.446761],[119.796728,10.451796],[119.770391,10.452598],[119.762029,10.465463],[119.763381,10.471875],[119.7704,10.472853],[119.765628,10.485608],[119.765299,10.494922],[119.769044,10.500454],[119.763381,10.513601],[119.764852,10.528149],[119.75983,10.532949],[119.756778,10.528926],[119.755201,10.532796],[119.749439,10.51762],[119.742025,10.526034],[119.743572,10.542276],[119.751419,10.545336],[119.749026,10.553668],[119.745865,10.547416],[119.742978,10.546565],[119.742396,10.549711],[119.75187,10.560443],[119.757125,10.56],[119.761476,10.565102],[119.767935,10.564455],[119.767024,10.558772],[119.770305,10.561453],[119.784938,10.557341],[119.790983,10.545862],[119.796475,10.552106]]],[[[119.887878,11.47052],[119.887085,11.470886],[119.887512,11.471497],[119.887878,11.47052]]],[[[119.884094,11.47168],[119.885681,11.472717],[119.885498,11.470886],[119.884094,11.47168]]],[[[119.882741,11.474092],[119.882064,11.475018],[119.882489,11.475074],[119.882741,11.474092]]],[[[119.879061,11.47474],[119.871085,11.475529],[119.871394,11.479714],[119.877782,11.477492],[119.879061,11.47474]]],[[[119.871907,11.482331],[119.872878,11.486385],[119.875977,11.487177],[119.876913,11.480378],[119.871907,11.482331]]],[[[119.84087,11.490247],[119.835401,11.490371],[119.838897,11.493683],[119.84087,11.490247]]],[[[119.927307,11.492676],[119.929077,11.493103],[119.927917,11.491882],[119.927307,11.492676]]],[[[119.900638,11.488178],[119.89658,11.483604],[119.890707,11.488523],[119.885937,11.485651],[119.88157,11.49127],[119.889324,11.50289],[119.895048,11.505407],[119.898682,11.502722],[119.900638,11.488178]]],[[[119.910713,11.511098],[119.910916,11.512529],[119.911591,11.511465],[119.910713,11.511098]]],[[[119.880965,11.534107],[119.885195,11.533938],[119.887127,11.529865],[119.878718,11.526417],[119.880965,11.534107]]],[[[119.914271,11.53328],[119.911909,11.534333],[119.913135,11.538701],[119.914845,11.536959],[119.914271,11.53328]]],[[[119.840051,11.543937],[119.839354,11.54314],[119.83879,11.544826],[119.840051,11.543937]]],[[[119.876709,11.543914],[119.871413,11.545743],[119.875381,11.55246],[119.876709,11.543914]]],[[[119.849424,11.555628],[119.858295,11.554292],[119.859202,11.548372],[119.852509,11.54482],[119.847015,11.547791],[119.845713,11.552189],[119.849424,11.555628]]],[[[119.888377,11.559083],[119.887936,11.546114],[119.884946,11.546778],[119.888377,11.559083]]],[[[119.844,11.553323],[119.842783,11.553177],[119.84299,11.554134],[119.844,11.553323]]],[[[119.898832,11.554259],[119.895933,11.55156],[119.895979,11.555705],[119.898832,11.554259]]],[[[119.928898,11.561936],[119.929355,11.563163],[119.929522,11.561205],[119.928898,11.561936]]],[[[119.866826,11.561209],[119.868238,11.565515],[119.869299,11.559437],[119.866826,11.561209]]],[[[119.918414,11.576984],[119.918942,11.572422],[119.915716,11.576657],[119.918414,11.576984]]],[[[119.92645,11.581141],[119.930768,11.588312],[119.942742,11.585406],[119.946797,11.576536],[119.943302,11.581294],[119.933857,11.583447],[119.928677,11.576134],[119.92645,11.581141]]],[[[119.8624,11.593434],[119.856722,11.608322],[119.864181,11.595515],[119.8624,11.593434]]],[[[119.912775,11.607405],[119.914391,11.609828],[119.915931,11.607123],[119.915145,11.605433],[119.912775,11.607405]]],[[[119.96204,11.635164],[119.951626,11.649003],[119.950276,11.656913],[119.954258,11.657111],[119.962859,11.648947],[119.966468,11.654767],[119.972667,11.635343],[119.970828,11.632808],[119.965192,11.636901],[119.96204,11.635164]]],[[[119.962475,11.661108],[119.962051,11.658338],[119.961412,11.658446],[119.960281,11.660518],[119.962475,11.661108]]],[[[119.929781,11.723719],[119.927516,11.73915],[119.92392,11.74429],[119.932482,11.747796],[119.93751,11.737582],[119.93224,11.73487],[119.929781,11.723719]]],[[[119.952345,11.737852],[119.952522,11.735618],[119.951576,11.735282],[119.952345,11.737852]]],[[[119.956689,11.754518],[119.965732,11.754963],[119.966459,11.752785],[119.948903,11.742707],[119.956689,11.754518]]],[[[119.943314,11.663854],[119.952125,11.664953],[119.953105,11.671848],[119.94723,11.680133],[119.939811,11.678119],[119.940269,11.694767],[119.943037,11.694619],[119.944171,11.703984],[119.937053,11.711093],[119.939596,11.714029],[119.936456,11.721346],[119.938693,11.730392],[119.947369,11.73977],[119.949154,11.72367],[119.95293,11.731133],[119.959901,11.726318],[119.966589,11.728996],[119.971196,11.714654],[119.973584,11.712758],[119.97898,11.713493],[119.977294,11.719651],[119.970793,11.722788],[119.968488,11.731618],[119.96093,11.731888],[119.960626,11.734178],[119.956876,11.730834],[119.953763,11.732315],[119.956413,11.737278],[119.954567,11.743298],[119.966632,11.74923],[119.965471,11.746033],[119.968714,11.745171],[119.972385,11.750115],[119.967677,11.756255],[119.971994,11.764579],[119.976066,11.768897],[119.975636,11.765637],[119.98409,11.77018],[119.994965,11.76965],[119.998403,11.774479],[119.992262,11.775523],[119.992032,11.778005],[120.00202,11.783272],[120.003403,11.787056],[120.000716,11.789093],[119.991279,11.783749],[119.985562,11.784765],[119.992621,11.791303],[119.987513,11.79796],[119.989038,11.801509],[119.982888,11.799232],[119.98038,11.793531],[119.978024,11.795908],[119.973928,11.790312],[119.967942,11.799753],[119.963464,11.800352],[119.956242,11.796163],[119.96125,11.796038],[119.958403,11.788132],[119.962377,11.785369],[119.959982,11.775893],[119.963104,11.76905],[119.959606,11.766722],[119.962962,11.764537],[119.955155,11.760764],[119.949013,11.764181],[119.930582,11.760093],[119.922609,11.767548],[119.925539,11.774388],[119.919696,11.785034],[119.906875,11.792628],[119.91106,11.796829],[119.911763,11.805245],[119.906437,11.812712],[119.902158,11.811996],[119.905326,11.822276],[119.894048,11.830034],[119.901809,11.831832],[119.900908,11.837677],[119.904134,11.842562],[119.912473,11.839792],[119.915259,11.843903],[119.898801,11.861251],[119.894381,11.861427],[119.89166,11.877026],[119.886568,11.879445],[119.882213,11.876337],[119.877949,11.880469],[119.868467,11.901238],[119.87153,11.928078],[119.866464,11.932457],[119.860862,11.929783],[119.858571,11.936371],[119.84601,11.94737],[119.851586,11.956209],[119.859502,11.947947],[119.858279,11.941605],[119.865018,11.940647],[119.870468,11.946445],[119.879431,11.927347],[119.88632,11.922845],[119.890921,11.923625],[119.893708,11.928755],[119.889424,11.928936],[119.886739,11.934092],[119.892855,11.937711],[119.894352,11.944231],[119.882886,11.958072],[119.874127,11.953801],[119.870707,11.962611],[119.872884,11.970516],[119.876831,11.963748],[119.876397,11.972205],[119.886222,11.978181],[119.893726,11.967015],[119.893456,11.971599],[119.903455,11.97952],[119.909301,11.975294],[119.906658,11.973081],[119.91466,11.969485],[119.921233,11.957233],[119.941504,11.949742],[119.95303,11.952745],[119.95745,11.946066],[119.966276,11.94536],[119.963719,11.940785],[119.944689,11.941278],[119.94788,11.935022],[119.944236,11.930042],[119.955446,11.913865],[119.943819,11.911762],[119.959439,11.901201],[119.965166,11.904395],[119.958517,11.913784],[119.963022,11.915206],[119.960352,11.926891],[119.963738,11.925532],[119.963562,11.915794],[119.969663,11.919667],[119.978913,11.91668],[119.971304,11.904217],[119.974385,11.903178],[119.984305,11.909486],[119.979477,11.920396],[119.986338,11.927548],[119.990889,11.926097],[119.99356,11.932523],[119.998793,11.934264],[120.004218,11.923716],[120.008091,11.926331],[120.005641,11.931801],[120.014852,11.932725],[120.017392,11.926714],[120.023744,11.925703],[120.023272,11.919208],[120.027221,11.919644],[120.029696,11.915487],[120.01704,11.914872],[119.997384,11.904185],[119.988462,11.903052],[119.987757,11.896883],[119.99313,11.892787],[119.999007,11.892291],[120.003898,11.898127],[120.024131,11.893181],[120.019176,11.884334],[120.023974,11.882369],[120.028128,11.887992],[120.0265,11.881144],[120.042634,11.876356],[120.043286,11.862687],[120.049868,11.864707],[120.048913,11.875565],[120.056361,11.872969],[120.055335,11.866083],[120.063491,11.869938],[120.064148,11.863663],[120.074829,11.862333],[120.073243,11.859165],[120.067129,11.859851],[120.067811,11.856461],[120.06236,11.8563],[120.0625,11.85161],[120.049209,11.854715],[120.052936,11.845538],[120.047936,11.846068],[120.035801,11.857258],[120.034179,11.854171],[120.025684,11.852518],[120.024607,11.845622],[120.020603,11.842633],[120.026226,11.841965],[120.033669,11.848391],[120.04311,11.838372],[120.051104,11.839746],[120.038065,11.835016],[120.03515,11.83245],[120.037301,11.827194],[120.029891,11.824931],[120.036767,11.820365],[120.030122,11.806356],[120.033423,11.804633],[120.042399,11.813373],[120.045599,11.805113],[120.057039,11.80432],[120.06213,11.800536],[120.060367,11.79615],[120.065649,11.78909],[120.073611,11.788264],[120.053664,11.780391],[120.034984,11.757645],[120.034988,11.755351],[120.042774,11.753484],[120.047681,11.754452],[120.046787,11.758334],[120.053657,11.759935],[120.057888,11.756345],[120.053069,11.751745],[120.055507,11.748452],[120.052102,11.746898],[120.051479,11.745487],[120.05537,11.742898],[120.051778,11.733584],[120.045514,11.734446],[120.045642,11.723754],[120.04931,11.718367],[120.037258,11.71768],[120.026889,11.708671],[120.021024,11.697791],[120.006333,11.69247],[120.00236,11.677373],[119.99207,11.677031],[119.990943,11.681117],[119.988031,11.680988],[119.985806,11.669816],[119.980694,11.666625],[119.980551,11.673428],[119.971956,11.678651],[119.967019,11.686469],[119.969067,11.689908],[119.95864,11.694224],[119.965764,11.681757],[119.968961,11.665308],[119.965918,11.671329],[119.961582,11.66928],[119.962653,11.662339],[119.957543,11.659115],[119.951376,11.661542],[119.944795,11.658597],[119.943314,11.663854]]],[[[119.86661,11.949401],[119.866903,11.95073],[119.867371,11.950107],[119.86661,11.949401]]],[[[119.94238,11.95719],[119.94051,11.956615],[119.940699,11.957985],[119.94238,11.95719]]],[[[119.959084,11.958856],[119.959287,11.957982],[119.958292,11.958792],[119.959084,11.958856]]],[[[119.932413,11.961406],[119.931194,11.958735],[119.930797,11.961707],[119.932413,11.961406]]],[[[119.83041,11.93859],[119.822823,11.940447],[119.847278,11.981652],[119.878597,11.980979],[119.860887,11.974173],[119.854041,11.975356],[119.847641,11.968267],[119.839979,11.950252],[119.835007,11.944259],[119.829625,11.945034],[119.83041,11.93859]]],[[[119.939672,11.965588],[119.944062,11.969905],[119.935532,11.979105],[119.943346,11.981738],[119.949314,11.976874],[119.959264,11.977063],[119.964219,11.972636],[119.960876,11.969207],[119.963982,11.967971],[119.967748,11.97116],[119.974426,11.964846],[119.958558,11.963435],[119.95268,11.966136],[119.951362,11.964095],[119.955621,11.96015],[119.953713,11.955963],[119.942608,11.958599],[119.938772,11.957411],[119.939672,11.965588]]],[[[119.96445,11.981569],[119.96134,11.981718],[119.960835,11.982644],[119.96445,11.981569]]],[[[119.883005,11.987138],[119.887693,11.982017],[119.88148,11.986264],[119.883005,11.987138]]],[[[119.934692,11.992838],[119.953475,11.995442],[119.962906,11.989693],[119.954515,11.984169],[119.947042,11.98337],[119.944033,11.98656],[119.937056,11.985491],[119.934692,11.992838]]],[[[119.922243,11.992301],[119.921888,11.990862],[119.921302,11.992202],[119.922243,11.992301]]],[[[119.836158,11.997611],[119.839066,12.000356],[119.841148,11.998157],[119.857463,12.000307],[119.873199,11.993846],[119.864514,11.991817],[119.854735,11.998302],[119.851816,11.989465],[119.835895,11.988156],[119.836158,11.997611]]],[[[119.884805,12.0082],[119.88848,12.006817],[119.888178,12.005316],[119.883735,12.005544],[119.884805,12.0082]]],[[[119.866272,12.010221],[119.87074,12.010865],[119.872088,12.00809],[119.866272,12.010221]]],[[[119.942209,12.007129],[119.94043,12.010596],[119.940771,12.013427],[119.942978,12.009764],[119.942209,12.007129]]],[[[119.884641,12.012971],[119.884256,12.008691],[119.876625,12.010935],[119.881207,12.01491],[119.884641,12.012971]]],[[[119.89927,12.01844],[119.898292,12.01497],[119.895627,12.015353],[119.895039,12.018332],[119.89927,12.01844]]],[[[119.88902,12.025851],[119.892434,12.025842],[119.895072,12.020796],[119.888025,12.015877],[119.885918,12.017031],[119.88902,12.025851]]],[[[119.918474,12.016115],[119.919433,12.030588],[119.921547,12.022568],[119.918474,12.016115]]],[[[119.952705,12.030253],[119.950612,12.022462],[119.946704,12.022522],[119.941796,12.016789],[119.944473,12.025556],[119.952705,12.030253]]],[[[119.910233,12.018854],[119.906527,12.037223],[119.915747,12.025966],[119.910233,12.018854]]],[[[119.891086,12.044664],[119.899369,12.050741],[119.903279,12.048143],[119.895422,12.04261],[119.891086,12.044664]]],[[[119.905354,12.046679],[119.904588,12.047327],[119.904968,12.047513],[119.905354,12.046679]]],[[[119.865974,12.049577],[119.870328,12.046859],[119.880032,12.04701],[119.868622,12.046317],[119.865974,12.049577]]],[[[119.960225,12.05242],[119.96037,12.047009],[119.955342,12.045566],[119.954122,12.053402],[119.960225,12.05242]]],[[[119.902167,12.052668],[119.899162,12.05608],[119.90419,12.054191],[119.902167,12.052668]]],[[[119.879955,12.057553],[119.877699,12.056777],[119.877415,12.057554],[119.879955,12.057553]]],[[[119.877435,12.064959],[119.877605,12.066222],[119.879352,12.065225],[119.877435,12.064959]]],[[[119.873647,12.081355],[119.876465,12.083163],[119.876529,12.082434],[119.873647,12.081355]]],[[[119.845794,12.10729],[119.852064,12.106767],[119.848631,12.102415],[119.845794,12.10729]]],[[[119.873773,12.117186],[119.875219,12.11793],[119.874092,12.116155],[119.873773,12.117186]]],[[[119.845352,12.114121],[119.842006,12.126668],[119.846682,12.132853],[119.850685,12.118],[119.855583,12.114166],[119.847715,12.116505],[119.845352,12.114121]]],[[[119.921293,12.13159],[119.922298,12.12622],[119.917504,12.126248],[119.918119,12.131778],[119.921293,12.13159]]],[[[119.887028,12.131724],[119.881449,12.136552],[119.88509,12.139877],[119.887028,12.131724]]],[[[119.865007,12.141373],[119.868039,12.163934],[119.870944,12.168664],[119.876424,12.157398],[119.873188,12.139566],[119.874263,12.119934],[119.861025,12.123495],[119.861308,12.126822],[119.867046,12.128315],[119.865007,12.141373]]],[[[119.881554,12.157706],[119.876366,12.158145],[119.876706,12.15974],[119.880356,12.159818],[119.881554,12.157706]]],[[[119.875277,12.172996],[119.877434,12.177398],[119.875192,12.180805],[119.876999,12.182892],[119.881942,12.169451],[119.880327,12.167928],[119.875277,12.172996]]],[[[119.877609,12.185122],[119.877897,12.186476],[119.878294,12.186131],[119.877609,12.185122]]],[[[119.844801,12.239381],[119.85404,12.245127],[119.854015,12.242868],[119.844801,12.239381]]],[[[119.852048,12.24849],[119.853437,12.248494],[119.852427,12.24786],[119.852048,12.24849]]],[[[119.861649,12.258785],[119.860399,12.257801],[119.860299,12.258429],[119.861649,12.258785]]],[[[119.849121,12.326477],[119.84967,12.3255],[119.849121,12.325684],[119.849121,12.326477]]],[[[119.956423,12.344086],[119.954343,12.339377],[119.951548,12.339317],[119.956423,12.344086]]],[[[119.905819,12.369874],[119.915648,12.367831],[119.90148,12.359272],[119.896215,12.359198],[119.897933,12.364387],[119.905819,12.369874]]],[[[119.899475,12.38092],[119.898071,12.381287],[119.898682,12.381897],[119.899475,12.38092]]],[[[119.997208,10.489141],[119.992359,10.489959],[119.991561,10.495415],[119.999515,10.497783],[119.997208,10.489141]]],[[[120.006407,10.514566],[120.007832,10.517932],[120.009021,10.517684],[120.006407,10.514566]]],[[[120.022198,10.530361],[120.018489,10.531933],[120.025564,10.537687],[120.025129,10.532933],[120.022198,10.530361]]],[[[120.013971,10.545483],[120.009646,10.542037],[120.006574,10.549272],[120.009712,10.548884],[120.013971,10.545483]]],[[[120.094368,11.384323],[120.085046,11.387374],[120.080588,11.384305],[120.078881,11.38862],[120.090005,11.392224],[120.100666,11.383328],[120.107053,11.38642],[120.110142,11.384246],[120.114347,11.374915],[120.109032,11.370279],[120.108162,11.364195],[120.090584,11.366441],[120.090019,11.37854],[120.094615,11.381004],[120.094368,11.384323]]],[[[119.974203,11.632038],[119.974817,11.63261],[119.975109,11.631599],[119.974203,11.632038]]],[[[120.046669,11.675106],[120.038764,11.670993],[120.037787,11.675842],[120.042076,11.678702],[120.037228,11.686965],[120.047037,11.68523],[120.046669,11.675106]]],[[[120.018018,11.686777],[120.020762,11.685583],[120.017279,11.682825],[120.018018,11.686777]]],[[[119.97288,11.714354],[119.975884,11.718378],[119.976935,11.718291],[119.97288,11.714354]]],[[[120.108904,11.72976],[120.099301,11.72129],[120.103503,11.730357],[120.0986,11.734059],[120.100737,11.741234],[120.108904,11.72976]]],[[[120.053682,11.747387],[120.054276,11.747734],[120.054078,11.746576],[120.053682,11.747387]]],[[[120.085886,11.764275],[120.084008,11.764709],[120.084149,11.765314],[120.085886,11.764275]]],[[[119.965204,11.7685],[119.963739,11.766566],[119.963417,11.76801],[119.965204,11.7685]]],[[[120.05488,11.766913],[120.065012,11.774485],[120.070094,11.772344],[120.065376,11.772715],[120.057097,11.762189],[120.05488,11.766913]]],[[[119.990547,11.774231],[119.989708,11.773629],[119.990087,11.774395],[119.990547,11.774231]]],[[[119.965558,11.779608],[119.97429,11.779981],[119.975137,11.778041],[119.96819,11.775906],[119.965558,11.779608]]],[[[120.08324,11.77938],[120.082851,11.781842],[120.084277,11.781529],[120.08324,11.77938]]],[[[119.982197,11.781006],[119.98253,11.782092],[119.983243,11.781857],[119.982197,11.781006]]],[[[119.98148,11.782887],[119.977354,11.779472],[119.980407,11.784159],[119.98148,11.782887]]],[[[119.990502,11.780855],[119.984495,11.780398],[119.984802,11.784178],[119.990502,11.780855]]],[[[119.976432,11.783736],[119.97573,11.78299],[119.974768,11.783619],[119.976432,11.783736]]],[[[120.000286,11.783714],[120.000788,11.784693],[120.00111,11.783869],[120.000286,11.783714]]],[[[119.982485,11.787141],[119.9793,11.785485],[119.978968,11.78599],[119.980596,11.7891],[119.982485,11.787141]]],[[[119.971867,11.788144],[119.972683,11.787971],[119.972098,11.787389],[119.971867,11.788144]]],[[[119.990199,11.791987],[119.990942,11.791465],[119.990421,11.791251],[119.990199,11.791987]]],[[[119.986005,11.794138],[119.986788,11.795442],[119.987239,11.795017],[119.986005,11.794138]]],[[[120.048733,11.806366],[120.047818,11.806745],[120.048614,11.806778],[120.048733,11.806366]]],[[[120.049525,11.813387],[120.051984,11.813374],[120.053113,11.807763],[120.049074,11.808996],[120.049525,11.813387]]],[[[120.057874,11.815139],[120.062452,11.821655],[120.063956,11.81652],[120.072125,11.81663],[120.057874,11.815139]]],[[[120.04626,11.823183],[120.043125,11.819769],[120.04176,11.821444],[120.04626,11.823183]]],[[[120.059404,11.822719],[120.05938,11.823641],[120.059908,11.823354],[120.059404,11.822719]]],[[[120.048482,11.823575],[120.047151,11.825765],[120.048892,11.825473],[120.048482,11.823575]]],[[[120.055106,11.825107],[120.055558,11.825871],[120.05565,11.825234],[120.055106,11.825107]]],[[[120.051906,11.826724],[120.053987,11.825482],[120.05081,11.825313],[120.051906,11.826724]]],[[[120.060896,11.826839],[120.060312,11.826288],[120.059545,11.82713],[120.060896,11.826839]]],[[[120.053378,11.832984],[120.058127,11.828256],[120.053341,11.829838],[120.053378,11.832984]]],[[[120.095452,11.816416],[120.079092,11.830742],[120.085155,11.834543],[120.077396,11.837197],[120.070326,11.844798],[120.071651,11.851502],[120.081684,11.844347],[120.084976,11.845773],[120.085433,11.850947],[120.093223,11.84524],[120.102878,11.845838],[120.099986,11.843927],[120.10087,11.83439],[120.096674,11.826138],[120.100733,11.824574],[120.108827,11.829109],[120.114401,11.828628],[120.115521,11.818982],[120.110816,11.815095],[120.115209,11.810782],[120.10321,11.813325],[120.098863,11.818423],[120.095452,11.816416]]],[[[120.080708,11.859086],[120.074477,11.866117],[120.075921,11.868192],[120.082888,11.868055],[120.091472,11.860423],[120.080708,11.859086]]],[[[120.053658,11.910461],[120.053314,11.909082],[120.052739,11.90978],[120.053658,11.910461]]],[[[120.044099,11.91495],[120.049125,11.915242],[120.05025,11.913187],[120.044099,11.91495]]],[[[120.039339,11.915015],[120.040775,11.916806],[120.041723,11.91496],[120.039339,11.915015]]],[[[120.048705,11.919821],[120.04314,11.917422],[120.041578,11.92466],[120.033467,11.927754],[120.039493,11.929022],[120.042774,11.934289],[120.048111,11.934095],[120.047604,11.931593],[120.052751,11.929544],[120.051668,11.933115],[120.06051,11.930606],[120.068962,11.922922],[120.067568,11.916168],[120.058798,11.914594],[120.048705,11.919821]]],[[[120.022443,11.926866],[120.025527,11.928867],[120.025569,11.926718],[120.022443,11.926866]]],[[[120.019899,11.930233],[120.021483,11.930938],[120.021647,11.930624],[120.019899,11.930233]]],[[[120.032498,11.931852],[120.033481,11.930229],[120.031645,11.931664],[120.032498,11.931852]]],[[[119.975031,11.930127],[119.974653,11.933894],[119.979764,11.935048],[119.980686,11.93131],[119.975031,11.930127]]],[[[120.039048,11.933442],[120.03936,11.934118],[120.039796,11.933448],[120.039048,11.933442]]],[[[120.02382,11.9371],[120.027264,11.933281],[120.023119,11.935717],[120.02382,11.9371]]],[[[119.98867,11.941332],[119.993068,11.940834],[119.994139,11.937083],[119.99035,11.937672],[119.98867,11.941332]]],[[[119.995783,11.942254],[120.002226,11.940536],[120.00225,11.938103],[119.995184,11.940153],[119.995783,11.942254]]],[[[120.032934,11.941896],[120.031162,11.939924],[120.024998,11.946945],[120.027526,11.949067],[120.026259,11.946914],[120.032934,11.941896]]],[[[119.966826,11.948122],[119.97318,11.946676],[119.974902,11.945555],[119.966494,11.945839],[119.966826,11.948122]]],[[[120.017779,11.947556],[120.012677,11.947784],[120.012384,11.94893],[120.017779,11.947556]]],[[[119.982478,11.949387],[119.981214,11.948942],[119.981265,11.949324],[119.982478,11.949387]]],[[[119.977866,11.951644],[119.974275,11.950363],[119.972508,11.95198],[119.974419,11.952621],[119.977866,11.951644]]],[[[119.968758,11.956192],[119.969787,11.955063],[119.968448,11.955971],[119.968758,11.956192]]],[[[119.985058,11.945011],[119.983544,11.948755],[119.987617,11.952455],[119.975081,11.956427],[119.99027,11.957854],[119.982375,11.961761],[119.992873,11.970048],[120.001456,11.965871],[120.002084,11.96137],[120.01782,11.955687],[120.020752,11.959343],[120.022944,11.954763],[120.011072,11.950082],[120.01034,11.945875],[120.015125,11.942843],[120.008752,11.942218],[120.004633,11.947939],[119.996653,11.949287],[119.994542,11.941815],[119.985058,11.945011]]],[[[120.092456,11.972259],[120.091758,11.972977],[120.092051,11.973151],[120.092456,11.972259]]],[[[120.060918,11.995474],[120.067497,11.993028],[120.075307,11.983637],[120.084443,11.958945],[120.076442,11.958893],[120.071074,11.963873],[120.065987,11.962432],[120.066563,11.971937],[120.060918,11.995474]]],[[[119.978266,11.979116],[119.9789,11.977043],[119.975627,11.978652],[119.978266,11.979116]]],[[[120.019661,11.986916],[120.020754,11.979204],[120.027018,11.975089],[120.025502,11.971341],[120.022201,11.971623],[120.016723,11.980537],[120.009908,11.980529],[120.012102,11.984701],[120.019661,11.986916]]],[[[119.979663,11.983798],[119.987417,11.978634],[119.985071,11.976082],[119.981871,11.976854],[119.981769,11.980446],[119.976682,11.979599],[119.973661,11.98277],[119.979663,11.983798]]],[[[119.965978,11.990023],[119.96484,11.991858],[119.967659,11.990741],[119.965978,11.990023]]],[[[120.080902,11.999487],[120.082153,11.999733],[120.081625,11.999061],[120.080902,11.999487]]],[[[119.979939,12.024994],[119.980246,12.026468],[119.980757,12.024856],[119.979939,12.024994]]],[[[119.96308,12.061947],[119.962279,12.061991],[119.962659,12.062913],[119.96308,12.061947]]],[[[120.015401,11.999904],[120.01378,12.00541],[120.010056,12.003452],[119.997571,12.005955],[119.996962,12.001298],[119.991893,12.003286],[119.990606,12.007936],[119.977778,12.009688],[119.97559,12.01643],[119.982839,12.013012],[119.984472,12.016134],[119.979997,12.021914],[119.987096,12.021783],[119.986303,12.027136],[119.992445,12.019962],[119.996873,12.023761],[119.98555,12.031126],[119.982911,12.029399],[119.983872,12.02566],[119.980859,12.028409],[119.976458,12.022993],[119.972202,12.024091],[119.970688,12.035345],[119.974584,12.038455],[119.971069,12.043294],[119.969248,12.065064],[119.966137,12.06167],[119.96369,12.061092],[119.96273,12.063047],[119.962203,12.062778],[119.958868,12.057482],[119.954449,12.059201],[119.952792,12.055356],[119.947284,12.068697],[119.937951,12.073039],[119.940858,12.076459],[119.950465,12.07365],[119.951261,12.078452],[119.940979,12.084673],[119.935516,12.0835],[119.933018,12.087427],[119.930013,12.101415],[119.934787,12.121707],[119.929622,12.131639],[119.931304,12.137399],[119.924722,12.136991],[119.926025,12.141209],[119.920646,12.15192],[119.900173,12.163334],[119.905608,12.179636],[119.904097,12.186895],[119.898838,12.19043],[119.896749,12.202348],[119.888407,12.205465],[119.879093,12.202479],[119.869476,12.18033],[119.866018,12.178608],[119.866147,12.173549],[119.858027,12.166581],[119.863151,12.162024],[119.860696,12.154728],[119.852496,12.147932],[119.854697,12.161921],[119.852862,12.166679],[119.849438,12.166383],[119.848257,12.1749],[119.85333,12.184246],[119.863442,12.192417],[119.866144,12.205661],[119.862729,12.204822],[119.875407,12.223237],[119.87449,12.228617],[119.86417,12.233524],[119.864134,12.236498],[119.858789,12.233036],[119.857399,12.242416],[119.860751,12.255456],[119.863706,12.25746],[119.864117,12.253708],[119.869654,12.253951],[119.878237,12.265373],[119.886708,12.263581],[119.917022,12.273666],[119.913191,12.277473],[119.894534,12.274257],[119.894086,12.276401],[119.89143,12.271086],[119.887657,12.272075],[119.888396,12.274984],[119.883614,12.270407],[119.870695,12.266196],[119.867544,12.26802],[119.868994,12.277276],[119.87644,12.278885],[119.874629,12.283915],[119.879907,12.289436],[119.870488,12.28791],[119.867135,12.290171],[119.872965,12.293242],[119.868847,12.294997],[119.868018,12.303639],[119.863715,12.307842],[119.873744,12.31546],[119.880301,12.327439],[119.89429,12.329635],[119.901957,12.327044],[119.904322,12.32247],[119.913588,12.323324],[119.926297,12.318018],[119.923374,12.298037],[119.932174,12.289138],[119.938389,12.288974],[119.937033,12.281158],[119.930323,12.276114],[119.92956,12.278215],[119.924611,12.275987],[119.929646,12.270134],[119.949111,12.264543],[119.973027,12.27078],[119.980663,12.260838],[119.986428,12.258589],[119.997325,12.260894],[120.011171,12.253115],[120.014466,12.253957],[120.014545,12.249321],[120.022098,12.239298],[120.041433,12.234447],[120.044645,12.228321],[120.048695,12.227277],[120.049662,12.215215],[120.059963,12.201578],[120.062666,12.190169],[120.068163,12.193817],[120.076011,12.189713],[120.085383,12.195391],[120.085754,12.200978],[120.082587,12.201185],[120.087554,12.203413],[120.099225,12.200939],[120.109159,12.194304],[120.108781,12.187177],[120.097399,12.193889],[120.09042,12.19104],[120.098857,12.181869],[120.092258,12.182951],[120.095749,12.178686],[120.087461,12.176115],[120.085706,12.170219],[120.089537,12.173425],[120.096657,12.172856],[120.098526,12.176685],[120.099004,12.171899],[120.105777,12.171436],[120.108395,12.164317],[120.122733,12.158496],[120.127305,12.147526],[120.146795,12.141537],[120.141504,12.133686],[120.149641,12.127585],[120.146229,12.133955],[120.153724,12.135041],[120.163536,12.119369],[120.165914,12.121326],[120.178251,12.116402],[120.18735,12.117141],[120.190502,12.123559],[120.181013,12.126533],[120.179488,12.132826],[120.188594,12.132273],[120.187406,12.137332],[120.209615,12.130157],[120.214671,12.13419],[120.21529,12.145674],[120.207518,12.153443],[120.208148,12.160015],[120.205655,12.161723],[120.213085,12.170203],[120.215718,12.18506],[120.219373,12.188899],[120.219231,12.197448],[120.212934,12.205009],[120.214661,12.213328],[120.205471,12.219757],[120.217048,12.226346],[120.215146,12.215574],[120.222707,12.208354],[120.220878,12.204791],[120.223518,12.198299],[120.24268,12.19896],[120.238322,12.18325],[120.243474,12.174987],[120.241922,12.160448],[120.251092,12.151002],[120.24177,12.149823],[120.252549,12.143377],[120.246136,12.131151],[120.259991,12.124658],[120.258566,12.129924],[120.270074,12.134514],[120.274148,12.144272],[120.278899,12.131808],[120.28494,12.126204],[120.286138,12.114777],[120.291802,12.114485],[120.293708,12.119201],[120.304905,12.117347],[120.305648,12.107778],[120.301846,12.104352],[120.307182,12.101307],[120.307404,12.09797],[120.315211,12.09135],[120.323641,12.097209],[120.332733,12.091372],[120.332295,12.087324],[120.327309,12.085939],[120.325981,12.082287],[120.334119,12.076716],[120.340985,12.057722],[120.332534,12.04271],[120.317783,12.045192],[120.315329,12.04435],[120.316299,12.040498],[120.309663,12.039535],[120.308331,12.028529],[120.316552,12.030161],[120.316148,12.037273],[120.32006,12.040793],[120.32467,12.037959],[120.32418,12.031051],[120.330077,12.023118],[120.330585,12.017049],[120.333196,12.015666],[120.333145,12.019693],[120.330336,12.020283],[120.333774,12.022062],[120.340483,12.012614],[120.33098,12.0008],[120.33563,11.992279],[120.323397,11.999889],[120.315838,12.000701],[120.315622,11.997472],[120.30982,11.997787],[120.30574,11.99143],[120.300185,11.993285],[120.302528,11.982351],[120.30003,11.98142],[120.287118,11.985451],[120.264551,12.006634],[120.261428,12.003987],[120.251642,12.006603],[120.244783,12.000753],[120.245617,11.996457],[120.233311,11.995286],[120.227047,11.990252],[120.224402,11.982156],[120.217846,11.987641],[120.219858,11.991527],[120.211363,11.990999],[120.211401,11.997692],[120.203827,11.996273],[120.205915,11.993788],[120.200296,12.000128],[120.19269,12.000641],[120.18605,12.007228],[120.177634,12.008081],[120.175122,12.014057],[120.176483,12.024014],[120.162618,12.031723],[120.161798,12.02423],[120.157503,12.020913],[120.147534,12.024525],[120.152938,12.027575],[120.141373,12.023032],[120.132507,12.032209],[120.129375,12.027703],[120.124585,12.028651],[120.126931,12.027402],[120.124467,12.017317],[120.133111,12.010957],[120.137372,12.00274],[120.128639,12.002536],[120.130977,11.996706],[120.126836,11.99093],[120.117581,11.992836],[120.114242,11.988812],[120.103844,12.002791],[120.095861,12.002909],[120.095278,12.000037],[120.105784,11.992285],[120.106387,11.983078],[120.112855,11.978755],[120.116391,11.986377],[120.119221,11.978317],[120.118594,11.973838],[120.112392,11.97595],[120.107621,11.971321],[120.103763,11.972391],[120.099843,11.960593],[120.095481,11.963912],[120.092957,11.969571],[120.093167,11.970149],[120.092519,11.972476],[120.091695,11.974105],[120.089079,11.970915],[120.080376,11.985961],[120.081599,11.993699],[120.087115,11.99416],[120.088811,11.998139],[120.078578,12.001882],[120.05294,12.019872],[120.050786,12.015923],[120.058292,12.007465],[120.048719,12.005471],[120.050197,11.999473],[120.043909,11.992215],[120.03608,11.997101],[120.020687,11.98789],[120.017963,11.990948],[120.019104,11.997502],[120.012924,11.996919],[120.015401,11.999904]]],[[[120.103271,12.228271],[120.104919,12.227905],[120.104492,12.226074],[120.103271,12.228271]]],[[[120.050234,12.232497],[120.049472,12.230224],[120.048716,12.231217],[120.050234,12.232497]]],[[[120.085371,12.236704],[120.090244,12.234078],[120.088313,12.231483],[120.085371,12.236704]]],[[[120.04662,12.240533],[120.047301,12.23666],[120.045615,12.242844],[120.04662,12.240533]]],[[[120.091402,12.270542],[120.09846,12.266594],[120.098908,12.265457],[120.091402,12.270542]]],[[[120.089551,12.271221],[120.09004,12.271821],[120.09054,12.270907],[120.089551,12.271221]]],[[[120.045412,13.866463],[120.022042,13.881559],[120.018032,13.888869],[120.02539,13.897024],[120.039915,13.89899],[120.045967,13.896656],[120.058652,13.876638],[120.057268,13.872209],[120.045412,13.866463]]],[[[120.242091,10.657242],[120.245507,10.677023],[120.254031,10.661],[120.25466,10.652789],[120.24937,10.644674],[120.258129,10.63608],[120.256254,10.632792],[120.246804,10.632796],[120.24871,10.638558],[120.24426,10.643841],[120.242091,10.657242]]],[[[120.247505,10.682401],[120.245969,10.68035],[120.247014,10.682552],[120.247505,10.682401]]],[[[120.271524,10.691522],[120.269024,10.694326],[120.270648,10.695274],[120.271524,10.691522]]],[[[120.26987,10.704994],[120.265998,10.700801],[120.267132,10.69558],[120.255607,10.694382],[120.257775,10.700476],[120.253325,10.707629],[120.255847,10.715202],[120.262196,10.71272],[120.265208,10.717727],[120.26987,10.704994]]],[[[120.268373,11.235329],[120.273452,11.239432],[120.27051,11.233306],[120.268373,11.235329]]],[[[120.232278,11.297028],[120.234255,11.29575],[120.232389,11.295475],[120.232278,11.297028]]],[[[120.135158,11.410159],[120.14001,11.411987],[120.144527,11.408779],[120.139682,11.407926],[120.135158,11.410159]]],[[[120.169103,11.414894],[120.174479,11.428842],[120.180236,11.430863],[120.169103,11.414894]]],[[[120.18106,11.431719],[120.180207,11.432375],[120.181139,11.432594],[120.18106,11.431719]]],[[[120.152779,11.434581],[120.16326,11.43772],[120.165716,11.445548],[120.178973,11.461081],[120.186999,11.463187],[120.189351,11.457709],[120.199126,11.452422],[120.197325,11.44967],[120.182513,11.44827],[120.174566,11.437898],[120.168287,11.434833],[120.152313,11.431627],[120.152779,11.434581]]],[[[120.108209,11.664483],[120.121786,11.656471],[120.110601,11.651605],[120.107998,11.647061],[120.108209,11.664483]]],[[[120.135419,11.678795],[120.137272,11.680167],[120.136398,11.677743],[120.135419,11.678795]]],[[[120.145976,11.683174],[120.14262,11.681891],[120.139662,11.684622],[120.139354,11.689693],[120.149453,11.692395],[120.145976,11.683174]]],[[[120.203477,11.705575],[120.205076,11.705157],[120.203297,11.704474],[120.203477,11.705575]]],[[[120.15669,11.729092],[120.157293,11.725695],[120.15443,11.717635],[120.153614,11.728194],[120.15669,11.729092]]],[[[120.173629,11.738149],[120.174864,11.738514],[120.173272,11.737464],[120.173629,11.738149]]],[[[120.166864,11.782151],[120.188887,11.779809],[120.191536,11.773815],[120.194064,11.774657],[120.191124,11.769545],[120.193287,11.76529],[120.1985,11.764479],[120.199651,11.753361],[120.195837,11.749961],[120.194665,11.754979],[120.189905,11.753461],[120.188068,11.747475],[120.184642,11.752434],[120.174669,11.742031],[120.16861,11.742807],[120.16473,11.748548],[120.158259,11.745352],[120.15824,11.74926],[120.15203,11.753532],[120.138734,11.752012],[120.144731,11.756499],[120.134723,11.764656],[120.138758,11.767935],[120.134517,11.773997],[120.134531,11.780193],[120.139687,11.77887],[120.142561,11.764022],[120.149373,11.762149],[120.147833,11.765076],[120.154821,11.771761],[120.153659,11.768287],[120.157554,11.763227],[120.160572,11.76842],[120.166221,11.765169],[120.164456,11.761441],[120.169817,11.75972],[120.177396,11.762236],[120.175305,11.754006],[120.178776,11.758289],[120.18405,11.754858],[120.18893,11.75774],[120.184179,11.759044],[120.177837,11.772364],[120.18497,11.772803],[120.178132,11.778711],[120.173661,11.779849],[120.173673,11.777315],[120.166864,11.782151]]],[[[120.219112,11.768038],[120.224615,11.769852],[120.225897,11.768596],[120.222446,11.766033],[120.219112,11.768038]]],[[[120.125706,11.769557],[120.128575,11.771799],[120.128782,11.771316],[120.125706,11.769557]]],[[[120.16696,11.771044],[120.166204,11.770259],[120.166347,11.77165],[120.16696,11.771044]]],[[[120.17618,11.775083],[120.174733,11.775268],[120.175384,11.775754],[120.17618,11.775083]]],[[[120.134871,11.782714],[120.134904,11.781172],[120.134302,11.783042],[120.134871,11.782714]]],[[[120.134708,11.784264],[120.134114,11.784989],[120.134662,11.785288],[120.134708,11.784264]]],[[[120.116365,11.792],[120.110737,11.788039],[120.114852,11.793848],[120.116365,11.792]]],[[[120.123641,11.799566],[120.117777,11.801616],[120.115275,11.797768],[120.114685,11.808193],[120.126689,11.813905],[120.127503,11.824617],[120.131168,11.820765],[120.130394,11.813454],[120.133368,11.811894],[120.122874,11.809435],[120.123641,11.799566]]],[[[120.118745,11.815961],[120.120184,11.817572],[120.123623,11.816507],[120.12229,11.814337],[120.118745,11.815961]]],[[[120.312084,11.825981],[120.304864,11.837346],[120.30761,11.844402],[120.313638,11.850326],[120.321108,11.849933],[120.317265,11.844887],[120.319694,11.841557],[120.317191,11.835408],[120.312822,11.833231],[120.312084,11.825981]]],[[[120.11432,11.843211],[120.112359,11.842052],[120.112252,11.842645],[120.11432,11.843211]]],[[[120.257998,11.892997],[120.258691,11.858894],[120.252354,11.850055],[120.246161,11.848152],[120.247306,11.844112],[120.254105,11.84283],[120.251763,11.831998],[120.258077,11.827438],[120.259954,11.815898],[120.266151,11.823079],[120.262187,11.807253],[120.260544,11.812474],[120.256412,11.814245],[120.258144,11.816792],[120.254649,11.815183],[120.236688,11.846677],[120.233268,11.856677],[120.233221,11.871907],[120.224343,11.892393],[120.208964,11.911243],[120.204003,11.926367],[120.191877,11.936525],[120.194052,11.936617],[120.192513,11.951927],[120.20272,11.942983],[120.206436,11.94639],[120.209124,11.944853],[120.21008,11.951865],[120.21593,11.957255],[120.223625,11.961445],[120.226406,11.959336],[120.23019,11.968187],[120.235379,11.966639],[120.234938,11.96922],[120.247311,11.975862],[120.244886,11.987054],[120.271791,11.969134],[120.266136,11.959852],[120.266992,11.955887],[120.27366,11.952383],[120.272902,11.938586],[120.276521,11.935911],[120.276699,11.926068],[120.268157,11.924125],[120.262979,11.914141],[120.25476,11.919072],[120.249037,11.908549],[120.257998,11.892997]]],[[[120.203327,11.947149],[120.20405,11.944521],[120.203005,11.944552],[120.203327,11.947149]]],[[[120.205382,11.947636],[120.205619,11.948886],[120.207433,11.948436],[120.205382,11.947636]]],[[[120.276306,11.955078],[120.278076,11.956482],[120.276917,11.954102],[120.276306,11.955078]]],[[[120.275696,11.957275],[120.27533,11.955688],[120.274475,11.956482],[120.275696,11.957275]]],[[[120.105896,11.961548],[120.10874,11.955239],[120.103308,11.962122],[120.105896,11.961548]]],[[[120.1682,11.962729],[120.162423,11.955988],[120.16418,11.958826],[120.156611,11.959662],[120.1682,11.962729]]],[[[120.226452,11.962707],[120.22603,11.960788],[120.224957,11.962023],[120.226452,11.962707]]],[[[120.179568,11.96349],[120.180469,11.962948],[120.179501,11.963224],[120.179568,11.96349]]],[[[120.15295,11.973015],[120.150851,11.970597],[120.149751,11.97066],[120.149773,11.972769],[120.15295,11.973015]]],[[[120.306091,11.975098],[120.306885,11.975708],[120.306885,11.974915],[120.306091,11.975098]]],[[[120.304871,11.977478],[120.305908,11.977478],[120.305725,11.976929],[120.304871,11.977478]]],[[[120.183477,11.971799],[120.178703,11.971068],[120.180726,11.973461],[120.178068,11.975674],[120.171473,11.975475],[120.178599,11.979948],[120.176816,11.981972],[120.163684,11.976426],[120.165526,11.970564],[120.160459,11.967799],[120.154367,11.96877],[120.156152,11.973948],[120.153637,11.975243],[120.139678,11.969841],[120.130557,11.974771],[120.135316,11.979172],[120.130424,11.985961],[120.135548,11.986566],[120.134231,11.992178],[120.142103,11.990441],[120.147351,11.984895],[120.165597,11.982447],[120.179472,11.991576],[120.187761,11.992032],[120.189178,11.986382],[120.19608,11.981974],[120.196438,11.97546],[120.193815,11.973389],[120.199801,11.974216],[120.197371,11.968485],[120.18765,11.966006],[120.183477,11.971799]]],[[[120.122038,11.983593],[120.125204,11.979681],[120.122122,11.977983],[120.120258,11.981376],[120.122038,11.983593]]],[[[120.237337,11.981373],[120.238416,11.981477],[120.238873,11.980887],[120.237337,11.981373]]],[[[120.196956,11.979961],[120.197741,11.983773],[120.201156,11.982506],[120.200784,11.979908],[120.196956,11.979961]]],[[[120.163421,11.986222],[120.161918,11.985347],[120.161673,11.985988],[120.163421,11.986222]]],[[[120.152555,11.985735],[120.152356,11.988202],[120.154068,11.987353],[120.152555,11.985735]]],[[[120.172282,11.988743],[120.170665,11.987376],[120.169763,11.987694],[120.172282,11.988743]]],[[[120.140584,11.999844],[120.144172,11.996148],[120.144458,11.992627],[120.140584,11.999844]]],[[[120.190903,12.001623],[120.190442,11.999196],[120.189672,12.000927],[120.190903,12.001623]]],[[[120.185564,12.006165],[120.184561,12.007333],[120.18584,12.007146],[120.185564,12.006165]]],[[[120.178469,11.996132],[120.157692,12.005858],[120.146324,12.020044],[120.161559,12.008066],[120.173858,12.009137],[120.182718,12.00267],[120.177714,11.99887],[120.178469,11.996132]]],[[[120.311265,12.105963],[120.306951,12.10379],[120.306646,12.104187],[120.311265,12.105963]]],[[[120.183838,12.139363],[120.179869,12.138345],[120.179489,12.139936],[120.183838,12.139363]]],[[[120.156936,12.146023],[120.161531,12.143946],[120.162668,12.141005],[120.159634,12.141595],[120.156936,12.146023]]],[[[120.187553,12.148827],[120.189044,12.147194],[120.187057,12.148814],[120.187553,12.148827]]],[[[120.258867,12.144908],[120.256421,12.148572],[120.253656,12.156571],[120.264731,12.154212],[120.260692,12.143908],[120.256589,12.142592],[120.258867,12.144908]]],[[[120.267395,12.155107],[120.265092,12.156331],[120.26683,12.156233],[120.267395,12.155107]]],[[[120.165818,12.151308],[120.162546,12.160245],[120.172938,12.156086],[120.165818,12.151308]]],[[[120.250351,12.159044],[120.250436,12.156198],[120.24955,12.156504],[120.250351,12.159044]]],[[[120.148725,12.167474],[120.153134,12.168871],[120.150977,12.162432],[120.148725,12.167474]]],[[[120.140794,12.199408],[120.176688,12.161549],[120.186249,12.163482],[120.197869,12.155525],[120.200896,12.147538],[120.194119,12.143037],[120.191522,12.146094],[120.196703,12.148792],[120.183812,12.156465],[120.174835,12.157122],[120.162527,12.171361],[120.155662,12.170065],[120.147916,12.175031],[120.150063,12.186605],[120.137764,12.198964],[120.140794,12.199408]]],[[[120.249707,12.164488],[120.248113,12.178523],[120.25402,12.183531],[120.256971,12.17276],[120.255296,12.160232],[120.252553,12.159757],[120.252991,12.164091],[120.249707,12.164488]]],[[[120.145551,12.181502],[120.145156,12.182248],[120.145695,12.181973],[120.145551,12.181502]]],[[[120.132673,12.186594],[120.133424,12.183226],[120.131719,12.186779],[120.132673,12.186594]]],[[[120.127826,12.208318],[120.130885,12.206928],[120.131511,12.206002],[120.130634,12.205875],[120.127826,12.208318]]],[[[120.240304,12.211059],[120.240633,12.214711],[120.242098,12.203691],[120.240304,12.211059]]],[[[120.262265,12.297479],[120.259316,12.297962],[120.262991,12.298973],[120.262265,12.297479]]],[[[120.271256,12.335189],[120.276847,12.330052],[120.272744,12.328727],[120.271256,12.335189]]],[[[120.260944,12.350613],[120.262241,12.353672],[120.263053,12.350077],[120.270633,12.347832],[120.270859,12.342811],[120.260944,12.350613]]],[[[120.279307,13.682963],[120.27853,13.682681],[120.278881,13.683234],[120.279307,13.682963]]],[[[120.296265,13.702976],[120.296238,13.703805],[120.297028,13.702949],[120.296265,13.702976]]],[[[120.296535,13.70634],[120.296624,13.704688],[120.294568,13.705102],[120.296535,13.70634]]],[[[120.222013,13.821595],[120.236319,13.808764],[120.239648,13.80135],[120.235748,13.792585],[120.242129,13.79011],[120.254315,13.79235],[120.257038,13.782383],[120.26374,13.77729],[120.262979,13.767348],[120.267685,13.751825],[120.273566,13.749937],[120.278435,13.755628],[120.27702,13.742323],[120.287166,13.73488],[120.262541,13.736168],[120.25133,13.728869],[120.253054,13.716662],[120.268667,13.705411],[120.275684,13.704372],[120.287737,13.711168],[120.293413,13.705956],[120.286906,13.698434],[120.295322,13.685746],[120.290981,13.683258],[120.278497,13.68693],[120.270901,13.670956],[120.262239,13.67552],[120.263552,13.679843],[120.253755,13.695526],[120.253919,13.702343],[120.234519,13.711482],[120.223755,13.712083],[120.222005,13.709521],[120.220221,13.713228],[120.215414,13.71336],[120.212759,13.723726],[120.203743,13.734297],[120.186452,13.741106],[120.174734,13.73629],[120.168292,13.742159],[120.156904,13.745422],[120.153435,13.759317],[120.138217,13.765176],[120.132112,13.764911],[120.13056,13.761271],[120.126621,13.767995],[120.121197,13.769867],[120.122147,13.774339],[120.111781,13.781731],[120.100743,13.784518],[120.091112,13.808165],[120.094276,13.835651],[120.080378,13.841512],[120.076795,13.850167],[120.090214,13.864585],[120.122383,13.860676],[120.148759,13.849473],[120.168168,13.827225],[120.194981,13.824422],[120.200697,13.818725],[120.202406,13.810936],[120.210547,13.812238],[120.208751,13.818825],[120.212286,13.822937],[120.222013,13.821595]]],[[[120.284087,13.814955],[120.28832,13.822623],[120.284575,13.832277],[120.286777,13.835944],[120.296719,13.835864],[120.305235,13.831949],[120.308849,13.823302],[120.32027,13.825761],[120.321547,13.819805],[120.326624,13.820406],[120.324462,13.814351],[120.327076,13.80779],[120.336362,13.80739],[120.33162,13.801149],[120.335161,13.798093],[120.330258,13.793254],[120.334227,13.788444],[120.314713,13.782612],[120.311259,13.774807],[120.304879,13.779378],[120.296393,13.779387],[120.279849,13.786414],[120.274543,13.792219],[120.275065,13.805449],[120.268593,13.807856],[120.263158,13.804961],[120.26008,13.812805],[120.284087,13.814955]]],[[[120.807095,9.27544],[120.822886,9.282262],[120.824559,9.280494],[120.813236,9.274923],[120.807095,9.27544]]],[[[121.002473,9.612949],[121.008036,9.615369],[121.01948,9.60903],[121.007529,9.607013],[121.002808,9.60906],[121.002473,9.612949]]],[[[120.331116,10.683899],[120.327271,10.680481],[120.325317,10.682129],[120.331116,10.683899]]],[[[120.886969,10.694987],[120.887694,10.692904],[120.886006,10.692988],[120.886969,10.694987]]],[[[120.964136,10.704535],[120.964496,10.701875],[120.963176,10.702295],[120.964136,10.704535]]],[[[120.890936,10.704542],[120.888287,10.707901],[120.890087,10.708076],[120.890936,10.704542]]],[[[120.313293,10.716125],[120.315308,10.719482],[120.316101,10.717529],[120.313293,10.716125]]],[[[120.774475,10.718689],[120.772888,10.719299],[120.774475,10.71991],[120.774475,10.718689]]],[[[120.774719,10.721497],[120.773926,10.72229],[120.775085,10.722473],[120.774719,10.721497]]],[[[120.794121,10.720381],[120.789669,10.725252],[120.789254,10.72724],[120.795252,10.725423],[120.794121,10.720381]]],[[[120.893815,10.739173],[120.903866,10.738765],[120.909416,10.732824],[120.905,10.723179],[120.899718,10.723324],[120.894195,10.72938],[120.893815,10.739173]]],[[[121.069298,10.750346],[121.062698,10.751165],[121.062581,10.756905],[121.06988,10.753904],[121.069298,10.750346]]],[[[120.886414,10.815383],[120.883609,10.816297],[120.883956,10.81679],[120.886414,10.815383]]],[[[120.968138,10.816301],[120.958827,10.817099],[120.957953,10.821316],[120.96231,10.827256],[120.97136,10.824679],[120.9812,10.829702],[120.986344,10.825576],[120.985315,10.811728],[120.971877,10.807633],[120.968238,10.809453],[120.968138,10.816301]]],[[[121.044107,10.8019],[121.035912,10.797684],[121.013837,10.804131],[121.013366,10.812217],[121.005964,10.81856],[121.003535,10.828243],[120.998226,10.830393],[121.001352,10.83853],[121.00728,10.843105],[121.00497,10.856671],[121.014218,10.862727],[121.020831,10.862851],[121.023685,10.868154],[121.028054,10.867376],[121.039119,10.876136],[121.046067,10.872526],[121.054705,10.886162],[121.051866,10.904914],[121.070291,10.907496],[121.07792,10.903661],[121.079663,10.894352],[121.076954,10.888154],[121.075497,10.890014],[121.063575,10.886137],[121.061382,10.875468],[121.063763,10.871338],[121.070922,10.872613],[121.076764,10.868923],[121.081535,10.853722],[121.076586,10.847299],[121.068569,10.843506],[121.063213,10.844854],[121.058967,10.840121],[121.060353,10.826273],[121.066404,10.817093],[121.065457,10.808135],[121.056074,10.805015],[121.042368,10.809166],[121.044107,10.8019]]],[[[120.935434,10.875411],[120.940719,10.873786],[120.935826,10.872412],[120.935434,10.875411]]],[[[121.065934,10.884563],[121.064169,10.885616],[121.065988,10.886723],[121.065934,10.884563]]],[[[121.046433,10.893242],[121.051402,10.896211],[121.050557,10.888633],[121.046173,10.888348],[121.046433,10.893242]]],[[[120.994324,10.90271],[120.993286,10.90332],[120.99469,10.90332],[120.994324,10.90271]]],[[[121.014452,10.909735],[121.013834,10.910921],[121.01636,10.910882],[121.014452,10.909735]]],[[[121.044379,10.906344],[121.034915,10.91326],[121.035616,10.915319],[121.04583,10.913475],[121.044379,10.906344]]],[[[120.729592,10.970528],[120.734112,10.964221],[120.726449,10.953254],[120.718527,10.965442],[120.722352,10.971478],[120.729592,10.970528]]],[[[120.937829,10.986422],[120.941845,10.996191],[120.953052,10.998466],[120.965359,10.981632],[120.95823,10.974396],[120.945864,10.973823],[120.937829,10.986422]]],[[[120.773454,10.999531],[120.763876,10.997533],[120.771942,11.005461],[120.774726,11.004697],[120.773454,10.999531]]],[[[120.831136,11.008233],[120.819066,11.002834],[120.815907,11.007849],[120.828,11.013641],[120.831136,11.008233]]],[[[120.870229,11.037482],[120.865658,11.039384],[120.867261,11.042599],[120.872457,11.03969],[120.870229,11.037482]]],[[[120.948651,11.093767],[120.948661,11.096551],[120.95014,11.095248],[120.948651,11.093767]]],[[[120.695319,11.101751],[120.695633,11.105333],[120.697611,11.102612],[120.695319,11.101751]]],[[[120.944791,11.135579],[120.938533,11.143231],[120.938414,11.15324],[120.942191,11.158891],[120.961537,11.161428],[120.978514,11.173862],[120.983561,11.173355],[120.987678,11.16799],[120.987341,11.154201],[120.97451,11.145739],[120.971169,11.137773],[120.965964,11.133666],[120.95483,11.13212],[120.944791,11.135579]]],[[[120.906494,11.202698],[120.906128,11.204285],[120.906677,11.204102],[120.906494,11.202698]]],[[[120.686371,11.21037],[120.68926,11.211807],[120.687026,11.208639],[120.686371,11.21037]]],[[[120.752768,11.218625],[120.761374,11.217839],[120.761318,11.212585],[120.752483,11.212469],[120.752768,11.218625]]],[[[121.05937,11.222498],[121.060742,11.228753],[121.066292,11.229851],[121.068794,11.226848],[121.06755,11.219717],[121.05937,11.222498]]],[[[120.854133,11.240004],[120.850066,11.237611],[120.852003,11.242757],[120.854133,11.240004]]],[[[120.943586,11.251598],[120.940598,11.234951],[120.931738,11.230761],[120.926717,11.232794],[120.923481,11.243053],[120.928477,11.255165],[120.934401,11.258194],[120.943586,11.251598]]],[[[120.695472,11.319064],[120.69684,11.314121],[120.693463,11.306299],[120.699078,11.30289],[120.69748,11.297377],[120.684897,11.291643],[120.674434,11.300656],[120.679352,11.301443],[120.678359,11.298321],[120.685204,11.296084],[120.687877,11.298681],[120.682387,11.304109],[120.676166,11.308487],[120.676758,11.304827],[120.671506,11.304612],[120.674793,11.315091],[120.685691,11.321376],[120.695472,11.319064]]],[[[120.722323,11.355757],[120.722096,11.362353],[120.725654,11.362376],[120.739688,11.345946],[120.722323,11.355757]]],[[[120.864761,11.369583],[120.866819,11.371911],[120.864906,11.369233],[120.864761,11.369583]]],[[[120.82313,11.401389],[120.821064,11.400359],[120.821282,11.403276],[120.82313,11.401389]]],[[[120.814847,11.411169],[120.806982,11.43274],[120.811389,11.436433],[120.813243,11.423001],[120.819492,11.421543],[120.814847,11.411169]]],[[[120.820593,11.42589],[120.818668,11.425092],[120.820485,11.426446],[120.820593,11.42589]]],[[[120.823431,11.427098],[120.823933,11.429802],[120.825047,11.426357],[120.823431,11.427098]]],[[[120.757114,11.431416],[120.762916,11.427814],[120.756741,11.431043],[120.757114,11.431416]]],[[[120.833087,11.444537],[120.853052,11.427991],[120.841777,11.424498],[120.834535,11.417596],[120.826966,11.427764],[120.826407,11.438189],[120.822047,11.445686],[120.830248,11.450054],[120.833666,11.448518],[120.833087,11.444537]]],[[[120.768533,11.446625],[120.779567,11.429517],[120.778374,11.426013],[120.768888,11.432657],[120.768533,11.446625]]],[[[120.802471,11.446608],[120.80115,11.446962],[120.801726,11.448146],[120.802471,11.446608]]],[[[120.80436,11.458194],[120.808225,11.459069],[120.807434,11.448565],[120.803948,11.454079],[120.80436,11.458194]]],[[[120.823409,11.456027],[120.818522,11.451302],[120.813237,11.464091],[120.819354,11.462604],[120.823409,11.456027]]],[[[120.820558,11.463914],[120.821181,11.462782],[120.820359,11.463269],[120.820558,11.463914]]],[[[120.321066,11.844612],[120.320258,11.841484],[120.318683,11.845752],[120.321066,11.844612]]],[[[120.316284,11.962524],[120.313477,11.968079],[120.318298,11.965271],[120.316284,11.962524]]],[[[120.383728,11.995117],[120.385071,11.991699],[120.382324,11.990295],[120.381714,11.991089],[120.383728,11.995117]]],[[[120.358954,12.028197],[120.354338,12.042705],[120.357253,12.043403],[120.358954,12.028197]]],[[[120.338928,12.075928],[120.336487,12.076294],[120.336487,12.078674],[120.337708,12.079102],[120.338928,12.075928]]],[[[120.393921,12.159485],[120.394287,12.160889],[120.395874,12.159729],[120.393921,12.159485]]],[[[120.39093,12.163513],[120.39093,12.162476],[120.39032,12.163513],[120.39093,12.163513]]],[[[120.387915,12.187591],[120.386091,12.18603],[120.384833,12.189437],[120.387915,12.187591]]],[[[121.026607,12.194329],[121.025912,12.195225],[121.026832,12.194674],[121.026607,12.194329]]],[[[121.028449,12.196219],[121.0285,12.194258],[121.027886,12.194288],[121.028449,12.196219]]],[[[120.395642,12.204821],[120.399739,12.201797],[120.400762,12.194826],[120.395889,12.200811],[120.395642,12.204821]]],[[[121.028683,12.18632],[121.016994,12.196756],[121.012698,12.196104],[121.010241,12.199954],[121.019576,12.201273],[121.019508,12.206918],[121.006729,12.201414],[121.001133,12.218271],[121.006885,12.231476],[121.013532,12.235034],[121.021968,12.229123],[121.027269,12.211758],[121.031589,12.212242],[121.037739,12.204158],[121.034516,12.197943],[121.024443,12.204935],[121.019369,12.194997],[121.024251,12.193419],[121.028683,12.18632]]],[[[120.394723,12.209677],[120.385417,12.232671],[120.3973,12.232786],[120.393556,12.223396],[120.394723,12.209677]]],[[[120.381287,12.224487],[120.382507,12.223877],[120.381897,12.223511],[120.381287,12.224487]]],[[[120.357373,12.253992],[120.359755,12.254347],[120.365013,12.242744],[120.360564,12.247788],[120.357373,12.253992]]],[[[120.362053,12.271254],[120.364086,12.280572],[120.34648,12.302886],[120.347603,12.307383],[120.353832,12.30377],[120.358499,12.305588],[120.36832,12.296403],[120.366413,12.293842],[120.374923,12.262735],[120.36979,12.259923],[120.362053,12.271254]]],[[[120.353494,12.288955],[120.352105,12.288399],[120.351733,12.289121],[120.353494,12.288955]]],[[[120.343603,12.30477],[120.342682,12.304275],[120.342146,12.304822],[120.343603,12.30477]]],[[[120.752545,12.844839],[120.757557,12.838836],[120.756149,12.837727],[120.74965,12.842484],[120.752545,12.844839]]],[[[120.745918,12.858],[120.750351,12.859829],[120.754954,12.858082],[120.747478,12.854862],[120.745918,12.858]]],[[[121.24417,12.207387],[121.229218,12.226826],[121.219892,12.227324],[121.208345,12.239956],[121.191099,12.244804],[121.15326,12.244796],[121.151896,12.246925],[121.128195,12.240813],[121.110986,12.24348],[121.113391,12.267832],[121.103259,12.275271],[121.098193,12.269179],[121.094823,12.270025],[121.096476,12.273954],[121.092902,12.287719],[121.10505,12.306885],[121.110628,12.302987],[121.107912,12.298616],[121.113367,12.300516],[121.113721,12.306249],[121.110919,12.305254],[121.108211,12.309338],[121.11448,12.314011],[121.118164,12.320527],[121.117633,12.337066],[121.114583,12.339515],[121.116299,12.33722],[121.113411,12.337818],[121.115315,12.335533],[121.111298,12.334636],[121.105965,12.324021],[121.09642,12.336228],[121.09317,12.335528],[121.096547,12.341805],[121.092278,12.339993],[121.087193,12.347753],[121.087555,12.337426],[121.081532,12.335398],[121.090878,12.327544],[121.075705,12.333899],[121.058546,12.352368],[121.035566,12.365073],[121.007453,12.411374],[121.000853,12.415818],[120.990179,12.417304],[120.975141,12.429213],[120.97208,12.439876],[120.960049,12.456228],[120.946164,12.484324],[120.9334,12.494046],[120.9246,12.505794],[120.925821,12.513112],[120.920681,12.524442],[120.920304,12.540376],[120.92417,12.550868],[120.935534,12.560668],[120.938744,12.577034],[120.928245,12.614456],[120.923962,12.618903],[120.91899,12.619104],[120.912015,12.639113],[120.901465,12.656961],[120.890352,12.659993],[120.879505,12.67783],[120.865045,12.688986],[120.861419,12.708659],[120.855312,12.717502],[120.83459,12.72775],[120.81906,12.721175],[120.804232,12.720225],[120.797521,12.723005],[120.788991,12.73443],[120.792236,12.759998],[120.787637,12.765992],[120.785064,12.780932],[120.784794,12.785868],[120.788673,12.790124],[120.784483,12.82229],[120.774259,12.836115],[120.76515,12.829182],[120.765602,12.834266],[120.760924,12.839097],[120.76821,12.839663],[120.772497,12.844491],[120.78188,12.866789],[120.781546,12.896486],[120.783812,12.901089],[120.780166,12.900805],[120.779312,12.919709],[120.774132,12.934745],[120.78437,12.930069],[120.778948,12.936437],[120.77266,12.937346],[120.775331,12.943653],[120.772061,12.943664],[120.76571,12.98872],[120.732384,13.062321],[120.734322,13.063809],[120.722949,13.067274],[120.701238,13.11118],[120.683246,13.133734],[120.680896,13.144915],[120.669934,13.157418],[120.667904,13.164967],[120.655756,13.176509],[120.657398,13.18033],[120.651082,13.190488],[120.635192,13.193139],[120.633512,13.196269],[120.609878,13.198569],[120.594449,13.220485],[120.587139,13.222633],[120.57171,13.219748],[120.571052,13.228873],[120.560514,13.225713],[120.542584,13.230648],[120.523173,13.22372],[120.529995,13.24795],[120.523965,13.265328],[120.515311,13.269864],[120.504881,13.265128],[120.482072,13.293314],[120.48067,13.299437],[120.488763,13.306656],[120.466389,13.374651],[120.474181,13.397805],[120.463174,13.41399],[120.43666,13.427208],[120.424716,13.424302],[120.413955,13.415368],[120.391472,13.410763],[120.388516,13.404537],[120.394545,13.385473],[120.388506,13.37637],[120.381407,13.375179],[120.361098,13.384415],[120.345083,13.382094],[120.320467,13.409012],[120.315147,13.418753],[120.309769,13.419979],[120.309194,13.43148],[120.299419,13.446501],[120.310377,13.454933],[120.313472,13.476471],[120.320114,13.47949],[120.327199,13.491133],[120.342111,13.49737],[120.345441,13.505215],[120.386608,13.522797],[120.409226,13.526555],[120.413268,13.53084],[120.451778,13.519912],[120.458566,13.511227],[120.471777,13.509341],[120.47822,13.503861],[120.505457,13.509847],[120.52873,13.503019],[120.533151,13.505338],[120.551627,13.504379],[120.560435,13.508323],[120.585838,13.501766],[120.595017,13.496376],[120.608635,13.495159],[120.615536,13.488316],[120.638997,13.487731],[120.655027,13.492695],[120.672479,13.491944],[120.683115,13.486806],[120.717789,13.480808],[120.74747,13.465107],[120.762708,13.464653],[120.778872,13.469991],[120.790169,13.469322],[120.841586,13.486868],[120.855151,13.484727],[120.882597,13.500551],[120.894145,13.498917],[120.9072,13.511007],[120.915397,13.512134],[120.915723,13.505098],[120.920048,13.506535],[120.921028,13.511892],[120.92563,13.512368],[120.933597,13.505776],[120.940744,13.507982],[120.943554,13.50353],[120.946749,13.509267],[120.941073,13.514453],[120.945895,13.521171],[120.951558,13.517692],[120.946982,13.508853],[120.951993,13.506052],[120.950176,13.502965],[120.954764,13.502933],[120.955456,13.50749],[120.958206,13.504987],[120.959382,13.508166],[120.963519,13.506579],[120.961086,13.511073],[120.96228,13.514947],[120.967468,13.51091],[120.967237,13.514795],[120.971911,13.514803],[120.962439,13.518463],[120.960898,13.524516],[120.965768,13.526678],[120.975304,13.520673],[120.992125,13.522645],[120.990951,13.51713],[120.978515,13.513646],[120.982476,13.510518],[120.977934,13.507635],[120.971916,13.509032],[120.971809,13.500909],[120.967813,13.498872],[120.96602,13.503004],[120.957633,13.50255],[120.955408,13.495553],[120.959759,13.493514],[120.965307,13.48265],[120.970703,13.481767],[120.968758,13.479456],[120.974888,13.468467],[120.986339,13.470612],[120.989483,13.463475],[120.997199,13.459765],[121.00447,13.449861],[121.018237,13.442103],[121.036523,13.418454],[121.062716,13.403941],[121.080347,13.408984],[121.089641,13.415865],[121.102682,13.418321],[121.136868,13.4107],[121.141397,13.405305],[121.145866,13.410215],[121.156838,13.411272],[121.156489,13.415056],[121.159934,13.417166],[121.171469,13.414354],[121.185041,13.417817],[121.193976,13.4241],[121.199728,13.437669],[121.208922,13.41781],[121.228124,13.403562],[121.225944,13.388873],[121.230677,13.395297],[121.23547,13.395],[121.251259,13.372652],[121.282153,13.358237],[121.304272,13.343814],[121.315009,13.325723],[121.355122,13.285413],[121.353119,13.282836],[121.356633,13.281944],[121.368638,13.264596],[121.370586,13.257501],[121.380894,13.248357],[121.377851,13.243756],[121.379296,13.239255],[121.383583,13.237471],[121.385823,13.243833],[121.389499,13.240917],[121.396515,13.243927],[121.394671,13.237564],[121.39952,13.23624],[121.401604,13.239988],[121.406457,13.237548],[121.414269,13.242203],[121.414965,13.237473],[121.418082,13.239255],[121.423049,13.234522],[121.433349,13.233183],[121.426329,13.227582],[121.436436,13.224843],[121.440763,13.228056],[121.4403,13.220033],[121.444618,13.215086],[121.438489,13.212451],[121.446218,13.208601],[121.445164,13.197195],[121.449647,13.189871],[121.442373,13.179817],[121.440864,13.168673],[121.436723,13.167148],[121.439029,13.162238],[121.43326,13.162228],[121.442065,13.15391],[121.439016,13.151621],[121.441987,13.143504],[121.468415,13.137809],[121.469272,13.135103],[121.476841,13.136406],[121.481328,13.14194],[121.485622,13.140434],[121.487756,13.146953],[121.493342,13.146636],[121.496106,13.150811],[121.497449,13.145182],[121.509042,13.151367],[121.509974,13.145816],[121.53592,13.139638],[121.538008,13.133332],[121.548617,13.122553],[121.557284,13.119831],[121.553413,13.113766],[121.558334,13.095833],[121.556438,13.088545],[121.544082,13.075859],[121.527649,13.070026],[121.505073,13.054728],[121.496587,13.041003],[121.494963,13.042201],[121.487384,13.022288],[121.485282,13.003315],[121.491247,12.983803],[121.49833,12.938213],[121.496761,12.931465],[121.492164,12.929952],[121.495336,12.929071],[121.483863,12.907857],[121.482326,12.895593],[121.486026,12.870014],[121.494616,12.850641],[121.483814,12.827513],[121.484104,12.814695],[121.479195,12.803955],[121.483035,12.790074],[121.475802,12.7772],[121.478275,12.764891],[121.500115,12.738215],[121.506011,12.736678],[121.509751,12.72904],[121.510528,12.738303],[121.516035,12.737393],[121.517489,12.724784],[121.538586,12.696093],[121.538725,12.684851],[121.54873,12.668619],[121.548106,12.643459],[121.556606,12.615],[121.556952,12.604407],[121.534478,12.597802],[121.526256,12.590087],[121.515244,12.57583],[121.506609,12.547116],[121.467511,12.525379],[121.462718,12.518003],[121.445035,12.522154],[121.436832,12.514809],[121.434366,12.504718],[121.439233,12.506415],[121.443249,12.50363],[121.442405,12.49625],[121.437479,12.490459],[121.444768,12.476185],[121.440862,12.472109],[121.437383,12.475747],[121.432775,12.475221],[121.42604,12.470099],[121.42166,12.462848],[121.425174,12.453356],[121.420438,12.447584],[121.415425,12.450342],[121.409663,12.444514],[121.417623,12.400047],[121.412914,12.39642],[121.414448,12.391851],[121.424776,12.389352],[121.429302,12.378324],[121.434688,12.376985],[121.441412,12.366788],[121.452491,12.359747],[121.442389,12.355141],[121.409285,12.368208],[121.398563,12.365121],[121.391578,12.367391],[121.384077,12.362532],[121.380545,12.354384],[121.387899,12.326229],[121.385907,12.315361],[121.389172,12.315277],[121.38866,12.308095],[121.394747,12.307825],[121.394378,12.301437],[121.401348,12.295752],[121.396585,12.285951],[121.383249,12.295526],[121.378493,12.283884],[121.37214,12.282649],[121.370343,12.291192],[121.377721,12.295818],[121.380505,12.293267],[121.382059,12.298029],[121.378222,12.302126],[121.375278,12.297104],[121.368216,12.29833],[121.369851,12.30176],[121.364337,12.305431],[121.361787,12.32409],[121.344783,12.326278],[121.331937,12.294139],[121.305318,12.293492],[121.297235,12.286398],[121.285847,12.28866],[121.276326,12.285207],[121.272752,12.272463],[121.267576,12.273701],[121.268916,12.263926],[121.266391,12.270311],[121.263255,12.265519],[121.261734,12.235562],[121.256049,12.231972],[121.257138,12.22658],[121.24417,12.207387]],[[121.383145,13.184995],[121.377503,13.200377],[121.374429,13.2009],[121.377302,13.206575],[121.376099,13.219607],[121.36224,13.228041],[121.364797,13.230771],[121.363014,13.234629],[121.353698,13.237513],[121.351987,13.233055],[121.347337,13.237585],[121.339879,13.226543],[121.336954,13.228135],[121.334913,13.224977],[121.333968,13.23386],[121.326711,13.238435],[121.323971,13.235229],[121.323191,13.21581],[121.326163,13.209051],[121.331332,13.207232],[121.324512,13.201103],[121.327343,13.198608],[121.324352,13.193675],[121.326564,13.189127],[121.332603,13.190708],[121.334942,13.185715],[121.331696,13.180658],[121.322794,13.179268],[121.32087,13.170354],[121.324183,13.168014],[121.318007,13.165798],[121.312747,13.158586],[121.312788,13.154502],[121.317927,13.153988],[121.309241,13.146506],[121.30498,13.119852],[121.323644,13.108564],[121.343138,13.109605],[121.360976,13.126958],[121.360592,13.13066],[121.366392,13.128705],[121.366785,13.131844],[121.37187,13.13367],[121.368599,13.14016],[121.388405,13.159237],[121.389047,13.169771],[121.385242,13.171704],[121.383145,13.184995]]],[[[120.957535,13.525376],[120.958895,13.516377],[120.947186,13.52522],[120.951396,13.531511],[120.957535,13.525376]]],[[[120.420903,13.625568],[120.407927,13.627438],[120.398748,13.633019],[120.387339,13.633163],[120.381359,13.642953],[120.367191,13.650006],[120.359421,13.650148],[120.340452,13.664002],[120.328954,13.663048],[120.304252,13.681551],[120.326779,13.675168],[120.338926,13.675761],[120.3555,13.666332],[120.372316,13.666223],[120.382825,13.652872],[120.411636,13.654632],[120.422508,13.642429],[120.423842,13.633361],[120.420903,13.625568]]],[[[120.332231,13.838067],[120.330922,13.834966],[120.328941,13.831688],[120.329511,13.840461],[120.332231,13.838067]]],[[[120.344645,13.864404],[120.346795,13.862954],[120.345868,13.860763],[120.344731,13.861088],[120.344645,13.864404]]],[[[121.215055,9.586887],[121.214406,9.586879],[121.216924,9.587386],[121.215055,9.586887]]],[[[121.232263,9.601343],[121.231727,9.600597],[121.231681,9.601238],[121.232263,9.601343]]],[[[121.182194,9.570041],[121.185883,9.577761],[121.205996,9.59656],[121.222567,9.606327],[121.220701,9.615544],[121.22501,9.628643],[121.224318,9.638304],[121.23112,9.644678],[121.225584,9.627943],[121.225892,9.61661],[121.230088,9.613025],[121.22673,9.607893],[121.227955,9.601644],[121.221281,9.5928],[121.222893,9.589583],[121.227859,9.592888],[121.231994,9.591016],[121.223035,9.586841],[121.215055,9.593224],[121.201635,9.583322],[121.200325,9.577156],[121.192281,9.569071],[121.182194,9.570041]]],[[[121.281002,9.622671],[121.267586,9.607472],[121.239407,9.592284],[121.254811,9.604441],[121.264026,9.606833],[121.271878,9.619476],[121.281002,9.622671]]],[[[121.227058,9.617782],[121.22662,9.61853],[121.227218,9.618595],[121.227058,9.617782]]],[[[121.233907,9.648374],[121.235941,9.645894],[121.233909,9.644046],[121.233907,9.648374]]],[[[121.231337,9.646411],[121.235164,9.658635],[121.238499,9.662236],[121.238626,9.650657],[121.234524,9.650925],[121.231337,9.646411]]],[[[121.197642,10.893525],[121.207295,10.889256],[121.210288,10.884019],[121.199625,10.879643],[121.194098,10.886394],[121.197642,10.893525]]],[[[121.23862,10.951998],[121.231236,10.954097],[121.229746,10.958521],[121.233989,10.959193],[121.239433,10.954959],[121.23862,10.951998]]],[[[121.212672,10.979572],[121.222467,10.979045],[121.234427,10.970897],[121.229939,10.972203],[121.224936,10.965452],[121.227416,10.957659],[121.210079,10.968771],[121.213688,10.97459],[121.212672,10.979572]]],[[[121.103402,10.99746],[121.098191,10.995923],[121.097584,10.99897],[121.103402,10.99746]]],[[[121.140551,11.033647],[121.139291,11.036346],[121.140944,11.03731],[121.143526,11.035335],[121.140551,11.033647]]],[[[121.148623,11.119902],[121.142748,11.118197],[121.140762,11.121659],[121.142874,11.126283],[121.147541,11.126416],[121.148623,11.119902]]],[[[121.949225,12.094643],[121.953572,12.075089],[121.959389,12.07089],[121.961975,12.062527],[121.958589,12.050578],[121.961418,12.043169],[121.957753,12.038842],[121.962184,12.035691],[121.952268,12.031183],[121.924226,12.043436],[121.914484,12.053531],[121.910695,12.063014],[121.911603,12.076641],[121.916317,12.084955],[121.924646,12.08746],[121.935015,12.096787],[121.949225,12.094643]]],[[[122.042592,12.154591],[122.043585,12.141316],[122.031255,12.141017],[122.032306,12.147017],[122.036686,12.145481],[122.03787,12.152238],[122.042592,12.154591]]],[[[122.034847,12.152083],[122.034847,12.154537],[122.038462,12.154693],[122.036277,12.154121],[122.034847,12.152083]]],[[[121.102188,12.169193],[121.104906,12.168714],[121.104779,12.168266],[121.102188,12.169193]]],[[[121.204731,12.211423],[121.204555,12.216699],[121.205898,12.212925],[121.204731,12.211423]]],[[[121.280249,12.213468],[121.282967,12.216757],[121.282829,12.212469],[121.280249,12.213468]]],[[[121.106936,12.165307],[121.105173,12.172531],[121.099621,12.168429],[121.093877,12.173248],[121.086393,12.173901],[121.088132,12.189924],[121.075237,12.211716],[121.037955,12.224666],[121.035852,12.232124],[121.041398,12.240407],[121.033006,12.244728],[121.033296,12.266601],[121.042902,12.289966],[121.049955,12.294127],[121.074215,12.297521],[121.078202,12.292345],[121.085049,12.279304],[121.083034,12.278128],[121.086593,12.276195],[121.09056,12.262799],[121.088532,12.258538],[121.100243,12.243653],[121.105882,12.227925],[121.101448,12.200922],[121.1047,12.199659],[121.107132,12.202534],[121.115243,12.199306],[121.12237,12.183824],[121.133437,12.170207],[121.136056,12.161145],[121.118199,12.15301],[121.106936,12.165307]]],[[[121.283677,12.242658],[121.282498,12.243766],[121.283215,12.24572],[121.283677,12.242658]]],[[[121.380816,12.250081],[121.384354,12.257222],[121.379582,12.259751],[121.385417,12.263949],[121.387825,12.254687],[121.380816,12.250081]]],[[[121.275098,12.267288],[121.277956,12.266702],[121.277998,12.26143],[121.27741,12.264038],[121.275098,12.267288]]],[[[121.374298,12.273861],[121.371059,12.273701],[121.369035,12.278538],[121.375961,12.279007],[121.379251,12.28276],[121.386296,12.269106],[121.377383,12.26382],[121.374298,12.273861]]],[[[121.115068,12.31613],[121.114181,12.316061],[121.11603,12.31773],[121.115068,12.31613]]],[[[121.114596,12.31887],[121.112946,12.31941],[121.114739,12.319281],[121.114596,12.31887]]],[[[121.400318,12.336614],[121.397043,12.349414],[121.400344,12.353332],[121.400318,12.336614]]],[[[121.46035,12.361883],[121.445219,12.36921],[121.44367,12.384333],[121.4509,12.384272],[121.461786,12.375783],[121.455192,12.369568],[121.46035,12.361883]]],[[[121.454602,12.381733],[121.455428,12.382313],[121.455558,12.381702],[121.454602,12.381733]]],[[[122.612825,12.491448],[122.634219,12.492715],[122.638214,12.48364],[122.656631,12.482319],[122.655748,12.477853],[122.652121,12.478371],[122.669339,12.462732],[122.66469,12.459895],[122.66497,12.454444],[122.673627,12.440596],[122.678081,12.440312],[122.683556,12.433439],[122.686641,12.42832],[122.68485,12.422049],[122.69865,12.40169],[122.685711,12.38038],[122.686943,12.372715],[122.692697,12.36484],[122.682218,12.329331],[122.669897,12.310138],[122.63406,12.283697],[122.631837,12.278708],[122.633716,12.267415],[122.609107,12.296615],[122.596472,12.304041],[122.580352,12.302856],[122.563744,12.31146],[122.552393,12.348328],[122.539985,12.362321],[122.526283,12.3714],[122.506438,12.37589],[122.496711,12.384821],[122.457242,12.393801],[122.442096,12.403583],[122.433838,12.41276],[122.42331,12.442802],[122.429324,12.458091],[122.446866,12.466859],[122.461363,12.486713],[122.468555,12.483794],[122.47245,12.489588],[122.479976,12.488252],[122.4856,12.494687],[122.490664,12.493547],[122.492819,12.498544],[122.495919,12.495841],[122.516947,12.494041],[122.516883,12.491576],[122.527214,12.49919],[122.531269,12.497839],[122.534704,12.50285],[122.546264,12.505641],[122.555058,12.497752],[122.563366,12.49904],[122.595378,12.489757],[122.605778,12.494197],[122.612825,12.491448]]],[[[122.097776,12.356582],[122.080902,12.320805],[122.087851,12.313118],[122.073457,12.297719],[122.067795,12.27631],[122.055705,12.258426],[122.059197,12.252598],[122.05408,12.24517],[122.055932,12.240747],[122.050814,12.240104],[122.046614,12.230767],[122.040268,12.229376],[122.048854,12.221765],[122.04091,12.221723],[122.04704,12.213013],[122.045813,12.209413],[122.049014,12.208623],[122.047127,12.199482],[122.042119,12.193855],[122.047112,12.19006],[122.054749,12.198212],[122.05517,12.190467],[122.065445,12.191047],[122.068801,12.183275],[122.067352,12.176133],[122.055974,12.171261],[122.050925,12.180424],[122.045915,12.179832],[122.031058,12.161503],[122.027757,12.148573],[122.024422,12.15146],[122.021318,12.148804],[122.016835,12.138979],[122.021178,12.136341],[122.018025,12.132303],[122.024433,12.125065],[122.023747,12.111694],[122.021808,12.104858],[122.014386,12.099015],[122.003769,12.123574],[121.997379,12.127638],[121.988247,12.14094],[121.984533,12.141649],[121.993395,12.152094],[121.99027,12.157669],[121.991929,12.160322],[121.988534,12.161176],[121.981266,12.153394],[121.966128,12.156727],[121.958976,12.188759],[121.967547,12.212411],[121.964702,12.227365],[121.967315,12.237787],[121.969832,12.238182],[121.975078,12.228959],[121.973301,12.219365],[121.977338,12.203939],[121.975408,12.197039],[121.988643,12.18952],[121.995331,12.19556],[121.993419,12.200481],[121.997102,12.213266],[122.002254,12.218925],[122.004005,12.216104],[122.015439,12.222311],[122.018089,12.23401],[122.000289,12.248243],[121.995459,12.256524],[121.980689,12.264589],[121.974682,12.2584],[121.966618,12.258072],[121.962825,12.264652],[121.966271,12.278645],[121.949753,12.278671],[121.945564,12.287729],[121.947609,12.297148],[121.937776,12.29916],[121.936002,12.287971],[121.928361,12.286938],[121.923612,12.294319],[121.926076,12.298326],[121.92094,12.301432],[121.923508,12.310309],[121.919689,12.312928],[121.921511,12.319478],[121.932525,12.32251],[121.929826,12.328564],[121.938891,12.335048],[121.938532,12.33969],[121.928605,12.343429],[121.928115,12.347202],[121.940773,12.357542],[121.943884,12.369114],[121.94287,12.393421],[121.949216,12.396629],[121.953181,12.404553],[121.956242,12.398766],[121.962024,12.405089],[121.966604,12.401796],[121.978873,12.402981],[121.979001,12.400278],[121.99082,12.411431],[121.988322,12.421872],[121.994969,12.425681],[121.997589,12.436275],[122.006029,12.444847],[122.00273,12.455453],[122.009654,12.460783],[122.007449,12.470559],[122.010629,12.476345],[122.00583,12.482447],[122.013839,12.485242],[122.012255,12.488675],[122.016579,12.494458],[122.012484,12.500046],[122.005468,12.498949],[122.006051,12.502748],[122.011907,12.505437],[122.011767,12.514866],[122.00559,12.523395],[122.00975,12.544909],[121.992192,12.570035],[121.999953,12.580697],[122.001749,12.596792],[122.011529,12.603334],[122.018621,12.604087],[122.021634,12.608358],[122.029388,12.60871],[122.034579,12.618204],[122.04169,12.621409],[122.065825,12.61993],[122.075779,12.6224],[122.076572,12.628227],[122.086139,12.633088],[122.084088,12.637568],[122.096094,12.639968],[122.096253,12.643832],[122.119082,12.657295],[122.121684,12.666565],[122.110815,12.672822],[122.114235,12.674248],[122.128856,12.66333],[122.141483,12.662136],[122.145344,12.658899],[122.153823,12.660047],[122.162411,12.632171],[122.139576,12.627771],[122.130304,12.635274],[122.125672,12.631269],[122.122535,12.620815],[122.123032,12.613684],[122.133727,12.606224],[122.13174,12.595788],[122.139262,12.580695],[122.136183,12.568173],[122.13181,12.564058],[122.137563,12.555518],[122.135067,12.54769],[122.13911,12.538241],[122.123082,12.528056],[122.118112,12.513491],[122.119716,12.506961],[122.111891,12.497954],[122.111278,12.475921],[122.105614,12.462324],[122.108055,12.456331],[122.105489,12.408777],[122.101826,12.397819],[122.097417,12.396562],[122.094847,12.390262],[122.097776,12.356582]]],[[[122.297715,12.596003],[122.296152,12.582525],[122.300559,12.582219],[122.300644,12.577284],[122.306369,12.578562],[122.304931,12.57513],[122.311206,12.569596],[122.305753,12.56198],[122.307238,12.558034],[122.322196,12.54843],[122.326738,12.541131],[122.328115,12.508982],[122.319085,12.48957],[122.3023,12.478061],[122.292691,12.480184],[122.286913,12.477929],[122.271189,12.49098],[122.265904,12.509792],[122.260053,12.515386],[122.258828,12.526281],[122.249805,12.530337],[122.25878,12.533771],[122.262123,12.539932],[122.256064,12.551446],[122.248984,12.55235],[122.251306,12.557525],[122.249269,12.561843],[122.25429,12.568113],[122.244406,12.57276],[122.262677,12.58061],[122.268193,12.576753],[122.27198,12.582422],[122.268065,12.584711],[122.275332,12.59172],[122.273158,12.59449],[122.26557,12.593481],[122.268766,12.604897],[122.276991,12.61182],[122.278743,12.622169],[122.283271,12.625489],[122.289766,12.619453],[122.296637,12.618469],[122.293458,12.605863],[122.297715,12.596003]]],[[[122.321534,12.554929],[122.320784,12.553403],[122.320541,12.555227],[122.321534,12.554929]]],[[[122.245698,12.592612],[122.246323,12.599111],[122.250911,12.601976],[122.247874,12.583887],[122.245514,12.586545],[122.239902,12.583787],[122.240169,12.588842],[122.245698,12.592612]]],[[[122.249121,12.617175],[122.236087,12.617453],[122.240021,12.620656],[122.240259,12.625702],[122.24283,12.621948],[122.254422,12.629646],[122.264312,12.629433],[122.265564,12.625917],[122.258029,12.615866],[122.254752,12.614027],[122.249121,12.617175]]],[[[122.239882,12.647961],[122.23313,12.653474],[122.230665,12.664306],[122.239365,12.671381],[122.245764,12.66716],[122.245394,12.656627],[122.239882,12.647961]]],[[[122.030522,12.796798],[122.031391,12.79357],[122.028807,12.795193],[122.030522,12.796798]]],[[[122.050152,12.782208],[122.030104,12.788292],[122.032968,12.795114],[122.032117,12.8036],[122.026709,12.794035],[122.018682,12.796423],[122.035998,12.815741],[122.049922,12.816922],[122.05941,12.822873],[122.071929,12.82487],[122.07875,12.829889],[122.080231,12.835352],[122.088893,12.836851],[122.089624,12.831528],[122.084392,12.820457],[122.076272,12.812026],[122.062348,12.785561],[122.050152,12.782208]]],[[[121.712649,12.897553],[121.709853,12.909417],[121.703804,12.900111],[121.700213,12.899737],[121.700943,12.907571],[121.695693,12.908667],[121.691723,12.916964],[121.686577,12.916955],[121.686293,12.925929],[121.680916,12.929433],[121.68487,12.932114],[121.683105,12.935706],[121.691768,12.940715],[121.689681,12.946539],[121.704077,12.94896],[121.710743,12.947586],[121.712993,12.942678],[121.715811,12.945878],[121.724752,12.945004],[121.729583,12.931882],[121.736282,12.92918],[121.731455,12.915718],[121.732772,12.911178],[121.72534,12.915569],[121.723736,12.908058],[121.717856,12.914044],[121.718484,12.90439],[121.725259,12.900963],[121.715846,12.895737],[121.712649,12.897553]]],[[[122.035062,12.954843],[122.045426,12.961094],[122.0508,12.962007],[122.055789,12.958763],[122.061441,12.963086],[122.098399,12.957862],[122.096818,12.938564],[122.085067,12.911366],[122.071149,12.907998],[122.069643,12.905021],[122.068339,12.910154],[122.062119,12.905363],[122.058137,12.906822],[122.057018,12.918577],[122.048778,12.917806],[122.057464,12.925635],[122.055404,12.934354],[122.053409,12.938415],[122.038393,12.939269],[122.038259,12.948344],[122.032916,12.949088],[122.035062,12.954843]]],[[[122.001851,13.192668],[121.997642,13.190771],[121.998953,13.193954],[122.001851,13.192668]]],[[[121.364567,13.22055],[121.365627,13.217283],[121.364462,13.216932],[121.362919,13.21857],[121.364567,13.22055]]],[[[121.365779,13.222576],[121.366659,13.222482],[121.366205,13.221648],[121.365779,13.222576]]],[[[121.805672,13.227694],[121.814997,13.22928],[121.818992,13.226911],[121.812492,13.220682],[121.805672,13.227694]]],[[[121.829658,13.237024],[121.835878,13.235183],[121.836761,13.232072],[121.830798,13.23151],[121.827998,13.234816],[121.829658,13.237024]]],[[[121.863028,13.246776],[121.852986,13.245957],[121.849003,13.248057],[121.867386,13.253599],[121.86838,13.247585],[121.866093,13.244299],[121.863028,13.246776]]],[[[121.821582,13.381706],[121.824774,13.404649],[121.820958,13.427051],[121.811332,13.445709],[121.811048,13.453745],[121.819046,13.465664],[121.838554,13.484199],[121.842627,13.494119],[121.839288,13.497171],[121.843849,13.498667],[121.844932,13.504586],[121.85099,13.505753],[121.847047,13.508748],[121.852459,13.508784],[121.85417,13.515411],[121.849592,13.517256],[121.849698,13.521446],[121.857781,13.520951],[121.859432,13.524557],[121.866385,13.525937],[121.865043,13.534035],[121.871011,13.534886],[121.874552,13.540034],[121.870441,13.543777],[121.861769,13.539311],[121.860205,13.536831],[121.863766,13.53561],[121.861427,13.531902],[121.855179,13.539836],[121.859794,13.539693],[121.865279,13.551055],[121.857026,13.557961],[121.854859,13.564679],[121.861517,13.564902],[121.866509,13.570692],[121.871359,13.57009],[121.878578,13.559539],[121.873758,13.553579],[121.87916,13.551849],[121.881293,13.554565],[121.887141,13.549959],[121.887366,13.556788],[121.890163,13.558562],[121.891307,13.546628],[121.898183,13.540593],[121.89332,13.539491],[121.896708,13.535045],[121.900185,13.531996],[121.909924,13.531426],[121.916954,13.525577],[121.925212,13.528898],[121.922954,13.533032],[121.928918,13.536719],[121.927658,13.542634],[121.930298,13.544588],[121.94121,13.540362],[121.938869,13.536572],[121.944094,13.530907],[121.952911,13.533481],[121.965371,13.528793],[121.964327,13.545348],[121.972279,13.558516],[121.967133,13.548912],[121.966915,13.528981],[121.97169,13.528839],[121.979036,13.520965],[121.988536,13.525214],[121.998989,13.522589],[121.999138,13.528295],[121.994783,13.532409],[121.999747,13.536292],[122.011596,13.535633],[122.005521,13.537894],[122.003808,13.542836],[122.006048,13.547888],[122.012528,13.547802],[122.032801,13.529531],[122.036451,13.519586],[122.02429,13.512902],[122.036103,13.512001],[122.045788,13.515025],[122.048451,13.512079],[122.047687,13.506176],[122.050856,13.506473],[122.050281,13.501726],[122.04732,13.500851],[122.05057,13.501092],[122.057984,13.485731],[122.045571,13.490589],[122.040664,13.485487],[122.043975,13.483375],[122.048019,13.483526],[122.054021,13.477043],[122.069887,13.478734],[122.075752,13.475072],[122.072881,13.483864],[122.086522,13.489184],[122.107857,13.476889],[122.123412,13.461273],[122.128838,13.448259],[122.123797,13.439781],[122.115203,13.439942],[122.119878,13.436261],[122.117727,13.425819],[122.102614,13.435572],[122.099371,13.432415],[122.102431,13.426936],[122.100957,13.422735],[122.104886,13.416951],[122.109736,13.416004],[122.110783,13.409699],[122.118852,13.408114],[122.122632,13.392369],[122.143979,13.389127],[122.138501,13.378632],[122.146588,13.377649],[122.150738,13.371302],[122.148158,13.368698],[122.139559,13.37013],[122.128105,13.362365],[122.120348,13.339299],[122.115664,13.33525],[122.109179,13.335209],[122.103174,13.327218],[122.092279,13.325328],[122.082021,13.311698],[122.068549,13.306019],[122.064729,13.297181],[122.065242,13.288713],[122.060943,13.283653],[122.048571,13.278669],[122.044147,13.271489],[122.045381,13.263727],[122.054329,13.252922],[122.052927,13.240728],[122.042298,13.21583],[122.02819,13.199324],[122.005725,13.199286],[121.997417,13.204905],[121.982421,13.207543],[121.976457,13.215064],[121.966289,13.219168],[121.967748,13.223415],[121.962012,13.224827],[121.958,13.237412],[121.949059,13.250572],[121.926259,13.256689],[121.907409,13.272424],[121.88803,13.274555],[121.86466,13.285986],[121.841887,13.330722],[121.820172,13.344811],[121.819042,13.352291],[121.823872,13.370326],[121.821582,13.381706]]],[[[122.129383,13.425843],[122.147612,13.407557],[122.149612,13.402197],[122.146919,13.395635],[122.139863,13.397962],[122.138633,13.406552],[122.130329,13.399518],[122.123656,13.405117],[122.124183,13.414053],[122.120952,13.41824],[122.125509,13.426324],[122.129383,13.425843]]],[[[121.216852,13.428678],[121.214647,13.427022],[121.216636,13.429561],[121.216852,13.428678]]],[[[121.21712,13.438632],[121.21926,13.445549],[121.221954,13.447016],[121.221902,13.444884],[121.21712,13.438632]]],[[[121.164022,13.467366],[121.162884,13.46402],[121.160468,13.463174],[121.164022,13.467366]]],[[[122.069802,13.482549],[122.069785,13.481424],[122.069157,13.481795],[122.069802,13.482549]]],[[[122.07165,13.480319],[122.069596,13.484184],[122.071188,13.483566],[122.07165,13.480319]]],[[[122.071745,13.484505],[122.070894,13.48497],[122.071479,13.485394],[122.071745,13.484505]]],[[[122.044403,13.486294],[122.042758,13.484473],[122.041208,13.485821],[122.044403,13.486294]]],[[[122.09987,13.496772],[122.089639,13.495711],[122.065628,13.503519],[122.066453,13.527133],[122.071892,13.525546],[122.078302,13.515525],[122.098752,13.505421],[122.09987,13.496772]]],[[[122.18278,13.526072],[122.188108,13.515323],[122.184998,13.506081],[122.178238,13.503967],[122.168196,13.519576],[122.17757,13.528879],[122.18278,13.526072]]],[[[122.1128,13.535533],[122.131569,13.535415],[122.136464,13.523321],[122.135473,13.517014],[122.118132,13.527184],[122.109446,13.52592],[122.106119,13.538732],[122.1128,13.535533]]],[[[121.860013,13.529365],[121.859933,13.531096],[121.860942,13.529369],[121.860013,13.529365]]],[[[121.852662,13.534607],[121.853375,13.535761],[121.853261,13.534665],[121.852662,13.534607]]],[[[121.946171,13.536224],[121.948938,13.536232],[121.947245,13.534516],[121.946171,13.536224]]],[[[121.947753,13.541798],[121.948679,13.540894],[121.947527,13.54031],[121.947753,13.541798]]],[[[121.942096,13.541929],[121.94252,13.541652],[121.9422,13.540664],[121.942096,13.541929]]],[[[121.944077,13.541876],[121.945406,13.540758],[121.943963,13.541325],[121.944077,13.541876]]],[[[121.962076,13.546156],[121.952437,13.539423],[121.949313,13.541238],[121.951144,13.543602],[121.962076,13.546156]]],[[[121.945024,13.554341],[121.943182,13.552981],[121.941907,13.555553],[121.945024,13.554341]]]]}},{"type":"Feature","properties":{"ADM1_PCODE":"PH18","ADM1_EN":"Negros Island Region (NIR)"},"geometry":{"type":"MultiPolygon","coordinates":[[[[122.497171,9.548864],[122.494,9.553763],[122.49645,9.556082],[122.499829,9.55355],[122.497171,9.548864]]],[[[123.146361,9.621018],[123.145793,9.6152],[123.142461,9.616644],[123.146361,9.621018]]],[[[122.437911,9.653534],[122.435189,9.643564],[122.434119,9.643701],[122.432845,9.647403],[122.437911,9.653534]]],[[[122.397773,9.674572],[122.399572,9.674293],[122.399439,9.672793],[122.397773,9.674572]]],[[[122.398183,9.679443],[122.396766,9.680218],[122.39698,9.680747],[122.398183,9.679443]]],[[[122.387521,9.7243],[122.387212,9.725182],[122.388003,9.724806],[122.387521,9.7243]]],[[[122.390479,9.730548],[122.390464,9.729563],[122.389588,9.7297],[122.390479,9.730548]]],[[[122.389203,9.735262],[122.388131,9.736154],[122.38846,9.736392],[122.389203,9.735262]]],[[[122.389549,9.736796],[122.393741,9.737319],[122.392779,9.735913],[122.393078,9.734922],[122.389549,9.736796]]],[[[123.341507,10.393664],[123.332495,10.377196],[123.329117,10.363094],[123.331883,10.35861],[123.325507,10.342301],[123.330013,10.329933],[123.331443,10.307767],[123.327277,10.301566],[123.330842,10.295138],[123.33149,10.278055],[123.326277,10.273933],[123.328842,10.269671],[123.318719,10.236698],[123.314242,10.228732],[123.304334,10.222559],[123.305166,10.214405],[123.295474,10.191686],[123.28565,10.18638],[123.286222,10.178601],[123.280635,10.162526],[123.281335,10.129111],[123.277145,10.127211],[123.277248,10.122678],[123.269385,10.114182],[123.265771,10.091773],[123.253147,10.07379],[123.247747,10.055355],[123.239608,10.046985],[123.233509,10.029133],[123.236086,10.026099],[123.226491,10.016291],[123.228206,10.003779],[123.213265,9.997356],[123.198251,9.972386],[123.182484,9.953924],[123.180873,9.943918],[123.177033,9.940199],[123.177723,9.923669],[123.169848,9.918713],[123.157468,9.916489],[123.157545,9.910455],[123.150565,9.904453],[123.146898,9.891976],[123.150431,9.88198],[123.148045,9.866937],[123.151131,9.854291],[123.146079,9.854498],[123.138136,9.84663],[123.139491,9.837468],[123.132938,9.840393],[123.131699,9.838506],[123.134713,9.835338],[123.1327,9.830434],[123.143659,9.819169],[123.141977,9.802693],[123.138776,9.801669],[123.137515,9.804423],[123.134717,9.80215],[123.136973,9.799271],[123.140921,9.800062],[123.141261,9.796339],[123.14325,9.798667],[123.146668,9.797094],[123.151704,9.780556],[123.14448,9.768305],[123.153965,9.751122],[123.152088,9.730471],[123.16066,9.707969],[123.151521,9.685736],[123.152692,9.672377],[123.149207,9.665737],[123.149437,9.650041],[123.157096,9.63258],[123.144968,9.652208],[123.128323,9.653957],[123.124314,9.656959],[123.111899,9.651034],[123.113501,9.644665],[123.117223,9.642627],[123.104667,9.629939],[123.107574,9.628466],[123.107364,9.622805],[123.116102,9.620992],[123.115026,9.616433],[123.122161,9.606418],[123.122969,9.599009],[123.125812,9.598769],[123.126654,9.609611],[123.131677,9.604217],[123.137845,9.60478],[123.140264,9.594077],[123.148566,9.597157],[123.156865,9.596077],[123.156903,9.593526],[123.15323,9.593111],[123.154037,9.585768],[123.163668,9.576831],[123.158046,9.562245],[123.150012,9.561763],[123.154586,9.568557],[123.151236,9.569249],[123.153484,9.577908],[123.150745,9.581433],[123.142482,9.586312],[123.13711,9.585776],[123.138029,9.581122],[123.131951,9.58281],[123.118089,9.546571],[123.124022,9.551501],[123.145261,9.54425],[123.146913,9.554584],[123.147098,9.545006],[123.154247,9.547926],[123.1549,9.542294],[123.159604,9.536677],[123.162141,9.538125],[123.175046,9.5141],[123.184536,9.479192],[123.194814,9.47338],[123.230481,9.463682],[123.238461,9.447145],[123.235066,9.425684],[123.241614,9.421497],[123.247832,9.404257],[123.256294,9.396999],[123.260099,9.381918],[123.26672,9.371318],[123.298213,9.354564],[123.307752,9.341416],[123.312889,9.319051],[123.309246,9.311339],[123.311702,9.299495],[123.299991,9.272606],[123.297618,9.2462],[123.284708,9.209656],[123.273668,9.196429],[123.270706,9.187483],[123.262757,9.184978],[123.246557,9.165848],[123.241365,9.15045],[123.212156,9.120556],[123.202972,9.094086],[123.179914,9.093069],[123.163471,9.078509],[123.161734,9.073586],[123.150695,9.068839],[123.153783,9.072969],[123.151817,9.075927],[123.143714,9.068781],[123.142951,9.063195],[123.128583,9.046058],[123.12075,9.046855],[123.117523,9.05375],[123.126753,9.054963],[123.131455,9.062972],[123.12154,9.060322],[123.122819,9.05621],[123.111899,9.053944],[123.103421,9.061424],[123.099818,9.059978],[123.073806,9.066716],[123.059333,9.051405],[123.033146,9.049896],[123.03506,9.047254],[123.027392,9.046612],[123.014986,9.038461],[122.984886,9.053685],[122.966472,9.068759],[122.940301,9.076784],[122.920992,9.124329],[122.9145,9.134965],[122.908707,9.137611],[122.905428,9.160056],[122.898542,9.167289],[122.889138,9.198376],[122.888979,9.209401],[122.884433,9.219433],[122.879211,9.22264],[122.878883,9.232489],[122.871237,9.251921],[122.870573,9.256393],[122.875151,9.259846],[122.878245,9.270551],[122.872812,9.301785],[122.875506,9.302092],[122.87314,9.304285],[122.875371,9.314213],[122.870288,9.325582],[122.857711,9.331777],[122.842556,9.331549],[122.812897,9.356983],[122.783165,9.366313],[122.753038,9.36757],[122.711527,9.379491],[122.706067,9.375163],[122.689368,9.381755],[122.674396,9.379782],[122.663195,9.392103],[122.648692,9.402408],[122.641202,9.403973],[122.627259,9.420079],[122.619326,9.422439],[122.610982,9.420564],[122.589931,9.443367],[122.578916,9.447301],[122.558272,9.473018],[122.551926,9.474784],[122.543944,9.485339],[122.544492,9.489805],[122.53931,9.491098],[122.535575,9.496785],[122.534393,9.515626],[122.525388,9.518599],[122.523728,9.528],[122.516689,9.534236],[122.52047,9.53894],[122.518401,9.543942],[122.509283,9.551314],[122.506893,9.550132],[122.505228,9.556067],[122.498146,9.555623],[122.48068,9.564795],[122.478879,9.5784],[122.460285,9.609051],[122.466028,9.624433],[122.443675,9.619951],[122.441939,9.625875],[122.444229,9.631038],[122.44814,9.632755],[122.450898,9.630517],[122.455861,9.634941],[122.458414,9.659342],[122.444684,9.66593],[122.441373,9.658198],[122.439146,9.668018],[122.434064,9.671932],[122.415981,9.660434],[122.408392,9.659436],[122.398711,9.677162],[122.415358,9.687454],[122.420561,9.693695],[122.421226,9.700865],[122.414154,9.706436],[122.397016,9.691541],[122.380711,9.707461],[122.382019,9.715353],[122.389763,9.723822],[122.389292,9.728962],[122.39645,9.728013],[122.394102,9.739853],[122.400559,9.740048],[122.397989,9.742576],[122.398015,9.754754],[122.403732,9.757099],[122.403572,9.758845],[122.398054,9.757815],[122.397013,9.775162],[122.389071,9.790456],[122.400389,9.797569],[122.397713,9.806216],[122.40419,9.801766],[122.397742,9.808157],[122.401173,9.813754],[122.397932,9.819519],[122.385159,9.821771],[122.387158,9.834868],[122.376217,9.83675],[122.381501,9.845664],[122.39941,9.854943],[122.402138,9.864877],[122.411253,9.876483],[122.410354,9.880253],[122.415399,9.883169],[122.417487,9.892703],[122.426484,9.894188],[122.435264,9.904481],[122.435961,9.911117],[122.44098,9.916203],[122.447254,9.946928],[122.439712,9.958351],[122.447889,9.956654],[122.450723,9.95989],[122.450909,9.976052],[122.463685,9.980101],[122.466039,9.978414],[122.470208,9.982075],[122.490253,9.980123],[122.508043,9.986626],[122.56547,9.9799],[122.581365,9.981357],[122.619628,9.975064],[122.663234,9.977822],[122.699753,9.994869],[122.723357,10.014315],[122.723638,10.019393],[122.743485,10.035659],[122.747132,10.042681],[122.756667,10.046208],[122.764505,10.055943],[122.770605,10.056421],[122.772174,10.060045],[122.774556,10.058121],[122.77413,10.06534],[122.77715,10.068415],[122.782125,10.067123],[122.784278,10.075337],[122.789892,10.067893],[122.80364,10.065008],[122.803468,10.060764],[122.821815,10.063094],[122.82372,10.060751],[122.826734,10.066708],[122.84911,10.076628],[122.859423,10.093407],[122.868091,10.096646],[122.861143,10.101772],[122.864788,10.111327],[122.862452,10.11179],[122.860583,10.153032],[122.841872,10.208903],[122.846962,10.214596],[122.845854,10.216952],[122.843643,10.212859],[122.839362,10.216593],[122.841537,10.220633],[122.83899,10.225897],[122.843313,10.229698],[122.83836,10.228769],[122.845214,10.247698],[122.841953,10.266718],[122.849236,10.277199],[122.841788,10.297929],[122.847473,10.302924],[122.84947,10.316237],[122.857314,10.325396],[122.860758,10.351646],[122.865891,10.352857],[122.865047,10.369622],[122.862448,10.369451],[122.866734,10.378521],[122.861816,10.376726],[122.860846,10.378943],[122.856916,10.40691],[122.850276,10.408103],[122.845541,10.412836],[122.825416,10.438651],[122.820541,10.478384],[122.812722,10.501544],[122.802002,10.516414],[122.793304,10.51883],[122.823925,10.551299],[122.831622,10.548911],[122.834102,10.552693],[122.842197,10.547458],[122.854909,10.548173],[122.866006,10.552488],[122.872802,10.562254],[122.882737,10.566752],[122.882475,10.580785],[122.899729,10.591693],[122.896815,10.599852],[122.911661,10.603635],[122.91447,10.605417],[122.912431,10.611416],[122.918418,10.612255],[122.926296,10.633106],[122.922266,10.6346],[122.927529,10.656282],[122.934119,10.665248],[122.932684,10.668956],[122.938824,10.669056],[122.941625,10.675097],[122.935368,10.677178],[122.941416,10.676277],[122.943384,10.681091],[122.933284,10.685341],[122.935898,10.691506],[122.946917,10.686844],[122.949289,10.681012],[122.950815,10.686602],[122.947576,10.687141],[122.951137,10.687697],[122.951124,10.699464],[122.948967,10.703529],[122.939823,10.702796],[122.947852,10.703533],[122.94889,10.70649],[122.945932,10.726012],[122.958072,10.724994],[122.962736,10.730402],[122.960308,10.745958],[122.964342,10.754954],[122.961124,10.769579],[122.968114,10.79351],[122.962354,10.804703],[122.949148,10.80638],[122.95076,10.826542],[122.942133,10.861235],[122.949381,10.852083],[122.946785,10.857431],[122.948273,10.863394],[122.957404,10.868463],[122.959162,10.885393],[122.952463,10.890263],[122.952559,10.894333],[122.97919,10.897983],[122.984989,10.9039],[122.982305,10.905806],[122.989817,10.910743],[123.005665,10.915273],[123.015156,10.912932],[123.027276,10.918184],[123.027191,10.91516],[123.035886,10.923563],[123.047256,10.923256],[123.04802,10.919609],[123.057665,10.917985],[123.060018,10.910077],[123.063203,10.916735],[123.066549,10.913142],[123.075586,10.915365],[123.091232,10.937673],[123.102816,10.943333],[123.112802,10.95626],[123.120611,10.957402],[123.129326,10.970266],[123.142003,10.971697],[123.150612,10.97913],[123.155874,10.978392],[123.155667,10.972916],[123.158132,10.976995],[123.164773,10.976962],[123.175229,10.989833],[123.179801,10.990275],[123.179811,10.993828],[123.184959,10.992989],[123.188168,11.000215],[123.194319,11.002961],[123.226234,10.994412],[123.246641,10.997828],[123.24898,10.992304],[123.239031,10.989571],[123.258814,10.988714],[123.261492,10.984549],[123.266584,10.986152],[123.272713,10.978105],[123.294434,10.966364],[123.295398,10.961096],[123.300009,10.962733],[123.316966,10.955485],[123.320459,10.952755],[123.319307,10.950275],[123.312133,10.953056],[123.319552,10.948493],[123.325661,10.95973],[123.323623,10.951175],[123.331468,10.954125],[123.348427,10.949896],[123.356938,10.953164],[123.357974,10.956722],[123.37315,10.96116],[123.393733,10.95678],[123.395723,10.942234],[123.399799,10.943257],[123.401371,10.949042],[123.408379,10.952906],[123.418696,10.948246],[123.425686,10.947503],[123.428591,10.950079],[123.427476,10.946274],[123.442438,10.938169],[123.450593,10.937637],[123.465394,10.92673],[123.468604,10.923407],[123.465429,10.92075],[123.469157,10.918978],[123.464776,10.915663],[123.470344,10.917619],[123.47792,10.926207],[123.485787,10.927079],[123.485508,10.931508],[123.492905,10.935021],[123.497005,10.929576],[123.496371,10.924232],[123.508064,10.925851],[123.514519,10.918123],[123.514493,10.912863],[123.510067,10.9158],[123.508219,10.913916],[123.510623,10.91156],[123.501742,10.909697],[123.502343,10.9076],[123.514827,10.906103],[123.520277,10.89976],[123.516403,10.888472],[123.521819,10.88797],[123.521001,10.88522],[123.527551,10.880536],[123.52147,10.876634],[123.524209,10.870521],[123.522821,10.860145],[123.527088,10.862234],[123.52977,10.858584],[123.528349,10.853947],[123.536163,10.849943],[123.532089,10.836967],[123.541469,10.833328],[123.55076,10.838239],[123.558515,10.837643],[123.562141,10.843877],[123.565898,10.843235],[123.566976,10.828211],[123.560702,10.825684],[123.557292,10.818734],[123.548875,10.815689],[123.549919,10.811894],[123.55977,10.813742],[123.568278,10.794357],[123.559547,10.788172],[123.559775,10.774306],[123.544634,10.766442],[123.548073,10.759643],[123.544428,10.752386],[123.537465,10.752032],[123.537821,10.756548],[123.534756,10.75507],[123.530823,10.759709],[123.531193,10.740268],[123.526628,10.730517],[123.517076,10.72551],[123.516561,10.72058],[123.524137,10.716236],[123.509075,10.707562],[123.509422,10.69745],[123.504163,10.687978],[123.502848,10.670628],[123.500156,10.668671],[123.502234,10.664321],[123.49253,10.635551],[123.493866,10.622837],[123.489715,10.617626],[123.492473,10.612397],[123.485005,10.601652],[123.487198,10.597547],[123.485114,10.592251],[123.478778,10.588139],[123.474412,10.568191],[123.469126,10.563229],[123.473104,10.548196],[123.471318,10.544053],[123.462055,10.544672],[123.457418,10.536401],[123.461738,10.533746],[123.458226,10.528881],[123.462843,10.527165],[123.463872,10.522073],[123.457855,10.521556],[123.449664,10.514209],[123.446539,10.501065],[123.440855,10.499069],[123.436412,10.50277],[123.432393,10.499307],[123.432722,10.493181],[123.422911,10.482483],[123.42361,10.476768],[123.416783,10.479157],[123.403902,10.468597],[123.395882,10.469592],[123.387536,10.46022],[123.366834,10.451105],[123.366934,10.442049],[123.35922,10.440725],[123.357097,10.43644],[123.351351,10.406877],[123.347127,10.406914],[123.345593,10.403389],[123.346743,10.395849],[123.341507,10.393664]]],[[[122.401893,9.757501],[122.402807,9.758182],[122.403324,9.757865],[122.401893,9.757501]]],[[[122.397163,9.801326],[122.396816,9.799953],[122.39608,9.801189],[122.397163,9.801326]]],[[[122.39649,9.802137],[122.396712,9.803379],[122.396954,9.802629],[122.39649,9.802137]]],[[[122.368343,9.829469],[122.366198,9.827655],[122.365045,9.828527],[122.365851,9.82963],[122.368343,9.829469]]],[[[122.38308,9.861871],[122.386638,9.861327],[122.384225,9.859554],[122.38308,9.861871]]],[[[122.377578,9.865951],[122.373373,9.868363],[122.37783,9.87439],[122.376076,9.878101],[122.378224,9.879152],[122.374946,9.880078],[122.377783,9.880728],[122.380188,9.874706],[122.377578,9.865951]]],[[[123.199916,11.04052],[123.197282,11.044571],[123.205152,11.041053],[123.199916,11.04052]]],[[[123.27504,9.077801],[123.268111,9.071364],[123.270198,9.084711],[123.273071,9.084372],[123.27504,9.077801]]],[[[123.603058,9.300877],[123.626354,9.299425],[123.632843,9.295143],[123.649267,9.275269],[123.65635,9.245063],[123.661759,9.235649],[123.686662,9.221335],[123.685402,9.213047],[123.675103,9.213769],[123.666861,9.210239],[123.660653,9.20309],[123.656595,9.188602],[123.664026,9.171855],[123.674312,9.16035],[123.692989,9.158814],[123.695536,9.160997],[123.699323,9.15753],[123.701963,9.144879],[123.696984,9.140196],[123.69365,9.129746],[123.681276,9.121173],[123.675182,9.122835],[123.66814,9.115958],[123.657203,9.115143],[123.65111,9.123145],[123.640049,9.125878],[123.625551,9.113186],[123.623707,9.102641],[123.588329,9.094668],[123.572623,9.101411],[123.559584,9.10126],[123.55222,9.114215],[123.542958,9.11568],[123.526414,9.133894],[123.514663,9.137711],[123.485584,9.16499],[123.472073,9.174672],[123.462184,9.177178],[123.453618,9.186292],[123.45553,9.188957],[123.452452,9.192669],[123.457019,9.198548],[123.460637,9.197662],[123.461944,9.20327],[123.458176,9.211302],[123.465068,9.214292],[123.46508,9.221833],[123.469492,9.224257],[123.479945,9.220906],[123.480997,9.217662],[123.482033,9.221294],[123.497312,9.212724],[123.512184,9.214794],[123.524186,9.225731],[123.55045,9.223954],[123.561,9.227043],[123.575915,9.246375],[123.592,9.251092],[123.591557,9.256481],[123.597697,9.267492],[123.596008,9.286745],[123.603058,9.300877]]],[[[123.445628,10.480765],[123.448954,10.478504],[123.448831,10.467471],[123.445367,10.462331],[123.440615,10.462859],[123.421348,10.435846],[123.416437,10.446445],[123.431106,10.460241],[123.445628,10.480765]]],[[[123.538269,10.851209],[123.538893,10.852263],[123.539684,10.851663],[123.538269,10.851209]]],[[[123.561718,10.873003],[123.563456,10.874718],[123.565007,10.874981],[123.561718,10.873003]]],[[[123.506138,10.908247],[123.507764,10.909852],[123.509112,10.909114],[123.506138,10.908247]]],[[[123.508805,10.910371],[123.509572,10.909638],[123.50867,10.910051],[123.508805,10.910371]]],[[[123.500677,10.936874],[123.513138,10.936207],[123.513744,10.93223],[123.502517,10.928226],[123.500677,10.936874]]],[[[123.397524,10.94345],[123.399709,10.94474],[123.399989,10.944079],[123.397524,10.94345]]],[[[123.400133,10.945702],[123.398031,10.945374],[123.399498,10.949706],[123.400133,10.945702]]],[[[123.458326,10.949791],[123.452266,10.950539],[123.453833,10.952464],[123.458326,10.949791]]],[[[123.571515,10.952333],[123.569434,10.950392],[123.570077,10.953082],[123.571515,10.952333]]],[[[123.568406,10.953848],[123.569248,10.951314],[123.568663,10.949901],[123.568406,10.953848]]],[[[123.567713,10.949813],[123.562648,10.953412],[123.567328,10.953967],[123.567713,10.949813]]],[[[123.396875,10.949904],[123.395105,10.954569],[123.396729,10.955852],[123.400805,10.95436],[123.396875,10.949904]]],[[[123.544278,10.970834],[123.54829,10.963937],[123.551259,10.965768],[123.551044,10.959997],[123.556434,10.956274],[123.554787,10.96362],[123.562327,10.970505],[123.570797,10.963661],[123.572899,10.95461],[123.558,10.954814],[123.55325,10.950721],[123.551397,10.952536],[123.556479,10.956235],[123.54495,10.962114],[123.544278,10.970834]]],[[[123.542601,10.966798],[123.542918,10.968341],[123.542506,10.965416],[123.542601,10.966798]]],[[[123.540531,10.976199],[123.539886,10.976984],[123.540711,10.97634],[123.540531,10.976199]]],[[[123.544551,10.974667],[123.541768,10.976173],[123.541287,10.978976],[123.545209,10.977826],[123.544551,10.974667]]]]}},{"type":"Feature","properties":{"ADM1_PCODE":"PH19","ADM1_EN":"Bangsamoro Autonomous Region in Muslim Mindanao (BARMM)"},"geometry":{"type":"MultiPolygon","coordinates":[[[[119.465881,4.587391],[119.467981,4.592293],[119.467712,4.594292],[119.470847,4.590465],[119.465881,4.587391]]],[[[119.469791,4.602443],[119.471979,4.598651],[119.470739,4.597886],[119.467259,4.599441],[119.469791,4.602443]]],[[[119.39237,4.617732],[119.393221,4.618491],[119.392803,4.61727],[119.39237,4.617732]]],[[[119.394077,4.619346],[119.393737,4.620176],[119.39431,4.620127],[119.394077,4.619346]]],[[[119.383692,4.616868],[119.384674,4.626096],[119.39158,4.622812],[119.391875,4.61616],[119.383692,4.616868]]],[[[119.385027,4.629349],[119.38133,4.630959],[119.385296,4.634844],[119.385027,4.629349]]],[[[119.385082,4.638548],[119.387083,4.638351],[119.384842,4.636597],[119.385082,4.638548]]],[[[119.458542,4.640737],[119.455612,4.641104],[119.455274,4.64185],[119.458542,4.640737]]],[[[119.391751,4.64225],[119.391087,4.650771],[119.397844,4.648626],[119.400195,4.644094],[119.395869,4.640477],[119.391751,4.64225]]],[[[119.393586,4.651157],[119.394828,4.649743],[119.392991,4.650736],[119.393586,4.651157]]],[[[119.388985,4.658577],[119.389815,4.658405],[119.389183,4.65773],[119.388985,4.658577]]],[[[119.401636,4.657282],[119.39363,4.661169],[119.389735,4.659965],[119.39377,4.666657],[119.400152,4.66451],[119.401636,4.657282]]],[[[119.207657,4.671081],[119.207358,4.668952],[119.20567,4.669952],[119.207657,4.671081]]],[[[119.394984,4.677864],[119.392008,4.676714],[119.394547,4.678257],[119.394984,4.677864]]],[[[119.410136,4.689341],[119.410847,4.689912],[119.4108,4.688973],[119.410136,4.689341]]],[[[119.03271,4.709284],[119.03083,4.70955],[119.030608,4.711892],[119.03271,4.709284]]],[[[119.402888,4.714445],[119.403498,4.715075],[119.403607,4.714687],[119.402888,4.714445]]],[[[119.145711,4.721228],[119.148241,4.720073],[119.147694,4.716734],[119.145711,4.721228]]],[[[119.239033,4.728141],[119.23746,4.726102],[119.234471,4.726195],[119.235614,4.727554],[119.239033,4.728141]]],[[[119.401398,4.667517],[119.393158,4.669657],[119.395532,4.67782],[119.393436,4.682911],[119.397025,4.686286],[119.393482,4.702265],[119.403382,4.707035],[119.401394,4.708748],[119.404188,4.71273],[119.403416,4.719047],[119.407529,4.722516],[119.403928,4.73617],[119.406606,4.737507],[119.400599,4.738024],[119.400348,4.740374],[119.395367,4.738488],[119.389321,4.744614],[119.401802,4.751511],[119.399098,4.75846],[119.411417,4.764657],[119.413287,4.767083],[119.410416,4.771917],[119.41359,4.771672],[119.418079,4.779138],[119.417178,4.784066],[119.42202,4.788145],[119.418931,4.737582],[119.412736,4.699927],[119.406275,4.685261],[119.405742,4.671141],[119.401398,4.667517]]],[[[119.455273,4.649221],[119.46112,4.667344],[119.455757,4.661994],[119.45457,4.674883],[119.456825,4.67933],[119.459922,4.679148],[119.461938,4.670056],[119.464202,4.687037],[119.458583,4.679995],[119.456168,4.686137],[119.457502,4.692616],[119.462171,4.693891],[119.457868,4.693588],[119.460751,4.714291],[119.463657,4.71679],[119.461562,4.718203],[119.463067,4.728013],[119.467257,4.732889],[119.464337,4.73323],[119.465101,4.742173],[119.469957,4.742629],[119.465104,4.745979],[119.465611,4.761504],[119.470965,4.764266],[119.465728,4.762877],[119.463443,4.812936],[119.445838,4.886944],[119.445466,4.907772],[119.454758,4.913902],[119.461977,4.908839],[119.469662,4.895906],[119.494216,4.835762],[119.506973,4.761184],[119.502924,4.734452],[119.481902,4.669303],[119.480309,4.670662],[119.47639,4.658713],[119.46412,4.644689],[119.457986,4.642098],[119.455273,4.649221]]],[[[119.413378,4.848035],[119.408899,4.858283],[119.411999,4.866976],[119.416212,4.852688],[119.419116,4.853109],[119.417141,4.847191],[119.413378,4.848035]]],[[[119.798222,4.868334],[119.800217,4.862605],[119.799974,4.860576],[119.798222,4.868334]]],[[[119.794913,4.877082],[119.79709,4.872853],[119.796982,4.872045],[119.794913,4.877082]]],[[[119.791696,4.921951],[119.800856,4.92505],[119.823375,4.922678],[119.821087,4.922857],[119.822435,4.916215],[119.813747,4.90902],[119.823589,4.901821],[119.828805,4.904502],[119.825983,4.916263],[119.832491,4.916207],[119.841607,4.908341],[119.85093,4.898692],[119.852208,4.863829],[119.841419,4.863401],[119.824699,4.855585],[119.804373,4.854697],[119.792434,4.890795],[119.789139,4.917285],[119.791696,4.921951]]],[[[119.405226,4.875996],[119.393899,4.891949],[119.390396,4.892255],[119.387671,4.898685],[119.390441,4.904232],[119.397299,4.906559],[119.404379,4.900519],[119.403486,4.89902],[119.409995,4.874998],[119.405226,4.875996]]],[[[119.409021,4.89816],[119.404536,4.897138],[119.406937,4.899846],[119.40343,4.904553],[119.409021,4.89816]]],[[[119.829064,4.917535],[119.831204,4.917082],[119.8319,4.916401],[119.829064,4.917535]]],[[[119.738383,5.011498],[119.736947,5.028118],[119.741106,5.034094],[119.742378,5.030745],[119.758398,5.035497],[119.759842,5.027534],[119.761922,5.031326],[119.77118,5.031581],[119.774884,5.034676],[119.776771,5.031764],[119.773489,5.029997],[119.779968,5.026785],[119.769907,5.011821],[119.745028,5.005854],[119.738383,5.011498]]],[[[119.79108,5.031411],[119.780198,5.033912],[119.778078,5.037254],[119.787742,5.039828],[119.804672,5.035189],[119.804891,5.03191],[119.799798,5.03025],[119.796728,5.025023],[119.79108,5.031411]]],[[[119.818142,5.07402],[119.819015,5.070513],[119.816234,5.074553],[119.818142,5.07402]]],[[[119.749634,5.034188],[119.739643,5.039298],[119.740854,5.047581],[119.765265,5.094277],[119.775877,5.105498],[119.792919,5.111787],[119.798753,5.119248],[119.806755,5.118811],[119.809502,5.123467],[119.806335,5.112863],[119.808557,5.105453],[119.804416,5.10232],[119.803836,5.098115],[119.804192,5.096913],[119.808361,5.093563],[119.813708,5.091296],[119.807768,5.078308],[119.820354,5.067272],[119.816636,5.058769],[119.814462,5.060741],[119.80203,5.051697],[119.790708,5.065582],[119.790868,5.05797],[119.787685,5.056867],[119.792114,5.047568],[119.785423,5.041806],[119.776044,5.04272],[119.777904,5.045992],[119.775573,5.04811],[119.762717,5.038766],[119.749634,5.034188]]],[[[119.805748,5.096153],[119.80476,5.100574],[119.808819,5.104864],[119.816906,5.101048],[119.81536,5.091838],[119.805748,5.096153]]],[[[119.805059,5.130475],[119.80995,5.133102],[119.811508,5.132256],[119.804834,5.127136],[119.805059,5.130475]]],[[[118.307615,6.073088],[118.313934,6.08512],[118.320232,6.086297],[118.317906,6.073319],[118.309652,6.070974],[118.307615,6.073088]]],[[[118.44408,6.104868],[118.450598,6.106156],[118.449556,6.101124],[118.445325,6.101417],[118.44408,6.104868]]],[[[118.111447,6.167298],[118.109226,6.165581],[118.108902,6.167315],[118.111447,6.167298]]],[[[118.114421,6.186036],[118.120542,6.190634],[118.124168,6.189233],[118.11762,6.183448],[118.114421,6.186036]]],[[[118.148539,6.20626],[118.150976,6.204037],[118.15004,6.20318],[118.148539,6.20626]]],[[[118.064677,6.227929],[118.070532,6.235949],[118.072058,6.232078],[118.064677,6.227929]]],[[[118.07056,6.281576],[118.077331,6.289832],[118.081938,6.288319],[118.081212,6.282973],[118.07056,6.281576]]],[[[118.394874,6.877707],[118.400308,6.8788],[118.398818,6.871416],[118.394072,6.871023],[118.394874,6.877707]]],[[[118.406187,6.888459],[118.410432,6.887044],[118.406732,6.88447],[118.406187,6.888459]]],[[[118.438446,6.987457],[118.438092,6.986726],[118.437657,6.987344],[118.438446,6.987457]]],[[[118.537121,6.965152],[118.519982,6.96766],[118.512548,6.974629],[118.507676,6.967675],[118.483154,6.967635],[118.479142,6.971857],[118.485176,6.976424],[118.482186,6.982861],[118.476225,6.980313],[118.474733,6.974771],[118.46694,6.981311],[118.461777,6.978355],[118.456686,6.983438],[118.451008,6.981334],[118.439005,6.989041],[118.436879,6.986696],[118.43476,6.990121],[118.430792,6.988844],[118.427018,6.996868],[118.430394,7.008185],[118.42095,7.015364],[118.419164,7.010144],[118.416668,7.013628],[118.414769,7.011871],[118.414918,7.017388],[118.408479,7.02045],[118.409067,7.023176],[118.414104,7.0248],[118.418361,7.015375],[118.422699,7.019823],[118.420491,7.018873],[118.420442,7.024061],[118.421958,7.02208],[118.428,7.026418],[118.43421,7.02585],[118.447574,7.031829],[118.449974,7.03589],[118.462086,7.034997],[118.477591,7.028355],[118.478108,7.033621],[118.485837,7.03522],[118.48496,7.037448],[118.490047,7.038819],[118.494299,7.045828],[118.501788,7.049047],[118.513438,7.047662],[118.524316,7.039547],[118.526752,7.028155],[118.523158,7.014061],[118.518118,7.011022],[118.51591,6.993118],[118.513594,6.992753],[118.51335,6.998308],[118.509486,6.991291],[118.515163,6.988366],[118.518749,6.974111],[118.522889,6.97437],[118.524664,6.969063],[118.53295,6.969026],[118.532351,6.966109],[118.537121,6.965152]]],[[[118.420085,7.009728],[118.422621,7.007256],[118.419586,7.008583],[118.420085,7.009728]]],[[[118.530273,7.031677],[118.529724,7.030518],[118.528687,7.031311],[118.530273,7.031677]]],[[[118.474814,7.031654],[118.474779,7.030509],[118.474555,7.030644],[118.474814,7.031654]]],[[[118.454238,7.07815],[118.457048,7.082034],[118.460149,7.08035],[118.458428,7.076904],[118.454238,7.07815]]],[[[118.439714,7.082345],[118.436103,7.083896],[118.437202,7.088156],[118.440983,7.086225],[118.439714,7.082345]]],[[[118.425222,7.098333],[118.425882,7.099022],[118.426095,7.09858],[118.425222,7.098333]]],[[[118.421054,7.100856],[118.422399,7.097452],[118.420573,7.100461],[118.421054,7.100856]]],[[[118.425353,7.12593],[118.425734,7.122288],[118.421391,7.123324],[118.421285,7.125239],[118.425353,7.12593]]],[[[118.419335,7.170638],[118.414527,7.170707],[118.414792,7.175699],[118.419711,7.179059],[118.423669,7.176584],[118.419669,7.174607],[118.419335,7.170638]]],[[[119.830871,4.822431],[119.846826,4.810947],[119.86507,4.80584],[119.86783,4.796422],[119.862137,4.79285],[119.841039,4.790271],[119.814396,4.798243],[119.809133,4.805623],[119.808494,4.817434],[119.812571,4.820774],[119.830871,4.822431]]],[[[119.930448,4.895207],[119.928944,4.900192],[119.93164,4.902444],[119.933205,4.899961],[119.930448,4.895207]]],[[[119.943955,4.90516],[119.937008,4.904855],[119.943418,4.909678],[119.943955,4.90516]]],[[[119.945204,4.910777],[119.946804,4.914159],[119.947614,4.914898],[119.947778,4.912902],[119.945204,4.910777]]],[[[119.948613,4.916271],[119.94933,4.917103],[119.949909,4.915404],[119.948613,4.916271]]],[[[119.951161,4.918591],[119.950871,4.917754],[119.950561,4.918288],[119.951161,4.918591]]],[[[119.958581,4.921213],[119.955451,4.921129],[119.962974,4.925007],[119.958581,4.921213]]],[[[119.972894,4.935125],[119.971362,4.937742],[119.971998,4.9382],[119.972894,4.935125]]],[[[119.969984,4.940154],[119.971532,4.932869],[119.969968,4.932169],[119.969984,4.940154]]],[[[119.867541,4.942242],[119.873655,4.946244],[119.867508,4.939115],[119.867541,4.942242]]],[[[119.971456,4.943863],[119.970727,4.943226],[119.971203,4.944492],[119.971456,4.943863]]],[[[119.971793,4.945033],[119.971977,4.946117],[119.972367,4.945357],[119.971793,4.945033]]],[[[119.978304,4.946819],[119.976922,4.946869],[119.9771,4.947311],[119.978304,4.946819]]],[[[119.976284,4.95182],[119.980602,4.951454],[119.980575,4.947305],[119.973514,4.94799],[119.976284,4.95182]]],[[[119.987712,4.963231],[119.986785,4.9609],[119.984729,4.961434],[119.984627,4.963329],[119.987712,4.963231]]],[[[119.985392,4.971424],[119.984132,4.972049],[119.98553,4.972347],[119.985392,4.971424]]],[[[119.986189,4.978296],[119.990547,4.975888],[119.987235,4.973414],[119.986189,4.978296]]],[[[119.988449,4.985655],[119.991596,4.983377],[119.989644,4.979307],[119.988166,4.979603],[119.988449,4.985655]]],[[[119.989222,4.961481],[119.992989,4.967537],[119.988527,4.968419],[119.991017,4.971494],[119.991653,4.977546],[119.990147,4.978967],[120.000313,4.990324],[119.998125,4.99402],[120.000724,4.99608],[119.995214,4.998533],[119.998307,5.001414],[119.992456,5.004821],[120.000358,5.011548],[120.013291,5.009233],[120.012743,5.012072],[120.016174,5.012187],[120.013688,5.016512],[120.026089,5.007215],[120.020642,4.987137],[120.014065,4.987875],[120.016317,4.986299],[120.013436,4.984114],[120.010641,4.962186],[120.001491,4.952359],[119.994748,4.953309],[119.989222,4.961481]]],[[[119.989081,5.001258],[119.992712,4.997994],[119.992333,4.995356],[119.987565,4.998912],[119.989081,5.001258]]],[[[119.98731,5.007796],[119.990463,5.004535],[119.988507,5.00377],[119.98731,5.007796]]],[[[119.986389,5.010765],[119.987111,5.013385],[119.987647,5.010877],[119.986389,5.010765]]],[[[119.983195,5.022501],[119.987147,5.01947],[119.985822,5.016933],[119.983667,5.017582],[119.983195,5.022501]]],[[[120.012421,5.01916],[120.009825,5.022359],[120.012235,5.02198],[120.012421,5.01916]]],[[[120.009888,5.039307],[120.01709,5.030518],[120.015439,5.029565],[120.009888,5.035889],[120.009888,5.039307]]],[[[119.919173,5.068449],[119.921621,5.072661],[119.925075,5.071809],[119.922047,5.066166],[119.919173,5.068449]]],[[[119.952003,5.074308],[119.952283,5.078304],[119.955903,5.078006],[119.953317,5.076567],[119.952003,5.074308]]],[[[119.932944,5.078831],[119.937592,5.085408],[119.94148,5.086032],[119.944612,5.082369],[119.935642,5.073944],[119.932944,5.078831]]],[[[119.977581,5.092002],[119.977045,5.09297],[119.978234,5.092687],[119.977581,5.092002]]],[[[119.983906,5.086672],[119.987588,5.099604],[119.993121,5.101341],[119.996972,5.090199],[119.987909,5.084609],[119.983906,5.086672]]],[[[119.981906,5.096511],[119.981959,5.097705],[119.982734,5.097193],[119.981906,5.096511]]],[[[119.983297,5.110418],[119.981574,5.109905],[119.981355,5.110543],[119.983297,5.110418]]],[[[119.850239,5.159351],[119.85184,5.161014],[119.852929,5.160173],[119.850239,5.159351]]],[[[119.847729,5.160202],[119.848326,5.161103],[119.849184,5.160238],[119.847729,5.160202]]],[[[119.852247,5.163267],[119.848156,5.164493],[119.845311,5.162027],[119.847946,5.164721],[119.852247,5.163267]]],[[[119.87623,5.199066],[119.877786,5.201169],[119.878915,5.200631],[119.87623,5.199066]]],[[[119.869718,5.200467],[119.87897,5.21338],[119.870017,5.200498],[119.871027,5.197188],[119.869718,5.200467]]],[[[119.890998,5.215302],[119.899205,5.221674],[119.901563,5.219994],[119.895219,5.213407],[119.890998,5.215302]]],[[[119.906152,5.218136],[119.905393,5.220193],[119.90721,5.219844],[119.906152,5.218136]]],[[[119.909989,5.2231],[119.909182,5.220511],[119.903203,5.22076],[119.905285,5.225055],[119.909989,5.2231]]],[[[119.908867,5.225755],[119.910272,5.224238],[119.90917,5.22374],[119.908867,5.225755]]],[[[119.919014,5.222015],[119.91837,5.227334],[119.920028,5.227811],[119.919014,5.222015]]],[[[119.890627,5.225499],[119.892289,5.227195],[119.888564,5.223895],[119.890627,5.225499]]],[[[119.924258,5.228606],[119.924931,5.226918],[119.924317,5.226879],[119.924258,5.228606]]],[[[119.907985,5.232261],[119.904434,5.232738],[119.89523,5.228714],[119.904146,5.233085],[119.907985,5.232261]]],[[[119.93458,5.235875],[119.935385,5.235041],[119.935108,5.233543],[119.93458,5.235875]]],[[[119.94292,5.238835],[119.948399,5.241867],[119.954411,5.240161],[119.937931,5.228295],[119.94292,5.238835]]],[[[119.915755,5.236929],[119.912604,5.234594],[119.912717,5.235379],[119.915755,5.236929]]],[[[119.925345,5.241258],[119.92044,5.236704],[119.917742,5.23711],[119.925345,5.241258]]],[[[119.933947,5.244337],[119.93453,5.245041],[119.934353,5.241384],[119.933947,5.244337]]],[[[119.960469,5.244066],[119.962172,5.246157],[119.963746,5.247433],[119.960469,5.244066]]],[[[119.959477,5.249507],[119.967688,5.249433],[119.957268,5.244155],[119.959477,5.249507]]],[[[119.944499,5.252718],[119.946194,5.253825],[119.946196,5.25352],[119.944499,5.252718]]],[[[119.97095,5.256565],[119.972664,5.254585],[119.971855,5.25415],[119.97095,5.256565]]],[[[120.133914,4.999603],[120.127073,4.999935],[120.124958,5.00086],[120.133914,4.999603]]],[[[120.119823,5.00478],[120.117912,5.008558],[120.120033,5.004828],[120.119823,5.00478]]],[[[120.028931,5.005676],[120.029297,5.009094],[120.030273,5.005493],[120.028931,5.005676]]],[[[120.027534,5.00908],[120.026559,5.008898],[120.026743,5.009236],[120.027534,5.00908]]],[[[120.17413,5.011615],[120.170566,5.010722],[120.177533,5.012419],[120.17413,5.011615]]],[[[120.183225,5.012785],[120.192313,5.013039],[120.193583,5.012418],[120.183225,5.012785]]],[[[120.109868,5.019338],[120.111614,5.018248],[120.107203,5.01906],[120.109868,5.019338]]],[[[120.015239,5.01899],[120.016296,5.01947],[120.015686,5.018677],[120.015239,5.01899]]],[[[120.138115,5.009492],[120.134053,5.003747],[120.125057,5.003836],[120.118084,5.019343],[120.100963,5.029457],[120.102574,5.036555],[120.135627,5.019686],[120.138115,5.009492]]],[[[120.016479,5.022095],[120.016296,5.020691],[120.014893,5.021729],[120.016479,5.022095]]],[[[120.099421,5.022279],[120.100835,5.02148],[120.100657,5.021222],[120.099421,5.022279]]],[[[120.015686,5.023682],[120.015076,5.024902],[120.016479,5.024719],[120.015686,5.023682]]],[[[120.01532,5.028076],[120.013672,5.02771],[120.013672,5.028503],[120.01532,5.028076]]],[[[120.014672,5.029556],[120.013868,5.028996],[120.013905,5.029653],[120.014672,5.029556]]],[[[120.21772,5.043448],[120.228471,5.033305],[120.214647,5.015194],[120.198812,5.017075],[120.191071,5.024813],[120.184613,5.021686],[120.20498,5.042176],[120.209932,5.045112],[120.21772,5.043448]]],[[[120.048706,5.043274],[120.050829,5.045393],[120.052307,5.042908],[120.05072,5.041687],[120.048706,5.043274]]],[[[120.068397,5.06104],[120.075754,5.060265],[120.07677,5.059294],[120.068397,5.06104]]],[[[120.26929,5.073453],[120.261457,5.065694],[120.255041,5.064142],[120.250837,5.065142],[120.243857,5.074395],[120.249239,5.073767],[120.252158,5.083768],[120.258997,5.090382],[120.272543,5.084511],[120.26929,5.073453]]],[[[120.227575,5.139632],[120.232232,5.141543],[120.232772,5.139159],[120.230288,5.13671],[120.227575,5.139632]]],[[[120.149332,5.149789],[120.150979,5.145561],[120.148469,5.147096],[120.149332,5.149789]]],[[[120.232417,5.149335],[120.232814,5.150755],[120.233251,5.149652],[120.232417,5.149335]]],[[[120.05209,5.15183],[120.043321,5.149878],[120.040627,5.155556],[120.044328,5.16075],[120.048998,5.160622],[120.051579,5.1553],[120.054586,5.155784],[120.051358,5.157331],[120.0542,5.16014],[120.06381,5.161287],[120.057356,5.149778],[120.05209,5.15183]]],[[[120.234408,5.161915],[120.235568,5.15684],[120.232673,5.156559],[120.234408,5.161915]]],[[[120.137911,5.161316],[120.140499,5.160741],[120.139281,5.158697],[120.137911,5.161316]]],[[[120.142663,5.162327],[120.152304,5.165542],[120.154824,5.163239],[120.15007,5.158686],[120.142938,5.158845],[120.142663,5.162327]]],[[[120.236439,5.163691],[120.236773,5.16454],[120.236795,5.163779],[120.236439,5.163691]]],[[[120.242037,5.196039],[120.241093,5.193521],[120.241453,5.196029],[120.242037,5.196039]]],[[[120.239353,5.197387],[120.239658,5.194596],[120.238883,5.194382],[120.239353,5.197387]]],[[[120.24577,5.197684],[120.244241,5.195986],[120.243857,5.197096],[120.24577,5.197684]]],[[[120.129707,5.196132],[120.126503,5.208942],[120.118265,5.208285],[120.123119,5.203135],[120.121349,5.185382],[120.119779,5.182674],[120.111595,5.185397],[120.114332,5.183373],[120.11011,5.167948],[120.103828,5.168648],[120.103677,5.165066],[120.10324,5.168649],[120.098962,5.168066],[120.101248,5.158543],[120.095822,5.150663],[120.086397,5.152978],[120.088137,5.161673],[120.082264,5.1591],[120.078484,5.149326],[120.071123,5.146943],[120.077265,5.15819],[120.076672,5.169674],[120.066976,5.162229],[120.060475,5.161463],[120.055663,5.173687],[120.057841,5.180921],[120.05357,5.179171],[120.049121,5.182409],[120.03573,5.180401],[120.033111,5.173698],[120.021745,5.168331],[120.021389,5.162307],[120.014901,5.156983],[120.012216,5.160923],[119.998237,5.157229],[119.99526,5.154249],[120.002445,5.151317],[120.002949,5.137884],[119.997054,5.12999],[119.992638,5.142378],[119.987227,5.141725],[119.991623,5.122608],[119.984593,5.115285],[119.977395,5.117755],[119.97586,5.113641],[119.983188,5.105028],[119.973368,5.087629],[119.965413,5.081869],[119.967917,5.079267],[119.954739,5.079114],[119.943607,5.088299],[119.919175,5.086466],[119.919974,5.073867],[119.901385,5.074426],[119.903278,5.069454],[119.897587,5.070544],[119.889811,5.063971],[119.886948,5.069985],[119.884389,5.068555],[119.88086,5.073451],[119.882403,5.058933],[119.856163,5.064248],[119.84972,5.06246],[119.849236,5.056358],[119.853788,5.05953],[119.860032,5.057193],[119.863523,5.049179],[119.860459,5.046638],[119.837437,5.047484],[119.82029,5.056221],[119.823419,5.065943],[119.822067,5.073259],[119.81396,5.080522],[119.816713,5.082263],[119.817379,5.092152],[119.820511,5.093843],[119.817758,5.097112],[119.823253,5.098673],[119.825365,5.11082],[119.816007,5.125317],[119.815188,5.120442],[119.810962,5.124198],[119.822246,5.142762],[119.830191,5.149451],[119.838994,5.15448],[119.853433,5.150206],[119.857252,5.14499],[119.85742,5.150469],[119.890003,5.158442],[119.904872,5.175171],[119.918164,5.178427],[119.929557,5.187648],[119.943567,5.189475],[119.946916,5.198254],[119.953431,5.203543],[119.953236,5.211995],[119.958371,5.222731],[119.969375,5.228565],[119.972424,5.22456],[119.973692,5.23154],[119.978884,5.236282],[119.992263,5.231821],[120.006421,5.233275],[120.005781,5.229656],[120.008896,5.233276],[120.016155,5.231142],[120.024806,5.23583],[120.031172,5.232067],[120.029139,5.239856],[120.035064,5.242879],[120.037766,5.241148],[120.03707,5.244195],[120.050975,5.252157],[120.069972,5.269564],[120.073264,5.268905],[120.073757,5.262028],[120.076372,5.262374],[120.078104,5.271105],[120.075193,5.276772],[120.07809,5.280646],[120.087797,5.282352],[120.113205,5.301588],[120.124498,5.304493],[120.12419,5.308412],[120.137597,5.31869],[120.143113,5.318172],[120.15032,5.324681],[120.153943,5.322278],[120.154093,5.328674],[120.159433,5.329516],[120.163242,5.335024],[120.165441,5.332657],[120.166239,5.337649],[120.172232,5.343096],[120.186776,5.3435],[120.187771,5.33981],[120.192227,5.34327],[120.194088,5.339591],[120.194474,5.345271],[120.198711,5.342997],[120.209385,5.348966],[120.217921,5.345127],[120.221441,5.327991],[120.214456,5.315118],[120.214665,5.302188],[120.22394,5.292147],[120.231193,5.292088],[120.232893,5.282528],[120.239254,5.286761],[120.241613,5.280366],[120.250948,5.282183],[120.25292,5.271387],[120.246621,5.260849],[120.253728,5.260891],[120.254976,5.256597],[120.25229,5.246703],[120.251103,5.230555],[120.244276,5.222862],[120.247782,5.210708],[120.241497,5.205744],[120.238206,5.213853],[120.237354,5.20412],[120.230017,5.200266],[120.235998,5.198884],[120.234346,5.194623],[120.230491,5.195178],[120.235648,5.192464],[120.234658,5.185333],[120.237745,5.186399],[120.238965,5.179683],[120.232865,5.173157],[120.229576,5.173903],[120.228884,5.170073],[120.225238,5.170717],[120.226164,5.16244],[120.22249,5.155282],[120.218373,5.155689],[120.221098,5.153505],[120.216165,5.146581],[120.218992,5.146319],[120.216164,5.14448],[120.218802,5.140524],[120.216357,5.133725],[120.2275,5.128245],[120.215475,5.119791],[120.215635,5.125951],[120.207042,5.129008],[120.20494,5.134259],[120.188564,5.136586],[120.190076,5.132206],[120.186451,5.130871],[120.173376,5.14312],[120.166365,5.144693],[120.167651,5.153569],[120.173272,5.159049],[120.177995,5.158983],[120.175477,5.162817],[120.182768,5.171205],[120.182281,5.175363],[120.191386,5.183166],[120.178738,5.183376],[120.169389,5.187345],[120.168078,5.191384],[120.168148,5.182277],[120.158839,5.163495],[120.154465,5.182226],[120.14206,5.184003],[120.137563,5.188015],[120.135583,5.197689],[120.129707,5.196132]]],[[[120.24713,5.222588],[120.249243,5.218019],[120.248718,5.214859],[120.247205,5.217547],[120.24713,5.222588]]],[[[120.250623,5.228051],[120.25029,5.223177],[120.248615,5.221528],[120.247461,5.223343],[120.250623,5.228051]]],[[[120.255104,5.252572],[120.254452,5.254096],[120.255327,5.254162],[120.255104,5.252572]]],[[[120.256897,5.258118],[120.256104,5.259277],[120.256897,5.259094],[120.256897,5.258118]]],[[[120.258301,5.260925],[120.258728,5.259705],[120.258118,5.259888],[120.258301,5.260925]]],[[[120.254838,5.260582],[120.256353,5.260861],[120.256014,5.260325],[120.254838,5.260582]]],[[[120.262878,5.271912],[120.262329,5.273682],[120.263123,5.273315],[120.262878,5.271912]]],[[[120.25473,5.274419],[120.256353,5.272013],[120.254289,5.271826],[120.25473,5.274419]]],[[[120.259534,5.284344],[120.265513,5.282085],[120.265035,5.2803],[120.261775,5.280253],[120.259534,5.284344]]],[[[120.262543,5.284367],[120.264041,5.284832],[120.264714,5.283642],[120.262543,5.284367]]],[[[120.261902,5.286072],[120.262512,5.285278],[120.261902,5.285522],[120.261902,5.286072]]],[[[120.239842,5.295273],[120.239118,5.29707],[120.241004,5.296174],[120.239842,5.295273]]],[[[120.225634,5.298889],[120.229728,5.296397],[120.224449,5.298442],[120.225634,5.298889]]],[[[120.231468,5.32076],[120.229695,5.318733],[120.232443,5.317334],[120.228667,5.313352],[120.233325,5.317079],[120.240024,5.302827],[120.235775,5.298091],[120.222567,5.301034],[120.218259,5.306402],[120.224863,5.325758],[120.231468,5.32076]]],[[[120.237838,5.312985],[120.23878,5.313841],[120.238657,5.312741],[120.237838,5.312985]]],[[[120.218848,5.314876],[120.21935,5.31753],[120.220479,5.319129],[120.22059,5.316762],[120.218848,5.314876]]],[[[120.22006,5.35591],[120.229636,5.357951],[120.242162,5.348872],[120.246657,5.33283],[120.2456,5.324649],[120.225706,5.33754],[120.225526,5.342442],[120.229498,5.345681],[120.225161,5.344537],[120.22006,5.35591]]],[[[120.232407,5.444591],[120.232745,5.443808],[120.231683,5.444869],[120.232407,5.444591]]],[[[120.230472,5.447692],[120.230293,5.44465],[120.229742,5.446776],[120.230472,5.447692]]],[[[120.234342,5.445691],[120.233989,5.446571],[120.235424,5.446275],[120.234342,5.445691]]],[[[120.237724,5.448628],[120.240762,5.447996],[120.241721,5.447235],[120.237724,5.448628]]],[[[120.19462,5.444559],[120.184781,5.444348],[120.181436,5.448252],[120.184608,5.458827],[120.190546,5.461567],[120.193677,5.456773],[120.191421,5.452093],[120.19462,5.444559]]],[[[120.239743,5.452647],[120.243451,5.451739],[120.236896,5.453271],[120.239743,5.452647]]],[[[120.240841,5.439655],[120.225826,5.442006],[120.227835,5.463389],[120.230326,5.465989],[120.24872,5.455649],[120.235795,5.455439],[120.234284,5.459183],[120.230133,5.454996],[120.228143,5.458019],[120.229881,5.449421],[120.232433,5.449573],[120.226912,5.445966],[120.227495,5.443072],[120.233598,5.443815],[120.231169,5.442135],[120.233525,5.441381],[120.245994,5.447035],[120.252822,5.4463],[120.25036,5.45345],[120.254115,5.449901],[120.253589,5.446533],[120.25067,5.444317],[120.251018,5.442117],[120.240841,5.439655]]],[[[120.268198,5.091023],[120.268199,5.089944],[120.267588,5.090218],[120.268198,5.091023]]],[[[120.271336,5.104238],[120.272666,5.104594],[120.271757,5.103989],[120.271336,5.104238]]],[[[120.268889,5.105915],[120.269252,5.10702],[120.269591,5.106877],[120.268889,5.105915]]],[[[120.319172,5.121945],[120.318181,5.103318],[120.303471,5.09082],[120.281765,5.082739],[120.269061,5.090283],[120.276131,5.103654],[120.294037,5.111907],[120.304832,5.127066],[120.314812,5.130448],[120.313045,5.125998],[120.319172,5.121945]]],[[[120.316,5.128248],[120.316535,5.130344],[120.316693,5.128042],[120.316,5.128248]]],[[[120.312955,5.132858],[120.312295,5.131649],[120.312138,5.132365],[120.312955,5.132858]]],[[[120.344009,5.160853],[120.347826,5.131229],[120.336447,5.117175],[120.319345,5.129355],[120.319437,5.137182],[120.32697,5.149186],[120.323067,5.148689],[120.323481,5.15079],[120.33282,5.15842],[120.344009,5.160853]]],[[[120.280186,5.151636],[120.277981,5.159141],[120.283873,5.161535],[120.288012,5.155102],[120.280186,5.151636]]],[[[120.286626,5.171122],[120.290462,5.166662],[120.287859,5.164817],[120.284098,5.167876],[120.286626,5.171122]]],[[[120.260501,5.172877],[120.266109,5.170993],[120.268809,5.166797],[120.259562,5.165348],[120.260501,5.172877]]],[[[120.297508,5.168534],[120.30013,5.171052],[120.300553,5.17026],[120.297508,5.168534]]],[[[120.35444,5.17131],[120.348996,5.171317],[120.347265,5.174795],[120.353827,5.175307],[120.35444,5.17131]]],[[[120.319092,5.174072],[120.317688,5.173523],[120.318481,5.174927],[120.319092,5.174072]]],[[[120.283709,5.17686],[120.282024,5.174815],[120.281732,5.17642],[120.283709,5.17686]]],[[[120.282512,5.177753],[120.282291,5.180755],[120.285119,5.177967],[120.282512,5.177753]]],[[[120.264995,5.181898],[120.266765,5.181232],[120.265854,5.180428],[120.264995,5.181898]]],[[[120.301448,5.188579],[120.302606,5.188217],[120.301687,5.188086],[120.301448,5.188579]]],[[[120.267605,5.173054],[120.266641,5.187048],[120.249404,5.179038],[120.24436,5.179646],[120.247151,5.189421],[120.250712,5.191926],[120.24164,5.191138],[120.246825,5.19756],[120.257209,5.217042],[120.259653,5.247393],[120.27024,5.256486],[120.283074,5.242197],[120.303746,5.227123],[120.309679,5.209745],[120.315391,5.211639],[120.318737,5.206471],[120.315843,5.201842],[120.309565,5.201266],[120.311931,5.200057],[120.309855,5.195783],[120.300553,5.189376],[120.301149,5.185462],[120.286323,5.180356],[120.281968,5.182484],[120.271833,5.171397],[120.267605,5.173054]]],[[[120.314644,5.216461],[120.315464,5.217133],[120.315622,5.215958],[120.314644,5.216461]]],[[[120.35523,5.214664],[120.353572,5.219785],[120.355879,5.219597],[120.35523,5.214664]]],[[[120.325674,5.219926],[120.327826,5.222442],[120.326477,5.215271],[120.325674,5.219926]]],[[[120.330322,5.218689],[120.329285,5.219116],[120.330078,5.22052],[120.330322,5.218689]]],[[[120.367968,5.254455],[120.355768,5.231401],[120.358745,5.227291],[120.356638,5.221013],[120.35278,5.220711],[120.347081,5.215711],[120.347946,5.205264],[120.352055,5.202264],[120.349155,5.192489],[120.345547,5.191676],[120.346851,5.186873],[120.342185,5.18191],[120.339186,5.184057],[120.34085,5.187264],[120.335662,5.188758],[120.330815,5.196315],[120.331481,5.198901],[120.335806,5.197564],[120.337412,5.206888],[120.329868,5.207066],[120.331651,5.22447],[120.339158,5.234161],[120.344516,5.235399],[120.348355,5.244892],[120.351305,5.245148],[120.346358,5.248134],[120.347108,5.252303],[120.357542,5.258695],[120.367968,5.254455]]],[[[120.312102,5.222566],[120.315417,5.2193],[120.313134,5.218664],[120.312102,5.222566]]],[[[120.330257,5.222877],[120.32891,5.220482],[120.329715,5.22313],[120.330257,5.222877]]],[[[120.312153,5.226008],[120.31436,5.225846],[120.313866,5.225229],[120.312153,5.226008]]],[[[120.32433,5.229611],[120.325542,5.227908],[120.324124,5.2277],[120.32433,5.229611]]],[[[120.320804,5.232945],[120.319385,5.231214],[120.319482,5.232784],[120.320804,5.232945]]],[[[120.325892,5.232047],[120.328343,5.231639],[120.325174,5.23095],[120.325892,5.232047]]],[[[120.322995,5.232172],[120.324972,5.235029],[120.325388,5.234398],[120.322995,5.232172]]],[[[120.31869,5.238615],[120.310712,5.224569],[120.301833,5.232048],[120.298233,5.241246],[120.301358,5.240656],[120.302303,5.244533],[120.299894,5.244412],[120.306277,5.245092],[120.314348,5.251087],[120.316746,5.247518],[120.320803,5.248505],[120.321442,5.243919],[120.319779,5.240628],[120.314575,5.242451],[120.31869,5.238615]]],[[[120.321081,5.235656],[120.322959,5.244762],[120.325897,5.24346],[120.325892,5.236608],[120.321081,5.235656]]],[[[120.34675,5.241647],[120.339615,5.235901],[120.346518,5.246382],[120.34675,5.241647]]],[[[120.298662,5.247946],[120.297044,5.248542],[120.297968,5.249079],[120.298662,5.247946]]],[[[120.324841,5.252507],[120.328858,5.243465],[120.325248,5.247271],[120.324841,5.252507]]],[[[120.318959,5.253373],[120.31704,5.251966],[120.318104,5.253932],[120.318959,5.253373]]],[[[120.286541,5.255481],[120.28584,5.247539],[120.277861,5.251984],[120.279379,5.258255],[120.286541,5.255481]]],[[[120.261833,5.25176],[120.265208,5.262585],[120.269008,5.259346],[120.261833,5.25176]]],[[[120.282702,5.268828],[120.279865,5.267702],[120.27991,5.269421],[120.282702,5.268828]]],[[[120.291737,5.262614],[120.284676,5.273133],[120.288979,5.274722],[120.291088,5.270211],[120.297346,5.267141],[120.291737,5.262614]]],[[[120.273671,5.267527],[120.274271,5.269724],[120.274931,5.267825],[120.273671,5.267527]]],[[[120.283271,5.270486],[120.280921,5.270922],[120.282176,5.272026],[120.283271,5.270486]]],[[[120.268946,5.272935],[120.267464,5.271384],[120.267104,5.271938],[120.268946,5.272935]]],[[[120.293672,5.27589],[120.295839,5.271845],[120.297389,5.26935],[120.291995,5.270235],[120.290697,5.27561],[120.293672,5.27589]]],[[[120.295206,5.276106],[120.297117,5.274124],[120.297625,5.271869],[120.296118,5.272306],[120.295206,5.276106]]],[[[120.3147,5.275732],[120.306858,5.275462],[120.303956,5.281935],[120.307529,5.282936],[120.3147,5.275732]]],[[[120.27197,5.286757],[120.270529,5.283786],[120.268718,5.28648],[120.27197,5.286757]]],[[[120.275696,5.283691],[120.27407,5.285224],[120.274818,5.287901],[120.276344,5.287244],[120.275696,5.283691]]],[[[120.288872,5.299255],[120.287805,5.295327],[120.282667,5.297115],[120.284355,5.300195],[120.288872,5.299255]]],[[[120.265702,5.313823],[120.277155,5.304534],[120.27765,5.299649],[120.265431,5.30635],[120.265702,5.313823]]],[[[120.268677,5.334717],[120.2677,5.334473],[120.268127,5.335083],[120.268677,5.334717]]],[[[120.273315,5.335876],[120.272278,5.336121],[120.272705,5.336487],[120.273315,5.335876]]],[[[120.274599,5.342141],[120.266369,5.344116],[120.264748,5.347384],[120.270644,5.348693],[120.274599,5.342141]]],[[[120.293326,5.370445],[120.295903,5.381862],[120.310619,5.381159],[120.314411,5.38622],[120.321227,5.3869],[120.326495,5.381593],[120.339246,5.380573],[120.329026,5.369967],[120.306042,5.362543],[120.293326,5.370445]]],[[[120.450281,5.148385],[120.447474,5.151244],[120.449899,5.154996],[120.451245,5.15154],[120.450281,5.148385]]],[[[120.454572,5.155369],[120.454012,5.156702],[120.454743,5.156685],[120.454572,5.155369]]],[[[120.451126,5.157745],[120.450256,5.158062],[120.450657,5.158076],[120.451126,5.157745]]],[[[120.501282,5.158691],[120.50293,5.158875],[120.501709,5.158081],[120.501282,5.158691]]],[[[120.457122,5.168293],[120.45755,5.163501],[120.456982,5.163376],[120.457122,5.168293]]],[[[120.455505,5.174072],[120.455688,5.17511],[120.456116,5.1745],[120.455505,5.174072]]],[[[120.504483,5.183852],[120.510681,5.168518],[120.50769,5.161072],[120.508718,5.169055],[120.505267,5.164659],[120.506905,5.173946],[120.499286,5.158719],[120.487832,5.166316],[120.48809,5.174419],[120.481605,5.18485],[120.481012,5.193896],[120.504483,5.183852]]],[[[120.454102,5.176331],[120.453308,5.178101],[120.454712,5.176514],[120.454102,5.176331]]],[[[120.523682,5.180725],[120.526489,5.176697],[120.523499,5.178894],[120.523682,5.180725]]],[[[120.451294,5.181274],[120.4505,5.179077],[120.4505,5.181519],[120.451294,5.181274]]],[[[120.522405,5.184749],[120.521675,5.183705],[120.521722,5.184894],[120.522405,5.184749]]],[[[120.59967,5.187927],[120.598877,5.189697],[120.599915,5.189697],[120.59967,5.187927]]],[[[120.355765,5.188885],[120.355026,5.189868],[120.355743,5.189423],[120.355765,5.188885]]],[[[120.601074,5.190674],[120.602722,5.190918],[120.602295,5.18988],[120.601074,5.190674]]],[[[120.454529,5.191101],[120.455078,5.191711],[120.455322,5.190918],[120.454529,5.191101]]],[[[120.605103,5.192688],[120.604309,5.191284],[120.603699,5.191895],[120.605103,5.192688]]],[[[120.452087,5.193481],[120.453125,5.192688],[120.452271,5.192688],[120.452087,5.193481]]],[[[120.352296,5.190167],[120.356774,5.197623],[120.357476,5.191582],[120.352296,5.190167]]],[[[120.606689,5.193909],[120.606506,5.194702],[120.607117,5.194092],[120.606689,5.193909]]],[[[120.522383,5.192456],[120.523805,5.185414],[120.507546,5.201089],[120.513571,5.202709],[120.522383,5.192456]]],[[[120.508728,5.194519],[120.50708,5.194702],[120.508118,5.195923],[120.508728,5.194519]]],[[[120.450684,5.195313],[120.450073,5.194885],[120.450073,5.195679],[120.450684,5.195313]]],[[[120.608704,5.195923],[120.610474,5.195679],[120.608887,5.194885],[120.608704,5.195923]]],[[[120.60791,5.195923],[120.6073,5.195496],[120.6073,5.196289],[120.60791,5.195923]]],[[[120.36042,5.197851],[120.361608,5.19776],[120.361297,5.197154],[120.36042,5.197851]]],[[[120.598877,5.197083],[120.598877,5.198914],[120.59967,5.197876],[120.598877,5.197083]]],[[[120.359402,5.197582],[120.35947,5.198586],[120.359875,5.197611],[120.359402,5.197582]]],[[[120.612915,5.19751],[120.612305,5.19873],[120.612915,5.198486],[120.612915,5.19751]]],[[[120.613708,5.19989],[120.614929,5.19873],[120.614075,5.198486],[120.613708,5.19989]]],[[[120.594917,5.200936],[120.595928,5.199175],[120.59384,5.200804],[120.594917,5.200936]]],[[[120.583679,5.199707],[120.586121,5.201477],[120.584106,5.199097],[120.583679,5.199707]]],[[[120.583354,5.198593],[120.580766,5.200397],[120.584092,5.199059],[120.585904,5.200284],[120.586163,5.201484],[120.585698,5.201948],[120.58326,5.201981],[120.584475,5.205437],[120.587667,5.198937],[120.583354,5.198593]]],[[[120.59224,5.201864],[120.590853,5.202924],[120.592028,5.202447],[120.59224,5.201864]]],[[[120.61969,5.203674],[120.618896,5.203491],[120.61908,5.203918],[120.61969,5.203674]]],[[[120.356689,5.210327],[120.354919,5.211304],[120.356506,5.21228],[120.356689,5.210327]]],[[[120.602097,5.207098],[120.598921,5.202516],[120.583488,5.206069],[120.580883,5.20221],[120.577906,5.208127],[120.568811,5.20761],[120.570516,5.212649],[120.583524,5.216894],[120.609058,5.219037],[120.600862,5.214108],[120.602097,5.207098]]],[[[120.609497,5.215088],[120.610901,5.213501],[120.609497,5.213501],[120.609497,5.215088]]],[[[120.593689,5.2229],[120.59668,5.22113],[120.580688,5.218689],[120.593689,5.2229]]],[[[120.367126,5.225281],[120.369873,5.225708],[120.36908,5.223877],[120.367126,5.225281]]],[[[120.639107,5.235012],[120.652825,5.228399],[120.648968,5.227398],[120.647909,5.222624],[120.635615,5.222028],[120.629141,5.229309],[120.632171,5.233408],[120.639107,5.235012]]],[[[120.377149,5.235042],[120.378167,5.23214],[120.376598,5.231188],[120.374812,5.233934],[120.377149,5.235042]]],[[[120.644104,5.233276],[120.648071,5.233521],[120.648315,5.232483],[120.644104,5.233276]]],[[[120.405177,5.23215],[120.403673,5.233727],[120.403036,5.23706],[120.405193,5.236803],[120.405177,5.23215]]],[[[120.364747,5.257767],[120.367452,5.260958],[120.369452,5.258924],[120.364747,5.257767]]],[[[120.382842,5.265859],[120.375854,5.258953],[120.368497,5.269387],[120.37263,5.272376],[120.382842,5.265859]]],[[[120.475068,5.296125],[120.476806,5.29768],[120.477392,5.296415],[120.475068,5.296125]]],[[[120.575373,5.295166],[120.571309,5.292706],[120.566127,5.296034],[120.569558,5.305675],[120.575373,5.295166]]],[[[120.418018,5.305935],[120.41609,5.308194],[120.417726,5.308387],[120.418018,5.305935]]],[[[120.579867,5.329763],[120.576562,5.327958],[120.577525,5.33046],[120.579867,5.329763]]],[[[120.367126,5.388123],[120.375435,5.401602],[120.383053,5.404437],[120.404056,5.401553],[120.393311,5.392273],[120.367126,5.388123]]],[[[120.572238,5.417531],[120.576985,5.418774],[120.585507,5.412194],[120.590852,5.416694],[120.593885,5.414072],[120.591915,5.409042],[120.594103,5.406156],[120.599705,5.408112],[120.597406,5.418552],[120.592429,5.423094],[120.585325,5.424815],[120.585178,5.43152],[120.581292,5.420743],[120.578205,5.421653],[120.578577,5.434829],[120.590135,5.433973],[120.608141,5.411717],[120.607995,5.404504],[120.590536,5.398318],[120.578913,5.405076],[120.572238,5.417531]]],[[[120.58619,5.422531],[120.587091,5.424254],[120.587264,5.422101],[120.58619,5.422531]]],[[[120.589765,5.466089],[120.591008,5.444866],[120.584573,5.442838],[120.580015,5.445976],[120.577903,5.460086],[120.587227,5.467902],[120.589765,5.466089]]],[[[120.562073,5.501709],[120.566101,5.502319],[120.566895,5.498108],[120.562073,5.501709]]],[[[120.695679,5.210327],[120.691101,5.210693],[120.690491,5.212097],[120.695679,5.210327]]],[[[120.670786,5.219847],[120.684641,5.209777],[120.68613,5.209476],[120.672709,5.209085],[120.660556,5.222534],[120.670786,5.219847]]],[[[120.685303,5.213684],[120.682678,5.214478],[120.680725,5.216675],[120.682312,5.216492],[120.685303,5.213684]]],[[[120.671692,5.2229],[120.6745,5.221497],[120.675293,5.22052],[120.673279,5.22052],[120.671692,5.2229]]],[[[120.651672,5.231079],[120.653931,5.231323],[120.654114,5.230713],[120.651672,5.231079]]],[[[121.99383,6.285765],[121.993282,6.287114],[121.996859,6.287279],[121.997646,6.288608],[121.998881,6.287944],[121.99383,6.285765]]],[[[121.995821,6.289043],[121.995109,6.288437],[121.994952,6.289175],[121.995821,6.289043]]],[[[121.993266,6.289157],[121.992475,6.287654],[121.992211,6.288088],[121.993266,6.289157]]],[[[121.997466,6.288935],[121.998388,6.289499],[121.998854,6.288607],[121.997466,6.288935]]],[[[121.998808,6.28956],[121.999002,6.290324],[121.999384,6.289883],[121.998808,6.28956]]],[[[121.979336,6.2917],[121.978912,6.29082],[121.978659,6.291211],[121.979336,6.2917]]],[[[121.994389,6.298039],[121.986834,6.286061],[121.99485,6.285119],[121.997799,6.286034],[122.00019,6.289476],[122.007289,6.28998],[122.010232,6.294922],[122.015807,6.292672],[122.013224,6.28816],[121.980361,6.279224],[121.97077,6.278985],[121.966172,6.284557],[121.981965,6.281104],[121.979876,6.291055],[121.97949,6.291874],[121.979002,6.292058],[121.976694,6.291804],[121.973656,6.294109],[121.971653,6.293546],[121.971577,6.294729],[121.966163,6.288922],[121.96109,6.288871],[121.956414,6.296912],[121.958789,6.310362],[121.963484,6.313003],[121.988582,6.307981],[121.994389,6.298039]]],[[[121.992037,6.311112],[121.994063,6.310099],[121.989343,6.311474],[121.995328,6.312777],[121.992037,6.311112]]],[[[121.928696,6.321796],[121.930666,6.305799],[121.927875,6.304152],[121.921701,6.308918],[121.919345,6.321495],[121.923966,6.327603],[121.928696,6.321796]]],[[[121.9801,6.35716],[121.982334,6.3391],[121.978995,6.335778],[121.964335,6.333442],[121.962999,6.337877],[121.959741,6.337331],[121.961921,6.334843],[121.958609,6.335781],[121.950799,6.345519],[121.950041,6.351407],[121.962538,6.357961],[121.975501,6.361906],[121.9801,6.35716]]],[[[121.856077,6.451234],[121.854978,6.453397],[121.857511,6.453442],[121.856077,6.451234]]],[[[121.819807,6.450752],[121.816855,6.463198],[121.827109,6.468295],[121.833462,6.465941],[121.831368,6.450731],[121.826109,6.448068],[121.819807,6.450752]]],[[[121.77878,6.526648],[121.782602,6.524435],[121.781828,6.52171],[121.773383,6.519265],[121.77878,6.526648]]],[[[121.788085,6.531929],[121.792814,6.527966],[121.792293,6.523889],[121.78976,6.525311],[121.788085,6.531929]]],[[[121.838755,6.526747],[121.836082,6.531913],[121.837659,6.533042],[121.838755,6.526747]]],[[[121.754871,6.540415],[121.761341,6.539726],[121.763777,6.535307],[121.755544,6.533707],[121.754871,6.540415]]],[[[121.831412,6.550749],[121.833525,6.550128],[121.835916,6.545523],[121.833281,6.546828],[121.831412,6.550749]]],[[[121.863375,6.549994],[121.865739,6.550243],[121.866282,6.547452],[121.864669,6.547245],[121.863375,6.549994]]],[[[121.791135,6.551741],[121.790661,6.565008],[121.795263,6.566682],[121.805858,6.549558],[121.791135,6.551741]]],[[[121.74927,6.562981],[121.743104,6.567252],[121.743609,6.571289],[121.748274,6.570177],[121.74927,6.562981]]],[[[121.694109,6.584769],[121.697945,6.566794],[121.69596,6.563956],[121.68969,6.570455],[121.691359,6.585994],[121.694109,6.584769]]],[[[121.561298,6.586112],[121.566806,6.587013],[121.566658,6.584237],[121.562892,6.583281],[121.561298,6.586112]]],[[[121.610536,6.586594],[121.612638,6.583074],[121.612088,6.582807],[121.610536,6.586594]]],[[[121.780827,6.591667],[121.781357,6.588117],[121.776302,6.587358],[121.77253,6.595265],[121.780827,6.591667]]],[[[121.613955,6.593956],[121.614834,6.597553],[121.616267,6.598902],[121.615859,6.594816],[121.613955,6.593956]]],[[[121.559964,6.601967],[121.566216,6.597241],[121.565428,6.592058],[121.559871,6.594005],[121.559964,6.601967]]],[[[121.6178,6.600696],[121.616413,6.59969],[121.616816,6.602039],[121.6178,6.600696]]],[[[121.545425,6.602455],[121.550913,6.602467],[121.551072,6.602086],[121.547573,6.600018],[121.545425,6.602455]]],[[[121.611039,6.607592],[121.611899,6.607077],[121.611181,6.605936],[121.611039,6.607592]]],[[[121.754542,6.610669],[121.756474,6.61193],[121.755908,6.608832],[121.754542,6.610669]]],[[[121.551316,6.611016],[121.550627,6.611619],[121.551199,6.611608],[121.551316,6.611016]]],[[[121.548123,6.623553],[121.554616,6.618607],[121.544387,6.614504],[121.545231,6.61909],[121.548123,6.623553]]],[[[121.513302,6.624928],[121.517572,6.624546],[121.517437,6.614577],[121.510177,6.620757],[121.513302,6.624928]]],[[[121.616126,6.561085],[121.617248,6.583754],[121.614625,6.593432],[121.617335,6.594897],[121.617762,6.599315],[121.619623,6.59958],[121.599401,6.624786],[121.601238,6.640785],[121.584709,6.663663],[121.5836,6.67027],[121.592995,6.684631],[121.604622,6.678355],[121.613852,6.661344],[121.632328,6.651728],[121.628952,6.64165],[121.623434,6.636065],[121.625103,6.633527],[121.6196,6.621819],[121.622486,6.611075],[121.622901,6.579315],[121.618911,6.571745],[121.618872,6.558917],[121.616126,6.561085]]],[[[121.559462,6.635549],[121.563077,6.635957],[121.559227,6.629188],[121.558265,6.630497],[121.559462,6.635549]]],[[[121.569957,6.632457],[121.570081,6.640321],[121.580486,6.648341],[121.589766,6.649405],[121.591293,6.632038],[121.588441,6.625781],[121.569957,6.632457]]],[[[121.637286,6.638814],[121.638305,6.643591],[121.641247,6.644525],[121.63993,6.638909],[121.637286,6.638814]]],[[[121.57331,6.648412],[121.569557,6.643645],[121.568799,6.644242],[121.57331,6.648412]]],[[[121.528865,6.655251],[121.531532,6.659669],[121.536989,6.654974],[121.534304,6.645823],[121.530281,6.646721],[121.528865,6.655251]]],[[[121.568901,6.664533],[121.570501,6.653537],[121.564338,6.646525],[121.568901,6.664533]]],[[[121.530497,6.668002],[121.531236,6.667219],[121.530831,6.66664],[121.530497,6.668002]]],[[[121.706455,6.692644],[121.711843,6.693945],[121.717558,6.686125],[121.712508,6.657851],[121.705707,6.642485],[121.702873,6.646288],[121.703279,6.685384],[121.706455,6.692644]]],[[[121.533325,6.669128],[121.532715,6.669495],[121.533325,6.669922],[121.533325,6.669128]]],[[[121.914811,6.677747],[121.917007,6.67828],[121.916713,6.676819],[121.914811,6.677747]]],[[[121.464049,6.734262],[121.450699,6.746499],[121.458648,6.765974],[121.472189,6.748229],[121.468402,6.734069],[121.464049,6.734262]]],[[[121.42944,6.765367],[121.432389,6.777676],[121.435994,6.779825],[121.434028,6.774199],[121.438842,6.767846],[121.438543,6.758601],[121.431911,6.757725],[121.42944,6.765367]]],[[[121.548909,6.812578],[121.530278,6.828498],[121.531869,6.833966],[121.541112,6.832595],[121.548261,6.817894],[121.548909,6.812578]]],[[[121.549501,6.844845],[121.555474,6.846472],[121.560835,6.843686],[121.557704,6.828671],[121.547123,6.838321],[121.549501,6.844845]]],[[[121.59314,6.888397],[121.586095,6.902359],[121.588433,6.906588],[121.592952,6.903042],[121.59314,6.888397]]],[[[122.00175,6.289635],[122.000714,6.290313],[122.001891,6.290325],[122.00175,6.289635]]],[[[122.004896,6.314219],[122.016322,6.295406],[122.012315,6.295575],[122.011078,6.301677],[122.00673,6.302439],[122.007113,6.307227],[122.000249,6.316252],[122.004896,6.314219]]],[[[122.038094,6.319297],[122.037427,6.319602],[122.038234,6.320184],[122.038094,6.319297]]],[[[122.043542,6.322126],[122.044303,6.321909],[122.043875,6.321681],[122.043542,6.322126]]],[[[122.044114,6.322829],[122.044814,6.323355],[122.044592,6.322638],[122.044114,6.322829]]],[[[122.042992,6.324007],[122.043625,6.324948],[122.043889,6.324402],[122.042992,6.324007]]],[[[122.052533,6.334574],[122.046879,6.321481],[122.039424,6.315403],[122.037925,6.315162],[122.037141,6.317956],[122.038966,6.315607],[122.038784,6.319109],[122.040983,6.319838],[122.044715,6.322019],[122.045038,6.322477],[122.045442,6.324253],[122.042604,6.326395],[122.048501,6.329569],[122.04591,6.336023],[122.049811,6.33536],[122.050106,6.342049],[122.052533,6.334574]]],[[[122.035638,6.345222],[122.03264,6.34333],[122.040733,6.328888],[122.023969,6.331449],[122.021286,6.326532],[122.017246,6.331434],[122.0176,6.340703],[122.022353,6.347057],[122.028232,6.350335],[122.035638,6.345222]]],[[[122.036862,6.393323],[122.036992,6.395631],[122.039821,6.397996],[122.041151,6.393322],[122.036862,6.393323]]],[[[122.127477,6.427754],[122.114535,6.426521],[122.114032,6.429246],[122.119646,6.432384],[122.127259,6.430349],[122.127477,6.427754]]],[[[122.13627,6.436229],[122.137574,6.433698],[122.131449,6.42931],[122.126448,6.433799],[122.13627,6.436229]]],[[[122.143927,6.444455],[122.14225,6.444367],[122.142606,6.445462],[122.143927,6.444455]]],[[[122.145021,6.446174],[122.145492,6.445351],[122.14509,6.445132],[122.145021,6.446174]]],[[[122.170176,6.452846],[122.176424,6.45261],[122.170261,6.451967],[122.170176,6.452846]]],[[[122.180016,6.453091],[122.179692,6.45375],[122.180273,6.453663],[122.180016,6.453091]]],[[[122.17459,6.456216],[122.176263,6.455319],[122.174868,6.455309],[122.17459,6.456216]]],[[[122.22904,6.463388],[122.232051,6.454117],[122.229454,6.448459],[122.225089,6.44705],[122.219156,6.448303],[122.22591,6.44758],[122.229889,6.452699],[122.226045,6.462072],[122.228876,6.462724],[122.221033,6.465408],[122.22904,6.463388]]],[[[122.206179,6.479039],[122.214157,6.464743],[122.225849,6.456489],[122.223936,6.451758],[122.215789,6.455823],[122.214384,6.459799],[122.198099,6.462041],[122.199591,6.464575],[122.208385,6.464006],[122.205756,6.470525],[122.20627,6.465212],[122.202468,6.470502],[122.206179,6.479039]]],[[[122.209649,6.486795],[122.209819,6.488467],[122.211855,6.487743],[122.209649,6.486795]]],[[[122.205975,6.487025],[122.20317,6.489181],[122.20367,6.490107],[122.205975,6.487025]]],[[[122.203554,6.491534],[122.205609,6.493857],[122.20703,6.489989],[122.203554,6.491534]]],[[[122.209034,6.506824],[122.218876,6.499591],[122.217552,6.493579],[122.203052,6.498583],[122.20635,6.504816],[122.200127,6.51182],[122.201353,6.515263],[122.205475,6.514827],[122.209034,6.506824]]],[[[122.202141,6.520098],[122.199567,6.521652],[122.20412,6.527961],[122.20447,6.524909],[122.202141,6.520098]]],[[[121.917178,6.674741],[121.916327,6.638525],[121.924297,6.63567],[121.92874,6.61865],[121.933031,6.61728],[121.935789,6.62106],[121.941479,6.61961],[121.943088,6.615481],[121.943357,6.605463],[121.941153,6.605194],[121.943681,6.598678],[121.937492,6.583335],[121.936488,6.564649],[121.941277,6.566363],[121.954958,6.559809],[121.96473,6.563972],[122.042893,6.56482],[122.040326,6.595146],[122.034925,6.615838],[122.026831,6.616179],[122.034091,6.624843],[122.032078,6.630824],[122.037573,6.642578],[122.036435,6.653507],[122.045472,6.654965],[122.047069,6.665732],[122.051535,6.667949],[122.04855,6.681042],[122.03659,6.693878],[122.032941,6.694585],[122.031736,6.689737],[122.029913,6.692094],[122.030622,6.701449],[122.034453,6.701379],[122.031253,6.703717],[122.031455,6.710349],[122.036004,6.709351],[122.0379,6.712506],[122.031237,6.721607],[122.030985,6.725458],[122.035341,6.728878],[122.030766,6.73532],[122.032589,6.741122],[122.040017,6.740987],[122.040791,6.744678],[122.041785,6.74037],[122.044903,6.742919],[122.042766,6.746414],[122.047158,6.749015],[122.06284,6.751296],[122.076753,6.747453],[122.082099,6.730834],[122.093587,6.714057],[122.10985,6.7174],[122.115755,6.722435],[122.135822,6.717098],[122.141216,6.70204],[122.137099,6.689815],[122.139744,6.676898],[122.146824,6.67531],[122.143105,6.669988],[122.158259,6.667916],[122.158994,6.674167],[122.172975,6.662949],[122.188706,6.669842],[122.200331,6.664668],[122.215261,6.665503],[122.22215,6.660715],[122.236631,6.665016],[122.248094,6.652803],[122.266095,6.641382],[122.28439,6.646939],[122.306898,6.644764],[122.321689,6.635486],[122.327939,6.624324],[122.326912,6.616795],[122.320821,6.611059],[122.315661,6.598429],[122.30397,6.590836],[122.287295,6.595182],[122.27415,6.591247],[122.266533,6.594208],[122.256214,6.588402],[122.249743,6.595702],[122.23869,6.595331],[122.223123,6.590023],[122.21906,6.58343],[122.212125,6.580898],[122.207606,6.567012],[122.210819,6.559705],[122.20644,6.554832],[122.202475,6.532835],[122.190021,6.520803],[122.197156,6.505662],[122.198554,6.496889],[122.196201,6.495126],[122.199507,6.492896],[122.197699,6.48776],[122.195542,6.488574],[122.193918,6.47852],[122.191379,6.478481],[122.195381,6.474899],[122.196195,6.468195],[122.192393,6.46147],[122.178112,6.454711],[122.17616,6.459008],[122.173333,6.456857],[122.174355,6.454734],[122.163675,6.454235],[122.157657,6.450191],[122.155565,6.452],[122.150576,6.447824],[122.147259,6.449759],[122.140531,6.445715],[122.134782,6.447292],[122.120847,6.439107],[122.11491,6.440824],[122.090781,6.435348],[122.081373,6.426251],[122.077056,6.425568],[122.076858,6.428179],[122.066229,6.420927],[122.062668,6.423821],[122.063674,6.418678],[122.056555,6.419841],[122.038089,6.411672],[122.034387,6.412927],[122.035029,6.416207],[122.032028,6.411678],[122.021658,6.410621],[122.018265,6.415412],[122.014111,6.410612],[122.004485,6.413266],[121.984673,6.409093],[121.974431,6.412372],[121.971766,6.41611],[121.970442,6.408376],[121.961752,6.409417],[121.966192,6.407194],[121.958434,6.406433],[121.949976,6.417245],[121.951095,6.421484],[121.954657,6.421381],[121.951654,6.426153],[121.958214,6.42885],[121.957712,6.43121],[121.946834,6.431573],[121.945047,6.442925],[121.941426,6.439185],[121.929493,6.446515],[121.919759,6.446546],[121.917301,6.456777],[121.913984,6.456174],[121.915915,6.453792],[121.913929,6.45524],[121.907284,6.464674],[121.905728,6.470521],[121.908819,6.470987],[121.902005,6.476349],[121.903576,6.482616],[121.898375,6.479805],[121.89146,6.483488],[121.894798,6.487505],[121.894639,6.49411],[121.884904,6.492075],[121.881698,6.49844],[121.874222,6.499521],[121.87027,6.504497],[121.87195,6.507946],[121.86747,6.511023],[121.8647,6.522044],[121.867512,6.529195],[121.869154,6.525612],[121.87589,6.527307],[121.870494,6.531597],[121.87495,6.537877],[121.86648,6.540931],[121.865583,6.544138],[121.870063,6.552652],[121.873274,6.547229],[121.875117,6.54734],[121.872776,6.549739],[121.880792,6.55652],[121.88009,6.559814],[121.871793,6.564377],[121.868801,6.575018],[121.865832,6.574409],[121.864676,6.578431],[121.858795,6.578086],[121.857901,6.581828],[121.85502,6.579655],[121.851124,6.590088],[121.849106,6.586119],[121.836359,6.586954],[121.825569,6.583561],[121.795171,6.601896],[121.794911,6.608382],[121.801216,6.609965],[121.79944,6.622604],[121.794473,6.628105],[121.801466,6.644621],[121.813172,6.663183],[121.827501,6.673924],[121.83018,6.673031],[121.831278,6.678908],[121.845686,6.682525],[121.856237,6.678916],[121.861219,6.673516],[121.862168,6.675631],[121.867943,6.673486],[121.874372,6.660571],[121.883983,6.660386],[121.883049,6.657224],[121.886775,6.656441],[121.899673,6.662824],[121.906033,6.671698],[121.917178,6.674741]]],[[[122.200116,6.665369],[122.200528,6.666262],[122.200974,6.66574],[122.200116,6.665369]]],[[[122.179765,6.667636],[122.179885,6.666773],[122.179127,6.66709],[122.179765,6.667636]]],[[[122.142129,6.680043],[122.142529,6.679233],[122.141547,6.678988],[122.142129,6.680043]]],[[[122.263914,6.72662],[122.257795,6.727162],[122.253601,6.733464],[122.254794,6.738275],[122.263914,6.72662]]],[[[122.251354,6.742217],[122.250867,6.74071],[122.250178,6.741386],[122.251354,6.742217]]],[[[122.397152,6.749812],[122.407258,6.741215],[122.405193,6.734388],[122.39199,6.738498],[122.390944,6.743696],[122.397152,6.749812]]],[[[122.380861,6.768988],[122.366878,6.760198],[122.362686,6.762674],[122.361469,6.767999],[122.379494,6.775039],[122.380861,6.768988]]],[[[124.772462,7.156912],[124.781395,7.145239],[124.785139,7.147001],[124.786387,7.140745],[124.79642,7.136251],[124.797528,7.125972],[124.792604,7.122709],[124.786879,7.131327],[124.781965,7.131594],[124.785546,7.101409],[124.77203,7.087198],[124.771989,7.075949],[124.802274,7.071195],[124.825212,7.062748],[124.821964,7.044488],[124.823833,6.949088],[124.803472,6.948886],[124.803562,6.91238],[124.804106,6.882345],[124.820635,6.866329],[124.827866,6.865479],[124.827845,6.861072],[124.818429,6.846924],[124.811992,6.841965],[124.805486,6.841647],[124.804196,6.816776],[124.823642,6.815536],[124.822464,6.794189],[124.829645,6.7919],[124.8539,6.790242],[124.8547,6.797642],[124.871229,6.797642],[124.888845,6.796142],[124.888622,6.790036],[124.892933,6.789699],[124.891348,6.78662],[124.927834,6.789544],[124.9281,6.791915],[124.94175,6.790628],[124.945993,6.783556],[124.952685,6.784597],[124.945761,6.755852],[124.948678,6.757482],[124.950351,6.755037],[124.950351,6.748904],[124.953138,6.750491],[124.955026,6.743885],[124.959358,6.74114],[124.958629,6.73698],[124.966221,6.735908],[124.966006,6.739339],[124.970038,6.739939],[124.971668,6.734878],[124.976086,6.733549],[124.974799,6.731361],[124.978702,6.732133],[124.983524,6.727055],[124.998175,6.732301],[125.004807,6.731092],[125.004144,6.734395],[125.007743,6.734106],[125.006812,6.711873],[124.969185,6.709966],[124.886808,6.677563],[124.902009,6.655855],[124.880154,6.64296],[124.86845,6.643072],[124.868361,6.622079],[124.872109,6.617489],[124.865487,6.609752],[124.857229,6.6073],[124.850672,6.609665],[124.846648,6.60688],[124.843925,6.609535],[124.839788,6.601107],[124.835944,6.603331],[124.833436,6.601441],[124.824021,6.610807],[124.819772,6.610058],[124.82024,6.612889],[124.816473,6.612544],[124.813051,6.607384],[124.814704,6.612286],[124.810017,6.6124],[124.809315,6.6049],[124.807682,6.609666],[124.8003,6.610432],[124.799192,6.613207],[124.787082,6.607046],[124.786041,6.603598],[124.778728,6.626619],[124.781701,6.627507],[124.784988,6.639035],[124.775171,6.642719],[124.786996,6.649397],[124.760998,6.66484],[124.769273,6.676179],[124.787096,6.676971],[124.795257,6.683822],[124.783637,6.693444],[124.779091,6.702645],[124.782319,6.706576],[124.775583,6.710586],[124.770089,6.727039],[124.761948,6.726859],[124.743255,6.747772],[124.724936,6.784795],[124.717085,6.810847],[124.698217,6.79968],[124.694421,6.793023],[124.669097,6.855363],[124.66981,6.865206],[124.666806,6.869075],[124.637568,6.880306],[124.633727,6.887707],[124.597538,6.864945],[124.602952,6.850612],[124.580314,6.850144],[124.580756,6.831199],[124.584206,6.821555],[124.578643,6.815662],[124.58573,6.80983],[124.583602,6.799082],[124.576177,6.792157],[124.578488,6.785804],[124.578451,6.783548],[124.578268,6.782668],[124.578048,6.781842],[124.577986,6.781467],[124.537496,6.78112],[124.538507,6.773909],[124.509315,6.772892],[124.516674,6.746674],[124.513217,6.736546],[124.516146,6.727933],[124.465275,6.730109],[124.413559,6.727837],[124.278954,6.696176],[124.276266,6.736065],[124.283917,6.754071],[124.247724,6.75663],[124.228321,6.73391],[124.210142,6.74325],[124.148256,6.746884],[124.0969,6.747261],[124.084953,6.743239],[124.033343,6.74081],[124.036533,6.746622],[124.037965,6.743848],[124.039099,6.745839],[124.040822,6.75822],[124.031075,6.777936],[124.017808,6.790715],[124.000222,6.794958],[123.994805,6.791038],[123.992269,6.776929],[123.987909,6.777512],[123.987504,6.771465],[123.98212,6.768452],[123.978756,6.770939],[123.970891,6.769259],[123.969783,6.775586],[123.975547,6.784921],[123.975704,6.793832],[123.966525,6.797441],[123.965554,6.788848],[123.963867,6.786472],[123.96003,6.788191],[123.963536,6.800433],[123.962463,6.811868],[123.955674,6.814787],[123.953908,6.819397],[123.943526,6.817977],[123.950545,6.826483],[123.957715,6.824443],[123.961672,6.827296],[123.963195,6.833607],[123.956753,6.839718],[123.957535,6.854463],[123.974584,6.864744],[123.970256,6.883312],[123.956853,6.893879],[123.956809,6.910164],[123.962355,6.913694],[123.961754,6.920278],[123.967253,6.922107],[123.970304,6.928185],[123.9698,6.963654],[123.979944,6.972853],[123.995804,7.002955],[123.992404,7.020411],[124.001056,7.032947],[124.000127,7.039571],[124.013677,7.051961],[124.01765,7.067424],[124.037651,7.0962],[124.037624,7.10681],[124.046921,7.122839],[124.062153,7.1365],[124.066124,7.144751],[124.087869,7.145315],[124.114943,7.150936],[124.132236,7.166226],[124.157685,7.175087],[124.162417,7.186286],[124.158805,7.18921],[124.17238,7.195579],[124.172737,7.199453],[124.157742,7.20376],[124.169698,7.215091],[124.170178,7.210587],[124.169605,7.222618],[124.177018,7.227607],[124.181424,7.225453],[124.180993,7.231496],[124.188324,7.243375],[124.195884,7.240154],[124.198616,7.242654],[124.18926,7.250399],[124.194099,7.252857],[124.208716,7.251993],[124.203788,7.266044],[124.210031,7.273397],[124.208865,7.279862],[124.21665,7.307349],[124.212642,7.330866],[124.215076,7.342713],[124.211368,7.348875],[124.202355,7.351778],[124.216065,7.35395],[124.218539,7.357488],[124.224537,7.353877],[124.222675,7.347323],[124.229555,7.345676],[124.231305,7.341961],[124.241868,7.347789],[124.256495,7.347947],[124.260714,7.368133],[124.258335,7.378183],[124.25386,7.380178],[124.251789,7.376136],[124.247874,7.377326],[124.249488,7.406428],[124.235071,7.417693],[124.227634,7.413059],[124.22592,7.40651],[124.218751,7.408665],[124.216475,7.405994],[124.210578,7.409527],[124.206213,7.407801],[124.204211,7.416093],[124.196903,7.421464],[124.188346,7.41237],[124.172664,7.406965],[124.165692,7.40118],[124.154129,7.40368],[124.160035,7.40858],[124.1625,7.40626],[124.166618,7.410243],[124.174269,7.409249],[124.179804,7.414839],[124.169883,7.415271],[124.168133,7.42042],[124.172909,7.425504],[124.171794,7.428314],[124.140627,7.436299],[124.135125,7.439941],[124.134588,7.445264],[124.129068,7.445156],[124.129995,7.454764],[124.139176,7.44696],[124.144402,7.451281],[124.145985,7.460143],[124.143441,7.46526],[124.131766,7.4719],[124.118429,7.509966],[124.108252,7.525653],[124.094209,7.539279],[124.09308,7.545523],[124.066892,7.584962],[124.043798,7.602555],[124.048444,7.603807],[124.042893,7.604653],[124.045104,7.610023],[124.036874,7.621917],[124.036469,7.627431],[124.023789,7.636577],[124.015968,7.637905],[124.013552,7.646797],[124.010663,7.64761],[124.003494,7.641587],[123.999292,7.646945],[123.994712,7.643209],[123.993104,7.646143],[123.989065,7.641836],[123.988152,7.644767],[123.985122,7.642585],[123.974216,7.651144],[123.972811,7.666352],[123.96099,7.66813],[123.937226,7.680847],[123.935173,7.68491],[123.933791,7.682584],[123.916349,7.692566],[123.901992,7.689703],[123.894136,7.696139],[123.886487,7.696382],[123.875448,7.702153],[123.865588,7.696366],[123.850597,7.69749],[123.849652,7.70709],[123.853845,7.710848],[123.857213,7.709874],[123.855817,7.712337],[123.860606,7.718057],[123.859266,7.728782],[123.853703,7.726686],[123.850969,7.735202],[123.870273,7.738133],[123.902944,7.729356],[123.955313,7.72382],[124.001625,7.742659],[123.996585,7.763499],[123.995513,7.785322],[124.009684,7.808221],[124.029423,7.821627],[124.023908,7.828601],[123.99573,7.838661],[123.973689,7.874037],[123.965705,7.87963],[124.001883,7.912552],[123.987841,7.935096],[124.008841,7.946689],[124.030819,7.952899],[124.101635,7.964451],[124.103552,7.972682],[124.096936,7.980998],[124.096324,7.986627],[124.11433,7.985755],[124.117509,8.00328],[124.108233,8.005317],[124.100929,8.002768],[124.098283,8.012729],[124.107962,8.010342],[124.111351,8.021063],[124.108835,8.029946],[124.123042,8.028824],[124.157623,8.033464],[124.157516,8.020146],[124.176762,8.020728],[124.174513,8.025479],[124.194124,8.021357],[124.191004,8.029098],[124.201371,8.029056],[124.204677,8.031889],[124.199277,8.046689],[124.211953,8.048658],[124.209921,8.064255],[124.212832,8.064629],[124.213964,8.071286],[124.22019,8.068078],[124.244882,8.067976],[124.247527,8.070434],[124.251971,8.065743],[124.253162,8.055728],[124.271885,8.054689],[124.278138,8.058013],[124.2839,8.053403],[124.331818,8.073891],[124.338484,8.081574],[124.334456,8.094328],[124.337708,8.102475],[124.350241,8.110817],[124.35001,8.115384],[124.368015,8.116234],[124.370752,8.120672],[124.368329,8.124975],[124.373478,8.127259],[124.367686,8.145419],[124.368875,8.156649],[124.376571,8.158135],[124.395757,8.153384],[124.404669,8.141588],[124.435015,8.128415],[124.455546,8.132937],[124.481239,8.163487],[124.485882,8.157781],[124.484264,8.154716],[124.497979,8.146409],[124.502297,8.13281],[124.510718,8.129269],[124.516902,8.117534],[124.522786,8.115148],[124.527967,8.097693],[124.537167,8.090485],[124.539209,8.084137],[124.53625,8.083103],[124.53718,8.079769],[124.547875,8.063419],[124.545763,8.058066],[124.54979,8.047025],[124.548418,8.024093],[124.561984,8.008681],[124.557437,8.004365],[124.564788,7.99409],[124.562531,7.981841],[124.601564,7.912001],[124.601532,7.907465],[124.598112,7.908378],[124.596721,7.905673],[124.59761,7.902537],[124.605497,7.897278],[124.610178,7.898852],[124.61193,7.892112],[124.618787,7.887982],[124.624604,7.888361],[124.621873,7.875395],[124.618084,7.873841],[124.618807,7.869065],[124.626583,7.868311],[124.629195,7.850545],[124.632205,7.850454],[124.633498,7.843799],[124.636753,7.844699],[124.650155,7.835138],[124.663619,7.834812],[124.665307,7.823335],[124.673374,7.816805],[124.674407,7.809338],[124.681449,7.801941],[124.68258,7.795841],[124.70474,7.780107],[124.711471,7.754229],[124.71864,7.753744],[124.71838,7.749871],[124.731416,7.745151],[124.732196,7.735228],[124.739592,7.729572],[124.733173,7.720164],[124.728723,7.721776],[124.73245,7.712113],[124.730821,7.703145],[124.743803,7.698284],[124.744422,7.683751],[124.746226,7.68575],[124.756359,7.681907],[124.758601,7.658515],[124.75578,7.654909],[124.759085,7.650962],[124.774238,7.642104],[124.776866,7.64579],[124.775946,7.636487],[124.795425,7.632021],[124.795802,7.628098],[124.803127,7.628317],[124.799083,7.623151],[124.805123,7.622628],[124.806676,7.619207],[124.802193,7.614063],[124.808358,7.613993],[124.81079,7.604679],[124.807412,7.59709],[124.810617,7.592789],[124.813711,7.596389],[124.818427,7.594076],[124.815806,7.589214],[124.821141,7.590189],[124.814823,7.581381],[124.819588,7.575755],[124.816083,7.575483],[124.815227,7.572087],[124.817117,7.569729],[124.824905,7.571591],[124.818065,7.565893],[124.827398,7.55669],[124.825126,7.548997],[124.828437,7.54622],[124.825674,7.540711],[124.820596,7.540854],[124.820745,7.536496],[124.811323,7.533816],[124.80718,7.522142],[124.798758,7.522033],[124.795393,7.528145],[124.797289,7.53204],[124.791762,7.533529],[124.793739,7.538166],[124.790895,7.542728],[124.770762,7.546993],[124.772607,7.550788],[124.768777,7.557554],[124.771558,7.557498],[124.771586,7.561034],[124.761104,7.561551],[124.758116,7.574836],[124.755241,7.575518],[124.752525,7.571597],[124.751595,7.57791],[124.741962,7.590974],[124.717405,7.591174],[124.714628,7.593476],[124.692172,7.590114],[124.676154,7.594909],[124.6705,7.599775],[124.590366,7.609325],[124.528049,7.638289],[124.490922,7.505226],[124.485289,7.438605],[124.463254,7.437709],[124.452005,7.423536],[124.447599,7.365183],[124.405752,7.363209],[124.40333,7.354124],[124.39602,7.355388],[124.376674,7.296938],[124.381131,7.286357],[124.377574,7.286177],[124.366263,7.235561],[124.415397,7.235744],[124.407273,7.223285],[124.408198,7.220233],[124.417426,7.221158],[124.418117,7.23027],[124.425209,7.22994],[124.426599,7.22616],[124.43469,7.226824],[124.437292,7.232242],[124.444315,7.236166],[124.446637,7.231069],[124.453565,7.22801],[124.467568,7.228464],[124.466696,7.216321],[124.474445,7.216185],[124.474515,7.207256],[124.489619,7.207223],[124.489277,7.197909],[124.48112,7.198064],[124.481126,7.190628],[124.474346,7.18917],[124.464925,7.171735],[124.482429,7.170753],[124.482093,7.150596],[124.499142,7.145892],[124.499157,7.141828],[124.507618,7.142089],[124.507604,7.137284],[124.519521,7.137543],[124.521917,7.099576],[124.537777,7.098844],[124.537744,7.088159],[124.519452,7.044227],[124.519151,7.030999],[124.52318,7.029617],[124.540021,7.051939],[124.553975,7.059578],[124.568301,7.059611],[124.57241,7.06502],[124.584324,7.065773],[124.585713,7.071132],[124.580763,7.083439],[124.56166,7.083302],[124.563873,7.099388],[124.560329,7.099548],[124.560944,7.121408],[124.573467,7.119293],[124.572937,7.096565],[124.584799,7.091482],[124.589448,7.080768],[124.597186,7.082577],[124.610314,7.078884],[124.611143,7.089254],[124.61461,7.089431],[124.611694,7.108136],[124.617199,7.123849],[124.625497,7.122446],[124.630614,7.125662],[124.635518,7.116307],[124.631812,7.108749],[124.628628,7.108706],[124.626771,7.095723],[124.632345,7.083218],[124.645149,7.072322],[124.647181,7.063937],[124.624934,7.064025],[124.625511,7.048379],[124.63429,7.041837],[124.63784,7.034306],[124.667015,7.034358],[124.667003,7.049059],[124.670666,7.049032],[124.687067,7.034328],[124.686993,7.02692],[124.681575,7.026917],[124.68165,7.012142],[124.692814,7.011923],[124.692718,7.019404],[124.716624,7.019549],[124.707689,7.024503],[124.711558,7.030969],[124.709982,7.03492],[124.701126,7.038647],[124.702819,7.051224],[124.693927,7.050419],[124.688135,7.058527],[124.687127,7.052724],[124.673812,7.057768],[124.672302,7.063597],[124.664567,7.062824],[124.664603,7.076164],[124.66892,7.086447],[124.685978,7.080635],[124.6901,7.073352],[124.699647,7.06744],[124.700458,7.077714],[124.692071,7.089716],[124.664577,7.100798],[124.667456,7.118521],[124.675816,7.134802],[124.707364,7.119284],[124.707444,7.116904],[124.720487,7.11239],[124.723087,7.115787],[124.73651,7.113428],[124.733042,7.11877],[124.727562,7.116862],[124.725272,7.122065],[124.730177,7.132974],[124.717781,7.131152],[124.716263,7.13968],[124.707792,7.142042],[124.708971,7.146655],[124.694127,7.145337],[124.693858,7.148472],[124.699084,7.148218],[124.698251,7.152079],[124.679201,7.152255],[124.683428,7.171675],[124.667618,7.185066],[124.666153,7.192941],[124.670255,7.195029],[124.680108,7.192795],[124.678106,7.205074],[124.69208,7.204922],[124.703944,7.197747],[124.705559,7.204205],[124.700834,7.210859],[124.696424,7.210662],[124.696778,7.218301],[124.691817,7.216372],[124.690255,7.220841],[124.679545,7.220171],[124.680057,7.224778],[124.669382,7.229566],[124.667561,7.235391],[124.709734,7.253636],[124.712567,7.249024],[124.71379,7.253636],[124.717927,7.253321],[124.72014,7.248157],[124.714802,7.24814],[124.726594,7.224423],[124.718381,7.212426],[124.72554,7.202681],[124.721518,7.198107],[124.719143,7.201651],[124.712997,7.202625],[124.711241,7.199736],[124.717495,7.195857],[124.71,7.187548],[124.711797,7.182737],[124.720029,7.182099],[124.727758,7.176642],[124.735135,7.200217],[124.744839,7.205807],[124.745896,7.216608],[124.756998,7.20945],[124.772571,7.2059],[124.7749,7.200854],[124.784454,7.202299],[124.789357,7.166786],[124.772462,7.156912]],[[124.438144,7.091637],[124.456742,7.07968],[124.471594,7.086088],[124.471426,7.092686],[124.44505,7.110413],[124.431187,7.091493],[124.434348,7.087539],[124.438144,7.091637]],[[124.560069,7.017374],[124.56594,7.015495],[124.57396,7.004791],[124.576024,6.993941],[124.609476,6.994184],[124.607609,7.024153],[124.612974,7.024409],[124.613749,7.036584],[124.604825,7.038309],[124.60481,7.040972],[124.59862,7.039928],[124.593348,7.049889],[124.566628,7.051214],[124.55571,7.023554],[124.560069,7.017374]],[[124.151819,7.865079],[124.147346,7.8639],[124.139574,7.854555],[124.129133,7.858108],[124.120291,7.851266],[124.111643,7.851572],[124.109485,7.84807],[124.114329,7.843261],[124.114991,7.832517],[124.122866,7.832279],[124.11728,7.828235],[124.105621,7.828698],[124.104341,7.822636],[124.13316,7.813109],[124.140677,7.806562],[124.161016,7.809475],[124.200716,7.800472],[124.200894,7.793918],[124.193663,7.791826],[124.194123,7.787971],[124.218467,7.785898],[124.22578,7.780972],[124.274537,7.790555],[124.322287,7.787505],[124.331859,7.792622],[124.334966,7.79851],[124.33221,7.7998],[124.329624,7.792929],[124.321802,7.788676],[124.32283,7.793081],[124.317423,7.795016],[124.312269,7.802781],[124.30836,7.825436],[124.312499,7.836097],[124.321911,7.837246],[124.330345,7.832234],[124.33326,7.83508],[124.331695,7.840897],[124.329374,7.840066],[124.330828,7.845562],[124.325754,7.862648],[124.320236,7.86613],[124.323868,7.880514],[124.320321,7.885103],[124.324917,7.888644],[124.321447,7.904844],[124.334862,7.911128],[124.337619,7.919847],[124.34217,7.922669],[124.36455,7.929095],[124.37146,7.941924],[124.371269,7.947721],[124.365228,7.957816],[124.355099,7.95767],[124.341296,7.970511],[124.341522,7.990165],[124.34408,7.990953],[124.341398,7.996611],[124.32241,8.00366],[124.309801,7.987294],[124.300402,7.987911],[124.287901,7.999969],[124.278034,7.982207],[124.269406,7.980675],[124.267922,7.970116],[124.256739,7.967855],[124.249702,7.957338],[124.233473,7.946402],[124.236994,7.938604],[124.224353,7.931077],[124.227308,7.923569],[124.22138,7.922403],[124.204846,7.909216],[124.205795,7.9002],[124.214511,7.899362],[124.216741,7.895234],[124.206327,7.8922],[124.200798,7.88364],[124.189424,7.876271],[124.185722,7.875283],[124.173211,7.882696],[124.164409,7.873434],[124.156599,7.873462],[124.151819,7.865079]]],[[[124.88881,7.134085],[124.883202,7.132086],[124.885233,7.129186],[124.880105,7.132534],[124.867899,7.131724],[124.870045,7.142563],[124.883833,7.154068],[124.892871,7.130701],[124.88881,7.134085]]],[[[124.863148,7.306391],[124.868278,7.304898],[124.877135,7.313699],[124.893305,7.311575],[124.91048,7.30342],[124.909569,7.215873],[124.860616,7.240718],[124.855627,7.208204],[124.849005,7.19167],[124.851484,7.175899],[124.854976,7.175674],[124.85475,7.169929],[124.858385,7.168438],[124.848628,7.147523],[124.838416,7.145647],[124.816772,7.151885],[124.813009,7.150771],[124.808529,7.14228],[124.80222,7.141984],[124.820077,7.183708],[124.820547,7.189579],[124.815937,7.198248],[124.80637,7.200944],[124.813663,7.20622],[124.819353,7.222798],[124.818041,7.224699],[124.816452,7.22128],[124.808989,7.23085],[124.800357,7.233061],[124.772755,7.228228],[124.76258,7.232669],[124.770891,7.238207],[124.769877,7.254751],[124.763935,7.256605],[124.761949,7.261933],[124.76433,7.264208],[124.761082,7.26758],[124.773881,7.278857],[124.795947,7.280701],[124.815452,7.272749],[124.840272,7.270745],[124.837017,7.280778],[124.849621,7.281261],[124.85737,7.28737],[124.856856,7.289845],[124.848753,7.291549],[124.848014,7.295183],[124.865457,7.294235],[124.861113,7.302698],[124.863148,7.306391]]],[[[124.01458,7.31914],[124.019421,7.332584],[124.034407,7.342962],[124.04462,7.356688],[124.062453,7.368393],[124.066784,7.374966],[124.077527,7.375995],[124.077853,7.369361],[124.069316,7.353653],[124.058805,7.347819],[124.058646,7.344636],[124.046954,7.339829],[124.042211,7.333175],[124.040426,7.328414],[124.045553,7.313174],[124.028674,7.295103],[124.018486,7.299453],[124.01458,7.31914]]],[[[124.172862,7.831263],[124.172167,7.829276],[124.170826,7.831261],[124.172862,7.831263]]],[[[124.158304,7.832568],[124.158314,7.834504],[124.16033,7.833196],[124.158304,7.832568]]],[[[124.212235,7.879987],[124.207797,7.880378],[124.207851,7.881798],[124.211947,7.882957],[124.212235,7.879987]]],[[[124.218741,7.89719],[124.218948,7.895725],[124.217913,7.896378],[124.218741,7.89719]]]]}}]}