{"type":"Feature","properties":{"name":"Philippines","derived_from":"provinces.geojson","psgc_version":"2026-Q2","namria_version":"2023-11-06","topology_preserved":true,"coordinate_precision_degrees":1e-06,"derived_reporting_area_ratio":0.03,"reference_outline_simplify_ratio":0.1},"geometry":{"type":"MultiPolygon","coordinates":[[[[120.443384,17.902721],[120.443493,17.895349],[120.445607,17.889704],[120.444093,17.88414],[120.44909,17.876449],[120.446232,17.870969],[120.440053,17.867141],[120.446192,17.8533],[120.445182,17.84596],[120.451639,17.842125],[120.448722,17.837424],[120.45741,17.826615],[120.453111,17.81913],[120.439532,17.82409],[120.434754,17.821434],[120.437434,17.815526],[120.431301,17.812927],[120.426247,17.806345],[120.414234,17.800025],[120.407357,17.803035],[120.402636,17.794081],[120.405697,17.781366],[120.41468,17.781478],[120.426069,17.774511],[120.421226,17.764277],[120.407218,17.758486],[120.415344,17.755322],[120.422637,17.756966],[120.428988,17.755068],[120.4333,17.749135],[120.435745,17.741287],[120.435232,17.731812],[120.428764,17.728631],[120.419645,17.728107],[120.419029,17.717134],[120.415777,17.708889],[120.404322,17.702468],[120.400405,17.702781],[120.397385,17.697383],[120.390688,17.69323],[120.383208,17.692943],[120.376488,17.683836],[120.365374,17.682635],[120.36132,17.685643],[120.360963,17.692555],[120.356238,17.692657],[120.353352,17.688754],[120.352141,17.678725],[120.356525,17.677446],[120.362563,17.680837],[120.369744,17.675606],[120.368706,17.660203],[120.365512,17.65243],[120.357707,17.645777],[120.355446,17.636292],[120.352075,17.634281],[120.352712,17.625476],[120.348767,17.604853],[120.347823,17.595726],[120.344418,17.578002],[120.344491,17.56354],[120.351843,17.548209],[120.365011,17.535688],[120.374625,17.529874],[120.391591,17.516359],[120.398279,17.514503],[120.409044,17.514713],[120.413573,17.516624],[120.419337,17.513126],[120.421062,17.508898],[120.423997,17.507024],[120.423248,17.506159],[120.422687,17.495609],[120.434127,17.483073],[120.435946,17.478428],[120.43123,17.469748],[120.434236,17.466691],[120.43232,17.451123],[120.435766,17.44565],[120.446164,17.446771],[120.448188,17.444419],[120.447255,17.433715],[120.450591,17.430239],[120.461275,17.407822],[120.459579,17.39513],[120.454028,17.385401],[120.453765,17.379341],[120.449029,17.374968],[120.450644,17.366235],[120.454569,17.361262],[120.452697,17.355122],[120.445145,17.352714],[120.446152,17.342031],[120.444115,17.337289],[120.436112,17.340309],[120.428204,17.337523],[120.426364,17.325806],[120.428676,17.323995],[120.428398,17.31631],[120.422739,17.303958],[120.423742,17.287402],[120.432528,17.289289],[120.430444,17.283921],[120.421775,17.276105],[120.41893,17.266215],[120.41708,17.25371],[120.420133,17.244917],[120.420479,17.231827],[120.417665,17.225151],[120.412992,17.219705],[120.406997,17.21755],[120.405087,17.209409],[120.414279,17.20451],[120.4187,17.195407],[120.426303,17.168977],[120.429587,17.1479],[120.433689,17.126452],[120.436174,17.101414],[120.436258,17.083884],[120.439253,17.070627],[120.443362,17.06203],[120.448185,17.043524],[120.449888,17.02692],[120.450311,17.00951],[120.448807,16.989021],[120.444813,16.974011],[120.437083,16.959647],[120.427731,16.945646],[120.423198,16.934035],[120.410798,16.920905],[120.40365,16.909474],[120.400592,16.902008],[120.402438,16.890765],[120.40013,16.882225],[120.373496,16.857718],[120.359498,16.850257],[120.347169,16.847166],[120.335288,16.836739],[120.331998,16.827553],[120.333425,16.81895],[120.327541,16.814193],[120.329498,16.810024],[120.325196,16.799131],[120.329548,16.793105],[120.330054,16.780416],[120.332026,16.770091],[120.336827,16.760104],[120.334547,16.744774],[120.339549,16.740083],[120.341192,16.735109],[120.340711,16.723304],[120.336264,16.713827],[120.337527,16.708825],[120.334078,16.696449],[120.338331,16.689089],[120.336274,16.679317],[120.332501,16.671133],[120.322542,16.662256],[120.317236,16.652784],[120.310642,16.648793],[120.307555,16.644059],[120.30727,16.638558],[120.310975,16.632618],[120.316418,16.6293],[120.315237,16.622093],[120.307904,16.612414],[120.301439,16.609607],[120.29276,16.610707],[120.28947,16.619673],[120.279449,16.624407],[120.277891,16.618277],[120.284565,16.611262],[120.286674,16.606619],[120.297328,16.604886],[120.301061,16.59737],[120.301205,16.581582],[120.307622,16.579752],[120.313358,16.581111],[120.319765,16.57528],[120.320806,16.568388],[120.318675,16.553663],[120.318873,16.543245],[120.314836,16.531862],[120.310116,16.525668],[120.304263,16.505452],[120.304422,16.49891],[120.306856,16.494352],[120.311541,16.492246],[120.318391,16.492343],[120.32375,16.486447],[120.327442,16.478839],[120.329832,16.469567],[120.332891,16.451454],[120.334715,16.431348],[120.333988,16.419263],[120.3314,16.409962],[120.323487,16.395931],[120.320187,16.386696],[120.321217,16.382479],[120.326213,16.377729],[120.330177,16.37701],[120.331636,16.364025],[120.337096,16.352395],[120.34361,16.345949],[120.339421,16.315378],[120.33972,16.307229],[120.347901,16.281905],[120.35546,16.274232],[120.361353,16.259066],[120.367961,16.25431],[120.36975,16.257038],[120.363018,16.265436],[120.364306,16.271005],[120.374483,16.272983],[120.37492,16.270139],[120.382089,16.263864],[120.38775,16.256872],[120.393126,16.256911],[120.401331,16.249058],[120.406183,16.231994],[120.409678,16.226853],[120.41443,16.210667],[120.417262,16.204736],[120.419103,16.192029],[120.422596,16.177636],[120.425503,16.171906],[120.423132,16.162379],[120.413481,16.148389],[120.394946,16.128527],[120.371697,16.110387],[120.370713,16.1061],[120.365504,16.09872],[120.359485,16.093014],[120.335459,16.077594],[120.328087,16.069481],[120.306233,16.059251],[120.28393,16.050266],[120.270017,16.04571],[120.253913,16.041499],[120.226313,16.036668],[120.217528,16.036842],[120.192885,16.045185],[120.188236,16.048515],[120.177184,16.044094],[120.171651,16.037329],[120.159863,16.036328],[120.144001,16.038412],[120.133773,16.043097],[120.125061,16.049304],[120.112989,16.055337],[120.108193,16.063813],[120.101417,16.062943],[120.09617,16.069182],[120.098245,16.080484],[120.10574,16.084248],[120.103599,16.09307],[120.098825,16.091277],[120.093856,16.096294],[120.093223,16.102936],[120.088528,16.108407],[120.088423,16.116233],[120.09318,16.121098],[120.101102,16.120968],[120.104074,16.12408],[120.101864,16.130531],[120.090566,16.137843],[120.095761,16.145608],[120.100116,16.141922],[120.1042,16.146037],[120.096099,16.156414],[120.092233,16.156969],[120.086455,16.163624],[120.079304,16.161726],[120.072817,16.16287],[120.069042,16.166528],[120.069101,16.172714],[120.060851,16.173141],[120.047401,16.177717],[120.048214,16.184586],[120.043282,16.184545],[120.038848,16.190215],[120.029067,16.190011],[120.029711,16.179369],[120.026392,16.173315],[120.016507,16.170193],[120.010627,16.174133],[120.011054,16.179633],[119.993592,16.201294],[119.982648,16.202777],[119.9789,16.209457],[119.971244,16.213299],[119.980705,16.22154],[119.977053,16.228444],[119.972834,16.227765],[119.962736,16.231764],[119.961936,16.222311],[119.956574,16.221226],[119.955716,16.233297],[119.953102,16.237424],[119.935566,16.239865],[119.926321,16.249009],[119.924414,16.245434],[119.918584,16.247743],[119.923375,16.254294],[119.914076,16.262213],[119.921805,16.274289],[119.92172,16.278417],[119.914242,16.294931],[119.914215,16.300979],[119.917246,16.30819],[119.923988,16.31892],[119.927681,16.328732],[119.928579,16.335945],[119.926257,16.343064],[119.927081,16.353206],[119.930207,16.361711],[119.920231,16.3706],[119.923388,16.374848],[119.925129,16.383493],[119.918667,16.382084],[119.912008,16.378181],[119.907867,16.379609],[119.902647,16.39069],[119.896323,16.392831],[119.88705,16.388412],[119.879971,16.390972],[119.872053,16.382428],[119.867749,16.379689],[119.856461,16.368207],[119.855395,16.358012],[119.836809,16.363489],[119.82242,16.362344],[119.816682,16.360016],[119.807718,16.351209],[119.796922,16.342431],[119.789314,16.333648],[119.784691,16.323644],[119.779332,16.308545],[119.780828,16.302586],[119.777771,16.288767],[119.773713,16.280573],[119.773099,16.257598],[119.775569,16.254353],[119.773236,16.248518],[119.781167,16.243506],[119.783549,16.238801],[119.77686,16.233962],[119.774324,16.225643],[119.768292,16.218797],[119.764408,16.210254],[119.763553,16.201257],[119.759179,16.195368],[119.758325,16.188036],[119.760312,16.181656],[119.754906,16.171478],[119.757715,16.166744],[119.769135,16.165707],[119.771875,16.161751],[119.77014,16.15769],[119.770607,16.1463],[119.775207,16.14116],[119.777995,16.12433],[119.775479,16.11877],[119.770549,16.114732],[119.763603,16.1128],[119.762004,16.102695],[119.767949,16.092396],[119.767867,16.085099],[119.764283,16.079482],[119.764114,16.067404],[119.756765,16.054749],[119.756105,16.046353],[119.758448,16.040431],[119.768899,16.037366],[119.774094,16.025508],[119.773561,16.021395],[119.760582,16.012384],[119.761156,16.002405],[119.758781,15.998686],[119.763331,15.989855],[119.762014,15.985134],[119.751101,15.973159],[119.749721,15.965595],[119.759186,15.942763],[119.764954,15.936654],[119.765015,15.926094],[119.773529,15.92289],[119.785282,15.931704],[119.791674,15.929198],[119.798534,15.920916],[119.804548,15.922645],[119.809866,15.941488],[119.812114,15.955791],[119.823675,15.959075],[119.831349,15.957927],[119.839418,15.96181],[119.854669,15.962626],[119.860932,15.955877],[119.865475,15.941627],[119.869099,15.936374],[119.873148,15.926481],[119.876706,15.923028],[119.88071,15.908501],[119.891597,15.892165],[119.892924,15.878173],[119.899166,15.867863],[119.904872,15.865744],[119.909949,15.85574],[119.907876,15.851975],[119.91271,15.845345],[119.912795,15.835461],[119.905068,15.826568],[119.897139,15.824395],[119.88641,15.814453],[119.891411,15.810837],[119.887513,15.808021],[119.89306,15.798132],[119.894276,15.790373],[119.898162,15.781133],[119.900236,15.771064],[119.906714,15.767292],[119.909366,15.754257],[119.904027,15.748657],[119.896349,15.747931],[119.894713,15.750742],[119.887555,15.749155],[119.87894,15.743397],[119.874245,15.743276],[119.869188,15.735834],[119.87055,15.73038],[119.875546,15.724606],[119.881109,15.723603],[119.895225,15.711295],[119.895854,15.706425],[119.899526,15.701368],[119.903725,15.700854],[119.908884,15.705798],[119.917059,15.706238],[119.932211,15.69448],[119.93493,15.680266],[119.931266,15.674095],[119.931886,15.666317],[119.92561,15.660756],[119.922561,15.654726],[119.925121,15.644577],[119.915719,15.625846],[119.911208,15.62172],[119.90475,15.620131],[119.910791,15.609223],[119.911832,15.598456],[119.917926,15.583544],[119.918278,15.577134],[119.915177,15.571363],[119.915688,15.564429],[119.923803,15.562224],[119.926793,15.570866],[119.939085,15.573905],[119.946393,15.573989],[119.951756,15.567061],[119.950581,15.562056],[119.945358,15.558277],[119.939974,15.558145],[119.937228,15.554643],[119.942424,15.551631],[119.947459,15.543599],[119.947096,15.534497],[119.951901,15.530623],[119.954034,15.525239],[119.95945,15.52103],[119.96735,15.520212],[119.965993,15.512122],[119.961542,15.504217],[119.950085,15.500036],[119.945921,15.496826],[119.947864,15.482156],[119.942836,15.477865],[119.933936,15.477403],[119.923781,15.474841],[119.918556,15.4766],[119.904097,15.488018],[119.899828,15.477668],[119.902037,15.470023],[119.908327,15.456609],[119.914033,15.455006],[119.915835,15.449738],[119.914416,15.443787],[119.902598,15.437647],[119.896045,15.438888],[119.890092,15.431011],[119.892651,15.42623],[119.899018,15.421323],[119.90343,15.422851],[119.907981,15.416034],[119.902208,15.40713],[119.90517,15.401265],[119.914756,15.399698],[119.920203,15.39257],[119.935585,15.38131],[119.940154,15.373836],[119.951359,15.364984],[119.952734,15.355445],[119.961037,15.352835],[119.967453,15.343289],[119.964392,15.336828],[119.96396,15.327698],[119.974288,15.315305],[119.991642,15.295931],[120.016202,15.264448],[120.013787,15.256561],[120.014446,15.248984],[120.010539,15.238336],[120.013768,15.228454],[120.029723,15.189289],[120.034522,15.171612],[120.036151,15.160452],[120.043183,15.131017],[120.049774,15.109025],[120.051003,15.098145],[120.057277,15.076946],[120.059599,15.061824],[120.058493,15.051696],[120.054494,15.042857],[120.053668,15.035731],[120.060696,15.026477],[120.063902,15.017937],[120.064984,15.005168],[120.064258,14.9865],[120.059766,14.956824],[120.056883,14.949563],[120.056179,14.93731],[120.057899,14.927714],[120.062386,14.91824],[120.058715,14.913078],[120.058901,14.897382],[120.05432,14.893539],[120.054244,14.88712],[120.057875,14.879493],[120.063436,14.881567],[120.070726,14.878475],[120.067415,14.871283],[120.067791,14.867101],[120.074317,14.862497],[120.071177,14.856157],[120.073449,14.853027],[120.080012,14.857054],[120.084044,14.852878],[120.082746,14.843034],[120.078771,14.834019],[120.082036,14.8303],[120.081999,14.822377],[120.080121,14.814573],[120.091518,14.822103],[120.106643,14.821643],[120.109356,14.815889],[120.102579,14.807437],[120.093464,14.804809],[120.086515,14.799905],[120.087605,14.793512],[120.083503,14.786747],[120.08978,14.781541],[120.100894,14.782815],[120.106476,14.780102],[120.113666,14.78445],[120.121147,14.78274],[120.125912,14.777211],[120.130839,14.775665],[120.133134,14.76565],[120.130213,14.763551],[120.119781,14.762017],[120.130103,14.752884],[120.13779,14.752451],[120.148469,14.75634],[120.155637,14.74667],[120.158275,14.7384],[120.169609,14.748022],[120.172981,14.74437],[120.178945,14.744155],[120.183735,14.748768],[120.189549,14.750837],[120.19236,14.760514],[120.200342,14.775281],[120.199879,14.783787],[120.203319,14.79768],[120.208358,14.803886],[120.208147,14.807597],[120.215231,14.809095],[120.212612,14.819685],[120.213094,14.834953],[120.211298,14.840407],[120.211263,14.850065],[120.205157,14.860167],[120.207627,14.874339],[120.215699,14.876882],[120.2253,14.877901],[120.233,14.875716],[120.234324,14.864683],[120.243641,14.857973],[120.241984,14.852654],[120.245865,14.849855],[120.255758,14.847384],[120.261664,14.850204],[120.267161,14.846982],[120.26625,14.841021],[120.268819,14.836799],[120.266327,14.830724],[120.267623,14.823749],[120.284411,14.81378],[120.286405,14.822649],[120.298123,14.816253],[120.293371,14.798239],[120.287895,14.793398],[120.284091,14.80074],[120.270767,14.798021],[120.263315,14.805157],[120.260388,14.80148],[120.265332,14.795351],[120.25726,14.791946],[120.270943,14.783578],[120.278307,14.783124],[120.280755,14.779218],[120.275382,14.774802],[120.270876,14.775926],[120.257806,14.764519],[120.245584,14.764316],[120.246233,14.758502],[120.256682,14.746342],[120.264585,14.743711],[120.268301,14.745188],[120.277996,14.744177],[120.278216,14.73891],[120.279507,14.734041],[120.258391,14.735632],[120.250283,14.726267],[120.255596,14.721677],[120.249348,14.71495],[120.251906,14.710864],[120.249534,14.706752],[120.248182,14.692287],[120.252933,14.684338],[120.26084,14.67989],[120.267623,14.668008],[120.27433,14.670207],[120.281638,14.665893],[120.292329,14.65553],[120.305057,14.636911],[120.311651,14.640556],[120.313008,14.634168],[120.311129,14.626939],[120.314876,14.626121],[120.320809,14.631969],[120.328777,14.636237],[120.333928,14.635296],[120.338987,14.62971],[120.346528,14.631497],[120.348588,14.619553],[120.368037,14.625766],[120.371185,14.619135],[120.376251,14.614264],[120.388384,14.593469],[120.392809,14.58794],[120.394342,14.579039],[120.389866,14.573884],[120.384472,14.573886],[120.382916,14.568594],[120.391229,14.558632],[120.388711,14.551839],[120.389989,14.537892],[120.388003,14.534021],[120.381471,14.533272],[120.374743,14.524687],[120.381119,14.516659],[120.377368,14.49905],[120.383472,14.495725],[120.38869,14.487672],[120.384907,14.485136],[120.389794,14.478899],[120.381711,14.475572],[120.38564,14.469552],[120.391902,14.470834],[120.393691,14.467946],[120.388536,14.460074],[120.40162,14.457938],[120.408416,14.454349],[120.412613,14.455837],[120.423178,14.451724],[120.420999,14.44592],[120.424937,14.440716],[120.431131,14.446935],[120.43711,14.446052],[120.440602,14.441275],[120.444781,14.446346],[120.447751,14.441492],[120.456499,14.438533],[120.461086,14.425024],[120.465359,14.421281],[120.472286,14.421591],[120.473937,14.418626],[120.4927,14.415436],[120.496281,14.408724],[120.500149,14.411576],[120.493463,14.415374],[120.490631,14.421512],[120.487059,14.423238],[120.484529,14.429125],[120.486399,14.433448],[120.496626,14.435624],[120.506695,14.435752],[120.513676,14.427188],[120.532909,14.428392],[120.531604,14.424101],[120.540053,14.421159],[120.554018,14.422366],[120.56675,14.427564],[120.570988,14.432583],[120.57637,14.431959],[120.584608,14.440986],[120.588271,14.447742],[120.592422,14.450432],[120.594777,14.457066],[120.602372,14.46189],[120.60472,14.476145],[120.608717,14.478447],[120.610022,14.501659],[120.611263,14.510553],[120.608568,14.517906],[120.608424,14.533553],[120.600854,14.53864],[120.603264,14.544846],[120.599104,14.550149],[120.600153,14.56039],[120.594412,14.572019],[120.593375,14.58019],[120.587421,14.589588],[120.586048,14.613853],[120.584467,14.61987],[120.586456,14.623009],[120.584099,14.643158],[120.574985,14.663192],[120.57082,14.667709],[120.566679,14.679272],[120.564268,14.696409],[120.562104,14.701579],[120.553838,14.703961],[120.550222,14.710951],[120.546583,14.726362],[120.548034,14.736969],[120.550432,14.744096],[120.555197,14.749638],[120.550418,14.758509],[120.549392,14.765891],[120.551252,14.777067],[120.547107,14.786468],[120.550842,14.795311],[120.556178,14.799599],[120.553969,14.804152],[120.555922,14.80886],[120.551047,14.815188],[120.554265,14.820737],[120.559392,14.826841],[120.568615,14.823392],[120.577449,14.824251],[120.576842,14.815712],[120.580854,14.814199],[120.586012,14.824067],[120.599778,14.830576],[120.599138,14.822379],[120.602585,14.815459],[120.608922,14.809482],[120.616658,14.804777],[120.62095,14.795765],[120.625337,14.798882],[120.632702,14.798364],[120.637955,14.783406],[120.643276,14.7795],[120.652342,14.767873],[120.66605,14.76776],[120.682816,14.773869],[120.687237,14.770876],[120.692647,14.771768],[120.698415,14.768314],[120.707936,14.766229],[120.714748,14.766891],[120.72412,14.763457],[120.726014,14.769513],[120.730236,14.772488],[120.738208,14.773446],[120.74281,14.761617],[120.75004,14.758815],[120.7633,14.761634],[120.768428,14.765662],[120.775906,14.758507],[120.783958,14.757488],[120.790308,14.760705],[120.801382,14.75486],[120.808958,14.761664],[120.810496,14.75807],[120.820109,14.760219],[120.823323,14.756203],[120.829276,14.757251],[120.830759,14.762652],[120.836612,14.766307],[120.839916,14.755326],[120.835901,14.750819],[120.836826,14.745885],[120.8552,14.729143],[120.862604,14.72497],[120.874798,14.72268],[120.880198,14.719491],[120.878456,14.71474],[120.88766,14.709949],[120.890586,14.713223],[120.900402,14.719328],[120.900165,14.71418],[120.903404,14.704011],[120.906474,14.700915],[120.925362,14.683987],[120.930641,14.674075],[120.937022,14.667217],[120.947926,14.652426],[120.947659,14.646028],[120.954034,14.636901],[120.953212,14.634257],[120.9414,14.634243],[120.946199,14.629831],[120.953705,14.627663],[120.959373,14.61359],[120.960467,14.600847],[120.95421,14.601105],[120.943099,14.598663],[120.943372,14.594771],[120.956006,14.596377],[120.953868,14.591119],[120.959039,14.584666],[120.964033,14.589254],[120.97073,14.582709],[120.972328,14.578818],[120.97942,14.575288],[120.98589,14.560101],[120.978489,14.555839],[120.981609,14.544944],[120.978667,14.541507],[120.979472,14.522521],[120.978842,14.516646],[120.974212,14.508108],[120.989742,14.502586],[120.985337,14.492007],[120.981177,14.492935],[120.985734,14.499904],[120.982751,14.502017],[120.981047,14.493268],[120.981459,14.488276],[120.978216,14.482718],[120.96993,14.47545],[120.951711,14.467585],[120.937104,14.464342],[120.926949,14.460793],[120.920351,14.467829],[120.917645,14.460296],[120.918129,14.456246],[120.904947,14.456671],[120.890189,14.453784],[120.886144,14.461363],[120.897076,14.474493],[120.904019,14.476614],[120.907335,14.483361],[120.903537,14.486818],[120.907499,14.492672],[120.919393,14.497607],[120.911884,14.500089],[120.893585,14.491676],[120.890249,14.480341],[120.884614,14.467562],[120.879921,14.461694],[120.876088,14.445889],[120.870491,14.430224],[120.860906,14.422887],[120.851784,14.422448],[120.846151,14.414969],[120.839418,14.399228],[120.835492,14.394234],[120.828297,14.38978],[120.816406,14.377508],[120.810227,14.373138],[120.804962,14.372322],[120.791315,14.361179],[120.783478,14.352603],[120.778101,14.34382],[120.768631,14.331656],[120.760872,14.330714],[120.746279,14.317799],[120.740623,14.315594],[120.730969,14.314922],[120.724513,14.30378],[120.715837,14.293486],[120.710582,14.291511],[120.703877,14.28483],[120.698098,14.284856],[120.694338,14.281663],[120.685571,14.283651],[120.67706,14.28014],[120.672082,14.285318],[120.668345,14.280739],[120.656393,14.278289],[120.650333,14.280164],[120.649558,14.274072],[120.645712,14.273258],[120.642106,14.278281],[120.63822,14.271732],[120.624289,14.266123],[120.62319,14.262136],[120.626609,14.257467],[120.621194,14.252668],[120.624435,14.236733],[120.623156,14.23385],[120.625717,14.225876],[120.618347,14.220246],[120.6122,14.222121],[120.610491,14.227454],[120.601344,14.220087],[120.598056,14.221633],[120.596131,14.228684],[120.591819,14.224187],[120.588542,14.213998],[120.594101,14.208796],[120.592339,14.202789],[120.584487,14.20361],[120.584789,14.198928],[120.590349,14.187609],[120.595857,14.190344],[120.599142,14.180481],[120.606409,14.185568],[120.612974,14.177598],[120.604476,14.173848],[120.586677,14.175549],[120.576314,14.171866],[120.579057,14.167468],[120.588693,14.169317],[120.59441,14.154152],[120.598665,14.155811],[120.60791,14.15362],[120.609975,14.146783],[120.606939,14.14184],[120.590243,14.142761],[120.594411,14.13377],[120.58538,14.13579],[120.580442,14.131404],[120.59164,14.127614],[120.591802,14.122496],[120.604557,14.120753],[120.60775,14.114468],[120.615971,14.118052],[120.623892,14.107314],[120.61799,14.103431],[120.622139,14.096731],[120.617038,14.0892],[120.617374,14.08476],[120.623111,14.081027],[120.624977,14.063746],[120.622301,14.038682],[120.614519,14.031471],[120.619578,14.025427],[120.619877,14.017043],[120.615479,14.012348],[120.618001,14.00695],[120.626671,14.002124],[120.622798,13.995387],[120.632051,13.984309],[120.630687,13.976376],[120.625153,13.968729],[120.618124,13.969329],[120.61396,13.967394],[120.603204,13.97845],[120.604746,13.966308],[120.616121,13.960633],[120.618785,13.951261],[120.614184,13.94591],[120.612345,13.939671],[120.61753,13.937173],[120.616939,13.933236],[120.620659,13.92922],[120.620899,13.920091],[120.618532,13.912356],[120.622421,13.911024],[120.622679,13.902533],[120.625125,13.89511],[120.618793,13.889984],[120.617378,13.881526],[120.619802,13.872295],[120.617623,13.866536],[120.622849,13.860969],[120.62224,13.852095],[120.623477,13.845573],[120.618557,13.838812],[120.62418,13.830996],[120.624011,13.825099],[120.630796,13.821004],[120.622105,13.81129],[120.625131,13.807737],[120.630958,13.807126],[120.632256,13.801161],[120.638109,13.797793],[120.652438,13.772679],[120.659058,13.76828],[120.663973,13.769737],[120.674763,13.783395],[120.676147,13.789206],[120.670322,13.805619],[120.666259,13.80976],[120.655274,13.831185],[120.655814,13.845099],[120.652091,13.846731],[120.663355,13.85924],[120.674241,13.855118],[120.68675,13.854448],[120.708202,13.841197],[120.715701,13.840779],[120.720039,13.84445],[120.723056,13.850688],[120.722403,13.858537],[120.71462,13.870114],[120.712961,13.874624],[120.707834,13.879746],[120.701686,13.883123],[120.697798,13.890742],[120.697525,13.902631],[120.699533,13.908848],[120.707733,13.92186],[120.718113,13.928501],[120.728708,13.927006],[120.732119,13.93176],[120.741,13.936309],[120.754217,13.93159],[120.778184,13.926469],[120.789738,13.928075],[120.791385,13.924196],[120.798233,13.924467],[120.812794,13.91954],[120.827288,13.916398],[120.845275,13.909198],[120.853448,13.90815],[120.866929,13.904042],[120.878694,13.901968],[120.887996,13.897151],[120.906129,13.884446],[120.913529,13.873018],[120.915002,13.864364],[120.913188,13.861138],[120.916776,13.84794],[120.915342,13.830472],[120.913632,13.826609],[120.902443,13.820358],[120.911907,13.811961],[120.910876,13.805692],[120.91875,13.798576],[120.920367,13.794962],[120.918727,13.788302],[120.92555,13.784977],[120.928454,13.779915],[120.926581,13.76729],[120.92692,13.759046],[120.919558,13.755985],[120.914696,13.756992],[120.908205,13.754795],[120.893043,13.740846],[120.881777,13.724041],[120.877818,13.723833],[120.872457,13.71593],[120.876957,13.706126],[120.882032,13.701842],[120.885592,13.694882],[120.891741,13.688668],[120.895784,13.687742],[120.903985,13.691606],[120.917198,13.699696],[120.922205,13.713442],[120.925729,13.717767],[120.931323,13.728982],[120.93655,13.734406],[120.944739,13.73921],[120.959987,13.761866],[120.963358,13.771982],[120.972443,13.776742],[120.977229,13.781921],[120.990249,13.78274],[120.999505,13.782126],[121.012117,13.778768],[121.023908,13.772806],[121.038285,13.762714],[121.043082,13.751328],[121.046104,13.750395],[121.048227,13.743548],[121.055587,13.736723],[121.06019,13.725967],[121.058498,13.723317],[121.061447,13.71678],[121.060514,13.707632],[121.054092,13.70227],[121.050489,13.691944],[121.049207,13.683771],[121.053583,13.670413],[121.053374,13.665885],[121.048726,13.653982],[121.039093,13.642621],[121.035634,13.635627],[121.04311,13.63279],[121.047407,13.635871],[121.052395,13.635329],[121.058611,13.627366],[121.064745,13.630796],[121.071079,13.629988],[121.077721,13.618866],[121.090784,13.624341],[121.103186,13.624784],[121.114507,13.631103],[121.144251,13.635823],[121.154255,13.641368],[121.163713,13.643663],[121.179748,13.645007],[121.191443,13.641789],[121.199043,13.62987],[121.207614,13.626624],[121.221613,13.629463],[121.231668,13.6283],[121.236309,13.625573],[121.248163,13.611792],[121.25685,13.604705],[121.25833,13.598832],[121.285487,13.596989],[121.294754,13.601114],[121.304944,13.612895],[121.312413,13.613993],[121.314915,13.621479],[121.322352,13.628369],[121.325582,13.63374],[121.333167,13.638376],[121.338601,13.644075],[121.347946,13.645844],[121.363729,13.658786],[121.375487,13.663427],[121.391532,13.671446],[121.396682,13.672255],[121.409371,13.667178],[121.415441,13.660688],[121.417627,13.6557],[121.423449,13.655636],[121.430612,13.659669],[121.434933,13.659543],[121.43914,13.664731],[121.467608,13.682257],[121.471476,13.690317],[121.462696,13.698463],[121.453738,13.701391],[121.449457,13.695293],[121.443055,13.698746],[121.447387,13.707856],[121.447023,13.714041],[121.450089,13.720166],[121.440033,13.732804],[121.436114,13.742712],[121.432358,13.760722],[121.432706,13.766466],[121.436272,13.779039],[121.438372,13.791902],[121.441964,13.797622],[121.456617,13.810264],[121.456656,13.818242],[121.460746,13.817078],[121.462353,13.823202],[121.468493,13.833889],[121.474481,13.839383],[121.487371,13.848361],[121.496495,13.853481],[121.50084,13.853939],[121.513133,13.858831],[121.52103,13.858951],[121.52953,13.864217],[121.540468,13.868304],[121.553922,13.871936],[121.5721,13.884009],[121.584403,13.890172],[121.603251,13.895133],[121.60523,13.897881],[121.612152,13.89443],[121.615578,13.896745],[121.617196,13.902613],[121.625955,13.907978],[121.642109,13.907356],[121.655495,13.913138],[121.671145,13.91786],[121.680383,13.923599],[121.692182,13.923116],[121.695341,13.918428],[121.703969,13.923602],[121.698292,13.931453],[121.69709,13.945653],[121.689035,13.949638],[121.695342,13.957756],[121.69539,13.961662],[121.702126,13.963224],[121.715648,13.970735],[121.729581,13.966775],[121.738275,13.965859],[121.746352,13.966847],[121.749377,13.969164],[121.761297,13.961737],[121.769038,13.948945],[121.772664,13.945289],[121.780067,13.942783],[121.78414,13.93926],[121.787582,13.941085],[121.788909,13.947591],[121.802468,13.947776],[121.816596,13.941523],[121.818084,13.92799],[121.810734,13.919165],[121.809633,13.913541],[121.81528,13.911874],[121.816025,13.907691],[121.820864,13.906285],[121.822713,13.893456],[121.825698,13.891743],[121.830453,13.900417],[121.836897,13.902558],[121.838614,13.899567],[121.84552,13.901451],[121.855052,13.894861],[121.85721,13.887258],[121.871105,13.896312],[121.880806,13.88898],[121.883444,13.890486],[121.891241,13.867844],[121.890461,13.862574],[121.899426,13.859488],[121.905199,13.855045],[121.922092,13.853499],[121.928365,13.850634],[121.945004,13.852253],[121.955414,13.848193],[121.961023,13.840663],[121.973949,13.83992],[121.981876,13.827792],[121.977338,13.823423],[121.981114,13.806319],[121.989719,13.802881],[122.007106,13.809135],[122.014144,13.80107],[122.021158,13.802913],[122.028058,13.793591],[122.041651,13.789083],[122.048627,13.782096],[122.052964,13.780714],[122.056018,13.775167],[122.061956,13.774636],[122.067618,13.780427],[122.073125,13.781372],[122.073916,13.786303],[122.08597,13.783181],[122.090225,13.780501],[122.094939,13.78463],[122.098591,13.783263],[122.101838,13.770052],[122.112958,13.763298],[122.118736,13.755844],[122.123923,13.753944],[122.132059,13.745048],[122.129356,13.740766],[122.136647,13.727268],[122.137737,13.720909],[122.145521,13.713853],[122.15004,13.716311],[122.154794,13.712083],[122.153776,13.708729],[122.161178,13.700555],[122.17205,13.681944],[122.174305,13.669461],[122.180173,13.667758],[122.182435,13.662132],[122.195339,13.647957],[122.197504,13.640832],[122.202809,13.637117],[122.197895,13.630089],[122.19995,13.616223],[122.207577,13.60252],[122.217828,13.607838],[122.227608,13.599937],[122.240338,13.596953],[122.245449,13.601091],[122.266529,13.606635],[122.277536,13.598988],[122.27692,13.58973],[122.268184,13.585154],[122.269824,13.579637],[122.277354,13.575376],[122.283267,13.575056],[122.2833,13.587433],[122.294625,13.59277],[122.310776,13.592219],[122.321759,13.590393],[122.335755,13.578788],[122.337944,13.574104],[122.329251,13.563895],[122.33989,13.55513],[122.352339,13.547474],[122.364551,13.547834],[122.369714,13.546263],[122.382653,13.534423],[122.400715,13.523971],[122.407128,13.508314],[122.404582,13.502901],[122.410923,13.493679],[122.413189,13.48411],[122.418254,13.477724],[122.425926,13.472684],[122.436296,13.458492],[122.44825,13.452104],[122.449138,13.445732],[122.457364,13.437165],[122.462834,13.429695],[122.472576,13.420234],[122.486782,13.410335],[122.490125,13.40574],[122.48932,13.396159],[122.495541,13.389298],[122.494416,13.38393],[122.504739,13.367201],[122.507003,13.358852],[122.516163,13.350051],[122.517558,13.339528],[122.522532,13.329623],[122.520863,13.323204],[122.522415,13.309182],[122.51929,13.300433],[122.516017,13.297823],[122.510888,13.298797],[122.511571,13.29099],[122.520638,13.287115],[122.523327,13.280357],[122.51466,13.276763],[122.51095,13.271466],[122.514687,13.257054],[122.511396,13.248595],[122.507157,13.24969],[122.503198,13.246563],[122.509972,13.240947],[122.522345,13.233176],[122.527332,13.227955],[122.53934,13.218899],[122.545708,13.208973],[122.549064,13.198525],[122.552326,13.196912],[122.558859,13.189009],[122.564642,13.178826],[122.572151,13.176843],[122.587316,13.166489],[122.596056,13.164644],[122.598785,13.16208],[122.612381,13.167915],[122.614557,13.17112],[122.622083,13.171448],[122.63155,13.183383],[122.640253,13.187208],[122.638934,13.192566],[122.642971,13.196679],[122.656236,13.201791],[122.657799,13.208399],[122.668232,13.211607],[122.678398,13.21743],[122.693203,13.217559],[122.702003,13.223594],[122.700797,13.236361],[122.697319,13.240913],[122.697065,13.25004],[122.691011,13.268],[122.686687,13.269847],[122.681654,13.26746],[122.677086,13.275539],[122.680704,13.279669],[122.678756,13.283899],[122.682651,13.291094],[122.678783,13.294595],[122.680826,13.310361],[122.678941,13.314443],[122.678704,13.337129],[122.674702,13.345339],[122.675757,13.353417],[122.674297,13.358004],[122.675672,13.368404],[122.67777,13.371168],[122.676777,13.378682],[122.670156,13.38964],[122.671749,13.393001],[122.667633,13.398853],[122.666986,13.406304],[122.66461,13.408411],[122.663064,13.419275],[122.655052,13.433108],[122.650487,13.438027],[122.650185,13.446071],[122.647369,13.447372],[122.6434,13.456395],[122.630839,13.468126],[122.626287,13.474312],[122.618867,13.489154],[122.612188,13.489624],[122.602558,13.502848],[122.599068,13.510342],[122.598521,13.51569],[122.600817,13.521835],[122.58645,13.525834],[122.579422,13.530269],[122.574288,13.53696],[122.569748,13.545689],[122.564643,13.551564],[122.563294,13.557334],[122.565436,13.563582],[122.574296,13.565154],[122.579762,13.563345],[122.586038,13.556669],[122.590121,13.547159],[122.598138,13.537056],[122.603352,13.534763],[122.607313,13.527697],[122.607235,13.522155],[122.61501,13.514893],[122.623139,13.512963],[122.631685,13.515435],[122.637047,13.519122],[122.634225,13.528954],[122.627111,13.533587],[122.62261,13.533453],[122.617983,13.538822],[122.612671,13.540793],[122.603644,13.552624],[122.595188,13.558758],[122.591378,13.558302],[122.587749,13.563414],[122.582821,13.565319],[122.569968,13.577363],[122.558434,13.578558],[122.547227,13.582534],[122.543965,13.585409],[122.548873,13.590386],[122.549871,13.595143],[122.546131,13.601372],[122.539893,13.602512],[122.537199,13.609376],[122.527074,13.613742],[122.521311,13.621442],[122.518712,13.628155],[122.513526,13.630486],[122.502529,13.640108],[122.4968,13.648014],[122.497198,13.655094],[122.50203,13.659415],[122.502218,13.668413],[122.497134,13.673049],[122.494898,13.679333],[122.483843,13.693186],[122.480592,13.699394],[122.479737,13.70878],[122.480814,13.715991],[122.485977,13.729032],[122.493474,13.734055],[122.504745,13.731049],[122.511715,13.731394],[122.518327,13.734324],[122.523831,13.733334],[122.521281,13.744646],[122.512664,13.755836],[122.512592,13.765835],[122.508889,13.769678],[122.512825,13.784473],[122.512273,13.798675],[122.513823,13.801897],[122.509339,13.805673],[122.510218,13.810426],[122.51415,13.81344],[122.520466,13.809888],[122.520988,13.817794],[122.514314,13.816929],[122.506335,13.823396],[122.505314,13.831564],[122.499409,13.844463],[122.485602,13.848333],[122.484047,13.855361],[122.475708,13.862193],[122.467989,13.878119],[122.458465,13.888601],[122.452093,13.899887],[122.451383,13.905343],[122.445758,13.90983],[122.436717,13.920705],[122.42366,13.930052],[122.423528,13.935834],[122.419527,13.942829],[122.437749,13.943429],[122.44794,13.934776],[122.448961,13.926515],[122.469221,13.934145],[122.474069,13.931728],[122.482005,13.930785],[122.485014,13.927196],[122.489956,13.928819],[122.493279,13.926212],[122.506002,13.927294],[122.509388,13.931888],[122.513761,13.931102],[122.523959,13.922911],[122.528438,13.926126],[122.52474,13.935122],[122.53345,13.943368],[122.533857,13.951376],[122.528055,13.960144],[122.53559,13.963801],[122.548535,13.95037],[122.55091,13.945775],[122.562642,13.941748],[122.567147,13.937135],[122.564837,13.926953],[122.557341,13.92519],[122.55488,13.921546],[122.561995,13.919121],[122.564899,13.913701],[122.565726,13.906551],[122.571038,13.902811],[122.597031,13.895255],[122.604703,13.899374],[122.613885,13.895689],[122.61811,13.890091],[122.62581,13.88623],[122.631105,13.881256],[122.635865,13.884343],[122.639624,13.881869],[122.635114,13.876732],[122.643074,13.863583],[122.649543,13.861779],[122.651276,13.850805],[122.648614,13.845655],[122.643031,13.843485],[122.637624,13.838086],[122.645877,13.837829],[122.6532,13.826872],[122.65298,13.82075],[122.660444,13.819712],[122.668854,13.810538],[122.675734,13.81012],[122.678942,13.826469],[122.687305,13.826507],[122.695124,13.819259],[122.703988,13.816137],[122.710438,13.820468],[122.73229,13.812027],[122.740926,13.806014],[122.748865,13.796005],[122.749151,13.791123],[122.758854,13.791107],[122.766454,13.783042],[122.753802,13.783093],[122.746245,13.780338],[122.754425,13.776656],[122.76359,13.778696],[122.772269,13.776662],[122.771204,13.772322],[122.779541,13.764208],[122.795634,13.757072],[122.802691,13.751327],[122.809165,13.748397],[122.8173,13.747013],[122.830895,13.736125],[122.836895,13.733354],[122.835708,13.729019],[122.841264,13.722454],[122.842148,13.71666],[122.849549,13.710606],[122.86202,13.689711],[122.857383,13.681804],[122.852393,13.678763],[122.842818,13.682175],[122.83402,13.670617],[122.832264,13.661853],[122.828954,13.654511],[122.823822,13.649248],[122.800626,13.648464],[122.811451,13.644548],[122.816605,13.646482],[122.824407,13.641703],[122.832514,13.639715],[122.83437,13.629797],[122.841402,13.625038],[122.844139,13.619891],[122.860125,13.606872],[122.869684,13.601764],[122.870739,13.594726],[122.877088,13.593403],[122.885165,13.587161],[122.884776,13.581653],[122.888213,13.576154],[122.898488,13.573898],[122.908545,13.570221],[122.915537,13.560679],[122.921241,13.55623],[122.940332,13.552899],[122.949718,13.549194],[122.961122,13.541133],[122.965232,13.532638],[122.973201,13.523281],[122.982252,13.520845],[122.990595,13.520354],[123.000966,13.522938],[123.011755,13.517691],[123.030628,13.50664],[123.032265,13.503575],[123.038781,13.501557],[123.044383,13.508945],[123.047897,13.508653],[123.058205,13.501599],[123.067841,13.498199],[123.076267,13.491688],[123.078779,13.487742],[123.098096,13.481997],[123.107204,13.47615],[123.115826,13.47542],[123.127557,13.468299],[123.13588,13.464504],[123.143148,13.454233],[123.149843,13.457581],[123.156479,13.456053],[123.188444,13.434589],[123.200746,13.418608],[123.201238,13.410715],[123.199229,13.407779],[123.205195,13.401798],[123.206661,13.392712],[123.20084,13.388386],[123.20393,13.383647],[123.208502,13.370942],[123.206015,13.368174],[123.205708,13.35732],[123.211201,13.345798],[123.219821,13.334292],[123.22534,13.331745],[123.234356,13.313369],[123.238767,13.29721],[123.238503,13.290611],[123.246563,13.28694],[123.252123,13.278251],[123.256467,13.275816],[123.263724,13.267451],[123.274973,13.263442],[123.281273,13.258541],[123.286486,13.257691],[123.292781,13.253141],[123.304693,13.236737],[123.314655,13.221598],[123.319107,13.209474],[123.322828,13.206236],[123.327341,13.198223],[123.324256,13.19083],[123.321008,13.188791],[123.316243,13.192102],[123.3096,13.191585],[123.304924,13.187266],[123.304881,13.177835],[123.310895,13.168622],[123.308264,13.163153],[123.301257,13.155905],[123.288685,13.146838],[123.29193,13.134971],[123.29183,13.11841],[123.288713,13.107095],[123.29213,13.102904],[123.296287,13.087484],[123.293981,13.072522],[123.289208,13.064442],[123.281051,13.058499],[123.282983,13.054663],[123.292128,13.057045],[123.296995,13.054792],[123.301354,13.049537],[123.303351,13.041832],[123.301496,13.039263],[123.306982,13.029391],[123.307526,13.024373],[123.315556,13.014035],[123.319537,13.006877],[123.325575,13.007205],[123.330966,13.012381],[123.338582,13.011881],[123.353843,13.020078],[123.358997,13.020567],[123.369892,13.027587],[123.370431,13.035607],[123.383353,13.040825],[123.394353,13.038438],[123.400786,13.044614],[123.407887,13.045912],[123.419464,13.039158],[123.425834,13.039918],[123.431118,13.036234],[123.43638,13.029829],[123.447617,13.027219],[123.451688,13.024422],[123.458321,13.014859],[123.461848,13.004897],[123.470553,12.996117],[123.482266,12.988445],[123.493268,12.98289],[123.498643,12.972963],[123.509119,12.964122],[123.511185,12.959215],[123.519599,12.950447],[123.524484,12.947201],[123.527245,12.939515],[123.532683,12.937408],[123.53541,12.947914],[123.543999,12.950059],[123.555977,12.946072],[123.56418,12.93883],[123.572061,12.928065],[123.585505,12.913481],[123.593603,12.902324],[123.620807,12.897837],[123.620753,12.896494],[123.635294,12.887477],[123.643663,12.880273],[123.652752,12.870512],[123.655549,12.875515],[123.658935,12.889978],[123.654104,12.892721],[123.651967,12.898522],[123.654036,12.905708],[123.657609,12.911103],[123.662261,12.913872],[123.662136,12.917684],[123.669972,12.918423],[123.679005,12.921907],[123.676534,12.926509],[123.677966,12.930573],[123.685545,12.921893],[123.689904,12.922054],[123.695111,12.925846],[123.694439,12.931196],[123.709349,12.939155],[123.697971,12.927093],[123.694446,12.91678],[123.688388,12.915087],[123.682834,12.909221],[123.683234,12.904113],[123.677895,12.901711],[123.68111,12.887631],[123.684677,12.881924],[123.682295,12.876127],[123.688752,12.867859],[123.694934,12.866718],[123.698877,12.87591],[123.691994,12.881313],[123.68837,12.886821],[123.690241,12.895417],[123.695803,12.894977],[123.698472,12.889806],[123.716954,12.884539],[123.727137,12.888172],[123.732826,12.883869],[123.726437,12.881186],[123.721839,12.882575],[123.711542,12.88033],[123.710114,12.876091],[123.721132,12.87599],[123.723302,12.871977],[123.728758,12.870048],[123.723789,12.860139],[123.729514,12.849095],[123.733967,12.845357],[123.744298,12.845887],[123.757428,12.858788],[123.763316,12.867161],[123.762402,12.875351],[123.765752,12.88178],[123.771973,12.880886],[123.780764,12.868859],[123.789409,12.867848],[123.79062,12.864125],[123.795765,12.862857],[123.797172,12.86695],[123.806224,12.866089],[123.813372,12.875243],[123.816359,12.881679],[123.827928,12.87846],[123.83153,12.887267],[123.835606,12.891081],[123.833364,12.901843],[123.837272,12.9046],[123.842003,12.901616],[123.854818,12.897815],[123.859382,12.921821],[123.868591,12.925891],[123.871174,12.934847],[123.879957,12.936172],[123.877427,12.947532],[123.881631,12.947509],[123.883628,12.952429],[123.881225,12.957561],[123.882304,12.973134],[123.884307,12.978461],[123.891842,12.977776],[123.896329,12.973607],[123.90287,12.973406],[123.905035,12.976367],[123.912712,12.976269],[123.917257,12.97903],[123.923702,12.978449],[123.928138,12.974653],[123.928859,12.965742],[123.937968,12.963077],[123.943066,12.956916],[123.951871,12.957838],[123.958064,12.955463],[123.966523,12.958265],[123.969676,12.956479],[123.978632,12.961466],[123.985883,12.963585],[124.004608,12.963692],[124.004401,12.96788],[124.012151,12.971629],[124.019579,12.97336],[124.029728,12.967085],[124.033367,12.954636],[124.038821,12.945046],[124.04187,12.930592],[124.041365,12.925155],[124.036292,12.920631],[124.032784,12.909814],[124.026854,12.907079],[124.029249,12.899635],[124.026804,12.890079],[124.02285,12.886177],[124.018559,12.877972],[124.010697,12.87543],[124.003954,12.875521],[123.997084,12.869064],[123.992466,12.868455],[123.983036,12.879477],[123.976779,12.880812],[123.973338,12.876525],[123.965943,12.879081],[123.962376,12.876167],[123.952705,12.876449],[123.947478,12.874882],[123.941631,12.865336],[123.943865,12.861344],[123.944623,12.849477],[123.9374,12.851195],[123.936754,12.844822],[123.926894,12.846182],[123.920933,12.849861],[123.917681,12.848896],[123.91434,12.855201],[123.909668,12.851363],[123.895586,12.858665],[123.892269,12.863031],[123.884285,12.865113],[123.876921,12.870925],[123.868429,12.873183],[123.857861,12.873826],[123.859986,12.865161],[123.863524,12.861492],[123.857332,12.856271],[123.851552,12.858171],[123.855639,12.848235],[123.848595,12.848203],[123.843106,12.838377],[123.836894,12.838088],[123.835582,12.825072],[123.842811,12.808821],[123.845884,12.795602],[123.845446,12.783815],[123.846475,12.764234],[123.845624,12.762302],[123.846496,12.747056],[123.849805,12.720649],[123.858738,12.696969],[123.860337,12.6879],[123.8677,12.680808],[123.871259,12.673752],[123.87509,12.655317],[123.88427,12.650465],[123.89142,12.644521],[123.904439,12.6425],[123.912366,12.638164],[123.916436,12.619359],[123.924268,12.616748],[123.93051,12.62879],[123.93744,12.625328],[123.939966,12.617853],[123.936697,12.61442],[123.941942,12.605863],[123.937379,12.603168],[123.940413,12.598638],[123.944693,12.602571],[123.948167,12.589667],[123.950998,12.589052],[123.956381,12.581844],[123.957642,12.574745],[123.969727,12.566544],[123.970274,12.562327],[123.974734,12.556373],[123.981972,12.55484],[123.987872,12.546211],[123.995267,12.547417],[124.004018,12.540325],[124.018539,12.538366],[124.020974,12.541041],[124.026902,12.535384],[124.036245,12.536565],[124.044106,12.532966],[124.050943,12.539801],[124.069955,12.538263],[124.074306,12.540825],[124.081429,12.536634],[124.081033,12.543839],[124.084221,12.546256],[124.08152,12.554106],[124.087607,12.55667],[124.089062,12.552226],[124.097645,12.556533],[124.095899,12.560162],[124.09657,12.569201],[124.085148,12.583266],[124.090329,12.588011],[124.095002,12.588103],[124.09826,12.591857],[124.109099,12.593111],[124.109491,12.596506],[124.102977,12.613952],[124.094032,12.621118],[124.095393,12.625232],[124.094133,12.635989],[124.098245,12.64057],[124.105515,12.642743],[124.114856,12.651752],[124.133893,12.662087],[124.135592,12.670315],[124.129506,12.685917],[124.132349,12.694472],[124.142155,12.699786],[124.138386,12.70973],[124.139178,12.71384],[124.135723,12.718578],[124.131702,12.734251],[124.137353,12.742878],[124.13753,12.748844],[124.140382,12.756353],[124.13743,12.764559],[124.142061,12.770232],[124.148538,12.772715],[124.15025,12.778144],[124.147702,12.788666],[124.155565,12.808521],[124.153635,12.820561],[124.155187,12.829461],[124.152262,12.838612],[124.147061,12.844696],[124.150493,12.849601],[124.152709,12.857347],[124.151564,12.861752],[124.143864,12.868041],[124.139761,12.873355],[124.141379,12.883198],[124.148035,12.885454],[124.148641,12.891762],[124.143653,12.899078],[124.13819,12.893471],[124.130163,12.891188],[124.121509,12.897658],[124.117371,12.908746],[124.120439,12.913367],[124.127818,12.913475],[124.131056,12.917073],[124.126117,12.920948],[124.126817,12.928296],[124.142197,12.933617],[124.14718,12.956251],[124.148001,12.965527],[124.152323,12.971159],[124.14117,12.97123],[124.141425,12.979349],[124.148155,12.990057],[124.151504,12.998062],[124.156233,13.002126],[124.169906,13.007503],[124.17359,13.003988],[124.18829,13.009284],[124.198287,13.021977],[124.193378,13.024899],[124.190942,13.031619],[124.195248,13.035859],[124.1961,13.040766],[124.19374,13.04938],[124.195225,13.053544],[124.192916,13.060904],[124.187911,13.066763],[124.170133,13.067892],[124.157576,13.071788],[124.14464,13.074473],[124.133882,13.075445],[124.113521,13.065841],[124.106912,13.058676],[124.105747,13.050149],[124.107172,13.045613],[124.103958,13.031805],[124.098197,13.02476],[124.096977,13.01524],[124.091593,13.009272],[124.088805,13.003142],[124.082643,13.00203],[124.071409,13.010422],[124.070857,13.020598],[124.063868,13.033958],[124.050726,13.037593],[124.045404,13.040862],[124.036493,13.041158],[124.031531,13.047866],[124.022218,13.052213],[124.021293,13.057639],[124.015233,13.061511],[124.014378,13.065935],[124.010287,13.068947],[124.007119,13.07662],[123.996663,13.088558],[123.991976,13.092286],[123.982145,13.091665],[123.978784,13.093151],[123.97384,13.102009],[123.97177,13.109095],[123.966753,13.102301],[123.962321,13.10121],[123.947996,13.106126],[123.944651,13.113005],[123.939457,13.118298],[123.929326,13.122321],[123.926765,13.120888],[123.911291,13.122746],[123.907718,13.128364],[123.908495,13.138473],[123.902695,13.141757],[123.898419,13.138976],[123.886899,13.142859],[123.879432,13.143195],[123.865478,13.137672],[123.861541,13.132382],[123.862921,13.123442],[123.860221,13.11308],[123.854208,13.10757],[123.841617,13.111548],[123.838618,13.108886],[123.83911,13.089349],[123.835775,13.081332],[123.830027,13.07561],[123.821166,13.071938],[123.821329,13.06672],[123.813609,13.064386],[123.812867,13.054512],[123.806377,13.052586],[123.802658,13.047362],[123.794305,13.046002],[123.782342,13.048134],[123.774158,13.05171],[123.76473,13.058366],[123.76011,13.05853],[123.75677,13.063679],[123.765072,13.074638],[123.760129,13.080069],[123.750357,13.084548],[123.752696,13.090352],[123.765661,13.094123],[123.772797,13.088293],[123.775768,13.089603],[123.775696,13.098132],[123.780156,13.105725],[123.785075,13.110742],[123.785909,13.118039],[123.779125,13.124303],[123.778915,13.128401],[123.770037,13.128581],[123.762107,13.136397],[123.756533,13.144707],[123.756918,13.159144],[123.754005,13.173593],[123.761907,13.203603],[123.774722,13.227652],[123.778901,13.23232],[123.787182,13.237999],[123.793524,13.236254],[123.801928,13.23793],[123.810586,13.235754],[123.817941,13.230503],[123.823888,13.230663],[123.840813,13.226122],[123.857692,13.224263],[123.86566,13.227974],[123.868308,13.235794],[123.865573,13.239369],[123.858864,13.241462],[123.854617,13.246636],[123.850132,13.247792],[123.846661,13.252916],[123.844815,13.265052],[123.840822,13.264094],[123.828809,13.266779],[123.826261,13.264265],[123.826221,13.25206],[123.830067,13.250018],[123.828879,13.244878],[123.819959,13.247937],[123.816262,13.253969],[123.81616,13.261035],[123.818567,13.265333],[123.817237,13.276152],[123.813629,13.283708],[123.815542,13.288],[123.807666,13.291803],[123.802781,13.297034],[123.793015,13.296975],[123.78274,13.301935],[123.780013,13.311616],[123.75639,13.323685],[123.746947,13.323091],[123.743962,13.325008],[123.741539,13.332929],[123.740533,13.349801],[123.737688,13.353336],[123.738653,13.358077],[123.735359,13.368178],[123.732676,13.366856],[123.727255,13.371133],[123.727935,13.383152],[123.725901,13.391125],[123.718019,13.401512],[123.714031,13.409822],[123.71346,13.417798],[123.707027,13.424852],[123.703243,13.431673],[123.698524,13.447562],[123.695457,13.452057],[123.686536,13.45813],[123.682432,13.469922],[123.677905,13.477324],[123.674122,13.479259],[123.664743,13.478656],[123.646688,13.484535],[123.639405,13.484268],[123.633224,13.489382],[123.62413,13.491885],[123.618361,13.496641],[123.61582,13.503417],[123.608644,13.512701],[123.604902,13.515066],[123.601251,13.522687],[123.601665,13.528513],[123.59827,13.537078],[123.592812,13.542955],[123.588582,13.54117],[123.581811,13.546509],[123.581625,13.553031],[123.578103,13.553271],[123.568553,13.56213],[123.555456,13.558053],[123.547504,13.551665],[123.545527,13.556915],[123.538366,13.558276],[123.531316,13.566474],[123.530047,13.57629],[123.537384,13.585221],[123.540184,13.58637],[123.548137,13.595669],[123.546261,13.601321],[123.535701,13.612623],[123.534796,13.620386],[123.538502,13.638013],[123.543662,13.65268],[123.55364,13.676811],[123.556384,13.687234],[123.565812,13.705181],[123.576223,13.717626],[123.581674,13.726634],[123.586919,13.729738],[123.601027,13.727659],[123.619565,13.723897],[123.633279,13.719886],[123.644633,13.714979],[123.657715,13.707353],[123.665998,13.716996],[123.673192,13.721081],[123.687892,13.720788],[123.694514,13.719708],[123.702363,13.71271],[123.718006,13.708689],[123.726881,13.711227],[123.740538,13.705743],[123.746737,13.708661],[123.759052,13.704998],[123.760535,13.702555],[123.776185,13.698446],[123.779994,13.694189],[123.793505,13.691495],[123.80189,13.688112],[123.816472,13.689046],[123.825734,13.692429],[123.844704,13.708979],[123.857418,13.718169],[123.861158,13.724319],[123.85968,13.728984],[123.86709,13.735078],[123.87397,13.737761],[123.884184,13.733187],[123.895625,13.72638],[123.903925,13.726339],[123.908757,13.730287],[123.919511,13.727282],[123.928757,13.722489],[123.92697,13.729481],[123.935693,13.735302],[123.943166,13.732477],[123.942979,13.728488],[123.947399,13.725177],[123.954735,13.726893],[123.956763,13.724397],[123.963935,13.724803],[123.962249,13.718347],[123.964784,13.714076],[123.971622,13.715895],[123.973678,13.719619],[123.969444,13.725661],[123.970495,13.730986],[123.974866,13.738616],[123.966915,13.743815],[123.96945,13.753996],[123.964288,13.755963],[123.962117,13.752539],[123.950999,13.755167],[123.952592,13.762065],[123.950021,13.768865],[123.942473,13.776513],[123.943835,13.783393],[123.947012,13.786422],[123.941405,13.794929],[123.9324,13.794134],[123.927986,13.790261],[123.924961,13.792273],[123.917674,13.79144],[123.912916,13.795086],[123.901247,13.795403],[123.89224,13.798715],[123.88446,13.803675],[123.877666,13.811223],[123.877443,13.816291],[123.868199,13.825254],[123.863588,13.823659],[123.852027,13.815731],[123.843428,13.815782],[123.837201,13.821589],[123.830668,13.822157],[123.824684,13.825367],[123.813445,13.829012],[123.801832,13.840951],[123.802166,13.847248],[123.79443,13.843431],[123.784174,13.846445],[123.778997,13.850931],[123.77994,13.858568],[123.773322,13.862031],[123.770989,13.858351],[123.759543,13.864347],[123.754974,13.868205],[123.753407,13.87561],[123.749485,13.883464],[123.74182,13.891224],[123.736182,13.891934],[123.733546,13.899002],[123.73387,13.907981],[123.732398,13.914549],[123.722311,13.931797],[123.721906,13.934834],[123.706775,13.943236],[123.713031,13.932147],[123.712497,13.928505],[123.717433,13.923108],[123.716833,13.920346],[123.707418,13.91714],[123.702557,13.912672],[123.707019,13.904169],[123.70655,13.89993],[123.699241,13.884129],[123.695451,13.882053],[123.684366,13.881734],[123.682841,13.879115],[123.667985,13.883134],[123.662143,13.890608],[123.656633,13.888385],[123.648301,13.89097],[123.645974,13.883111],[123.6385,13.88329],[123.630831,13.888876],[123.602908,13.894315],[123.597717,13.900455],[123.594431,13.901098],[123.590705,13.911601],[123.586176,13.908791],[123.573013,13.913908],[123.573415,13.916998],[123.564853,13.918087],[123.555994,13.921479],[123.553326,13.927558],[123.548606,13.92963],[123.541038,13.928531],[123.54465,13.923995],[123.540534,13.91754],[123.542458,13.91117],[123.535066,13.913861],[123.529282,13.918183],[123.522096,13.914474],[123.517211,13.918811],[123.522126,13.927971],[123.516787,13.930261],[123.502298,13.925365],[123.494296,13.913386],[123.490727,13.915079],[123.493794,13.920938],[123.487586,13.925238],[123.490863,13.930823],[123.496665,13.93396],[123.500458,13.942225],[123.492458,13.938671],[123.486124,13.941315],[123.484955,13.9453],[123.479222,13.952505],[123.473216,13.952626],[123.4705,13.960644],[123.464624,13.95877],[123.454146,13.963969],[123.449829,13.961791],[123.448458,13.951264],[123.44515,13.949182],[123.447579,13.934259],[123.451923,13.930641],[123.448531,13.920205],[123.442581,13.918273],[123.440433,13.924556],[123.431507,13.925719],[123.423718,13.922619],[123.423932,13.932962],[123.417752,13.933926],[123.41429,13.942845],[123.408784,13.946976],[123.416568,13.950708],[123.412264,13.960553],[123.415773,13.963338],[123.41412,13.969553],[123.41512,13.975435],[123.412652,13.985484],[123.403716,13.987956],[123.399677,13.980135],[123.394873,13.985195],[123.393985,13.989706],[123.398499,13.993781],[123.402651,13.994009],[123.401521,14.008312],[123.396408,14.007911],[123.391238,14.013004],[123.393455,14.021169],[123.392695,14.027581],[123.389152,14.029014],[123.387865,14.034825],[123.380218,14.028023],[123.376019,14.021278],[123.369685,14.022529],[123.363525,14.0178],[123.364029,14.010035],[123.352256,14.00594],[123.348828,14.010683],[123.349309,14.017253],[123.342704,14.019203],[123.347097,14.024347],[123.3467,14.029025],[123.353711,14.037782],[123.357888,14.036441],[123.368618,14.038378],[123.367923,14.04132],[123.361471,14.045056],[123.355084,14.054463],[123.354091,14.060085],[123.359193,14.065102],[123.359375,14.074124],[123.351106,14.087299],[123.34555,14.085611],[123.34674,14.093314],[123.343095,14.095096],[123.340577,14.100631],[123.336382,14.09401],[123.33171,14.092733],[123.329864,14.087066],[123.339809,14.085281],[123.344375,14.080019],[123.341145,14.074763],[123.343498,14.067791],[123.336557,14.068706],[123.325085,14.066081],[123.317932,14.06821],[123.315484,14.071937],[123.308993,14.066935],[123.312502,14.061971],[123.312177,14.054683],[123.316211,14.047018],[123.322217,14.042379],[123.316613,14.038535],[123.310408,14.039518],[123.308601,14.045347],[123.300195,14.04937],[123.298451,14.056927],[123.292614,14.062073],[123.28632,14.064072],[123.278488,14.071123],[123.273502,14.073538],[123.262568,14.073824],[123.254841,14.072065],[123.263639,14.064593],[123.267545,14.059293],[123.273404,14.056168],[123.277502,14.047184],[123.279141,14.039694],[123.276816,14.03148],[123.271363,14.032015],[123.256275,14.02563],[123.242605,14.031634],[123.240092,14.025443],[123.249822,14.023265],[123.251578,14.020753],[123.25934,14.018947],[123.263907,14.014658],[123.26453,14.009234],[123.258025,14.007827],[123.260402,14.003513],[123.246327,13.999787],[123.241722,14.003057],[123.228493,14.002152],[123.228583,13.997289],[123.237515,13.991219],[123.228064,13.98798],[123.234255,13.975181],[123.231997,13.968191],[123.252101,13.964625],[123.260152,13.958512],[123.263345,13.948912],[123.269492,13.945968],[123.27757,13.946195],[123.278496,13.942274],[123.284631,13.932864],[123.287268,13.932916],[123.293919,13.926982],[123.296284,13.929554],[123.309278,13.93077],[123.321063,13.952989],[123.32459,13.962962],[123.32891,13.960428],[123.330027,13.967558],[123.336912,13.974679],[123.340855,13.971744],[123.339316,13.966196],[123.339599,13.955565],[123.333904,13.948661],[123.335513,13.94641],[123.328492,13.936802],[123.322283,13.935812],[123.317275,13.922436],[123.31132,13.921803],[123.295266,13.903841],[123.287178,13.9065],[123.289062,13.899251],[123.286053,13.891645],[123.292153,13.883593],[123.295502,13.871202],[123.307763,13.859262],[123.310154,13.85119],[123.314243,13.844719],[123.31812,13.831199],[123.322369,13.830494],[123.322865,13.805751],[123.317672,13.792167],[123.314903,13.788076],[123.30533,13.779722],[123.288058,13.770868],[123.276342,13.750642],[123.268798,13.745349],[123.256961,13.742125],[123.244291,13.736798],[123.239367,13.731963],[123.229323,13.729124],[123.205341,13.727354],[123.187223,13.728161],[123.162336,13.73061],[123.148234,13.730585],[123.133963,13.729541],[123.122894,13.727434],[123.126055,13.72214],[123.120038,13.721127],[123.115087,13.72806],[123.117802,13.733023],[123.116434,13.737608],[123.093876,13.745669],[123.068116,13.760732],[123.064375,13.763847],[123.047567,13.773978],[123.045497,13.77687],[123.048304,13.78214],[123.048445,13.789297],[123.044886,13.794908],[123.049831,13.802473],[123.047889,13.808587],[123.049845,13.821098],[123.054417,13.826806],[123.055363,13.833601],[123.060696,13.837582],[123.058549,13.852731],[123.069701,13.876371],[123.076279,13.879281],[123.086791,13.875825],[123.08707,13.881587],[123.094328,13.887688],[123.093625,13.89781],[123.089612,13.902658],[123.089384,13.908014],[123.092701,13.915382],[123.087929,13.922626],[123.087233,13.929738],[123.083936,13.94087],[123.085773,13.947667],[123.082005,13.954171],[123.08202,13.959126],[123.087527,13.970407],[123.084261,13.978973],[123.079016,13.986595],[123.07614,13.986512],[123.065722,13.9914],[123.06054,13.990968],[123.056489,13.993951],[123.049747,14.003689],[123.046252,14.012021],[123.03169,14.031097],[123.029311,14.040984],[123.029839,14.060221],[123.032845,14.067435],[123.03845,14.069014],[123.048234,14.068418],[123.045794,14.080726],[123.043504,14.086093],[123.043696,14.097205],[123.040758,14.10135],[123.031934,14.099974],[123.028791,14.109063],[123.023399,14.111869],[123.017348,14.105672],[123.011819,14.096906],[123.009048,14.106986],[123.010603,14.111396],[123.002129,14.114827],[122.996758,14.12253],[122.988432,14.129168],[122.983592,14.137049],[122.978588,14.148256],[122.965511,14.152155],[122.959315,14.16014],[122.953159,14.162961],[122.945941,14.173021],[122.94007,14.188016],[122.937449,14.190606],[122.922249,14.194098],[122.916503,14.193821],[122.914826,14.189932],[122.909969,14.189595],[122.905765,14.194207],[122.913771,14.198239],[122.911793,14.211425],[122.915468,14.221458],[122.90304,14.224149],[122.897886,14.227073],[122.887225,14.236455],[122.877202,14.249384],[122.867312,14.26389],[122.863414,14.271056],[122.854193,14.270032],[122.848356,14.282124],[122.826923,14.286221],[122.821525,14.282458],[122.820799,14.275982],[122.814371,14.274024],[122.803167,14.277365],[122.807493,14.284058],[122.803426,14.288629],[122.798693,14.288407],[122.791473,14.282063],[122.787242,14.28518],[122.78525,14.291552],[122.787632,14.296159],[122.793475,14.298724],[122.794937,14.305317],[122.790918,14.311496],[122.786334,14.304928],[122.781933,14.307552],[122.774621,14.319969],[122.764165,14.320259],[122.758609,14.325855],[122.75095,14.328072],[122.745248,14.324891],[122.744507,14.31821],[122.736668,14.311547],[122.725422,14.311396],[122.71747,14.314717],[122.713449,14.321474],[122.715833,14.332629],[122.714851,14.338849],[122.693147,14.338423],[122.688323,14.343925],[122.679004,14.339585],[122.670429,14.341362],[122.668033,14.336909],[122.669954,14.328818],[122.676624,14.311145],[122.682054,14.302035],[122.690604,14.291956],[122.693857,14.28538],[122.688881,14.280104],[122.682021,14.28369],[122.671807,14.293376],[122.672047,14.298217],[122.663912,14.300404],[122.661808,14.298222],[122.664933,14.290775],[122.658608,14.289543],[122.653876,14.304558],[122.656559,14.306184],[122.65364,14.31401],[122.649578,14.310134],[122.653216,14.303289],[122.647213,14.302442],[122.638702,14.291568],[122.639479,14.286972],[122.634914,14.28287],[122.630954,14.285729],[122.630259,14.29187],[122.638673,14.302918],[122.635149,14.30404],[122.631651,14.312152],[122.635031,14.315047],[122.631239,14.319448],[122.627074,14.314575],[122.629438,14.299714],[122.628903,14.293742],[122.620679,14.28866],[122.61472,14.290681],[122.597056,14.302619],[122.597595,14.3081],[122.610244,14.312237],[122.597593,14.318787],[122.588242,14.319377],[122.569472,14.325548],[122.55913,14.330937],[122.555697,14.327703],[122.550222,14.334492],[122.539929,14.336408],[122.535782,14.341282],[122.532321,14.340809],[122.529031,14.335572],[122.522226,14.344271],[122.509217,14.344165],[122.515251,14.336001],[122.515503,14.330018],[122.526191,14.322274],[122.519124,14.317236],[122.512715,14.318313],[122.503245,14.33102],[122.502694,14.335467],[122.494338,14.33668],[122.486415,14.328632],[122.477582,14.329425],[122.476919,14.336024],[122.47097,14.339973],[122.465513,14.328111],[122.458346,14.329449],[122.453719,14.324241],[122.45328,14.318616],[122.447319,14.318668],[122.442631,14.315097],[122.435115,14.316388],[122.43446,14.303174],[122.430699,14.301043],[122.418956,14.310201],[122.413438,14.29644],[122.412899,14.287143],[122.402436,14.285134],[122.399187,14.281044],[122.393734,14.27917],[122.389509,14.285336],[122.384395,14.286957],[122.378236,14.268835],[122.379138,14.257322],[122.372514,14.258799],[122.36858,14.25223],[122.362396,14.253656],[122.360549,14.245757],[122.366463,14.238602],[122.368704,14.230778],[122.373913,14.228499],[122.379973,14.219927],[122.379986,14.21366],[122.368765,14.212637],[122.365807,14.216636],[122.35892,14.214794],[122.355948,14.222552],[122.350813,14.223947],[122.346097,14.217901],[122.345977,14.211439],[122.348307,14.207497],[122.354023,14.209221],[122.35681,14.203983],[122.356233,14.188744],[122.352127,14.185646],[122.345442,14.186721],[122.344255,14.19029],[122.349133,14.201013],[122.341377,14.203264],[122.334979,14.200985],[122.332368,14.19694],[122.33772,14.184417],[122.335253,14.167795],[122.337755,14.16356],[122.336963,14.155424],[122.347603,14.141156],[122.352235,14.136299],[122.35202,14.128104],[122.349156,14.124454],[122.349346,14.119334],[122.346422,14.113234],[122.340555,14.116789],[122.331171,14.106661],[122.322798,14.104814],[122.318655,14.106762],[122.307867,14.10203],[122.306404,14.113876],[122.311488,14.131091],[122.308621,14.139191],[122.296812,14.133851],[122.289899,14.121436],[122.280857,14.119682],[122.272937,14.121635],[122.26736,14.124973],[122.266829,14.132047],[122.270291,14.142452],[122.266034,14.149257],[122.273229,14.162783],[122.270749,14.166153],[122.25999,14.173952],[122.264473,14.177221],[122.262617,14.181452],[122.265984,14.187344],[122.264645,14.195671],[122.271387,14.207237],[122.269069,14.211364],[122.269707,14.223952],[122.272532,14.230689],[122.277157,14.234633],[122.275626,14.242927],[122.271841,14.245824],[122.262698,14.244513],[122.256558,14.241698],[122.250304,14.242293],[122.248075,14.236203],[122.25273,14.229181],[122.251571,14.221821],[122.245672,14.21768],[122.251096,14.202731],[122.249486,14.199364],[122.242732,14.196913],[122.24532,14.185958],[122.230195,14.190356],[122.219342,14.187553],[122.217451,14.190121],[122.208329,14.183806],[122.204441,14.177251],[122.198634,14.177032],[122.184171,14.164708],[122.183325,14.16021],[122.188496,14.148201],[122.18945,14.139014],[122.180058,14.138407],[122.176556,14.140742],[122.17052,14.150077],[122.165955,14.154777],[122.16401,14.148603],[122.164607,14.140706],[122.168664,14.130795],[122.177661,14.12],[122.18156,14.11299],[122.186897,14.110097],[122.189985,14.103178],[122.191742,14.094318],[122.200658,14.085788],[122.208684,14.08192],[122.211262,14.084228],[122.218375,14.079381],[122.227786,14.077123],[122.239938,14.065061],[122.242373,14.065322],[122.255331,14.052951],[122.25995,14.054048],[122.267514,14.049184],[122.27239,14.04359],[122.272864,14.039232],[122.278696,14.036317],[122.282497,14.040541],[122.288363,14.03862],[122.288931,14.032749],[122.285419,14.0227],[122.291374,14.016224],[122.308175,14.011442],[122.310926,14.021304],[122.31587,14.022763],[122.322877,14.021721],[122.320154,14.01397],[122.315305,14.01229],[122.309577,14.005741],[122.307877,14.000977],[122.301665,14.001193],[122.298756,13.994438],[122.293471,13.991616],[122.306609,13.97254],[122.298842,13.959299],[122.290529,13.960585],[122.282957,13.957834],[122.274911,13.962639],[122.270765,13.967031],[122.264668,13.970001],[122.249374,13.969765],[122.242006,13.973624],[122.236615,13.972427],[122.231988,13.978013],[122.218076,13.978179],[122.205049,13.984237],[122.205688,13.987457],[122.195731,13.996286],[122.183601,13.995666],[122.181198,13.987642],[122.184437,13.981689],[122.190037,13.977259],[122.193596,13.967998],[122.199074,13.960725],[122.202661,13.960362],[122.212173,13.953047],[122.21351,13.949977],[122.22021,13.947388],[122.222448,13.942619],[122.228565,13.945089],[122.238121,13.94643],[122.243758,13.942815],[122.248004,13.933704],[122.244099,13.923499],[122.245655,13.918993],[122.243778,13.911965],[122.236144,13.907156],[122.236293,13.89752],[122.231923,13.895368],[122.216921,13.90212],[122.208539,13.903191],[122.204635,13.908052],[122.197603,13.90849],[122.190063,13.915188],[122.183561,13.916511],[122.169166,13.913349],[122.159945,13.916504],[122.155813,13.920075],[122.149433,13.919842],[122.13729,13.912854],[122.134895,13.916096],[122.127924,13.91507],[122.125999,13.919604],[122.111912,13.92646],[122.105964,13.922305],[122.098688,13.92259],[122.096327,13.930537],[122.09075,13.933554],[122.075353,13.938041],[122.05775,13.94008],[122.045368,13.945666],[122.035556,13.947683],[122.024324,13.955568],[122.006963,13.961713],[121.999695,13.967164],[121.997911,13.971415],[121.992439,13.976199],[121.983612,13.979265],[121.959629,13.983236],[121.945514,13.988508],[121.944655,13.990774],[121.935839,13.994695],[121.928911,13.999865],[121.916707,14.006953],[121.907283,14.011075],[121.899509,14.018531],[121.897281,14.024659],[121.888345,14.033442],[121.883305,14.041591],[121.870631,14.050421],[121.869295,14.05334],[121.859566,14.059208],[121.846681,14.072706],[121.836161,14.076365],[121.824335,14.081855],[121.819468,14.087874],[121.813802,14.090657],[121.805828,14.099078],[121.77888,14.117428],[121.761189,14.132336],[121.748841,14.145731],[121.74082,14.156929],[121.732115,14.172737],[121.731521,14.18429],[121.733685,14.190967],[121.73844,14.194552],[121.745687,14.196527],[121.749103,14.205831],[121.753088,14.207677],[121.75241,14.220013],[121.754592,14.225577],[121.758126,14.227111],[121.75968,14.233937],[121.758124,14.247579],[121.753843,14.252223],[121.743028,14.260469],[121.733333,14.265962],[121.728587,14.274058],[121.729303,14.284778],[121.734154,14.290611],[121.733974,14.305345],[121.731795,14.307175],[121.730667,14.315839],[121.727668,14.326294],[121.723653,14.329836],[121.720165,14.337391],[121.716237,14.338476],[121.713324,14.344408],[121.703022,14.352442],[121.696879,14.360904],[121.687803,14.36931],[121.682065,14.3791],[121.671348,14.388509],[121.663319,14.392046],[121.658616,14.401281],[121.657326,14.410904],[121.659188,14.423158],[121.654455,14.42979],[121.652137,14.4423],[121.648679,14.449934],[121.650456,14.453718],[121.648908,14.460015],[121.644745,14.463847],[121.64195,14.471894],[121.643484,14.481374],[121.641438,14.488843],[121.635203,14.492534],[121.632877,14.503639],[121.629397,14.505851],[121.628644,14.511466],[121.625161,14.516079],[121.623706,14.522929],[121.628145,14.534904],[121.625846,14.545884],[121.624263,14.568329],[121.620808,14.570552],[121.618471,14.579127],[121.618666,14.589664],[121.615947,14.594877],[121.608625,14.599226],[121.608069,14.604101],[121.612506,14.611558],[121.608115,14.618051],[121.606812,14.634545],[121.609077,14.641234],[121.603768,14.652083],[121.609864,14.667567],[121.611182,14.675473],[121.617093,14.677979],[121.633944,14.668004],[121.627838,14.66559],[121.629331,14.659126],[121.662649,14.68638],[121.664102,14.689261],[121.671079,14.691159],[121.677243,14.695435],[121.68173,14.694814],[121.689445,14.697001],[121.700137,14.701877],[121.713111,14.699114],[121.722659,14.690831],[121.733876,14.693186],[121.733784,14.696942],[121.72036,14.714952],[121.709856,14.726129],[121.70008,14.734457],[121.677406,14.752004],[121.663007,14.767318],[121.65856,14.775783],[121.642814,14.78178],[121.63339,14.786349],[121.624153,14.792968],[121.624442,14.800215],[121.610047,14.816002],[121.602109,14.827585],[121.608198,14.849971],[121.611642,14.855758],[121.606237,14.861672],[121.589986,14.87567],[121.585454,14.885437],[121.581661,14.890369],[121.578933,14.909014],[121.576688,14.913446],[121.572659,14.928361],[121.573014,14.947552],[121.566496,14.958876],[121.566788,14.96651],[121.559179,14.97481],[121.548463,14.990863],[121.546661,15.004197],[121.536106,15.01495],[121.537845,15.020396],[121.535057,15.025822],[121.530093,15.026322],[121.527073,15.034893],[121.517436,15.038827],[121.506074,15.055111],[121.504199,15.068669],[121.499728,15.072824],[121.498853,15.08105],[121.503365,15.08737],[121.497794,15.090221],[121.497895,15.098085],[121.494495,15.104047],[121.495794,15.110721],[121.493811,15.114854],[121.496093,15.120051],[121.493019,15.127389],[121.495041,15.136151],[121.490329,15.140212],[121.487841,15.148212],[121.487177,15.157959],[121.482088,15.161831],[121.480938,15.180229],[121.476504,15.18332],[121.476707,15.187059],[121.468365,15.191694],[121.46254,15.200755],[121.456578,15.202095],[121.448039,15.196347],[121.444225,15.204818],[121.435117,15.210379],[121.427395,15.208292],[121.422381,15.210298],[121.417121,15.216889],[121.41692,15.219649],[121.392442,15.264277],[121.38064,15.290073],[121.376381,15.30368],[121.373,15.321711],[121.376085,15.326955],[121.376926,15.3337],[121.373945,15.337141],[121.377975,15.346692],[121.381772,15.349309],[121.385458,15.356789],[121.385032,15.36506],[121.39587,15.380152],[121.405352,15.38463],[121.411609,15.380597],[121.414693,15.3753],[121.425489,15.371004],[121.425248,15.364776],[121.432419,15.366184],[121.430375,15.370636],[121.430643,15.380895],[121.434187,15.38407],[121.440114,15.382528],[121.446798,15.389766],[121.445699,15.395722],[121.449798,15.403882],[121.45612,15.411955],[121.470744,15.416637],[121.474587,15.424972],[121.480342,15.426652],[121.482316,15.431232],[121.473915,15.434662],[121.478005,15.44099],[121.48844,15.462515],[121.487904,15.468996],[121.484897,15.475515],[121.4845,15.483464],[121.487463,15.489309],[121.48767,15.496734],[121.491278,15.499542],[121.488489,15.50495],[121.492703,15.520979],[121.495448,15.525667],[121.499874,15.526752],[121.505617,15.532265],[121.512142,15.542092],[121.518328,15.541122],[121.530598,15.545713],[121.531438,15.560178],[121.536497,15.564263],[121.5395,15.573759],[121.549051,15.577498],[121.560998,15.588516],[121.561728,15.604531],[121.567999,15.605684],[121.571133,15.614456],[121.580476,15.62287],[121.581928,15.629852],[121.586335,15.633797],[121.591658,15.632424],[121.59621,15.642419],[121.602557,15.644038],[121.605793,15.641709],[121.6115,15.644376],[121.617038,15.657411],[121.609951,15.667066],[121.603265,15.670814],[121.595368,15.667639],[121.588066,15.67257],[121.595933,15.676871],[121.595719,15.68066],[121.600166,15.683622],[121.610789,15.684059],[121.612412,15.690976],[121.610507,15.694495],[121.611132,15.70772],[121.620552,15.704892],[121.625525,15.710796],[121.637167,15.708218],[121.641779,15.722195],[121.640806,15.73564],[121.637554,15.740413],[121.632054,15.741047],[121.636742,15.748979],[121.629832,15.754087],[121.625348,15.753989],[121.619216,15.757326],[121.613478,15.756646],[121.607496,15.760036],[121.598297,15.762418],[121.584516,15.753836],[121.580396,15.75605],[121.576118,15.754031],[121.572447,15.756463],[121.564518,15.768323],[121.55743,15.78773],[121.551596,15.810667],[121.548779,15.825514],[121.547552,15.839552],[121.547831,15.861243],[121.550468,15.879646],[121.554866,15.899027],[121.558759,15.900826],[121.564373,15.909885],[121.567923,15.911612],[121.574216,15.918987],[121.579883,15.927915],[121.58865,15.932955],[121.600498,15.93498],[121.605238,15.945009],[121.612508,15.947147],[121.621381,15.952301],[121.621803,15.960215],[121.626149,15.965536],[121.633462,15.967177],[121.641089,15.965878],[121.644944,15.969904],[121.652984,15.972899],[121.65485,15.977286],[121.653078,15.98512],[121.65485,15.989517],[121.66501,16.0055],[121.671241,16.010272],[121.685399,16.016135],[121.702062,16.032697],[121.714441,16.040439],[121.717345,16.040928],[121.739908,16.066769],[121.74798,16.072357],[121.757892,16.076082],[121.773,16.071644],[121.779357,16.06242],[121.785316,16.066057],[121.785773,16.070701],[121.793721,16.06972],[121.797599,16.078326],[121.803715,16.079147],[121.813045,16.086483],[121.821428,16.083586],[121.827895,16.090968],[121.836376,16.090327],[121.843302,16.096606],[121.847123,16.103998],[121.856345,16.106587],[121.861557,16.116047],[121.877244,16.123923],[121.896191,16.128338],[121.907341,16.128883],[121.920013,16.12476],[121.936982,16.125987],[121.940571,16.1301],[121.94719,16.131266],[121.954514,16.135123],[121.967127,16.136385],[121.975149,16.14308],[121.982758,16.156774],[121.987804,16.161612],[121.998194,16.16851],[122.010824,16.172661],[122.020868,16.180191],[122.029052,16.178659],[122.037422,16.174534],[122.052129,16.182818],[122.051345,16.185542],[122.057539,16.18962],[122.067729,16.190798],[122.07872,16.18973],[122.072012,16.195697],[122.067836,16.201763],[122.063905,16.215179],[122.067035,16.218232],[122.063498,16.223709],[122.06952,16.229703],[122.068589,16.234889],[122.070407,16.24122],[122.082014,16.241894],[122.086867,16.249545],[122.084821,16.258824],[122.093086,16.263947],[122.104466,16.26319],[122.112414,16.259581],[122.127829,16.255683],[122.130094,16.261016],[122.139397,16.256262],[122.138255,16.248606],[122.134949,16.241791],[122.135726,16.237318],[122.130834,16.230862],[122.12936,16.225406],[122.120996,16.220426],[122.117754,16.214213],[122.110497,16.212016],[122.101586,16.206644],[122.095094,16.204547],[122.090643,16.190086],[122.094176,16.171585],[122.087453,16.1619],[122.083984,16.154371],[122.078362,16.150079],[122.065096,16.136024],[122.061746,16.129654],[122.055237,16.129031],[122.046707,16.123743],[122.044353,16.116243],[122.036955,16.111154],[122.033704,16.111832],[122.0274,16.104499],[122.015562,16.086624],[122.000079,16.053332],[121.994234,16.043702],[121.989888,16.028452],[121.998378,16.027792],[122.004031,16.03395],[122.009646,16.036452],[122.012236,16.043908],[122.018994,16.050534],[122.03243,16.05037],[122.032341,16.054381],[122.040355,16.057875],[122.039575,16.061495],[122.045511,16.06406],[122.048707,16.073653],[122.05776,16.079659],[122.0606,16.084658],[122.070083,16.092579],[122.069119,16.099013],[122.064972,16.110183],[122.07203,16.122365],[122.081656,16.128199],[122.084602,16.133321],[122.094232,16.14126],[122.106913,16.149555],[122.111582,16.155133],[122.116189,16.166308],[122.125808,16.170188],[122.126194,16.174022],[122.136966,16.186976],[122.143218,16.192863],[122.151632,16.196306],[122.157935,16.197154],[122.167431,16.205805],[122.174097,16.219231],[122.181761,16.22431],[122.19074,16.226675],[122.199577,16.232988],[122.20334,16.237566],[122.204877,16.24508],[122.201835,16.25244],[122.202711,16.257148],[122.207781,16.265852],[122.208274,16.271455],[122.214619,16.273905],[122.222229,16.282816],[122.232387,16.303047],[122.229902,16.308004],[122.223954,16.304225],[122.214727,16.293676],[122.207206,16.296698],[122.199041,16.291446],[122.192633,16.28991],[122.182729,16.297665],[122.179976,16.303677],[122.185219,16.311963],[122.191804,16.318618],[122.190997,16.333777],[122.197526,16.340275],[122.202449,16.339737],[122.212104,16.35016],[122.213564,16.356641],[122.218766,16.354084],[122.225094,16.35705],[122.230117,16.370215],[122.228165,16.374493],[122.233127,16.382183],[122.232861,16.389394],[122.240893,16.410949],[122.241072,16.418712],[122.234814,16.424333],[122.231468,16.41741],[122.22836,16.39534],[122.221065,16.39491],[122.2169,16.397525],[122.211881,16.406169],[122.208615,16.406928],[122.200266,16.415206],[122.201718,16.422012],[122.199356,16.433834],[122.202893,16.439038],[122.2093,16.438714],[122.214948,16.447822],[122.223041,16.458199],[122.228423,16.459812],[122.230382,16.463997],[122.227351,16.469478],[122.230965,16.471546],[122.234179,16.487239],[122.238857,16.492622],[122.241763,16.503053],[122.250816,16.516272],[122.254405,16.51553],[122.263038,16.517891],[122.266454,16.521877],[122.276358,16.5247],[122.298745,16.552668],[122.299695,16.557818],[122.304961,16.56577],[122.308868,16.578232],[122.316097,16.585747],[122.317426,16.59521],[122.320841,16.599965],[122.324274,16.610793],[122.332359,16.618878],[122.338148,16.626795],[122.337449,16.633115],[122.345154,16.649856],[122.350614,16.655135],[122.357822,16.677408],[122.367437,16.695716],[122.372584,16.699281],[122.381147,16.715556],[122.387545,16.718933],[122.388521,16.725425],[122.395771,16.738506],[122.39765,16.745077],[122.40411,16.74878],[122.40795,16.758298],[122.407624,16.764178],[122.41204,16.766928],[122.418726,16.787039],[122.424846,16.791695],[122.428698,16.797019],[122.433483,16.797123],[122.433531,16.814334],[122.429071,16.8188],[122.431484,16.831394],[122.436915,16.834276],[122.439965,16.839863],[122.439811,16.845107],[122.448845,16.853275],[122.447397,16.85826],[122.4525,16.863228],[122.459215,16.87386],[122.459196,16.880482],[122.464276,16.887537],[122.457795,16.897057],[122.460991,16.917758],[122.464834,16.923612],[122.470981,16.927665],[122.473186,16.937603],[122.472029,16.941841],[122.475823,16.951369],[122.472386,16.95769],[122.468024,16.957535],[122.464921,16.966328],[122.466524,16.976137],[122.471987,16.981341],[122.475025,16.994584],[122.47922,17.003477],[122.484148,17.009817],[122.484013,17.015039],[122.487779,17.020369],[122.494989,17.021721],[122.501073,17.019783],[122.50181,17.028451],[122.499395,17.034814],[122.510075,17.037595],[122.51065,17.043266],[122.506982,17.054447],[122.511568,17.057302],[122.517518,17.076641],[122.51664,17.082777],[122.520602,17.086897],[122.51994,17.090636],[122.527844,17.099262],[122.521469,17.103472],[122.517792,17.112395],[122.519503,17.12451],[122.514972,17.136876],[122.509559,17.142334],[122.506557,17.139195],[122.504938,17.13238],[122.496554,17.129535],[122.480162,17.11601],[122.472817,17.119489],[122.469275,17.116607],[122.458101,17.114504],[122.450095,17.116239],[122.446529,17.12031],[122.436468,17.123247],[122.426082,17.129853],[122.417667,17.139555],[122.410613,17.158033],[122.410876,17.17057],[122.414836,17.175026],[122.414923,17.182195],[122.418172,17.184841],[122.420113,17.191682],[122.427202,17.192409],[122.425899,17.200432],[122.421701,17.20818],[122.429648,17.216114],[122.418732,17.223933],[122.422311,17.236631],[122.419247,17.241922],[122.420336,17.252909],[122.422354,17.25444],[122.419972,17.265496],[122.422039,17.270044],[122.416515,17.276101],[122.417295,17.280336],[122.428392,17.282047],[122.427518,17.273295],[122.433058,17.259071],[122.443022,17.244125],[122.442673,17.256498],[122.443693,17.263803],[122.439612,17.274035],[122.439485,17.287668],[122.433921,17.296227],[122.421704,17.303579],[122.413962,17.323997],[122.407079,17.333597],[122.39783,17.340471],[122.393588,17.34055],[122.393186,17.329185],[122.402249,17.318459],[122.403384,17.304923],[122.410699,17.30069],[122.410048,17.296441],[122.401357,17.294017],[122.395211,17.303392],[122.396093,17.308903],[122.389058,17.308557],[122.376705,17.31528],[122.373285,17.323195],[122.381836,17.323114],[122.38785,17.319987],[122.393561,17.322508],[122.389138,17.331969],[122.37331,17.352377],[122.361901,17.354024],[122.357629,17.350575],[122.357631,17.342071],[122.354279,17.335314],[122.34867,17.335115],[122.345441,17.339487],[122.340065,17.338946],[122.322356,17.342422],[122.315918,17.334834],[122.311804,17.332438],[122.306326,17.33553],[122.298183,17.336884],[122.293917,17.333935],[122.287508,17.338946],[122.288627,17.347265],[122.285715,17.351414],[122.285802,17.360983],[122.279186,17.363512],[122.27467,17.360613],[122.268572,17.360726],[122.265332,17.353988],[122.256243,17.356702],[122.245755,17.366184],[122.244731,17.373984],[122.248079,17.380877],[122.253235,17.385442],[122.242788,17.388572],[122.235758,17.399057],[122.236508,17.404233],[122.244746,17.409376],[122.248096,17.414569],[122.240375,17.416815],[122.233775,17.422535],[122.227545,17.432176],[122.214788,17.455598],[122.200839,17.486408],[122.194828,17.501074],[122.191689,17.519289],[122.195652,17.522541],[122.193943,17.527272],[122.188109,17.528184],[122.184749,17.54194],[122.190682,17.547958],[122.186916,17.552451],[122.187298,17.560449],[122.179018,17.568259],[122.178057,17.575189],[122.172969,17.584542],[122.165436,17.603527],[122.163328,17.611407],[122.162811,17.622785],[122.165737,17.629206],[122.164226,17.641196],[122.165055,17.64618],[122.162869,17.655057],[122.165423,17.661593],[122.163144,17.67621],[122.15629,17.680898],[122.161283,17.692499],[122.168522,17.698652],[122.16365,17.704794],[122.157084,17.717102],[122.150608,17.72353],[122.151332,17.731989],[122.144345,17.737689],[122.143261,17.742987],[122.144794,17.74948],[122.148392,17.754184],[122.143697,17.768982],[122.137882,17.77992],[122.139861,17.787464],[122.137367,17.795902],[122.139909,17.802976],[122.143504,17.806649],[122.150212,17.809048],[122.155384,17.813995],[122.155738,17.822637],[122.147192,17.82545],[122.152683,17.839763],[122.164589,17.841468],[122.168366,17.850727],[122.16342,17.85733],[122.161855,17.862727],[122.16261,17.876954],[122.165631,17.883516],[122.173446,17.890814],[122.176986,17.898585],[122.179844,17.89738],[122.185478,17.904801],[122.184969,17.908744],[122.189584,17.911333],[122.186748,17.918268],[122.181156,17.921676],[122.182849,17.924956],[122.178984,17.929333],[122.178394,17.936641],[122.182489,17.943239],[122.179987,17.945903],[122.177454,17.957937],[122.178151,17.969947],[122.18142,17.971462],[122.181652,17.982828],[122.178675,17.986553],[122.186075,17.991247],[122.189785,18.001967],[122.184326,18.009765],[122.188358,18.016314],[122.184158,18.025285],[122.174385,18.032603],[122.175803,18.049105],[122.177238,18.054309],[122.182973,18.058393],[122.18011,18.063526],[122.17392,18.061649],[122.167535,18.064456],[122.164773,18.071423],[122.167028,18.076067],[122.167319,18.085508],[122.170405,18.088161],[122.176694,18.105275],[122.181747,18.11665],[122.186688,18.118828],[122.190656,18.116232],[122.197985,18.121724],[122.19788,18.127153],[122.205402,18.136272],[122.208889,18.144599],[122.214873,18.145875],[122.214916,18.150664],[122.24052,18.162833],[122.250059,18.162687],[122.252679,18.167303],[122.257133,18.166775],[122.263539,18.170333],[122.263531,18.178273],[122.26609,18.185983],[122.280282,18.196826],[122.287291,18.199993],[122.289283,18.20927],[122.294971,18.212569],[122.303011,18.219875],[122.29847,18.226793],[122.302587,18.22927],[122.30732,18.240392],[122.320315,18.247146],[122.319108,18.252609],[122.32165,18.259468],[122.32979,18.27183],[122.33288,18.28318],[122.327546,18.290547],[122.334985,18.30626],[122.336354,18.311514],[122.330674,18.314426],[122.33294,18.322671],[122.331226,18.329962],[122.324614,18.336168],[122.323765,18.346964],[122.327631,18.350369],[122.326935,18.35713],[122.323984,18.363551],[122.320424,18.378977],[122.311672,18.380158],[122.313221,18.388215],[122.308854,18.392522],[122.302006,18.39494],[122.29841,18.405201],[122.293342,18.411663],[122.276973,18.416314],[122.274487,18.423002],[122.268151,18.425955],[122.256705,18.440043],[122.257337,18.445429],[122.251263,18.447135],[122.24859,18.450705],[122.248716,18.461913],[122.241367,18.472375],[122.240477,18.477017],[122.246411,18.488509],[122.245462,18.494525],[122.239108,18.511822],[122.232893,18.51881],[122.223759,18.522507],[122.219078,18.52265],[122.213362,18.516435],[122.190505,18.510682],[122.184608,18.517501],[122.176715,18.51462],[122.173075,18.519827],[122.166876,18.521698],[122.158731,18.515885],[122.155479,18.511466],[122.146651,18.507007],[122.148831,18.494738],[122.146638,18.476573],[122.139694,18.46162],[122.136655,18.451861],[122.128831,18.440868],[122.124688,18.423746],[122.132494,18.414217],[122.130546,18.408882],[122.126048,18.405787],[122.125735,18.396848],[122.131935,18.388181],[122.127418,18.380613],[122.117878,18.374524],[122.110129,18.37631],[122.107076,18.381741],[122.101751,18.383327],[122.097274,18.375468],[122.097604,18.365191],[122.091417,18.360237],[122.082438,18.356284],[122.082348,18.352425],[122.076514,18.347862],[122.063151,18.342769],[122.061562,18.332891],[122.052906,18.329328],[122.052927,18.321735],[122.049258,18.318833],[122.027815,18.307838],[122.024682,18.297598],[122.013552,18.292552],[122.011164,18.28789],[121.996433,18.28406],[121.982368,18.282095],[121.977246,18.278515],[121.968671,18.277503],[121.959135,18.272577],[121.946055,18.272105],[121.941648,18.267717],[121.933856,18.266702],[121.908427,18.269701],[121.904974,18.266234],[121.900717,18.271607],[121.874325,18.27798],[121.852264,18.284368],[121.816832,18.296161],[121.76364,18.315198],[121.754465,18.3193],[121.723521,18.331218],[121.683076,18.345086],[121.643957,18.358925],[121.629146,18.361924],[121.629637,18.354059],[121.621518,18.351346],[121.6064,18.371869],[121.600238,18.37556],[121.592755,18.375516],[121.570803,18.387236],[121.536022,18.404502],[121.509051,18.419654],[121.479856,18.439093],[121.457085,18.456888],[121.451583,18.460188],[121.444424,18.459285],[121.440003,18.465032],[121.430884,18.468166],[121.421051,18.473876],[121.402819,18.482502],[121.382667,18.490442],[121.362719,18.499224],[121.360145,18.496813],[121.352643,18.499848],[121.345271,18.506402],[121.332824,18.511077],[121.313674,18.521189],[121.289024,18.536928],[121.272403,18.54952],[121.253397,18.565579],[121.231354,18.583201],[121.202889,18.605053],[121.196775,18.608828],[121.160982,18.622326],[121.145031,18.626468],[121.131285,18.628338],[121.116679,18.628559],[121.097485,18.626218],[121.094519,18.618867],[121.090698,18.614569],[121.081525,18.610363],[121.065682,18.607342],[121.054513,18.608519],[121.047086,18.61134],[121.032622,18.619633],[121.027296,18.614946],[121.029146,18.611534],[121.02507,18.606359],[121.001481,18.594725],[120.990076,18.59844],[120.98297,18.591824],[120.978882,18.585291],[120.97144,18.579973],[120.964027,18.571968],[120.962282,18.566793],[120.955462,18.559624],[120.942329,18.558158],[120.928009,18.559398],[120.90986,18.56421],[120.89732,18.572444],[120.89005,18.583888],[120.884844,18.595437],[120.876202,18.603244],[120.873547,18.603646],[120.868494,18.610745],[120.868145,18.62301],[120.859091,18.622918],[120.86029,18.635061],[120.852887,18.647527],[120.846658,18.651008],[120.840977,18.649942],[120.8342,18.643182],[120.833238,18.638211],[120.827134,18.634893],[120.816066,18.631461],[120.810364,18.634863],[120.797041,18.632439],[120.784987,18.624524],[120.778955,18.613294],[120.77767,18.600878],[120.785097,18.593532],[120.785557,18.58462],[120.782738,18.578991],[120.787488,18.575481],[120.7871,18.568202],[120.778184,18.554074],[120.773272,18.54889],[120.761509,18.539564],[120.751209,18.534645],[120.739921,18.531047],[120.725178,18.52895],[120.695136,18.529648],[120.675927,18.531901],[120.66942,18.531711],[120.661078,18.535292],[120.659493,18.538335],[120.645035,18.539251],[120.635809,18.548011],[120.624563,18.545708],[120.615199,18.538075],[120.612496,18.531672],[120.602197,18.52435],[120.598025,18.517912],[120.589587,18.515105],[120.581954,18.51466],[120.58239,18.51017],[120.573468,18.505317],[120.563651,18.491411],[120.565297,18.484624],[120.569388,18.481732],[120.568201,18.475296],[120.573834,18.460271],[120.579859,18.459917],[120.580586,18.450836],[120.583373,18.436704],[120.589184,18.429926],[120.593907,18.414015],[120.597492,18.393323],[120.597791,18.381303],[120.599997,18.376752],[120.600141,18.357515],[120.597296,18.333825],[120.594705,18.322619],[120.58906,18.308635],[120.57637,18.289328],[120.569092,18.281979],[120.559937,18.257595],[120.548653,18.233601],[120.537838,18.218693],[120.527013,18.209513],[120.523511,18.204804],[120.518495,18.189642],[120.517125,18.180693],[120.518917,18.164103],[120.516431,18.145488],[120.512236,18.135351],[120.498254,18.114768],[120.487827,18.10296],[120.470911,18.08598],[120.477132,18.082636],[120.478568,18.07902],[120.481011,18.056658],[120.479962,18.045539],[120.473953,18.036758],[120.4734,18.033281],[120.480268,18.016807],[120.486201,18.017205],[120.487581,18.01068],[120.498244,18.001897],[120.496715,17.99388],[120.488053,17.98368],[120.480817,17.977498],[120.476037,17.978723],[120.473673,17.961923],[120.468657,17.948299],[120.461883,17.939657],[120.448032,17.930503],[120.444249,17.931847],[120.43888,17.92565],[120.439837,17.92067],[120.429283,17.915602],[120.432546,17.9067],[120.437391,17.902409],[120.443384,17.902721]],[[121.105602,15.917672],[121.102602,15.909771],[121.105941,15.897532],[121.104414,15.891823],[121.106643,15.887318],[121.115897,15.880081],[121.123988,15.879525],[121.128729,15.884179],[121.130176,15.891294],[121.135296,15.896557],[121.140109,15.898618],[121.137744,15.884254],[121.132486,15.880359],[121.138275,15.869037],[121.13637,15.865889],[121.14162,15.859365],[121.149382,15.854027],[121.160902,15.850491],[121.174591,15.843513],[121.178678,15.845893],[121.184617,15.843495],[121.189571,15.833877],[121.197033,15.83059],[121.203416,15.822155],[121.214362,15.82116],[121.219827,15.815162],[121.210745,15.812677],[121.207066,15.809929],[121.211904,15.802633],[121.206474,15.802361],[121.204419,15.806334],[121.192364,15.807148],[121.18035,15.812891],[121.163038,15.813797],[121.157221,15.822527],[121.151281,15.820289],[121.148157,15.828762],[121.14354,15.829464],[121.139222,15.834251],[121.132877,15.835856],[121.129103,15.827501],[121.123132,15.824357],[121.124576,15.808333],[121.115012,15.808096],[121.117394,15.815404],[121.111479,15.814085],[121.108057,15.818365],[121.103662,15.828813],[121.10535,15.832172],[121.115449,15.835178],[121.114638,15.845434],[121.128408,15.850321],[121.124855,15.853404],[121.124502,15.864186],[121.121863,15.867625],[121.100993,15.870515],[121.097708,15.877087],[121.100879,15.878347],[121.100788,15.885896],[121.097974,15.89641],[121.101052,15.912033],[121.105602,15.917672]],[[120.955813,14.014249],[120.954754,14.020428],[120.951404,14.023337],[120.947476,14.031712],[120.947261,14.036071],[120.953553,14.042724],[120.948358,14.043568],[120.947566,14.049939],[120.936278,14.061376],[120.94404,14.070809],[120.949818,14.07136],[120.957261,14.068485],[120.961384,14.073379],[120.963574,14.082717],[120.967835,14.086425],[120.976397,14.08772],[120.984229,14.08675],[120.988834,14.082586],[120.999114,14.081152],[121.00684,14.087145],[121.014141,14.090794],[121.018185,14.088403],[121.039944,14.089689],[121.047344,14.088477],[121.052926,14.089689],[121.053912,14.085457],[121.059833,14.085638],[121.064053,14.073933],[121.07143,14.064535],[121.068432,14.054186],[121.064961,14.050332],[121.063198,14.042794],[121.054234,14.031141],[121.055637,14.028686],[121.067306,14.02574],[121.076739,14.027706],[121.083633,14.025894],[121.09136,14.021582],[121.095586,14.015709],[121.091756,14.003261],[121.084338,13.993571],[121.08384,13.983559],[121.080722,13.97589],[121.084345,13.962241],[121.075269,13.961683],[121.074544,13.955256],[121.068589,13.947725],[121.060643,13.942776],[121.050572,13.939391],[121.03579,13.938676],[121.03873,13.934716],[121.03836,13.923628],[121.033307,13.915676],[121.034759,13.905911],[121.031931,13.897544],[121.027196,13.895062],[121.019487,13.896374],[121.018184,13.887979],[121.011636,13.887608],[121.005859,13.890023],[121.001528,13.883732],[120.993254,13.877544],[120.986459,13.879602],[120.981584,13.886939],[120.980459,13.894559],[120.982645,13.903002],[120.983301,13.913144],[120.977239,13.913814],[120.965681,13.922127],[120.958572,13.925337],[120.949358,13.931546],[120.945986,13.941076],[120.946797,13.94556],[120.943536,13.950128],[120.941442,13.959369],[120.94344,13.966807],[120.948712,13.973567],[120.958205,13.980077],[120.959282,13.983434],[120.951181,13.990304],[120.952439,13.993133],[120.94992,14.001315],[120.955813,14.014249]],[[121.057385,14.37864],[121.053447,14.386913],[121.051181,14.397628],[121.052447,14.409977],[121.05189,14.436266],[121.054312,14.444309],[121.05338,14.454051],[121.057341,14.46789],[121.061673,14.477283],[121.063155,14.488773],[121.069329,14.506686],[121.081412,14.505146],[121.087532,14.507527],[121.093835,14.52106],[121.102104,14.524415],[121.102259,14.517205],[121.106036,14.515361],[121.117289,14.515406],[121.116284,14.527638],[121.123233,14.53118],[121.125493,14.535483],[121.137761,14.536234],[121.143478,14.529351],[121.142454,14.523473],[121.146107,14.514089],[121.151365,14.517933],[121.157751,14.515762],[121.164831,14.509483],[121.17034,14.499025],[121.175058,14.496039],[121.184768,14.483051],[121.187496,14.475976],[121.184785,14.464363],[121.193118,14.461294],[121.197294,14.449635],[121.203717,14.445988],[121.199897,14.442357],[121.212732,14.432176],[121.20747,14.428636],[121.208119,14.421814],[121.214104,14.41829],[121.220261,14.418229],[121.222433,14.426261],[121.221599,14.440157],[121.2227,14.447992],[121.22043,14.455544],[121.220387,14.473891],[121.226225,14.477663],[121.233792,14.471902],[121.237457,14.478415],[121.233948,14.484887],[121.23937,14.49968],[121.241752,14.502442],[121.249229,14.497849],[121.255316,14.496919],[121.259516,14.504568],[121.268315,14.505352],[121.274579,14.503247],[121.274875,14.495984],[121.283081,14.482171],[121.288918,14.484149],[121.301326,14.484152],[121.308951,14.467339],[121.313738,14.469462],[121.320665,14.465608],[121.325105,14.460857],[121.326759,14.454681],[121.325195,14.447476],[121.329934,14.442129],[121.331735,14.43144],[121.33624,14.429656],[121.339105,14.418264],[121.338696,14.41162],[121.33151,14.39108],[121.332712,14.383752],[121.327932,14.37502],[121.324801,14.366337],[121.319868,14.358159],[121.321451,14.34844],[121.320158,14.341119],[121.304956,14.326485],[121.306382,14.32269],[121.304412,14.314723],[121.303726,14.295929],[121.308145,14.28882],[121.31476,14.287077],[121.317137,14.2909],[121.324574,14.294849],[121.334595,14.312054],[121.343259,14.315437],[121.351634,14.323125],[121.352842,14.328435],[121.362421,14.335404],[121.367111,14.335681],[121.37311,14.339644],[121.380495,14.337944],[121.391613,14.345136],[121.391261,14.347776],[121.399123,14.353977],[121.399672,14.360141],[121.409767,14.378433],[121.406742,14.38596],[121.409063,14.391351],[121.415694,14.397419],[121.42122,14.395766],[121.427308,14.38879],[121.434078,14.395899],[121.448314,14.397321],[121.449041,14.38992],[121.459049,14.388554],[121.465965,14.382021],[121.473428,14.371873],[121.479232,14.351258],[121.474364,14.338001],[121.474338,14.333508],[121.470171,14.326954],[121.471512,14.31955],[121.462361,14.325183],[121.453996,14.325988],[121.456348,14.331181],[121.445461,14.336512],[121.438679,14.337059],[121.428503,14.343724],[121.427773,14.336466],[121.424124,14.331113],[121.436975,14.324777],[121.441064,14.32103],[121.4386,14.317497],[121.438627,14.310505],[121.4351,14.300256],[121.425428,14.308736],[121.423668,14.305257],[121.425381,14.297141],[121.43354,14.296503],[121.433553,14.29191],[121.422588,14.293317],[121.416662,14.290282],[121.412472,14.303401],[121.408983,14.300467],[121.402055,14.302238],[121.39932,14.2955],[121.399569,14.288396],[121.388649,14.279773],[121.380913,14.277314],[121.376104,14.272347],[121.371096,14.271759],[121.367188,14.26765],[121.350114,14.259515],[121.342218,14.242011],[121.323887,14.23417],[121.318373,14.230081],[121.312751,14.223053],[121.304038,14.203344],[121.296667,14.200389],[121.288615,14.193926],[121.283549,14.195035],[121.271703,14.194109],[121.264579,14.190008],[121.252919,14.192041],[121.248089,14.191347],[121.237536,14.198151],[121.227504,14.183867],[121.218356,14.179078],[121.212401,14.178626],[121.205987,14.186962],[121.199467,14.182074],[121.188141,14.186447],[121.183003,14.186392],[121.177868,14.194549],[121.183897,14.197955],[121.184975,14.212075],[121.191969,14.215742],[121.187223,14.222275],[121.187441,14.229189],[121.183836,14.236279],[121.173451,14.237736],[121.169853,14.247341],[121.167539,14.26113],[121.159491,14.271847],[121.155729,14.272763],[121.139623,14.290813],[121.130948,14.29676],[121.126631,14.303283],[121.123989,14.315803],[121.114715,14.329604],[121.105056,14.33556],[121.101345,14.335413],[121.092674,14.343296],[121.090932,14.356039],[121.086281,14.358849],[121.072914,14.361798],[121.065281,14.364889],[121.067681,14.370264],[121.061899,14.37282],[121.057385,14.37864]],[[121.50338,14.288321],[121.497026,14.294808],[121.511429,14.301522],[121.526643,14.295366],[121.528097,14.297922],[121.523232,14.303885],[121.5215,14.309033],[121.536,14.300873],[121.543075,14.303639],[121.547788,14.297724],[121.560501,14.301895],[121.567316,14.299358],[121.555646,14.292837],[121.550076,14.29412],[121.541271,14.290147],[121.53749,14.291938],[121.528665,14.285227],[121.519122,14.287065],[121.51208,14.291515],[121.507476,14.287361],[121.50338,14.288321]],[[123.352688,13.306673],[123.346255,13.316078],[123.339811,13.311368],[123.335731,13.310958],[123.335716,13.318696],[123.327184,13.32727],[123.330267,13.334654],[123.33292,13.347676],[123.341402,13.357781],[123.352309,13.358739],[123.359301,13.356454],[123.373471,13.34863],[123.380758,13.340852],[123.37317,13.337519],[123.380928,13.33091],[123.378168,13.323942],[123.383848,13.321214],[123.377755,13.305574],[123.370236,13.300385],[123.360449,13.299699],[123.352688,13.306673]],[[123.312806,13.458982],[123.302332,13.457669],[123.296726,13.467128],[123.301772,13.473502],[123.312653,13.476255],[123.323628,13.475526],[123.334995,13.468371],[123.332476,13.46476],[123.323995,13.4636],[123.320049,13.459621],[123.312806,13.458982]]],[[[120.390667,17.495352],[120.396806,17.491291],[120.407478,17.4889],[120.413953,17.494123],[120.421368,17.495756],[120.422652,17.499197],[120.422951,17.507221],[120.417803,17.507248],[120.414281,17.506364],[120.402947,17.500613],[120.388021,17.501043],[120.390667,17.495352]]],[[[119.961541,16.366909],[119.948367,16.362256],[119.945434,16.357238],[119.94729,16.350728],[119.956699,16.354637],[119.965053,16.365368],[119.961541,16.366909]]],[[[119.989685,16.350102],[119.979536,16.347025],[119.971215,16.349347],[119.965196,16.343398],[119.967033,16.336804],[119.963851,16.326255],[119.951413,16.33275],[119.943711,16.330407],[119.944155,16.327012],[119.938973,16.319911],[119.939108,16.314343],[119.929637,16.307139],[119.921633,16.308442],[119.917757,16.3016],[119.918395,16.293526],[119.92143,16.291146],[119.922385,16.285148],[119.93055,16.290891],[119.933436,16.295499],[119.939195,16.292215],[119.937592,16.286292],[119.944312,16.287279],[119.954668,16.278946],[119.957709,16.270415],[119.94853,16.267402],[119.962728,16.260367],[119.978252,16.250438],[119.980371,16.240133],[119.989338,16.231268],[119.989179,16.224628],[119.992986,16.222179],[119.998558,16.223866],[120.013888,16.232585],[120.017985,16.240737],[120.017102,16.245721],[120.019386,16.25083],[120.013584,16.256447],[120.005797,16.260751],[120.004003,16.267313],[120.00025,16.271309],[119.999261,16.281139],[120.004947,16.289523],[120.011253,16.302692],[120.019827,16.311025],[120.008774,16.315889],[119.998167,16.323104],[119.996063,16.328607],[120.000191,16.335657],[119.999835,16.339183],[119.991048,16.342217],[119.989685,16.350102]]],[[[119.912168,16.393427],[119.91096,16.386115],[119.917246,16.38878],[119.927399,16.389879],[119.93129,16.38643],[119.93285,16.377483],[119.944841,16.379464],[119.950345,16.373602],[119.961244,16.369467],[119.964078,16.371205],[119.962683,16.377195],[119.961273,16.398729],[119.956293,16.402007],[119.951923,16.409277],[119.947208,16.410216],[119.942404,16.417418],[119.933684,16.424968],[119.92665,16.421804],[119.917879,16.425195],[119.913975,16.422775],[119.909856,16.411497],[119.909383,16.401927],[119.912168,16.393427]]],[[[120.115673,16.122629],[120.111569,16.117978],[120.110163,16.108907],[120.1158,16.107706],[120.123084,16.113258],[120.123596,16.118633],[120.115673,16.122629]]],[[[121.955907,20.429736],[121.949002,20.42756],[121.945651,20.415613],[121.934949,20.41023],[121.930975,20.406627],[121.927326,20.409287],[121.924757,20.393025],[121.919297,20.383202],[121.920495,20.379763],[121.913094,20.370469],[121.915273,20.362986],[121.915257,20.349173],[121.920643,20.350129],[121.950305,20.348728],[121.954972,20.359286],[121.960321,20.366021],[121.970012,20.36697],[121.96976,20.374952],[121.980713,20.383292],[121.975178,20.396369],[121.969489,20.39541],[121.961537,20.403834],[121.962423,20.412614],[121.969511,20.418218],[121.982694,20.425527],[121.9863,20.438048],[122.007533,20.447642],[122.013935,20.44807],[122.024264,20.455596],[122.032856,20.463318],[122.035676,20.46795],[122.027854,20.48103],[122.022362,20.484148],[122.011341,20.485984],[122.002954,20.489468],[121.985216,20.478849],[121.975587,20.471562],[121.965776,20.469141],[121.957525,20.469875],[121.959902,20.460742],[121.959878,20.453881],[121.967562,20.446717],[121.962582,20.437935],[121.955907,20.429736]]],[[[121.948839,21.102978],[121.95492,21.108225],[121.954419,21.11444],[121.947902,21.121298],[121.946434,21.114113],[121.948839,21.102978]]],[[[121.932871,21.061349],[121.936115,21.068246],[121.928003,21.065834],[121.932871,21.061349]]],[[[121.931181,20.921781],[121.920591,20.935626],[121.914391,20.93355],[121.915185,20.928974],[121.926596,20.926092],[121.931181,20.921781]]],[[[121.901177,20.898848],[121.907329,20.905116],[121.901575,20.909036],[121.898532,20.905059],[121.901177,20.898848]]],[[[121.802853,20.688201],[121.80949,20.689289],[121.821819,20.696681],[121.830154,20.707629],[121.83889,20.708477],[121.847229,20.715437],[121.853713,20.723668],[121.858419,20.74028],[121.855431,20.745978],[121.856652,20.751363],[121.867798,20.753884],[121.876226,20.75986],[121.876456,20.766723],[121.87233,20.768148],[121.873683,20.776095],[121.867851,20.781479],[121.8728,20.791599],[121.880347,20.794038],[121.883187,20.808808],[121.880412,20.81129],[121.880198,20.819962],[121.871355,20.827837],[121.869762,20.831227],[121.85979,20.836012],[121.851197,20.833158],[121.842337,20.82647],[121.836869,20.825404],[121.834453,20.820797],[121.833414,20.811919],[121.834656,20.805362],[121.828224,20.789114],[121.817296,20.777596],[121.815208,20.760272],[121.811538,20.756046],[121.806324,20.757281],[121.800959,20.754522],[121.792828,20.744424],[121.788559,20.729796],[121.782768,20.721663],[121.783399,20.715565],[121.789588,20.704093],[121.796762,20.699187],[121.802853,20.688201]]],[[[121.933049,20.712344],[121.926175,20.710283],[121.922934,20.706537],[121.921399,20.700117],[121.929595,20.697882],[121.935145,20.698435],[121.933049,20.712344]]],[[[121.858548,20.260282],[121.865957,20.262941],[121.860852,20.270676],[121.863859,20.275797],[121.872396,20.28412],[121.8835,20.285062],[121.886412,20.289938],[121.886313,20.295962],[121.889122,20.302032],[121.888912,20.313259],[121.880758,20.324117],[121.877086,20.332428],[121.872423,20.335748],[121.870618,20.340816],[121.865893,20.340173],[121.856801,20.345938],[121.847627,20.354589],[121.844851,20.355371],[121.843074,20.345248],[121.83795,20.32464],[121.839371,20.31301],[121.842285,20.300805],[121.847182,20.292781],[121.840681,20.287724],[121.850797,20.269784],[121.858548,20.260282]]],[[[121.788485,20.32871],[121.788975,20.334564],[121.780848,20.33833],[121.779206,20.333519],[121.788485,20.32871]]],[[[121.807157,20.299921],[121.811191,20.301051],[121.813093,20.310495],[121.81635,20.313024],[121.819558,20.3263],[121.813088,20.335319],[121.809946,20.336608],[121.800017,20.334093],[121.801026,20.326025],[121.798554,20.308395],[121.807157,20.299921]]],[[[121.316338,18.839724],[121.332838,18.843076],[121.345486,18.84154],[121.363375,18.845873],[121.373798,18.850166],[121.389438,18.848386],[121.398851,18.848988],[121.404194,18.851389],[121.412913,18.851685],[121.425048,18.855909],[121.439689,18.854396],[121.452961,18.855661],[121.479282,18.872839],[121.482479,18.881964],[121.479105,18.884299],[121.470947,18.881028],[121.458679,18.882921],[121.455763,18.886158],[121.446384,18.88975],[121.428287,18.900669],[121.415118,18.905783],[121.399834,18.905446],[121.389763,18.900861],[121.377708,18.898718],[121.368678,18.894099],[121.361206,18.888152],[121.344737,18.891342],[121.339619,18.887845],[121.333583,18.886659],[121.328451,18.881363],[121.323915,18.88178],[121.31224,18.877496],[121.304131,18.877412],[121.28517,18.8848],[121.281124,18.882975],[121.282358,18.872052],[121.275029,18.863697],[121.275162,18.857851],[121.282667,18.847498],[121.289546,18.84429],[121.303939,18.842738],[121.316338,18.839724]]],[[[121.264717,18.877424],[121.268989,18.8839],[121.259437,18.883826],[121.257406,18.886904],[121.251393,18.885834],[121.264717,18.877424]]],[[[121.261441,18.857551],[121.264194,18.867806],[121.261232,18.872425],[121.25367,18.875564],[121.247909,18.874204],[121.242267,18.862056],[121.242861,18.857532],[121.249432,18.853774],[121.258193,18.854024],[121.261441,18.857551]]],[[[121.959627,19.475845],[121.96627,19.476049],[121.967752,19.48197],[121.977975,19.490037],[121.984442,19.498683],[121.990491,19.503745],[121.994208,19.514129],[121.993292,19.518352],[121.994518,19.531572],[121.991667,19.541697],[121.99387,19.547682],[121.990949,19.556471],[121.984265,19.562847],[121.969443,19.573924],[121.960747,19.568254],[121.955081,19.560989],[121.94367,19.555328],[121.936657,19.55905],[121.93221,19.555898],[121.923118,19.5533],[121.919091,19.554052],[121.906355,19.550089],[121.904218,19.551739],[121.896028,19.549137],[121.892752,19.541305],[121.893555,19.534529],[121.900413,19.526017],[121.89767,19.522518],[121.899686,19.517885],[121.907175,19.511945],[121.915705,19.508612],[121.92559,19.499685],[121.929766,19.493805],[121.943041,19.488484],[121.952211,19.47965],[121.959627,19.475845]]],[[[121.514029,19.423427],[121.517755,19.4293],[121.514787,19.436488],[121.51383,19.443991],[121.506101,19.445761],[121.504685,19.436334],[121.510895,19.424583],[121.514029,19.423427]]],[[[121.511613,19.244225],[121.510367,19.257693],[121.51977,19.263922],[121.529818,19.263714],[121.539673,19.268405],[121.542256,19.276238],[121.539829,19.2797],[121.539453,19.287765],[121.53487,19.293147],[121.534733,19.29845],[121.53041,19.302724],[121.528167,19.312525],[121.52291,19.318214],[121.522171,19.32436],[121.524843,19.329344],[121.52934,19.348737],[121.531687,19.351101],[121.523739,19.371272],[121.522815,19.377462],[121.524301,19.387533],[121.515099,19.388484],[121.507593,19.376939],[121.500211,19.370894],[121.488171,19.367088],[121.481582,19.371944],[121.469457,19.374484],[121.453596,19.379372],[121.433827,19.383446],[121.41834,19.390511],[121.40689,19.39334],[121.392331,19.388338],[121.392609,19.379113],[121.388299,19.369702],[121.375838,19.362791],[121.368285,19.360353],[121.36289,19.365516],[121.355332,19.366602],[121.348856,19.363743],[121.346676,19.356924],[121.354592,19.354681],[121.360747,19.35102],[121.369424,19.341514],[121.381574,19.335638],[121.382789,19.330956],[121.390816,19.328578],[121.389633,19.322252],[121.393733,19.313512],[121.391369,19.310292],[121.390043,19.300925],[121.40166,19.294023],[121.404912,19.288879],[121.402551,19.283559],[121.409345,19.283002],[121.415195,19.286057],[121.419505,19.28181],[121.436749,19.276937],[121.442058,19.273042],[121.443928,19.267875],[121.468087,19.266573],[121.476636,19.258358],[121.48834,19.255156],[121.497592,19.254093],[121.509299,19.248241],[121.511613,19.244225]]],[[[121.238832,19.01277],[121.250165,19.014159],[121.253844,19.028598],[121.252733,19.041449],[121.250101,19.049754],[121.248575,19.061662],[121.250913,19.070924],[121.24776,19.082492],[121.249031,19.088096],[121.245926,19.092346],[121.245635,19.100154],[121.247656,19.103455],[121.244,19.112316],[121.240379,19.11634],[121.236448,19.126304],[121.234794,19.141599],[121.232521,19.145341],[121.231538,19.156012],[121.225478,19.166401],[121.218881,19.169443],[121.213245,19.167278],[121.210546,19.142487],[121.205677,19.136217],[121.201712,19.126044],[121.195689,19.096396],[121.197636,19.077466],[121.196225,19.070527],[121.199141,19.059833],[121.21115,19.04588],[121.215125,19.038665],[121.225185,19.036552],[121.235257,19.030664],[121.23827,19.024682],[121.238832,19.01277]]],[[[121.85595,18.812052],[121.860068,18.813101],[121.873154,18.822489],[121.877603,18.827193],[121.880769,18.836124],[121.878795,18.845919],[121.881832,18.851708],[121.888262,18.855714],[121.891039,18.868506],[121.911292,18.879797],[121.917818,18.878731],[121.922615,18.881472],[121.924144,18.886144],[121.928592,18.885871],[121.933015,18.891456],[121.939097,18.892404],[121.938734,18.898314],[121.946536,18.899842],[121.95564,18.907532],[121.957189,18.915983],[121.95021,18.922416],[121.951225,18.926588],[121.958285,18.930381],[121.960568,18.935474],[121.967083,18.932662],[121.97346,18.938251],[121.9792,18.935285],[121.986324,18.941657],[121.990792,18.948745],[121.99294,18.958931],[121.986899,18.966215],[121.978844,18.970398],[121.970048,18.970471],[121.964625,18.973609],[121.963481,18.980845],[121.959176,18.983025],[121.9518,18.993892],[121.944894,19.001806],[121.923806,19.002695],[121.916678,19.003802],[121.897027,19.001253],[121.890313,18.994085],[121.878934,18.98424],[121.871527,18.980858],[121.868158,18.974682],[121.870285,18.965429],[121.866706,18.963012],[121.870609,18.946851],[121.864667,18.942425],[121.86234,18.937307],[121.851089,18.927984],[121.849689,18.919969],[121.863592,18.913839],[121.866008,18.904621],[121.871383,18.893875],[121.862721,18.880894],[121.857655,18.880602],[121.84902,18.875574],[121.84233,18.87555],[121.834606,18.87161],[121.826247,18.860768],[121.833916,18.843176],[121.835711,18.836511],[121.835531,18.828513],[121.838393,18.820398],[121.85595,18.812052]]],[[[121.831453,18.905832],[121.832944,18.898004],[121.838441,18.896455],[121.838921,18.904041],[121.831453,18.905832]]],[[[122.133314,18.581716],[122.139482,18.575342],[122.132117,18.574982],[122.116356,18.567261],[122.117202,18.562057],[122.112086,18.560254],[122.113852,18.553803],[122.112796,18.547344],[122.117448,18.544685],[122.12352,18.547709],[122.124394,18.540792],[122.116532,18.536894],[122.120682,18.532021],[122.118021,18.520305],[122.114618,18.516787],[122.119965,18.507163],[122.128437,18.51214],[122.135395,18.519495],[122.14109,18.520717],[122.148284,18.514601],[122.150115,18.517408],[122.148967,18.526262],[122.14577,18.533596],[122.147988,18.539302],[122.154821,18.547034],[122.157712,18.554838],[122.156806,18.568441],[122.153867,18.576479],[122.14905,18.579957],[122.145829,18.577517],[122.133314,18.581716]]],[[[119.908946,15.507895],[119.91437,15.508251],[119.921077,15.512144],[119.919622,15.519114],[119.9283,15.522413],[119.930628,15.52509],[119.924292,15.529487],[119.91182,15.526411],[119.9047,15.528027],[119.903217,15.52257],[119.905206,15.512537],[119.908946,15.507895]]],[[[119.892367,15.490933],[119.898428,15.494274],[119.896813,15.498248],[119.891051,15.496128],[119.892367,15.490933]]],[[[120.10521,14.757249],[120.113322,14.764236],[120.103585,14.768696],[120.100127,14.763812],[120.101195,14.758964],[120.10521,14.757249]]],[[[119.797157,15.779226],[119.801473,15.785258],[119.802642,15.795624],[119.801177,15.806008],[119.788305,15.811959],[119.785833,15.809018],[119.789061,15.792331],[119.789794,15.781287],[119.797157,15.779226]]],[[[119.822237,15.729582],[119.829255,15.73379],[119.832984,15.740495],[119.826837,15.741964],[119.820942,15.738916],[119.819664,15.732852],[119.822237,15.729582]]],[[[120.225772,14.767732],[120.229873,14.77313],[120.22317,14.775023],[120.225772,14.767732]]],[[[121.019992,14.01726],[121.015606,14.024693],[121.018784,14.037153],[121.013731,14.043055],[121.010499,14.038521],[121.00428,14.035309],[120.992973,14.036676],[120.987322,14.031859],[120.980814,14.033028],[120.972567,14.042412],[120.967135,14.038737],[120.96602,14.034825],[120.972463,14.030774],[120.973684,14.026717],[120.970769,14.018781],[120.972496,14.014287],[120.970873,14.007789],[120.973566,13.997676],[120.971693,13.994994],[120.974816,13.988307],[120.97342,13.981295],[120.977522,13.978002],[120.985672,13.98467],[120.999754,13.986272],[121.00634,13.991862],[121.014682,13.994762],[121.014561,13.999384],[121.017806,14.006545],[121.019992,14.01726]],[[121.002088,14.007753],[120.998675,14.003891],[120.992939,14.008173],[120.992165,14.013201],[120.999992,14.015579],[121.003273,14.011433],[121.002088,14.007753]]],[[[121.073639,13.531518],[121.080337,13.526217],[121.091871,13.529809],[121.099351,13.534148],[121.097151,13.536853],[121.094871,13.555741],[121.092849,13.564528],[121.085316,13.573665],[121.080872,13.569517],[121.076077,13.568984],[121.06808,13.563885],[121.058263,13.562862],[121.048921,13.565996],[121.044433,13.572894],[121.044042,13.559011],[121.052795,13.555766],[121.056668,13.549365],[121.066096,13.541275],[121.073639,13.531518]]],[[[120.904991,13.624413],[120.921963,13.627327],[120.927911,13.629491],[120.934747,13.629532],[120.942516,13.632079],[120.946356,13.639792],[120.9386,13.647043],[120.934028,13.655374],[120.923488,13.657802],[120.907714,13.659067],[120.89738,13.656245],[120.884926,13.654887],[120.878769,13.661857],[120.871667,13.660962],[120.869227,13.663355],[120.859668,13.664051],[120.853343,13.668939],[120.841141,13.672337],[120.835362,13.68318],[120.832514,13.677496],[120.837637,13.670927],[120.838769,13.660158],[120.842602,13.652001],[120.848273,13.652462],[120.856302,13.645453],[120.866908,13.645563],[120.870522,13.641542],[120.872599,13.634658],[120.881016,13.632866],[120.889764,13.628055],[120.897404,13.628031],[120.904991,13.624413]]],[[[120.579777,14.372495],[120.584474,14.37773],[120.585212,14.383048],[120.593252,14.387564],[120.600269,14.386706],[120.601791,14.391169],[120.595961,14.392509],[120.588977,14.390844],[120.585803,14.387573],[120.580079,14.392397],[120.573126,14.392697],[120.564194,14.388171],[120.563808,14.380258],[120.572572,14.373511],[120.579777,14.372495]]],[[[122.073154,14.060599],[122.074002,14.056289],[122.090081,14.051939],[122.092767,14.046065],[122.09899,14.043386],[122.106114,14.037615],[122.108238,14.031968],[122.11523,14.026645],[122.118687,14.02744],[122.126833,14.019546],[122.132896,14.019991],[122.146399,14.008681],[122.154911,14.008377],[122.158873,14.001279],[122.166758,14.000324],[122.185137,14.004285],[122.189773,14.010583],[122.185386,14.025398],[122.174415,14.038404],[122.170492,14.046319],[122.162046,14.051977],[122.150525,14.064487],[122.139389,14.067521],[122.134677,14.074072],[122.133348,14.080001],[122.127758,14.087311],[122.116676,14.091563],[122.113105,14.095121],[122.09927,14.100831],[122.091877,14.106235],[122.077463,14.114216],[122.072395,14.120349],[122.058289,14.131725],[122.048297,14.134445],[122.045402,14.139281],[122.030693,14.149705],[122.021561,14.152981],[122.010021,14.166244],[122.008681,14.171255],[122.002355,14.172487],[121.99588,14.179605],[121.990288,14.181947],[121.969396,14.200765],[121.964695,14.202819],[121.954998,14.21396],[121.945845,14.220769],[121.934715,14.233267],[121.928882,14.235675],[121.924649,14.222493],[121.922195,14.219488],[121.917155,14.207352],[121.916968,14.201674],[121.91354,14.196019],[121.915441,14.193586],[121.926287,14.191332],[121.929626,14.187419],[121.939459,14.167766],[121.945032,14.158567],[121.953519,14.150824],[121.958007,14.143115],[121.961361,14.141319],[121.965549,14.132036],[121.98609,14.111217],[121.994217,14.105743],[122.001414,14.108401],[122.014673,14.097046],[122.023036,14.094715],[122.026538,14.095584],[122.032953,14.091146],[122.038092,14.089899],[122.044762,14.082843],[122.046607,14.077128],[122.05193,14.07504],[122.056369,14.066677],[122.063052,14.062681],[122.073154,14.060599]]],[[[121.979265,15.038233],[121.97627,15.041138],[121.974286,15.050485],[121.966886,15.05441],[121.955293,15.057591],[121.947821,15.057687],[121.943213,15.054594],[121.944376,15.04199],[121.936163,15.040031],[121.939645,15.046853],[121.937499,15.05503],[121.931561,15.05639],[121.925595,15.049598],[121.913091,15.045952],[121.899512,15.036913],[121.892853,15.036235],[121.891128,15.030265],[121.884805,15.028422],[121.883598,15.032155],[121.877849,15.034731],[121.868725,15.030424],[121.863799,15.025732],[121.859383,15.027939],[121.856251,15.039719],[121.848958,15.041073],[121.837163,15.039383],[121.829507,15.025648],[121.828749,15.021439],[121.83442,15.016026],[121.829147,15.006169],[121.832423,15.004805],[121.836562,14.996612],[121.831923,14.99558],[121.82981,15.003891],[121.821838,15.004373],[121.819208,14.995313],[121.814672,14.987143],[121.813427,14.98172],[121.817958,14.974184],[121.815699,14.966146],[121.810624,14.960676],[121.809873,14.951548],[121.801428,14.935977],[121.8056,14.925956],[121.80943,14.923643],[121.815192,14.926023],[121.814639,14.931835],[121.819991,14.936967],[121.82543,14.933588],[121.826265,14.929403],[121.831596,14.929282],[121.830973,14.938907],[121.833232,14.946699],[121.827133,14.947784],[121.823785,14.952491],[121.8362,14.953056],[121.838993,14.944304],[121.834425,14.935901],[121.838673,14.927686],[121.851825,14.921773],[121.849111,14.912626],[121.857366,14.897163],[121.872694,14.876896],[121.872392,14.871317],[121.875531,14.863176],[121.875462,14.852651],[121.878905,14.83975],[121.87851,14.83542],[121.885072,14.82767],[121.8887,14.8179],[121.894144,14.811712],[121.903528,14.80593],[121.912079,14.796126],[121.912037,14.79274],[121.916683,14.785274],[121.914316,14.777937],[121.919364,14.773574],[121.918039,14.768412],[121.921264,14.760072],[121.92686,14.756292],[121.932409,14.73699],[121.936555,14.729109],[121.935686,14.716856],[121.937861,14.711469],[121.935212,14.70687],[121.926667,14.705205],[121.91798,14.70643],[121.914313,14.709636],[121.914837,14.718368],[121.909396,14.724325],[121.905035,14.72373],[121.90575,14.715034],[121.903241,14.706294],[121.903675,14.694537],[121.902907,14.67932],[121.908535,14.660768],[121.912547,14.644461],[121.916591,14.638358],[121.929368,14.632364],[121.932986,14.627749],[121.939238,14.626554],[121.949807,14.628587],[121.95753,14.637708],[121.965987,14.642344],[121.974586,14.641672],[121.984441,14.654111],[121.993111,14.659906],[121.995666,14.663648],[122.004803,14.668386],[122.006317,14.673806],[122.010569,14.67473],[122.013297,14.68129],[122.020828,14.693463],[122.022347,14.703297],[122.028296,14.704598],[122.036417,14.717338],[122.027919,14.729396],[122.030759,14.737989],[122.026607,14.750027],[122.027039,14.759371],[122.021444,14.763973],[122.024834,14.772614],[122.023658,14.777817],[122.02583,14.789941],[122.021491,14.795081],[122.023025,14.798671],[122.019674,14.80517],[122.023429,14.808492],[122.019538,14.817553],[122.015263,14.817232],[122.007885,14.826831],[122.010297,14.830541],[122.005826,14.833728],[121.995816,14.830977],[121.988409,14.836695],[121.983057,14.846706],[121.978935,14.85049],[121.978569,14.858813],[121.974061,14.859587],[121.96773,14.867881],[121.967353,14.874765],[121.976541,14.880974],[121.973446,14.885308],[121.968092,14.8865],[121.965729,14.893952],[121.965731,14.900208],[121.968444,14.908934],[121.977423,14.909729],[121.976886,14.904445],[121.98197,14.903137],[121.985757,14.908797],[121.992351,14.913873],[121.996958,14.913741],[122.020238,14.919766],[122.017271,14.923835],[122.017953,14.929341],[122.01461,14.937083],[122.011412,14.951311],[122.019427,14.963836],[122.016313,14.96831],[122.001369,14.959155],[121.997763,14.951666],[121.991269,14.957719],[122.001786,14.973984],[121.99889,14.97614],[122.007397,14.986142],[122.016392,14.991521],[122.022801,14.992853],[122.031212,14.991962],[122.034233,14.983145],[122.042096,14.98044],[122.041524,14.973145],[122.047028,14.967853],[122.049476,14.962449],[122.05488,14.959165],[122.056204,14.964761],[122.055254,14.975049],[122.047823,14.99642],[122.047864,15.003786],[122.041637,15.010226],[122.035255,15.012771],[122.030658,15.009073],[122.026371,15.010799],[122.022463,15.006341],[122.014028,15.009284],[122.014269,15.014432],[122.021389,15.024222],[122.02105,15.027865],[121.997556,15.044288],[121.991324,15.045877],[121.979265,15.038233]]],[[[122.156465,14.950714],[122.152972,14.948834],[122.146727,14.940204],[122.149746,14.935528],[122.144558,14.928528],[122.149624,14.922548],[122.153769,14.928703],[122.154218,14.934283],[122.160877,14.938046],[122.161355,14.948595],[122.156465,14.950714]]],[[[122.175587,14.933026],[122.176523,14.924635],[122.183376,14.924614],[122.180055,14.931625],[122.175587,14.933026]]],[[[122.154289,14.912937],[122.14736,14.917061],[122.141018,14.91299],[122.142995,14.909095],[122.142459,14.895511],[122.152015,14.894983],[122.156551,14.906069],[122.154289,14.912937]]],[[[122.035859,14.909877],[122.040165,14.915559],[122.030872,14.914338],[122.035859,14.909877]]],[[[122.011127,14.892049],[122.015537,14.893493],[122.023094,14.902507],[122.010276,14.903221],[122.004765,14.900276],[122.007119,14.892459],[122.011127,14.892049]]],[[[122.117164,14.903068],[122.113193,14.899047],[122.115429,14.894976],[122.121023,14.897139],[122.117164,14.903068]]],[[[122.160018,14.884403],[122.157104,14.88171],[122.160385,14.874667],[122.164145,14.881939],[122.160018,14.884403]]],[[[122.037955,14.87593],[122.030833,14.876117],[122.019704,14.879133],[122.01848,14.874416],[122.013844,14.874322],[122.019672,14.860353],[122.024426,14.855266],[122.022503,14.8521],[122.026434,14.845248],[122.033135,14.847907],[122.040737,14.841611],[122.046294,14.841633],[122.0498,14.849686],[122.062666,14.85045],[122.078898,14.838447],[122.084134,14.843951],[122.074068,14.850673],[122.063229,14.863304],[122.0628,14.867986],[122.051743,14.869534],[122.044719,14.8739],[122.037955,14.87593]]],[[[122.000171,14.835279],[122.005146,14.836461],[122.006134,14.841693],[121.99922,14.841709],[122.000171,14.835279]]],[[[122.403554,14.733756],[122.385576,14.729631],[122.381715,14.729608],[122.377878,14.722315],[122.371433,14.716803],[122.358825,14.712029],[122.340991,14.710394],[122.333049,14.710965],[122.327909,14.706697],[122.324314,14.700552],[122.316273,14.696871],[122.309863,14.689346],[122.306421,14.677897],[122.312922,14.677648],[122.321535,14.674669],[122.329368,14.675076],[122.335574,14.679396],[122.350179,14.681508],[122.369446,14.681404],[122.37528,14.679606],[122.393332,14.683115],[122.415974,14.685719],[122.42118,14.687133],[122.436112,14.695218],[122.43819,14.703096],[122.435735,14.708151],[122.429556,14.71342],[122.414523,14.72036],[122.411999,14.727405],[122.403554,14.733756]]],[[[121.826309,14.306326],[121.815291,14.301393],[121.805514,14.295245],[121.807232,14.271116],[121.816587,14.267845],[121.820295,14.259471],[121.817116,14.250642],[121.823691,14.249961],[121.831796,14.259762],[121.832195,14.268681],[121.839722,14.27485],[121.838496,14.279009],[121.842323,14.283563],[121.848592,14.286829],[121.848394,14.292467],[121.851424,14.299777],[121.841166,14.298256],[121.837055,14.299182],[121.826309,14.306326]]],[[[121.785348,13.910606],[121.791776,13.924515],[121.788748,13.928352],[121.788651,13.935552],[121.777658,13.938494],[121.765547,13.939946],[121.756155,13.942875],[121.746873,13.941587],[121.74656,13.937478],[121.754235,13.934347],[121.753223,13.924041],[121.749894,13.92045],[121.742092,13.921016],[121.746708,13.91039],[121.743557,13.901776],[121.739457,13.899091],[121.742408,13.891549],[121.748669,13.885945],[121.753823,13.883623],[121.76034,13.892545],[121.767591,13.894301],[121.778126,13.906266],[121.783703,13.909542],[121.789869,13.905816],[121.790513,13.901402],[121.784828,13.892265],[121.783318,13.880002],[121.79206,13.879955],[121.801289,13.894763],[121.79856,13.905966],[121.793255,13.911393],[121.785348,13.910606]]],[[[122.129146,14.842415],[122.131146,14.835199],[122.139684,14.839498],[122.140115,14.846346],[122.130119,14.844441],[122.129146,14.842415]]],[[[122.209905,14.842597],[122.201741,14.837925],[122.200857,14.832785],[122.196304,14.830234],[122.193325,14.832887],[122.195843,14.837941],[122.188019,14.83931],[122.183342,14.845132],[122.175331,14.837814],[122.167973,14.839684],[122.163348,14.835084],[122.158445,14.838304],[122.148607,14.83582],[122.144991,14.829157],[122.133159,14.828477],[122.131224,14.834979],[122.123053,14.841031],[122.109636,14.837007],[122.104665,14.837281],[122.094865,14.841933],[122.096269,14.832393],[122.100974,14.829175],[122.105887,14.81908],[122.104093,14.812496],[122.10595,14.806769],[122.114541,14.799615],[122.125391,14.796562],[122.136134,14.798503],[122.148384,14.793115],[122.156777,14.785999],[122.164713,14.782885],[122.168736,14.778398],[122.191258,14.763789],[122.194354,14.765386],[122.200325,14.760174],[122.209869,14.754354],[122.229284,14.750925],[122.237274,14.744294],[122.241602,14.737968],[122.244778,14.720623],[122.258185,14.727115],[122.259393,14.741751],[122.259478,14.75921],[122.252239,14.772456],[122.256302,14.775718],[122.261011,14.783599],[122.257068,14.791537],[122.241873,14.794247],[122.234816,14.786541],[122.228546,14.790699],[122.218459,14.792977],[122.206765,14.799946],[122.201604,14.801297],[122.197251,14.805897],[122.19259,14.805776],[122.190609,14.811191],[122.196545,14.813837],[122.20312,14.820642],[122.207145,14.83006],[122.212183,14.832923],[122.21385,14.840763],[122.209905,14.842597]]],[[[122.24651,14.825454],[122.249301,14.814279],[122.253023,14.80555],[122.257762,14.808975],[122.250231,14.822007],[122.24651,14.825454]]],[[[122.033068,14.443303],[122.026715,14.438002],[122.033569,14.421092],[122.034558,14.400005],[122.04202,14.419973],[122.039201,14.438126],[122.033068,14.443303]]],[[[122.719198,13.323538],[122.724387,13.324931],[122.725354,13.331374],[122.72231,13.3363],[122.723657,13.343703],[122.722674,13.356063],[122.724069,13.36159],[122.717341,13.363227],[122.714952,13.357957],[122.713154,13.342579],[122.712576,13.327404],[122.719198,13.323538]]],[[[121.242432,14.31553],[121.240503,14.32176],[121.242114,14.329853],[121.247181,14.333444],[121.255726,14.333574],[121.259723,14.331191],[121.264559,14.335817],[121.25991,14.338565],[121.25867,14.34475],[121.25308,14.347615],[121.240561,14.349521],[121.234667,14.38731],[121.235318,14.39701],[121.230316,14.402416],[121.230843,14.409422],[121.225711,14.41608],[121.223126,14.411251],[121.225972,14.401942],[121.222142,14.401913],[121.220279,14.383827],[121.22137,14.367613],[121.22005,14.357884],[121.215142,14.346865],[121.218334,14.34001],[121.218007,14.333479],[121.226051,14.323952],[121.224342,14.319842],[121.226282,14.310949],[121.231568,14.30744],[121.231358,14.297937],[121.235995,14.291648],[121.240519,14.294529],[121.237502,14.299886],[121.244073,14.308075],[121.242432,14.31553]]],[[[123.860285,13.35003],[123.857192,13.352964],[123.84669,13.352862],[123.839366,13.343377],[123.840091,13.337296],[123.861155,13.317836],[123.86109,13.31432],[123.851495,13.308726],[123.852222,13.303874],[123.849215,13.293349],[123.84999,13.267938],[123.856076,13.262494],[123.857211,13.251051],[123.863133,13.250058],[123.865215,13.253621],[123.871038,13.253792],[123.868387,13.246402],[123.870394,13.236957],[123.874204,13.230092],[123.886281,13.228892],[123.89235,13.230674],[123.900916,13.239954],[123.905924,13.236843],[123.910935,13.238739],[123.904931,13.250118],[123.894132,13.25898],[123.890743,13.266899],[123.886521,13.271612],[123.888403,13.280218],[123.89684,13.292317],[123.900365,13.292115],[123.9048,13.304104],[123.911354,13.309047],[123.918062,13.304847],[123.923229,13.309181],[123.9242,13.315153],[123.929012,13.321099],[123.926038,13.326814],[123.921533,13.330383],[123.905725,13.33095],[123.906355,13.339577],[123.898134,13.340851],[123.895677,13.336425],[123.888741,13.340546],[123.884194,13.347588],[123.878502,13.340074],[123.872799,13.34531],[123.874213,13.347925],[123.865167,13.350715],[123.860285,13.35003]]],[[[123.937694,13.324528],[123.932946,13.320466],[123.932811,13.314578],[123.927279,13.306532],[123.932647,13.304888],[123.948613,13.306242],[123.943343,13.314471],[123.945267,13.319763],[123.937694,13.324528]]],[[[123.960861,13.30801],[123.958404,13.303945],[123.961125,13.294073],[123.968941,13.301097],[123.960861,13.30801]]],[[[123.977121,13.291521],[123.974634,13.283318],[123.971264,13.280139],[123.965987,13.280286],[123.957388,13.28514],[123.950985,13.290616],[123.938194,13.289044],[123.929821,13.286058],[123.92564,13.288734],[123.915167,13.286195],[123.920559,13.280709],[123.920832,13.276189],[123.913134,13.274335],[123.918305,13.260311],[123.928514,13.256074],[123.933085,13.249613],[123.944371,13.242607],[123.950834,13.23425],[123.95751,13.231687],[123.965779,13.232958],[123.972458,13.232156],[123.983893,13.236663],[123.99255,13.237176],[123.989853,13.229208],[124.001364,13.22201],[124.014313,13.219865],[124.022366,13.216965],[124.036423,13.219641],[124.03881,13.21864],[124.047441,13.227481],[124.052164,13.227696],[124.063846,13.239853],[124.070744,13.237957],[124.071608,13.242356],[124.063618,13.243996],[124.064939,13.250949],[124.076175,13.252981],[124.086105,13.260492],[124.093292,13.25804],[124.088907,13.26911],[124.083711,13.267401],[124.074513,13.271556],[124.065188,13.269938],[124.053869,13.278367],[124.040561,13.278951],[124.036138,13.276809],[124.046544,13.269186],[124.038806,13.268356],[124.036738,13.260322],[124.029331,13.258222],[124.025951,13.26392],[124.027823,13.269038],[124.020815,13.275854],[124.016769,13.284411],[124.009049,13.286591],[124.001714,13.286705],[123.997879,13.278607],[123.996016,13.270198],[123.991737,13.261061],[123.982975,13.261381],[123.985343,13.268175],[123.983201,13.274962],[123.975914,13.281254],[123.98217,13.290203],[123.977121,13.291521]]],[[[124.129908,13.236041],[124.125318,13.234416],[124.125238,13.227447],[124.100637,13.217952],[124.092424,13.217167],[124.083033,13.212205],[124.068126,13.21056],[124.063083,13.207069],[124.07712,13.203195],[124.081568,13.199278],[124.089195,13.19683],[124.099001,13.189684],[124.110327,13.186957],[124.121507,13.188285],[124.125943,13.184994],[124.135882,13.185728],[124.137913,13.189503],[124.146142,13.187129],[124.157051,13.180566],[124.164695,13.181409],[124.180498,13.173107],[124.188021,13.171802],[124.198261,13.173966],[124.209629,13.169526],[124.216333,13.174627],[124.219495,13.179584],[124.217588,13.185755],[124.213966,13.189872],[124.216134,13.194349],[124.214486,13.199012],[124.208098,13.207543],[124.203189,13.211244],[124.199168,13.210907],[124.194203,13.216271],[124.185891,13.216956],[124.177166,13.221182],[124.164996,13.225118],[124.154589,13.231169],[124.144816,13.228807],[124.139125,13.234611],[124.129908,13.236041]]],[[[123.765459,13.407388],[123.763615,13.404743],[123.774037,13.389321],[123.781024,13.383112],[123.790292,13.378579],[123.798309,13.366354],[123.810934,13.356017],[123.825045,13.349741],[123.830516,13.345004],[123.835577,13.344192],[123.841596,13.356347],[123.841686,13.363235],[123.851681,13.368755],[123.843653,13.372316],[123.837414,13.366779],[123.829802,13.368714],[123.824951,13.379083],[123.8176,13.387787],[123.814084,13.387555],[123.807526,13.393899],[123.800252,13.395556],[123.793346,13.392441],[123.790281,13.39749],[123.782646,13.402045],[123.774479,13.399582],[123.765459,13.407388]]],[[[123.051623,14.129266],[123.054917,14.121281],[123.060461,14.112751],[123.060963,14.108081],[123.067315,14.103752],[123.067389,14.113976],[123.069478,14.121579],[123.067916,14.129314],[123.051623,14.129266]]],[[[123.094554,14.079955],[123.094944,14.085999],[123.090202,14.091176],[123.085606,14.084449],[123.09122,14.083564],[123.094554,14.079955]]],[[[123.106876,14.088728],[123.100711,14.085665],[123.098703,14.080096],[123.105825,14.07743],[123.111615,14.078904],[123.106876,14.088728]]],[[[123.068797,14.0704],[123.06651,14.067547],[123.074717,14.064583],[123.077399,14.065934],[123.077782,14.073202],[123.068797,14.0704]]],[[[123.1051,14.046708],[123.098721,14.045311],[123.09413,14.041937],[123.095477,14.038102],[123.103702,14.033147],[123.11087,14.031884],[123.1136,14.034704],[123.11129,14.04201],[123.1051,14.046708]]],[[[122.817416,14.404597],[122.811292,14.409373],[122.807722,14.41736],[122.803285,14.415096],[122.807329,14.399637],[122.813421,14.388385],[122.819286,14.385347],[122.819855,14.394472],[122.817416,14.404597]]],[[[122.950233,14.494021],[122.946676,14.489882],[122.941106,14.488586],[122.937878,14.481739],[122.937836,14.474098],[122.932378,14.471524],[122.931405,14.46808],[122.920343,14.46336],[122.909991,14.462113],[122.90567,14.456153],[122.899306,14.452171],[122.904227,14.446957],[122.9107,14.44503],[122.917665,14.44885],[122.92266,14.454771],[122.932167,14.45403],[122.932275,14.448272],[122.935654,14.446504],[122.94464,14.450117],[122.939702,14.464754],[122.951793,14.466416],[122.957324,14.465313],[122.957402,14.470933],[122.949202,14.472873],[122.948779,14.478769],[122.953894,14.481973],[122.958738,14.490192],[122.950233,14.494021]]],[[[122.940516,14.439536],[122.92499,14.43373],[122.931033,14.425322],[122.937109,14.42836],[122.943955,14.417953],[122.953436,14.411304],[122.954982,14.408584],[122.963602,14.409515],[122.970845,14.404432],[122.979009,14.407404],[122.976393,14.411711],[122.96697,14.41679],[122.961425,14.416394],[122.954998,14.419352],[122.951773,14.426323],[122.942858,14.429807],[122.944916,14.436549],[122.940516,14.439536]]],[[[122.989693,14.434785],[123.000457,14.428313],[123.005668,14.429629],[123.002024,14.435319],[122.995703,14.432157],[122.989693,14.434785]]],[[[122.950187,14.374678],[122.952819,14.3717],[122.961157,14.369436],[122.960169,14.375596],[122.950187,14.374678]]],[[[122.924597,14.222311],[122.918925,14.221424],[122.91589,14.206539],[122.917046,14.199128],[122.922428,14.19487],[122.931025,14.193646],[122.921903,14.20778],[122.921304,14.215961],[122.924597,14.222311]]],[[[123.830159,13.890821],[123.837135,13.892672],[123.840354,13.898723],[123.836712,13.911759],[123.832573,13.937021],[123.83417,13.942422],[123.837927,13.9454],[123.833799,13.952485],[123.833299,13.965496],[123.839734,13.96963],[123.836517,13.973828],[123.831267,13.976047],[123.818908,13.973327],[123.818992,13.966697],[123.816489,13.961413],[123.819038,13.952618],[123.816693,13.948162],[123.810312,13.944079],[123.816692,13.939566],[123.811928,13.929877],[123.811211,13.924101],[123.815057,13.922258],[123.814098,13.909762],[123.821246,13.912844],[123.824416,13.910137],[123.826361,13.900001],[123.824683,13.897482],[123.830159,13.890821]]],[[[123.859112,13.967035],[123.855295,13.965802],[123.860385,13.953168],[123.868173,13.949383],[123.859112,13.967035]]],[[[123.78561,13.870197],[123.796274,13.873727],[123.793409,13.879265],[123.783872,13.886047],[123.779661,13.883368],[123.789276,13.875847],[123.78561,13.870197]]],[[[123.849565,13.856693],[123.852778,13.876271],[123.842324,13.870141],[123.84058,13.864876],[123.847272,13.861508],[123.849565,13.856693]]],[[[123.834568,13.877036],[123.829075,13.881259],[123.827447,13.872091],[123.834258,13.872111],[123.834568,13.877036]]],[[[123.849824,13.827542],[123.852458,13.838891],[123.843781,13.839478],[123.849824,13.827542]]],[[[123.553246,13.989793],[123.561686,13.986307],[123.567132,13.980378],[123.567982,13.975537],[123.574971,13.969193],[123.577231,13.971428],[123.580491,13.986112],[123.575108,13.982425],[123.567465,13.98757],[123.558941,13.990843],[123.553246,13.989793]]],[[[123.514705,13.971869],[123.526283,13.979875],[123.52129,13.985454],[123.517433,13.985712],[123.513363,13.978117],[123.514705,13.971869]]],[[[123.678168,13.94361],[123.67789,13.95084],[123.670578,13.96531],[123.666353,13.959997],[123.66067,13.960905],[123.654295,13.972815],[123.647597,13.97911],[123.638184,13.978027],[123.641503,13.972659],[123.645897,13.976565],[123.652768,13.965273],[123.652916,13.958782],[123.657849,13.948571],[123.651168,13.950034],[123.648754,13.957629],[123.644665,13.958435],[123.641572,13.963763],[123.634659,13.964736],[123.633849,13.960878],[123.638296,13.953717],[123.631373,13.953768],[123.629197,13.959809],[123.624317,13.95854],[123.621084,13.952674],[123.624279,13.949841],[123.625734,13.941958],[123.619315,13.940299],[123.618269,13.949765],[123.612812,13.951738],[123.609871,13.946485],[123.600366,13.947823],[123.600393,13.942891],[123.60437,13.937629],[123.596372,13.933792],[123.604671,13.924424],[123.603711,13.918187],[123.608076,13.913846],[123.612468,13.917319],[123.618511,13.913836],[123.619697,13.910035],[123.62512,13.906999],[123.629932,13.914136],[123.638735,13.913712],[123.645981,13.917769],[123.652422,13.929876],[123.65751,13.934592],[123.66599,13.934805],[123.672256,13.937056],[123.678168,13.94361]]],[[[123.573519,13.932177],[123.576406,13.933999],[123.574222,13.940234],[123.570413,13.942801],[123.573279,13.949734],[123.578163,13.953092],[123.575936,13.958384],[123.576477,13.965952],[123.563817,13.963594],[123.56379,13.958197],[123.559619,13.956054],[123.567085,13.94854],[123.567146,13.941794],[123.573519,13.932177]]],[[[123.596209,13.916571],[123.599075,13.919743],[123.597001,13.926057],[123.588596,13.92686],[123.583117,13.930429],[123.58059,13.927313],[123.585196,13.92203],[123.592986,13.921509],[123.596209,13.916571]]],[[[122.735599,13.775829],[122.741022,13.777072],[122.743766,13.781925],[122.733966,13.782874],[122.730352,13.777331],[122.735599,13.775829]]],[[[123.572724,13.579112],[123.574634,13.58546],[123.568488,13.591372],[123.563431,13.586798],[123.566578,13.582009],[123.572724,13.579112]]],[[[123.298561,14.128776],[123.293297,14.127029],[123.290413,14.122328],[123.297446,14.114879],[123.306421,14.111382],[123.313986,14.098534],[123.316421,14.089101],[123.320358,14.097184],[123.32587,14.098749],[123.32542,14.105948],[123.320401,14.112727],[123.321499,14.115932],[123.314101,14.123959],[123.298561,14.128776]]],[[[123.211842,14.030981],[123.207342,14.024817],[123.218662,14.023816],[123.223127,14.027149],[123.211842,14.030981]]],[[[124.263269,14.015305],[124.259446,14.018698],[124.262114,14.031195],[124.251569,14.03907],[124.249198,14.04921],[124.242326,14.056449],[124.234865,14.058079],[124.235374,14.061413],[124.229156,14.068167],[124.22441,14.070008],[124.22261,14.074101],[124.215228,14.078726],[124.214923,14.085708],[124.211784,14.094128],[124.208039,14.098795],[124.201108,14.096627],[124.19733,14.088954],[124.192556,14.088148],[124.188187,14.075982],[124.189656,14.067948],[124.184923,14.062907],[124.177252,14.060316],[124.170372,14.050681],[124.162552,14.053665],[124.15762,14.049874],[124.147078,14.057653],[124.140396,14.063921],[124.129161,14.059511],[124.129645,14.0556],[124.134228,14.052955],[124.135573,14.048019],[124.127097,14.048881],[124.129722,14.02941],[124.134534,14.019362],[124.139715,14.013279],[124.135904,14.007351],[124.127588,14.002886],[124.130721,13.995912],[124.127774,13.990165],[124.130945,13.987339],[124.129179,13.970854],[124.134829,13.96318],[124.142228,13.941691],[124.147518,13.936185],[124.147988,13.924505],[124.143117,13.920381],[124.143002,13.915938],[124.147171,13.911069],[124.141292,13.905055],[124.144394,13.899885],[124.131061,13.883604],[124.130859,13.874335],[124.136773,13.870855],[124.137576,13.854722],[124.135121,13.847591],[124.13338,13.836726],[124.132877,13.820493],[124.136109,13.797711],[124.133728,13.790069],[124.12735,13.778457],[124.128272,13.768696],[124.121755,13.752154],[124.114872,13.745794],[124.104504,13.739339],[124.106289,13.731161],[124.105301,13.725276],[124.100434,13.719178],[124.099716,13.712262],[124.095526,13.704588],[124.090591,13.700331],[124.075205,13.694955],[124.071376,13.69609],[124.063902,13.693367],[124.057617,13.687067],[124.057654,13.684057],[124.046988,13.677533],[124.045367,13.671422],[124.038047,13.669969],[124.036939,13.664274],[124.030719,13.666884],[124.024437,13.66449],[124.03277,13.649679],[124.040375,13.64146],[124.040953,13.635123],[124.047855,13.630091],[124.056676,13.619815],[124.0577,13.607601],[124.050613,13.60799],[124.05042,13.601595],[124.05733,13.596064],[124.068936,13.604174],[124.079098,13.602551],[124.09595,13.598277],[124.099716,13.593699],[124.105824,13.593535],[124.113058,13.586037],[124.11964,13.58312],[124.124059,13.578169],[124.13732,13.574512],[124.143806,13.567936],[124.147621,13.55585],[124.158631,13.547278],[124.164712,13.538963],[124.171929,13.533913],[124.176706,13.532927],[124.177941,13.528771],[124.184719,13.525918],[124.185066,13.522798],[124.193227,13.518801],[124.1971,13.520173],[124.210117,13.518389],[124.214651,13.523538],[124.210879,13.530642],[124.209662,13.536715],[124.205905,13.542956],[124.208925,13.555899],[124.213081,13.562064],[124.225584,13.567135],[124.224262,13.571899],[124.230025,13.576168],[124.234627,13.58241],[124.247374,13.590502],[124.256564,13.593297],[124.274049,13.595806],[124.281864,13.593328],[124.297146,13.593258],[124.30646,13.591015],[124.315281,13.585001],[124.313138,13.575021],[124.317187,13.572481],[124.318271,13.566765],[124.314654,13.560826],[124.328876,13.547407],[124.334506,13.549127],[124.334223,13.553846],[124.326384,13.557552],[124.336493,13.568473],[124.334874,13.574669],[124.343105,13.572502],[124.34468,13.581967],[124.343032,13.584177],[124.344056,13.592756],[124.349927,13.594585],[124.3477,13.600356],[124.35033,13.605392],[124.346279,13.61137],[124.347058,13.614817],[124.344294,13.623048],[124.34885,13.627643],[124.341942,13.640051],[124.346305,13.643588],[124.347158,13.648693],[124.356244,13.650099],[124.362251,13.657882],[124.377764,13.659547],[124.378512,13.646601],[124.381328,13.646688],[124.389867,13.655477],[124.400872,13.654334],[124.400479,13.657444],[124.409206,13.66035],[124.416454,13.666077],[124.408811,13.669371],[124.410831,13.684506],[124.407928,13.687237],[124.396403,13.689154],[124.389088,13.691668],[124.389935,13.69911],[124.396755,13.703932],[124.395715,13.709004],[124.390611,13.708348],[124.385065,13.711426],[124.385199,13.718792],[124.390982,13.71915],[124.391539,13.731439],[124.394782,13.736058],[124.400557,13.73935],[124.395881,13.750994],[124.40728,13.750709],[124.402391,13.76027],[124.401351,13.769318],[124.393298,13.775753],[124.394902,13.78146],[124.403157,13.780026],[124.408831,13.784466],[124.414446,13.781284],[124.417762,13.785599],[124.419685,13.79464],[124.415111,13.796477],[124.415825,13.802432],[124.413713,13.811657],[124.409466,13.813548],[124.407685,13.823503],[124.413303,13.830098],[124.414785,13.834536],[124.410963,13.837803],[124.4007,13.833842],[124.399883,13.839165],[124.406429,13.843718],[124.409583,13.848221],[124.421225,13.846954],[124.415863,13.858329],[124.407302,13.856866],[124.40053,13.857726],[124.400807,13.863034],[124.406007,13.862243],[124.412576,13.869317],[124.401406,13.874554],[124.395659,13.883949],[124.398697,13.890186],[124.393751,13.893006],[124.391106,13.873264],[124.386523,13.877331],[124.384605,13.892886],[124.380652,13.889003],[124.375979,13.888527],[124.373911,13.895612],[124.364062,13.896805],[124.364856,13.902867],[124.359457,13.902894],[124.354224,13.909275],[124.355531,13.92389],[124.3519,13.929106],[124.355471,13.931946],[124.351788,13.937154],[124.340915,13.938039],[124.334964,13.936987],[124.329715,13.932911],[124.329037,13.925526],[124.324418,13.921308],[124.325276,13.917853],[124.320736,13.910057],[124.317341,13.908729],[124.309275,13.918435],[124.304942,13.918912],[124.3098,13.931661],[124.302366,13.935503],[124.300377,13.943327],[124.287271,13.941839],[124.28255,13.94695],[124.285869,13.952671],[124.282167,13.958935],[124.279593,13.980609],[124.279465,13.998246],[124.278186,14.003066],[124.274253,14.005689],[124.273779,14.011092],[124.270685,14.015109],[124.263269,14.015305]]],[[[124.321971,13.948949],[124.326785,13.941311],[124.342496,13.942154],[124.344023,13.945923],[124.354631,13.951619],[124.345574,13.958072],[124.346277,13.964826],[124.33414,13.970892],[124.33129,13.973721],[124.331134,13.979353],[124.325038,13.98111],[124.330341,13.968573],[124.32531,13.962154],[124.323533,13.975152],[124.311211,13.979017],[124.31343,13.968362],[124.312796,13.962897],[124.309456,13.960471],[124.316353,13.954131],[124.321469,13.95339],[124.321971,13.948949]]],[[[124.299601,13.953162],[124.306176,13.960133],[124.300924,13.965203],[124.296745,13.955124],[124.299601,13.953162]]],[[[124.047397,14.013785],[124.049545,14.019461],[124.043793,14.029429],[124.03679,14.031981],[124.034739,14.026745],[124.037394,14.018572],[124.041706,14.019327],[124.047397,14.013785]]],[[[124.405514,13.773396],[124.408187,13.767097],[124.412393,13.770627],[124.405514,13.773396]]],[[[123.266945,12.34571],[123.262275,12.328767],[123.255701,12.323941],[123.257595,12.321521],[123.250506,12.306563],[123.246299,12.301441],[123.243298,12.289471],[123.23535,12.280727],[123.227715,12.279397],[123.222767,12.266754],[123.223161,12.253017],[123.225805,12.247115],[123.23377,12.243154],[123.232898,12.237011],[123.216996,12.238999],[123.218022,12.23189],[123.225065,12.224818],[123.227778,12.217013],[123.23432,12.220928],[123.240116,12.221773],[123.250401,12.236079],[123.251153,12.24183],[123.261697,12.246068],[123.266835,12.244582],[123.274992,12.237702],[123.285468,12.219183],[123.291817,12.22056],[123.2914,12.22868],[123.294496,12.235373],[123.29916,12.235606],[123.295123,12.225073],[123.301045,12.215883],[123.295304,12.205935],[123.288379,12.198838],[123.286439,12.206436],[123.282593,12.212837],[123.269594,12.198173],[123.267337,12.191561],[123.267769,12.185458],[123.273345,12.180185],[123.276522,12.182033],[123.282204,12.170487],[123.281785,12.162622],[123.279516,12.158789],[123.273309,12.160289],[123.263526,12.153544],[123.257756,12.153036],[123.251884,12.149535],[123.242659,12.140459],[123.24449,12.130957],[123.249431,12.12939],[123.246788,12.121699],[123.23924,12.122283],[123.230999,12.120005],[123.226567,12.126431],[123.226015,12.131936],[123.219542,12.132561],[123.215765,12.121569],[123.212273,12.115758],[123.210255,12.094165],[123.205417,12.084762],[123.204727,12.070832],[123.206247,12.061763],[123.201012,12.050291],[123.191935,12.04217],[123.195859,12.026605],[123.195525,12.018812],[123.192077,12.011462],[123.182271,12.003374],[123.177858,11.993542],[123.169162,11.982389],[123.160581,11.96681],[123.156303,11.961742],[123.157537,11.954135],[123.152721,11.945286],[123.143773,11.936101],[123.142535,11.930363],[123.146351,11.924581],[123.151021,11.92175],[123.159775,11.905933],[123.166422,11.904045],[123.173895,11.911039],[123.179292,11.912399],[123.185178,11.925468],[123.198178,11.937922],[123.204564,11.94573],[123.203015,11.95395],[123.210552,11.950306],[123.224588,11.956516],[123.230741,11.958022],[123.234825,11.963362],[123.241924,11.967857],[123.24239,11.971975],[123.24811,11.976752],[123.253208,11.985175],[123.253003,11.990112],[123.25904,11.996875],[123.267006,12.008332],[123.277754,12.0164],[123.289639,12.017346],[123.29682,12.022443],[123.302049,12.0285],[123.30067,12.033884],[123.307162,12.037277],[123.308461,12.044007],[123.314174,12.054962],[123.313298,12.058238],[123.324281,12.070332],[123.327511,12.079403],[123.332992,12.086235],[123.33499,12.09371],[123.347559,12.095523],[123.356763,12.099135],[123.371462,12.111893],[123.374776,12.121829],[123.388465,12.13978],[123.389514,12.144365],[123.397531,12.152559],[123.400277,12.16014],[123.413885,12.173787],[123.418746,12.180385],[123.42724,12.199691],[123.430417,12.202522],[123.443436,12.205929],[123.451561,12.210153],[123.474051,12.211712],[123.485444,12.210787],[123.488304,12.216557],[123.498652,12.217596],[123.510999,12.216769],[123.532293,12.21283],[123.537663,12.210629],[123.541733,12.20434],[123.552285,12.194927],[123.564645,12.181642],[123.563642,12.177647],[123.566891,12.167467],[123.578462,12.157665],[123.590819,12.144613],[123.59489,12.136319],[123.594301,12.131167],[123.613112,12.093294],[123.602353,12.0831],[123.600154,12.079608],[123.603504,12.074084],[123.611738,12.071623],[123.614076,12.073071],[123.627656,12.070395],[123.634046,12.072193],[123.641279,12.070616],[123.647376,12.080879],[123.65733,12.075077],[123.648921,12.072779],[123.647079,12.068122],[123.64189,12.06294],[123.649745,12.047684],[123.655086,12.042834],[123.670399,12.034584],[123.688545,12.023825],[123.693586,12.023305],[123.703368,12.016986],[123.705043,12.013738],[123.715945,12.004117],[123.72421,11.992316],[123.730246,11.985599],[123.737864,11.98581],[123.737627,11.98181],[123.731376,11.980796],[123.7279,11.97429],[123.715318,11.962931],[123.711837,11.955321],[123.72392,11.950303],[123.728622,11.94163],[123.721802,11.931963],[123.730614,11.930548],[123.746697,11.922168],[123.756717,11.922593],[123.768235,11.927181],[123.779051,11.921128],[123.791556,11.922525],[123.802629,11.920657],[123.817279,11.916365],[123.82093,11.912992],[123.838709,11.909778],[123.862262,11.898029],[123.88192,11.884106],[123.889842,11.876555],[123.897126,11.86639],[123.904374,11.862532],[123.906596,11.865263],[123.918743,11.866794],[123.928434,11.861069],[123.940185,11.851011],[123.948862,11.84094],[123.970193,11.829285],[123.977948,11.823293],[123.982653,11.813819],[123.992018,11.807162],[124.001748,11.797719],[124.009896,11.788279],[124.024891,11.760719],[124.027228,11.752616],[124.040619,11.736403],[124.053873,11.724139],[124.059525,11.721076],[124.067969,11.720701],[124.072225,11.724873],[124.07455,11.740956],[124.073275,11.747279],[124.059329,11.775614],[124.055807,11.787635],[124.055885,11.804851],[124.067454,11.828356],[124.065483,11.835399],[124.066485,11.842314],[124.07009,11.852564],[124.06593,11.857079],[124.055866,11.873086],[124.053632,11.880696],[124.045945,11.89247],[124.043841,11.897941],[124.037182,11.906195],[124.033117,11.918347],[124.029569,11.923507],[124.027987,11.940667],[124.022286,11.954943],[124.017491,11.950964],[124.010049,11.959808],[124.012615,11.964259],[124.010546,11.968999],[123.999377,11.977588],[123.997954,11.9857],[123.991827,11.987693],[123.994546,11.994328],[124.000907,11.999475],[123.997655,12.008476],[123.998378,12.012008],[124.004765,12.013472],[124.009104,12.012011],[124.014849,12.005389],[124.016123,11.995023],[124.014301,11.992781],[124.01773,11.985184],[124.029264,11.975885],[124.043113,11.958425],[124.044587,11.952087],[124.051181,11.949328],[124.052482,11.961381],[124.051724,11.968941],[124.045354,11.974851],[124.027292,12.004004],[124.006276,12.02399],[123.99731,12.039949],[123.995395,12.046257],[123.990272,12.051445],[123.983478,12.067349],[123.978071,12.075334],[123.975636,12.084938],[123.969326,12.093504],[123.949853,12.110325],[123.946366,12.12229],[123.94251,12.128938],[123.936852,12.132738],[123.93363,12.140999],[123.928771,12.142662],[123.920895,12.150192],[123.915883,12.159872],[123.909332,12.167584],[123.912095,12.179789],[123.90373,12.184501],[123.902015,12.190593],[123.898227,12.193381],[123.895941,12.207088],[123.887312,12.212096],[123.881523,12.219733],[123.872146,12.221591],[123.86539,12.213556],[123.868994,12.205507],[123.868699,12.19988],[123.859345,12.193643],[123.853231,12.195024],[123.844803,12.205468],[123.838949,12.217435],[123.831326,12.227456],[123.823175,12.235991],[123.818513,12.237498],[123.808635,12.243859],[123.79909,12.243863],[123.794856,12.236941],[123.787166,12.236391],[123.781047,12.226152],[123.783043,12.223264],[123.791337,12.203002],[123.789511,12.197297],[123.783157,12.195272],[123.77276,12.211956],[123.765171,12.216503],[123.766045,12.222416],[123.757517,12.234548],[123.755529,12.246077],[123.749422,12.245861],[123.744421,12.252371],[123.739182,12.267017],[123.730097,12.274534],[123.728464,12.280461],[123.723696,12.284029],[123.716801,12.295849],[123.710352,12.299055],[123.709752,12.307329],[123.703108,12.3159],[123.703419,12.318718],[123.69675,12.330616],[123.688951,12.335013],[123.68658,12.34007],[123.68133,12.340468],[123.672053,12.347814],[123.668636,12.344138],[123.655963,12.340031],[123.649542,12.342337],[123.645292,12.347926],[123.638833,12.35258],[123.641069,12.357031],[123.632646,12.360789],[123.633902,12.368905],[123.637498,12.373305],[123.624961,12.379025],[123.615843,12.375484],[123.615387,12.370265],[123.621047,12.361667],[123.608482,12.363633],[123.603819,12.361269],[123.598905,12.355323],[123.588817,12.352193],[123.581819,12.35749],[123.587666,12.361117],[123.585569,12.369653],[123.589937,12.376507],[123.601958,12.379697],[123.608624,12.377128],[123.608817,12.384048],[123.601982,12.387472],[123.594447,12.386253],[123.592739,12.39628],[123.580698,12.406962],[123.575522,12.407074],[123.57125,12.410352],[123.567088,12.423433],[123.567757,12.428603],[123.56203,12.4527],[123.554664,12.462506],[123.54452,12.457373],[123.543976,12.453067],[123.535942,12.455525],[123.523171,12.455556],[123.502312,12.475626],[123.496346,12.476065],[123.485115,12.483752],[123.474262,12.489071],[123.465778,12.501694],[123.455605,12.508435],[123.450023,12.513956],[123.443614,12.516937],[123.438163,12.516232],[123.431224,12.51933],[123.424149,12.518496],[123.40336,12.522412],[123.397748,12.513164],[123.387464,12.511562],[123.375095,12.508192],[123.372307,12.503203],[123.370476,12.491088],[123.375581,12.490872],[123.374535,12.481861],[123.378244,12.478802],[123.37475,12.473793],[123.379548,12.472169],[123.381432,12.467353],[123.369258,12.465851],[123.362006,12.466635],[123.348675,12.457009],[123.34968,12.450637],[123.34553,12.441537],[123.334695,12.441103],[123.330498,12.432231],[123.325026,12.442132],[123.326252,12.447527],[123.331659,12.449885],[123.322663,12.460837],[123.325291,12.470051],[123.331749,12.471375],[123.345457,12.476881],[123.347582,12.483254],[123.359089,12.480401],[123.357076,12.487689],[123.359601,12.494222],[123.354136,12.504537],[123.352989,12.517933],[123.350076,12.520451],[123.344183,12.519444],[123.34079,12.526227],[123.342917,12.530098],[123.339558,12.536444],[123.340756,12.540928],[123.345269,12.541773],[123.361116,12.540264],[123.364761,12.545554],[123.352301,12.54862],[123.345998,12.551286],[123.330415,12.562623],[123.327512,12.562372],[123.319764,12.571364],[123.312723,12.575443],[123.307539,12.574423],[123.304532,12.578553],[123.284749,12.573388],[123.279503,12.575949],[123.265574,12.589935],[123.259444,12.594163],[123.245215,12.600165],[123.238221,12.599238],[123.238659,12.594174],[123.234059,12.589419],[123.236354,12.582145],[123.241769,12.576569],[123.243517,12.570994],[123.249719,12.561486],[123.241402,12.561165],[123.240686,12.551707],[123.24493,12.542769],[123.249885,12.521088],[123.247289,12.514371],[123.250824,12.502665],[123.251497,12.491318],[123.250102,12.486258],[123.252217,12.471496],[123.251033,12.456964],[123.255402,12.452886],[123.270209,12.4576],[123.275861,12.447534],[123.273409,12.445729],[123.279035,12.427604],[123.276039,12.419606],[123.287633,12.421308],[123.285149,12.41051],[123.279146,12.404834],[123.27705,12.392673],[123.271734,12.381541],[123.259296,12.376955],[123.263504,12.373361],[123.265124,12.366088],[123.262651,12.361023],[123.266304,12.354145],[123.266945,12.34571]]],[[[123.253356,12.439324],[123.251064,12.436683],[123.251537,12.424849],[123.25765,12.431006],[123.253356,12.439324]]],[[[123.24577,12.384278],[123.240984,12.381628],[123.238973,12.375742],[123.233613,12.37105],[123.235065,12.346404],[123.238286,12.35203],[123.241736,12.366049],[123.247675,12.371719],[123.252226,12.380389],[123.24577,12.384278]]],[[[123.129012,11.838778],[123.137218,11.845373],[123.141915,11.853684],[123.136627,11.860854],[123.131883,11.861439],[123.122423,11.85797],[123.117868,11.852342],[123.118596,11.837504],[123.123968,11.835276],[123.129012,11.838778]]],[[[123.776544,12.439108],[123.774108,12.45175],[123.772086,12.454998],[123.772485,12.463201],[123.769565,12.465411],[123.772376,12.476287],[123.764971,12.481637],[123.764448,12.486847],[123.770022,12.492428],[123.764085,12.504249],[123.755185,12.517939],[123.751162,12.530446],[123.741508,12.530135],[123.748517,12.537869],[123.740465,12.554274],[123.736259,12.570396],[123.724369,12.569289],[123.720275,12.576748],[123.722641,12.57991],[123.728275,12.579598],[123.730942,12.576497],[123.735632,12.583876],[123.725326,12.614558],[123.716186,12.61421],[123.71151,12.609705],[123.708636,12.616975],[123.711592,12.620701],[123.708899,12.624728],[123.694234,12.635165],[123.692047,12.63838],[123.680378,12.643381],[123.675202,12.642961],[123.661659,12.644816],[123.655396,12.64894],[123.652234,12.654649],[123.644015,12.663064],[123.633194,12.682544],[123.624915,12.693712],[123.620852,12.693527],[123.612116,12.688174],[123.608923,12.681804],[123.6007,12.684318],[123.599596,12.671707],[123.607568,12.658338],[123.611662,12.645019],[123.607628,12.639184],[123.601645,12.644647],[123.595171,12.640706],[123.595709,12.634378],[123.590829,12.632735],[123.58726,12.642239],[123.582455,12.641714],[123.582071,12.630708],[123.584931,12.627801],[123.595292,12.605219],[123.599808,12.607253],[123.611351,12.607054],[123.609966,12.600588],[123.614564,12.590061],[123.61413,12.583385],[123.617681,12.576961],[123.621767,12.573619],[123.621422,12.568009],[123.625113,12.559388],[123.630253,12.554666],[123.634284,12.547489],[123.634784,12.542179],[123.649498,12.532594],[123.652669,12.522066],[123.656926,12.51968],[123.663472,12.511543],[123.665183,12.498699],[123.670634,12.491138],[123.677515,12.486472],[123.684896,12.484145],[123.68702,12.480049],[123.683791,12.464685],[123.687879,12.459414],[123.699961,12.448584],[123.704417,12.439909],[123.708569,12.435457],[123.716043,12.432705],[123.715807,12.427271],[123.723618,12.421631],[123.724783,12.406943],[123.730824,12.399424],[123.738394,12.397684],[123.748233,12.387856],[123.75071,12.383459],[123.758152,12.377088],[123.766822,12.367187],[123.772481,12.358521],[123.779516,12.351002],[123.788193,12.339109],[123.795888,12.350169],[123.795862,12.358083],[123.799562,12.36425],[123.800199,12.371639],[123.79524,12.376466],[123.788095,12.370385],[123.784964,12.372324],[123.784566,12.37997],[123.793202,12.389253],[123.791318,12.409881],[123.786158,12.413233],[123.775473,12.412725],[123.774027,12.416409],[123.782755,12.420684],[123.782498,12.424824],[123.776544,12.439108]]],[[[123.793782,12.332875],[123.800808,12.324031],[123.806727,12.311309],[123.808875,12.321483],[123.805917,12.326683],[123.793782,12.332875]]],[[[123.606833,11.905825],[123.610526,11.909707],[123.604427,11.915754],[123.59871,11.913744],[123.606833,11.905825]]],[[[123.672309,11.871996],[123.676049,11.885335],[123.673969,11.901913],[123.668844,11.90443],[123.661845,11.904591],[123.65936,11.902231],[123.658382,11.895047],[123.660656,11.880065],[123.665432,11.873435],[123.672309,11.871996]]],[[[123.140538,12.989851],[123.135449,13.005505],[123.128455,13.014263],[123.124543,13.021964],[123.114153,13.032648],[123.107097,13.028452],[123.101923,13.032365],[123.107544,13.040007],[123.101379,13.040758],[123.096907,13.047956],[123.096028,13.061543],[123.091239,13.063782],[123.084989,13.073269],[123.081574,13.080679],[123.074267,13.082413],[123.073879,13.088686],[123.064919,13.099862],[123.060501,13.111037],[123.055017,13.118644],[123.048092,13.121595],[123.044818,13.135475],[123.038637,13.139533],[123.031052,13.139635],[123.024667,13.13651],[123.015891,13.13586],[123.00793,13.140323],[123.004669,13.147719],[122.998845,13.151379],[122.997193,13.158127],[122.990221,13.156167],[122.990584,13.145411],[122.984621,13.143651],[122.985306,13.137331],[122.979022,13.138295],[122.975272,13.132291],[122.97967,13.125235],[122.980556,13.116311],[122.974369,13.117649],[122.973307,13.125185],[122.968637,13.128659],[122.965389,13.119132],[122.962124,13.124384],[122.953752,13.122476],[122.945628,13.122734],[122.936971,13.119534],[122.934253,13.115378],[122.928516,13.112618],[122.929561,13.108467],[122.938582,13.099631],[122.945418,13.09474],[122.952358,13.096375],[122.957384,13.090179],[122.954901,13.085422],[122.950426,13.08401],[122.950796,13.078186],[122.946152,13.064509],[122.94713,13.059433],[122.943212,13.054503],[122.944178,13.049535],[122.948478,13.048734],[122.9494,13.041726],[122.943627,13.034057],[122.948353,13.027863],[122.951437,13.031613],[122.96138,13.033922],[122.96578,13.032808],[122.963387,13.02625],[122.966876,13.020342],[122.970489,13.018968],[122.978198,13.01011],[122.985873,13.006292],[123.003861,13.006199],[123.009742,13.008734],[123.027444,12.998241],[123.040121,12.998175],[123.044546,12.999729],[123.051492,12.997722],[123.055949,12.999318],[123.063921,12.998414],[123.068607,12.992062],[123.065635,12.977884],[123.072593,12.968335],[123.07806,12.957176],[123.091248,12.964161],[123.090048,12.954958],[123.086233,12.952244],[123.096472,12.943511],[123.104391,12.945373],[123.109543,12.935719],[123.108248,12.923613],[123.117201,12.922036],[123.121199,12.912878],[123.128816,12.911013],[123.13313,12.907486],[123.137234,12.909477],[123.147796,12.9049],[123.146255,12.900144],[123.140314,12.899046],[123.138629,12.892393],[123.147795,12.893824],[123.15032,12.88829],[123.154538,12.889773],[123.164505,12.888458],[123.174116,12.881207],[123.178258,12.875261],[123.184759,12.861527],[123.190247,12.855998],[123.198193,12.844431],[123.204089,12.841853],[123.211837,12.847813],[123.218887,12.836218],[123.226325,12.839322],[123.230345,12.837706],[123.242194,12.838861],[123.256551,12.834617],[123.26353,12.830762],[123.267942,12.814292],[123.277717,12.812502],[123.286065,12.803854],[123.290844,12.800634],[123.292148,12.790194],[123.302725,12.782769],[123.304602,12.775485],[123.309896,12.770158],[123.312175,12.751888],[123.322465,12.742285],[123.331887,12.729339],[123.335771,12.720862],[123.340521,12.719399],[123.346737,12.713387],[123.349765,12.705291],[123.357645,12.697592],[123.370548,12.693765],[123.376907,12.695757],[123.384432,12.693533],[123.383055,12.700285],[123.37541,12.717705],[123.372459,12.721803],[123.364082,12.726614],[123.345365,12.74666],[123.338112,12.748262],[123.335766,12.757663],[123.333256,12.759591],[123.327561,12.771798],[123.318933,12.7812],[123.312292,12.777117],[123.308588,12.781258],[123.305329,12.793217],[123.295866,12.804474],[123.296478,12.808009],[123.286955,12.819855],[123.285047,12.82777],[123.285568,12.835142],[123.281662,12.83656],[123.279958,12.845981],[123.28302,12.855023],[123.281063,12.86061],[123.276132,12.867322],[123.280626,12.874941],[123.277477,12.888033],[123.268579,12.895623],[123.261384,12.896848],[123.258061,12.899527],[123.242877,12.906421],[123.238681,12.910125],[123.231069,12.910972],[123.2253,12.905996],[123.220921,12.90578],[123.211459,12.909418],[123.20776,12.907826],[123.199358,12.908114],[123.191532,12.910856],[123.189101,12.913715],[123.179657,12.917224],[123.179373,12.920651],[123.171888,12.928889],[123.167441,12.938771],[123.16212,12.941121],[123.161786,12.947212],[123.158835,12.952481],[123.15784,12.962235],[123.143146,12.970765],[123.142378,12.975641],[123.145905,12.980772],[123.140538,12.989851]]],[[[123.833346,12.259319],[123.838885,12.266432],[123.83132,12.269224],[123.83083,12.262617],[123.833346,12.259319]]],[[[123.844335,12.254019],[123.843394,12.250585],[123.85077,12.243462],[123.862883,12.229438],[123.866153,12.231784],[123.866107,12.240288],[123.860456,12.246073],[123.844335,12.254019]]],[[[123.261916,12.191971],[123.256175,12.187414],[123.2521,12.179404],[123.237943,12.174857],[123.238375,12.169387],[123.25471,12.171444],[123.253108,12.174032],[123.258447,12.180767],[123.259273,12.18755],[123.261916,12.191971]]],[[[123.601883,12.708438],[123.602612,12.703386],[123.613172,12.692539],[123.617826,12.694499],[123.606981,12.702449],[123.601883,12.708438]]],[[[124.091618,11.879432],[124.088241,11.882197],[124.081355,11.878348],[124.080896,11.875278],[124.086952,11.868251],[124.096521,11.872167],[124.091618,11.879432]]],[[[123.909769,11.808189],[123.916409,11.81025],[123.917856,11.815273],[123.908069,11.818464],[123.904034,11.815539],[123.905441,11.809171],[123.909769,11.808189]]],[[[122.887242,13.140169],[122.893176,13.140402],[122.895413,13.14686],[122.879688,13.152625],[122.875643,13.152752],[122.869995,13.160167],[122.867152,13.169128],[122.863525,13.1723],[122.857485,13.172401],[122.864338,13.158448],[122.870208,13.153634],[122.871066,13.145131],[122.887242,13.140169]]],[[[122.958991,13.129142],[122.963904,13.135818],[122.972339,13.135321],[122.978555,13.142999],[122.976458,13.148361],[122.978161,13.154097],[122.976071,13.157361],[122.960336,13.146547],[122.954981,13.14613],[122.947094,13.139884],[122.949869,13.134285],[122.955528,13.133214],[122.958991,13.129142]]],[[[123.884799,12.874555],[123.896404,12.868622],[123.902109,12.86794],[123.900198,12.874412],[123.900972,12.879778],[123.894185,12.878871],[123.891331,12.880773],[123.890211,12.887459],[123.88643,12.888666],[123.881194,12.883823],[123.884799,12.874555]]],[[[123.800873,12.83911],[123.793264,12.835935],[123.794304,12.832091],[123.809531,12.822534],[123.814389,12.823349],[123.822091,12.81945],[123.827354,12.820966],[123.828911,12.824836],[123.826868,12.831401],[123.816764,12.83131],[123.808855,12.838485],[123.800873,12.83911]]],[[[124.114493,12.550446],[124.11963,12.556615],[124.11501,12.560983],[124.111157,12.558516],[124.109679,12.551768],[124.114493,12.550446]]],[[[124.092443,12.532849],[124.088964,12.528258],[124.090948,12.523555],[124.096715,12.524635],[124.104532,12.529763],[124.104473,12.541294],[124.111294,12.544302],[124.111785,12.549225],[124.103816,12.548975],[124.103045,12.541742],[124.096276,12.543471],[124.092443,12.532849]]],[[[121.843596,11.76417],[121.844875,11.761352],[121.86263,11.75632],[121.871378,11.755533],[121.884556,11.756457],[121.890252,11.758664],[121.897125,11.757277],[121.907611,11.761665],[121.908444,11.764361],[121.918199,11.76765],[121.927017,11.763876],[121.942572,11.761091],[121.947945,11.757007],[121.966497,11.755613],[121.975398,11.751275],[121.987093,11.752189],[122.001473,11.745302],[122.012626,11.736153],[122.020335,11.741952],[122.025598,11.741899],[122.034461,11.738665],[122.044999,11.732178],[122.055376,11.734742],[122.064163,11.74024],[122.06874,11.738729],[122.078695,11.731701],[122.084807,11.725988],[122.094891,11.713681],[122.099075,11.706036],[122.100678,11.699542],[122.098696,11.694913],[122.101222,11.686519],[122.10041,11.680389],[122.096961,11.675896],[122.095771,11.669524],[122.10152,11.652801],[122.100821,11.642322],[122.096669,11.62992],[122.095288,11.61609],[122.095767,11.606097],[122.093179,11.599127],[122.092924,11.590019],[122.089675,11.581202],[122.086813,11.578221],[122.086658,11.561746],[122.084777,11.553857],[122.079179,11.543636],[122.078279,11.536622],[122.08299,11.523938],[122.085805,11.505237],[122.08361,11.496446],[122.076247,11.484036],[122.073589,11.477526],[122.06576,11.471924],[122.05821,11.468579],[122.056076,11.463394],[122.059919,11.452882],[122.058993,11.439256],[122.054112,11.427424],[122.050092,11.410118],[122.060861,11.382925],[122.062587,11.374664],[122.060964,11.362236],[122.058639,11.357079],[122.058208,11.345065],[122.053874,11.335744],[122.035795,11.320292],[122.028932,11.305877],[122.027103,11.298444],[122.030532,11.29062],[122.049199,11.267165],[122.052039,11.261287],[122.048082,11.246478],[122.05307,11.227106],[122.042802,11.21049],[122.033969,11.199128],[122.033196,11.190858],[122.036002,11.170372],[122.039618,11.150279],[122.038792,11.125615],[122.037738,11.115873],[122.044663,11.099993],[122.045572,11.094415],[122.041375,11.071906],[122.046325,11.062138],[122.049198,11.049231],[122.053987,11.033467],[122.05125,11.027667],[122.044104,11.02305],[122.039639,11.017695],[122.040434,11.004137],[122.03785,10.997979],[122.025836,10.98312],[122.023657,10.977968],[122.014523,10.96686],[121.998898,10.952548],[121.993978,10.943613],[121.984068,10.931452],[121.981641,10.917407],[121.975641,10.896479],[121.968761,10.879186],[121.963663,10.8641],[121.95633,10.850806],[121.955562,10.843379],[121.949868,10.826378],[121.943356,10.79751],[121.933894,10.784407],[121.9278,10.769126],[121.923126,10.763351],[121.930552,10.749862],[121.930824,10.746036],[121.936477,10.737225],[121.939745,10.739768],[121.946511,10.737632],[121.959105,10.72291],[121.961321,10.721706],[121.967641,10.71174],[121.975308,10.687097],[121.97866,10.66768],[121.976991,10.657644],[121.976337,10.642809],[121.97477,10.632055],[121.971472,10.621411],[121.969182,10.607374],[121.967665,10.604635],[121.967902,10.593045],[121.964434,10.572513],[121.958128,10.551179],[121.953826,10.541552],[121.947431,10.530745],[121.939838,10.521851],[121.923191,10.50461],[121.918681,10.500814],[121.919349,10.492221],[121.921816,10.488646],[121.921843,10.481321],[121.917133,10.476515],[121.919433,10.47054],[121.914227,10.463956],[121.91623,10.457989],[121.912714,10.446407],[121.917894,10.445795],[121.920562,10.44097],[121.91922,10.434918],[121.942676,10.421221],[121.959976,10.41381],[121.959725,10.406502],[121.965991,10.409913],[121.964775,10.414454],[121.972113,10.419977],[121.980302,10.422776],[121.985129,10.430101],[121.995613,10.435393],[121.998548,10.439988],[122.010737,10.443018],[122.018091,10.452471],[122.029989,10.463493],[122.030288,10.466848],[122.031634,10.475786],[122.039279,10.483334],[122.050658,10.486723],[122.054456,10.495888],[122.061325,10.50064],[122.060486,10.509444],[122.066433,10.520064],[122.077486,10.525449],[122.074499,10.531531],[122.07936,10.549092],[122.084708,10.552816],[122.087233,10.560014],[122.090675,10.562443],[122.094598,10.574097],[122.10592,10.583387],[122.116932,10.582651],[122.130267,10.586477],[122.142599,10.584522],[122.145246,10.591346],[122.159288,10.596755],[122.166904,10.603868],[122.168259,10.607839],[122.175768,10.610978],[122.177562,10.617364],[122.181303,10.621065],[122.193861,10.6266],[122.210347,10.638873],[122.219518,10.639108],[122.23806,10.637221],[122.242599,10.6351],[122.251128,10.638108],[122.256985,10.65083],[122.265089,10.652851],[122.270448,10.656727],[122.281588,10.659158],[122.292188,10.65838],[122.303987,10.65613],[122.316413,10.656394],[122.326577,10.658702],[122.33446,10.668918],[122.340747,10.670815],[122.351952,10.669719],[122.366998,10.671151],[122.375362,10.668258],[122.393264,10.670321],[122.421538,10.680973],[122.446473,10.686992],[122.455161,10.688236],[122.479448,10.688346],[122.494783,10.681747],[122.499806,10.679966],[122.531669,10.67933],[122.535717,10.680004],[122.547528,10.68591],[122.559819,10.688511],[122.561082,10.691362],[122.576054,10.689408],[122.580919,10.687589],[122.593586,10.704695],[122.593317,10.71001],[122.595669,10.718434],[122.600239,10.727566],[122.599038,10.736892],[122.594113,10.739432],[122.589447,10.736952],[122.587861,10.743051],[122.592282,10.7556],[122.59547,10.7602],[122.611452,10.774782],[122.621427,10.779418],[122.629542,10.779889],[122.632315,10.782608],[122.637555,10.771883],[122.641968,10.771514],[122.64913,10.77716],[122.651739,10.784097],[122.65586,10.78427],[122.663576,10.777859],[122.669139,10.786932],[122.667941,10.791978],[122.671292,10.795975],[122.678075,10.795788],[122.705227,10.783797],[122.710483,10.780001],[122.7224,10.782666],[122.72798,10.782461],[122.734201,10.785964],[122.739697,10.795448],[122.744459,10.799174],[122.750152,10.811659],[122.756593,10.81501],[122.762949,10.822918],[122.761417,10.827933],[122.765784,10.833847],[122.76907,10.843402],[122.780019,10.851008],[122.783822,10.8564],[122.785058,10.864432],[122.781431,10.868711],[122.785246,10.878203],[122.785637,10.887319],[122.781819,10.891452],[122.787881,10.893544],[122.789138,10.899309],[122.784618,10.903004],[122.780699,10.92552],[122.776152,10.93099],[122.770153,10.933115],[122.770872,10.940727],[122.764636,10.945956],[122.766425,10.952083],[122.772698,10.960825],[122.774981,10.973598],[122.781724,10.987925],[122.786308,10.991381],[122.795964,10.991093],[122.81583,10.999952],[122.831518,11.00275],[122.836064,10.998299],[122.842857,10.99838],[122.84839,10.991644],[122.850046,10.997411],[122.847968,11.008366],[122.851661,11.018821],[122.856887,11.023031],[122.866437,11.0263],[122.871673,11.03131],[122.876509,11.03225],[122.889793,11.029481],[122.890518,11.024101],[122.894084,11.022397],[122.905468,11.020926],[122.910949,11.026642],[122.915923,11.03961],[122.915567,11.049571],[122.91848,11.058307],[122.918036,11.063253],[122.925262,11.066323],[122.937297,11.064087],[122.943737,11.056402],[122.934535,11.044071],[122.935034,11.035056],[122.941759,11.028634],[122.946553,11.0341],[122.952325,11.033694],[122.962988,11.04955],[122.954656,11.050685],[122.949105,11.061902],[122.955323,11.069083],[122.962943,11.070563],[122.97558,11.07011],[122.981833,11.065197],[122.985217,11.068154],[122.980677,11.073127],[122.983662,11.077715],[122.993116,11.078044],[122.998471,11.081749],[123.009274,11.093927],[123.009375,11.099284],[123.014369,11.119477],[123.014353,11.130552],[123.017669,11.143814],[123.020538,11.148953],[123.026946,11.152514],[123.024568,11.1563],[123.02805,11.165855],[123.036393,11.171628],[123.054822,11.170135],[123.061217,11.167001],[123.069785,11.16638],[123.074414,11.164021],[123.07974,11.155192],[123.076856,11.151675],[123.079929,11.148129],[123.089421,11.145791],[123.090988,11.152435],[123.095861,11.156888],[123.087575,11.166053],[123.080167,11.165065],[123.07576,11.169459],[123.076163,11.175013],[123.079211,11.177588],[123.087891,11.172347],[123.095887,11.164602],[123.10856,11.160197],[123.121277,11.164695],[123.122829,11.169708],[123.126887,11.171766],[123.125493,11.177805],[123.127898,11.181067],[123.121798,11.193691],[123.12271,11.197884],[123.11682,11.207814],[123.11633,11.213148],[123.112632,11.215605],[123.099317,11.219623],[123.093812,11.223909],[123.094333,11.237895],[123.096062,11.248368],[123.099003,11.249438],[123.095425,11.262952],[123.100323,11.267876],[123.095148,11.27485],[123.099591,11.285006],[123.10689,11.292677],[123.108121,11.306732],[123.106264,11.316821],[123.099233,11.328642],[123.100769,11.335848],[123.104609,11.341295],[123.112749,11.342745],[123.116316,11.337943],[123.12766,11.339663],[123.133024,11.343259],[123.131822,11.352205],[123.128606,11.354417],[123.126205,11.361348],[123.140344,11.363778],[123.147534,11.376599],[123.145273,11.384513],[123.143405,11.39816],[123.145166,11.401267],[123.138047,11.410416],[123.13216,11.410686],[123.128122,11.415827],[123.139476,11.430238],[123.140097,11.43703],[123.152721,11.444216],[123.151863,11.450336],[123.157839,11.4601],[123.160366,11.470297],[123.159914,11.475433],[123.155625,11.481268],[123.15454,11.486326],[123.150321,11.486673],[123.141512,11.480268],[123.136362,11.48098],[123.138545,11.48629],[123.138474,11.493084],[123.131432,11.494838],[123.129569,11.502396],[123.121868,11.510737],[123.120088,11.517427],[123.124156,11.52093],[123.129744,11.519897],[123.135144,11.510893],[123.145118,11.529687],[123.150733,11.542235],[123.149908,11.548114],[123.153918,11.55133],[123.15653,11.557305],[123.160079,11.556545],[123.162761,11.567235],[123.153696,11.574952],[123.146662,11.58434],[123.145757,11.591041],[123.141762,11.591123],[123.132044,11.579688],[123.131313,11.57125],[123.121963,11.564626],[123.113642,11.555904],[123.109916,11.556819],[123.105971,11.548558],[123.097629,11.544387],[123.08877,11.542284],[123.086754,11.539151],[123.079617,11.537086],[123.079847,11.532931],[123.075711,11.527326],[123.067119,11.525457],[123.055371,11.518518],[123.040276,11.514923],[123.035792,11.51047],[123.015947,11.500966],[123.010123,11.492935],[123.00213,11.490022],[122.995457,11.489402],[122.986553,11.482224],[122.963568,11.481802],[122.957926,11.480856],[122.955105,11.477379],[122.943992,11.479276],[122.940042,11.473228],[122.930748,11.480039],[122.920828,11.483036],[122.916506,11.48241],[122.914909,11.475599],[122.918382,11.468571],[122.914647,11.461821],[122.917624,11.456715],[122.903565,11.435743],[122.898768,11.431255],[122.886565,11.43513],[122.891842,11.438077],[122.884223,11.444199],[122.889632,11.445595],[122.891213,11.450727],[122.901793,11.45619],[122.882872,11.462571],[122.88576,11.465013],[122.892481,11.463987],[122.896526,11.469388],[122.890518,11.476788],[122.89626,11.489717],[122.900254,11.494471],[122.907803,11.498509],[122.910983,11.505578],[122.917339,11.504031],[122.922738,11.50688],[122.931188,11.515825],[122.927457,11.518328],[122.9013,11.528647],[122.888652,11.537065],[122.879814,11.544491],[122.8704,11.54352],[122.864373,11.540742],[122.864417,11.555959],[122.855855,11.560519],[122.858525,11.563642],[122.857118,11.568381],[122.84826,11.575102],[122.837577,11.590503],[122.833345,11.595109],[122.826423,11.597319],[122.83258,11.606289],[122.825992,11.610562],[122.800839,11.606579],[122.78793,11.607665],[122.772317,11.606766],[122.75077,11.606435],[122.732063,11.607114],[122.719317,11.608406],[122.715305,11.610773],[122.709824,11.607369],[122.709579,11.603979],[122.717668,11.60181],[122.7174,11.596704],[122.712647,11.590321],[122.71539,11.581593],[122.695739,11.57188],[122.682215,11.568836],[122.679508,11.560877],[122.684304,11.545697],[122.667891,11.548446],[122.657162,11.555244],[122.650451,11.557389],[122.651043,11.56407],[122.648033,11.56765],[122.64145,11.563124],[122.635596,11.562578],[122.635361,11.549353],[122.644471,11.549241],[122.648443,11.54549],[122.646183,11.536098],[122.637346,11.533015],[122.638672,11.529762],[122.635543,11.522561],[122.618779,11.516311],[122.600182,11.515024],[122.590933,11.518504],[122.584414,11.511481],[122.582485,11.515609],[122.587663,11.531108],[122.589526,11.532913],[122.585032,11.547367],[122.581447,11.554647],[122.577357,11.553468],[122.574319,11.563782],[122.566993,11.568594],[122.555649,11.571695],[122.547332,11.577385],[122.537752,11.579269],[122.535816,11.575344],[122.52705,11.584061],[122.50787,11.592123],[122.495067,11.594833],[122.492968,11.590849],[122.496232,11.577952],[122.49373,11.570448],[122.485792,11.559742],[122.474929,11.553765],[122.460954,11.552475],[122.457741,11.550536],[122.446637,11.562591],[122.443172,11.569954],[122.443412,11.575997],[122.450217,11.579536],[122.45435,11.577336],[122.460471,11.580009],[122.465304,11.573589],[122.474522,11.569042],[122.47636,11.562658],[122.48306,11.562634],[122.487579,11.569559],[122.484732,11.575116],[122.470853,11.584564],[122.465626,11.593524],[122.467471,11.599425],[122.456621,11.600105],[122.449507,11.608715],[122.445863,11.608806],[122.433738,11.597674],[122.426693,11.597108],[122.430559,11.61111],[122.42201,11.611883],[122.421716,11.618569],[122.415728,11.616614],[122.410266,11.6217],[122.412668,11.635521],[122.406738,11.634961],[122.402816,11.631132],[122.397454,11.635467],[122.398616,11.645491],[122.408597,11.646556],[122.408694,11.657871],[122.418574,11.6539],[122.42451,11.653958],[122.430395,11.651053],[122.433472,11.639783],[122.439725,11.634236],[122.446306,11.6249],[122.449623,11.62353],[122.460789,11.613808],[122.468161,11.612081],[122.476521,11.606617],[122.48142,11.595541],[122.488722,11.595114],[122.494384,11.604748],[122.492259,11.609934],[122.46652,11.624571],[122.452687,11.63472],[122.42578,11.659076],[122.418107,11.667509],[122.407761,11.682449],[122.397415,11.695416],[122.390623,11.709199],[122.393587,11.717686],[122.385366,11.734492],[122.374457,11.738385],[122.356104,11.739028],[122.344765,11.738373],[122.3313,11.735422],[122.316028,11.740971],[122.302219,11.747664],[122.274991,11.768385],[122.265813,11.776495],[122.258428,11.785607],[122.259142,11.791245],[122.256642,11.794164],[122.251715,11.789532],[122.244841,11.786526],[122.235262,11.788414],[122.224876,11.796074],[122.224785,11.802658],[122.222245,11.813498],[122.213188,11.808787],[122.199644,11.807878],[122.188533,11.811225],[122.175277,11.819912],[122.164607,11.825291],[122.149893,11.824542],[122.138825,11.825063],[122.099488,11.830273],[122.082077,11.836973],[122.056978,11.851602],[122.036071,11.866912],[122.034277,11.871062],[122.025109,11.879563],[122.02045,11.886609],[122.018456,11.893225],[122.000332,11.907702],[121.999477,11.911766],[121.991053,11.910566],[121.973809,11.920085],[121.968769,11.924669],[121.959934,11.936479],[121.951158,11.939131],[121.949973,11.924406],[121.947999,11.918429],[121.940073,11.913356],[121.932112,11.910877],[121.916783,11.90241],[121.887072,11.899885],[121.884064,11.895986],[121.884957,11.891753],[121.881974,11.884736],[121.883852,11.877195],[121.878379,11.864951],[121.882118,11.86527],[121.88349,11.854603],[121.888417,11.848225],[121.887109,11.839249],[121.882252,11.833469],[121.882763,11.824359],[121.878839,11.810293],[121.873581,11.799656],[121.864864,11.788075],[121.860929,11.779641],[121.853186,11.774353],[121.843596,11.76417]]],[[[121.921623,11.99932],[121.911619,11.994661],[121.905088,11.988214],[121.910257,11.976976],[121.91421,11.974342],[121.924162,11.96178],[121.92974,11.952061],[121.933568,11.940078],[121.943512,11.9407],[121.947826,11.94775],[121.946984,11.954845],[121.935509,11.955112],[121.927206,11.97006],[121.930225,11.97453],[121.930121,11.981654],[121.925947,11.983304],[121.924559,11.990816],[121.926396,11.998951],[121.921623,11.99932]]],[[[122.458456,11.608081],[122.459079,11.61128],[122.442141,11.625469],[122.438087,11.631839],[122.430727,11.638086],[122.42848,11.647847],[122.426175,11.650549],[122.418843,11.647056],[122.418341,11.642318],[122.423445,11.640612],[122.425584,11.635034],[122.430606,11.634304],[122.430934,11.628924],[122.439531,11.619233],[122.446038,11.617273],[122.449995,11.611549],[122.458456,11.608081]]],[[[122.405665,11.63657],[122.412726,11.638056],[122.411093,11.642067],[122.40472,11.64536],[122.400589,11.641778],[122.398213,11.63602],[122.4042,11.63297],[122.405665,11.63657]]],[[[122.421067,11.630502],[122.422424,11.624881],[122.429525,11.62803],[122.429142,11.633021],[122.420353,11.634376],[122.421067,11.630502]]],[[[122.416773,11.618696],[122.422256,11.621794],[122.414291,11.629837],[122.411884,11.62636],[122.416773,11.618696]]],[[[122.424896,11.612247],[122.430472,11.614571],[122.431216,11.614739],[122.432609,11.614432],[122.433605,11.614754],[122.434537,11.615773],[122.437074,11.61765],[122.430922,11.62543],[122.425042,11.622296],[122.428506,11.617859],[122.424896,11.612247]]],[[[122.43857,11.608981],[122.444601,11.614735],[122.43919,11.616352],[122.435396,11.61545],[122.434273,11.614258],[122.432661,11.614274],[122.431491,11.614632],[122.430525,11.613835],[122.43171,11.613047],[122.431745,11.61039],[122.429878,11.605028],[122.434809,11.603761],[122.43857,11.608981]]],[[[121.434069,12.206884],[121.432713,12.202756],[121.423727,12.204874],[121.425874,12.196385],[121.432191,12.195182],[121.434417,12.197984],[121.434069,12.206884]]],[[[121.388843,11.983244],[121.390167,11.987564],[121.400393,11.995891],[121.401943,11.99957],[121.407516,12.000424],[121.418546,12.010417],[121.422683,12.019051],[121.42324,12.023709],[121.427256,12.029412],[121.423992,12.037427],[121.41626,12.041898],[121.410053,12.040941],[121.407933,12.051925],[121.40323,12.056243],[121.401271,12.06898],[121.39796,12.078112],[121.392517,12.078521],[121.40458,12.093104],[121.406738,12.100119],[121.405966,12.105451],[121.39328,12.109152],[121.39456,12.113599],[121.38987,12.122772],[121.381415,12.125838],[121.375542,12.123121],[121.370277,12.123532],[121.361923,12.117588],[121.355433,12.115649],[121.353216,12.111025],[121.354203,12.105587],[121.350334,12.104018],[121.349905,12.098136],[121.345442,12.095196],[121.348092,12.084372],[121.362152,12.084449],[121.361969,12.074021],[121.366355,12.068445],[121.368963,12.074725],[121.37928,12.072471],[121.382228,12.068623],[121.380739,12.063811],[121.370292,12.057399],[121.362687,12.051347],[121.366048,12.045883],[121.365453,12.037673],[121.363279,12.034068],[121.36771,12.030409],[121.369384,12.021547],[121.372868,12.019506],[121.374119,12.007284],[121.377196,11.998497],[121.381857,11.991193],[121.388843,11.983244]]],[[[121.583686,12.098846],[121.583484,12.106147],[121.57833,12.11015],[121.573711,12.106526],[121.568871,12.094872],[121.579062,12.095885],[121.583686,12.098846]]],[[[121.557172,11.981183],[121.556739,11.975348],[121.566282,11.975537],[121.566698,11.982084],[121.559824,11.990503],[121.555678,11.983819],[121.557172,11.981183]]],[[[121.575289,11.939182],[121.568549,11.9467],[121.554612,11.959627],[121.552198,11.957094],[121.540475,11.953899],[121.537836,11.948713],[121.539136,11.943054],[121.546812,11.937112],[121.54636,11.928364],[121.539947,11.909741],[121.5405,11.901814],[121.549971,11.892424],[121.554104,11.891855],[121.562338,11.89465],[121.570281,11.895483],[121.578364,11.900441],[121.582953,11.90555],[121.581891,11.916915],[121.573052,11.926611],[121.571426,11.931309],[121.576075,11.933682],[121.575289,11.939182]]],[[[121.453078,11.86907],[121.441088,11.866046],[121.433116,11.868015],[121.426054,11.866644],[121.420365,11.851472],[121.413324,11.840884],[121.414891,11.837853],[121.424873,11.837907],[121.426013,11.84027],[121.434356,11.840567],[121.437338,11.83711],[121.445885,11.835464],[121.452817,11.83851],[121.45453,11.830955],[121.457632,11.831557],[121.472618,11.829554],[121.478032,11.825477],[121.486584,11.828146],[121.495406,11.829011],[121.507978,11.826961],[121.516901,11.826873],[121.519384,11.832584],[121.524145,11.833619],[121.530739,11.846506],[121.522113,11.854035],[121.50862,11.862041],[121.497639,11.861023],[121.479998,11.864844],[121.473921,11.863934],[121.468024,11.867969],[121.464021,11.86626],[121.453078,11.86907]]],[[[121.698896,11.593347],[121.697982,11.600668],[121.691278,11.608227],[121.685131,11.608508],[121.691842,11.599529],[121.692572,11.594924],[121.698896,11.593347]]],[[[121.925855,11.478985],[121.913477,11.478025],[121.899903,11.473274],[121.890244,11.472657],[121.894421,11.468168],[121.909465,11.463227],[121.917133,11.463471],[121.931107,11.47461],[121.925855,11.478985]]],[[[122.83422,11.631111],[122.836349,11.63782],[122.84105,11.637137],[122.845962,11.641728],[122.83526,11.645203],[122.8322,11.632244],[122.83422,11.631111]]],[[[123.138752,11.130984],[123.142422,11.139585],[123.152155,11.148621],[123.151343,11.152788],[123.143582,11.153495],[123.137866,11.148861],[123.129861,11.148632],[123.116869,11.144571],[123.107835,11.136185],[123.10742,11.132377],[123.117191,11.116359],[123.113495,11.107762],[123.117985,11.101656],[123.121902,11.100092],[123.126134,11.103195],[123.128104,11.113899],[123.133106,11.115364],[123.136176,11.119825],[123.136254,11.128481],[123.138752,11.130984]]],[[[123.348765,11.606053],[123.352672,11.612768],[123.352608,11.619992],[123.355718,11.623204],[123.359848,11.633409],[123.358525,11.638225],[123.348843,11.636144],[123.341993,11.632454],[123.340795,11.625322],[123.341529,11.614793],[123.348765,11.606053]]],[[[123.331948,11.57277],[123.337078,11.574957],[123.345422,11.588956],[123.35275,11.588362],[123.356522,11.590286],[123.353756,11.59555],[123.343612,11.592909],[123.339023,11.596536],[123.328912,11.596793],[123.321144,11.587399],[123.330516,11.581023],[123.327445,11.573254],[123.331948,11.57277]]],[[[123.211919,11.58377],[123.216546,11.584013],[123.215409,11.590656],[123.208246,11.59284],[123.203505,11.587156],[123.205032,11.581516],[123.211919,11.58377]]],[[[123.195634,11.537792],[123.192777,11.529294],[123.197764,11.528809],[123.200717,11.53417],[123.195634,11.537792]]],[[[123.160863,11.491035],[123.171679,11.498594],[123.173093,11.507877],[123.176368,11.511348],[123.191013,11.512289],[123.193014,11.52299],[123.190772,11.528844],[123.184813,11.53709],[123.180374,11.532425],[123.180136,11.525287],[123.167519,11.524268],[123.162315,11.498368],[123.155916,11.496369],[123.160863,11.491035]]],[[[123.134096,11.49904],[123.131838,11.504868],[123.12687,11.511423],[123.129454,11.516976],[123.123178,11.518224],[123.122799,11.511594],[123.134096,11.49904]]],[[[123.198927,11.466323],[123.205707,11.460852],[123.217105,11.45974],[123.235232,11.464918],[123.236007,11.474556],[123.233622,11.479796],[123.236067,11.485965],[123.234393,11.493351],[123.236065,11.501991],[123.239203,11.50808],[123.233964,11.513205],[123.231387,11.508828],[123.226293,11.506052],[123.228465,11.500585],[123.222617,11.498684],[123.219523,11.508849],[123.20019,11.504226],[123.204416,11.490864],[123.197817,11.486334],[123.194053,11.48076],[123.192914,11.473949],[123.198264,11.470917],[123.198927,11.466323]]],[[[123.184889,11.476588],[123.195768,11.486989],[123.190428,11.493349],[123.187078,11.486864],[123.180548,11.482846],[123.184889,11.476588]]],[[[123.250691,11.42343],[123.253214,11.424957],[123.261572,11.423689],[123.274377,11.438204],[123.273912,11.443101],[123.276745,11.447096],[123.27528,11.454853],[123.247363,11.465639],[123.246726,11.458507],[123.242802,11.453728],[123.246365,11.44141],[123.251589,11.43562],[123.25367,11.428067],[123.250691,11.42343]]],[[[123.149079,11.266187],[123.147426,11.260426],[123.15151,11.249271],[123.157886,11.254106],[123.159395,11.259348],[123.166197,11.25397],[123.170138,11.259754],[123.167215,11.269314],[123.174824,11.276436],[123.181748,11.278875],[123.182438,11.283357],[123.193843,11.293382],[123.186526,11.298391],[123.18092,11.305383],[123.174069,11.298859],[123.168396,11.301912],[123.168385,11.30909],[123.160909,11.313014],[123.154678,11.309408],[123.156718,11.300064],[123.154176,11.295921],[123.156558,11.281454],[123.155968,11.277026],[123.15036,11.271604],[123.149079,11.266187]]],[[[123.12101,11.213547],[123.126624,11.221252],[123.134145,11.222785],[123.137045,11.23242],[123.136206,11.241881],[123.143639,11.250146],[123.146231,11.260628],[123.142509,11.264824],[123.135988,11.264086],[123.136156,11.255278],[123.13115,11.251707],[123.134357,11.248087],[123.13251,11.24261],[123.126515,11.241107],[123.123235,11.236566],[123.124379,11.228894],[123.12115,11.220801],[123.12101,11.213547]]],[[[123.214508,11.24975],[123.21171,11.24703],[123.204769,11.246772],[123.199214,11.242022],[123.198669,11.235997],[123.213524,11.235554],[123.217425,11.248596],[123.214508,11.24975]]],[[[123.172732,11.192995],[123.17376,11.196354],[123.186285,11.206099],[123.190052,11.21234],[123.189584,11.220003],[123.184227,11.217743],[123.165301,11.222134],[123.16231,11.217425],[123.162877,11.213057],[123.157487,11.211349],[123.160388,11.205838],[123.161167,11.196845],[123.16335,11.194039],[123.172732,11.192995]]],[[[123.175068,11.459685],[123.169686,11.466205],[123.167227,11.462873],[123.175068,11.459685]]],[[[123.18031,11.424765],[123.179675,11.427967],[123.18806,11.436215],[123.182107,11.438367],[123.17889,11.429632],[123.18031,11.424765]]],[[[122.604258,10.67449],[122.592421,10.673922],[122.581868,10.659509],[122.574941,10.658358],[122.569849,10.666271],[122.562694,10.666422],[122.560208,10.662716],[122.563759,10.656311],[122.565021,10.649409],[122.56251,10.642167],[122.553454,10.635857],[122.551424,10.630338],[122.539801,10.624302],[122.53234,10.616354],[122.52727,10.615003],[122.530064,10.604042],[122.518468,10.599672],[122.510878,10.582133],[122.512586,10.575007],[122.511819,10.566869],[122.515348,10.561516],[122.519932,10.560318],[122.521021,10.546742],[122.52374,10.540057],[122.531828,10.547716],[122.535766,10.548672],[122.542839,10.540424],[122.541434,10.53807],[122.530999,10.537477],[122.526466,10.532781],[122.519258,10.534782],[122.512502,10.534252],[122.523023,10.516401],[122.515007,10.508622],[122.502341,10.509698],[122.499029,10.506589],[122.485999,10.507166],[122.482552,10.505966],[122.476887,10.49813],[122.475086,10.479311],[122.482487,10.476914],[122.492171,10.470052],[122.493219,10.466468],[122.502673,10.466105],[122.504463,10.458995],[122.504947,10.441584],[122.511622,10.422504],[122.516094,10.421014],[122.512488,10.415081],[122.521775,10.405204],[122.529365,10.410296],[122.54212,10.408493],[122.55277,10.417399],[122.559258,10.429017],[122.563252,10.432708],[122.564145,10.43886],[122.570689,10.44827],[122.582934,10.454167],[122.588524,10.454427],[122.593739,10.444634],[122.591455,10.441294],[122.582464,10.443435],[122.581212,10.436502],[122.583743,10.430217],[122.594894,10.430923],[122.605055,10.438508],[122.615262,10.439253],[122.625652,10.434314],[122.628767,10.445065],[122.632753,10.447452],[122.63923,10.446096],[122.642597,10.453695],[122.644877,10.471413],[122.654247,10.475151],[122.657461,10.470892],[122.664866,10.473506],[122.663538,10.47848],[122.666851,10.4896],[122.672715,10.495267],[122.682553,10.502209],[122.680876,10.514678],[122.683661,10.517879],[122.6833,10.525536],[122.685082,10.533468],[122.6929,10.537509],[122.693071,10.54287],[122.697483,10.547421],[122.695716,10.555093],[122.700289,10.564024],[122.707725,10.570229],[122.705553,10.575407],[122.712688,10.590259],[122.71272,10.594564],[122.724987,10.615047],[122.724485,10.623912],[122.720634,10.629804],[122.725693,10.639105],[122.722633,10.647766],[122.717682,10.651498],[122.715863,10.658118],[122.718783,10.66358],[122.717132,10.670378],[122.71816,10.679353],[122.720581,10.685428],[122.72056,10.69364],[122.717749,10.701244],[122.718874,10.705106],[122.713876,10.715629],[122.705808,10.721178],[122.696655,10.723819],[122.685751,10.731557],[122.679019,10.742471],[122.664727,10.751705],[122.657878,10.754022],[122.648306,10.749331],[122.651477,10.743032],[122.645126,10.733413],[122.638303,10.732166],[122.614859,10.718852],[122.610634,10.705628],[122.615023,10.694798],[122.614959,10.685636],[122.61069,10.683949],[122.609436,10.676035],[122.604258,10.67449]]],[[[122.56055,10.40139],[122.56667,10.40417],[122.57561,10.40213],[122.58814,10.40199],[122.59709,10.40467],[122.5947,10.41006],[122.58672,10.40782],[122.582,10.41075],[122.57628,10.40817],[122.5675,10.40833],[122.56306,10.41639],[122.55972,10.41306],[122.56055,10.40139]]],[[[122.62068,10.38612],[122.62399,10.39237],[122.61584,10.39798],[122.61116,10.39445],[122.6043,10.39857],[122.59441,10.39743],[122.59222,10.39517],[122.61066,10.38686],[122.62068,10.38612]]],[[[122.73084,10.51463],[122.73635,10.51017],[122.73868,10.5146],[122.73084,10.51463]]],[[[122.72073,10.50109],[122.7131,10.49644],[122.7186,10.49339],[122.72772,10.49596],[122.72073,10.50109]]],[[[122.69742,10.47516],[122.68644,10.46719],[122.68944,10.45713],[122.68417,10.44307],[122.68983,10.44292],[122.70469,10.45022],[122.71656,10.45008],[122.72074,10.44824],[122.72475,10.45424],[122.72104,10.46211],[122.71587,10.46419],[122.70658,10.47411],[122.7025,10.47634],[122.69742,10.47516]]],[[[123.977412,9.602703],[123.982393,9.598004],[123.991872,9.600089],[123.999088,9.604482],[124.00306,9.597549],[124.009232,9.600371],[124.011378,9.596905],[124.030179,9.593998],[124.032823,9.597992],[124.037199,9.592939],[124.043809,9.593679],[124.055013,9.589359],[124.06124,9.589779],[124.072344,9.588031],[124.081439,9.588972],[124.084752,9.587713],[124.104989,9.590027],[124.113151,9.594021],[124.129088,9.598966],[124.144214,9.598671],[124.153984,9.60356],[124.158547,9.603121],[124.166586,9.6069],[124.177973,9.606851],[124.182587,9.609531],[124.191016,9.610044],[124.201576,9.606632],[124.21998,9.604043],[124.231735,9.598812],[124.248974,9.59788],[124.26014,9.598796],[124.269448,9.60341],[124.284014,9.604619],[124.290449,9.610154],[124.307455,9.616044],[124.313864,9.62227],[124.329635,9.62337],[124.343247,9.627418],[124.349432,9.62738],[124.358769,9.62979],[124.360814,9.638918],[124.367954,9.639494],[124.36455,9.646569],[124.368663,9.650626],[124.374682,9.649127],[124.377087,9.652118],[124.398993,9.652582],[124.401439,9.657213],[124.400952,9.668259],[124.398943,9.670074],[124.401886,9.679914],[124.401118,9.691819],[124.403876,9.696786],[124.40676,9.707939],[124.408934,9.710928],[124.427083,9.721076],[124.445637,9.720809],[124.455918,9.729471],[124.460354,9.731139],[124.461367,9.735963],[124.47442,9.748298],[124.477319,9.755854],[124.484489,9.76094],[124.493111,9.763333],[124.496855,9.76255],[124.501217,9.750308],[124.502248,9.740254],[124.50477,9.73365],[124.514056,9.722875],[124.519721,9.721897],[124.527179,9.725896],[124.545599,9.727668],[124.551767,9.72969],[124.564605,9.730436],[124.571342,9.732418],[124.57418,9.735815],[124.577166,9.744875],[124.582826,9.75089],[124.586423,9.750738],[124.592787,9.756087],[124.595384,9.766506],[124.592485,9.790588],[124.594648,9.794053],[124.593549,9.801236],[124.597145,9.804105],[124.590738,9.811161],[124.583897,9.80893],[124.575644,9.80949],[124.556116,9.820544],[124.557553,9.827655],[124.554063,9.831082],[124.547578,9.831272],[124.54656,9.838128],[124.534418,9.839236],[124.53032,9.841472],[124.522539,9.837607],[124.522347,9.844511],[124.518461,9.848718],[124.516702,9.855686],[124.520478,9.857604],[124.528818,9.858035],[124.529274,9.863063],[124.535652,9.863935],[124.550743,9.872296],[124.553395,9.869676],[124.560393,9.873348],[124.562617,9.879413],[124.570111,9.885656],[124.568288,9.895011],[124.570295,9.899911],[124.568827,9.907062],[124.575649,9.910304],[124.575605,9.914244],[124.569054,9.915117],[124.560834,9.920256],[124.53922,9.920076],[124.537946,9.925653],[124.545442,9.929745],[124.551144,9.928837],[124.54954,9.939948],[124.543846,9.949224],[124.54604,9.952407],[124.552165,9.951905],[124.551819,9.958241],[124.548973,9.961855],[124.550642,9.968834],[124.54368,9.972288],[124.549257,9.983717],[124.554736,9.98833],[124.558992,9.98575],[124.557763,9.972915],[124.562152,9.970548],[124.570051,9.976501],[124.568919,9.996704],[124.561316,10.000125],[124.560354,10.009332],[124.553,10.013076],[124.552798,10.019168],[124.555864,10.02153],[124.554585,10.027851],[124.545719,10.032983],[124.546977,10.040946],[124.539988,10.043234],[124.532774,10.042549],[124.528584,10.044636],[124.528626,10.049596],[124.522445,10.055968],[124.51857,10.065168],[124.514489,10.070278],[124.509587,10.071118],[124.504704,10.076171],[124.499979,10.071421],[124.500709,10.064053],[124.48992,10.058094],[124.481543,10.055848],[124.463422,10.062481],[124.45685,10.068499],[124.44139,10.084906],[124.435386,10.085252],[124.431282,10.088779],[124.423766,10.088917],[124.420829,10.091372],[124.415903,10.101774],[124.404112,10.105174],[124.389328,10.106622],[124.39172,10.111195],[124.393235,10.124357],[124.39176,10.130629],[124.379679,10.137959],[124.374143,10.150632],[124.367031,10.153394],[124.363295,10.144061],[124.362398,10.135542],[124.354989,10.128246],[124.345463,10.125296],[124.340405,10.129935],[124.341709,10.138077],[124.3341,10.145932],[124.329098,10.147322],[124.328093,10.151991],[124.313893,10.165284],[124.307485,10.163383],[124.298672,10.164934],[124.289935,10.173636],[124.282151,10.173401],[124.287637,10.167698],[124.288663,10.163531],[124.281046,10.155169],[124.267539,10.155253],[124.261969,10.157526],[124.254876,10.157639],[124.24941,10.161146],[124.23722,10.162146],[124.22922,10.15964],[124.225358,10.161983],[124.20996,10.159658],[124.207853,10.161006],[124.197843,10.149356],[124.190883,10.152203],[124.178245,10.14578],[124.172968,10.146267],[124.163017,10.153031],[124.152958,10.153847],[124.147505,10.149234],[124.143866,10.142269],[124.142891,10.135399],[124.137944,10.132924],[124.133211,10.122519],[124.137511,10.112217],[124.131384,10.108931],[124.12929,10.103312],[124.118384,10.092807],[124.118212,10.08702],[124.112663,10.088865],[124.108082,10.087049],[124.096309,10.07617],[124.093721,10.071015],[124.096805,10.064511],[124.090871,10.061414],[124.085972,10.062354],[124.082283,10.073497],[124.076866,10.070815],[124.071736,10.071654],[124.062269,10.067498],[124.062354,10.061083],[124.057963,10.045454],[124.059185,10.036],[124.056235,10.03234],[124.049698,10.013725],[124.049493,10.00642],[124.046702,10.004115],[124.043895,9.993616],[124.044123,9.987891],[124.027505,9.967241],[124.016758,9.96431],[123.995929,9.965292],[123.984302,9.964073],[123.977821,9.962079],[123.969179,9.955503],[123.960738,9.957074],[123.960755,9.951263],[123.951739,9.942906],[123.940583,9.938035],[123.935893,9.937964],[123.93022,9.933812],[123.917586,9.933693],[123.910861,9.93211],[123.903284,9.924124],[123.901336,9.916493],[123.89108,9.911828],[123.886817,9.914857],[123.891905,9.926937],[123.887626,9.930032],[123.879223,9.926092],[123.883326,9.920498],[123.875145,9.915897],[123.870339,9.917376],[123.866708,9.910779],[123.868444,9.90071],[123.873164,9.895135],[123.868474,9.891316],[123.863257,9.891919],[123.854038,9.88846],[123.848886,9.880632],[123.845187,9.877982],[123.838907,9.880531],[123.836047,9.863139],[123.830304,9.862627],[123.818763,9.847188],[123.81513,9.84671],[123.811934,9.841504],[123.806375,9.841798],[123.80451,9.831524],[123.798059,9.825925],[123.799562,9.821395],[123.795237,9.817474],[123.789806,9.805085],[123.78852,9.797153],[123.784422,9.793096],[123.785703,9.78814],[123.782821,9.771551],[123.783374,9.761205],[123.787121,9.739835],[123.790544,9.735063],[123.800839,9.733104],[123.810087,9.734213],[123.824918,9.738046],[123.832297,9.741804],[123.840271,9.739486],[123.849867,9.726773],[123.849298,9.718802],[123.854538,9.719311],[123.863468,9.715362],[123.861236,9.706173],[123.862813,9.700531],[123.856063,9.698906],[123.856436,9.691125],[123.853591,9.682825],[123.849761,9.679843],[123.843993,9.667257],[123.844196,9.662397],[123.853331,9.642751],[123.854649,9.637559],[123.866053,9.633495],[123.871877,9.627619],[123.878792,9.625968],[123.896269,9.624427],[123.917339,9.621499],[123.927582,9.617193],[123.938072,9.614279],[123.941775,9.611135],[123.969698,9.600954],[123.974269,9.605726],[123.977412,9.602703]],[[124.366584,9.950001],[124.359896,9.944081],[124.354755,9.942713],[124.350368,9.948702],[124.34254,9.94834],[124.342415,9.952043],[124.348487,9.954815],[124.354618,9.952318],[124.366584,9.950001]]],[[[123.919263,9.497191],[123.91826,9.490362],[123.921365,9.485586],[123.92957,9.490947],[123.928112,9.497855],[123.922462,9.499997],[123.919263,9.497191]]],[[[123.850254,9.951483],[123.851532,9.94368],[123.85684,9.939516],[123.86008,9.942236],[123.857364,9.946852],[123.850254,9.951483]]],[[[123.868256,9.929441],[123.865373,9.928338],[123.86515,9.918323],[123.872821,9.922149],[123.868256,9.929441]]],[[[123.823848,9.911293],[123.82081,9.908559],[123.808352,9.907204],[123.818801,9.897825],[123.819729,9.890737],[123.824652,9.888124],[123.830658,9.888624],[123.835644,9.885605],[123.83852,9.892291],[123.848527,9.900716],[123.855338,9.900248],[123.855088,9.906107],[123.849154,9.902661],[123.838001,9.902877],[123.828289,9.909731],[123.823848,9.911293]]],[[[123.78827,9.623868],[123.771741,9.617117],[123.756354,9.601013],[123.748013,9.599056],[123.751707,9.594856],[123.743484,9.590171],[123.729206,9.58874],[123.719883,9.590281],[123.718439,9.587327],[123.733171,9.584672],[123.749317,9.572616],[123.748507,9.558347],[123.743251,9.553162],[123.752009,9.546063],[123.758317,9.545066],[123.78443,9.551095],[123.797209,9.551585],[123.803713,9.555077],[123.818675,9.571609],[123.828335,9.57551],[123.839793,9.586708],[123.853386,9.588882],[123.865678,9.597908],[123.869902,9.605669],[123.868868,9.61614],[123.871464,9.622051],[123.865669,9.626831],[123.862075,9.626539],[123.850614,9.635962],[123.846928,9.64071],[123.842466,9.640717],[123.832985,9.643988],[123.82785,9.63764],[123.819221,9.637297],[123.814157,9.634745],[123.811953,9.63024],[123.805899,9.626925],[123.78827,9.623868]]],[[[124.17625,10.209351],[124.171298,10.211571],[124.154335,10.204793],[124.151755,10.200281],[124.152931,10.189382],[124.1579,10.192325],[124.165017,10.19204],[124.182909,10.198001],[124.180861,10.205142],[124.17625,10.209351]]],[[[124.237693,10.185906],[124.245963,10.187251],[124.251944,10.196662],[124.261948,10.200783],[124.258904,10.20659],[124.24728,10.2043],[124.246012,10.202528],[124.228012,10.193589],[124.217835,10.198703],[124.202556,10.194456],[124.198378,10.185844],[124.204535,10.182248],[124.209228,10.187697],[124.219746,10.190742],[124.225997,10.190412],[124.225846,10.18571],[124.210732,10.181509],[124.212349,10.177065],[124.216997,10.17517],[124.220149,10.178517],[124.233061,10.180506],[124.237693,10.185906]]],[[[124.118954,10.180987],[124.130408,10.178801],[124.135799,10.186212],[124.128876,10.18805],[124.12454,10.183057],[124.118954,10.180987]]],[[[124.191174,10.173783],[124.181902,10.176953],[124.176882,10.173622],[124.168284,10.173645],[124.161285,10.160587],[124.168461,10.159643],[124.174394,10.155511],[124.178406,10.155854],[124.182812,10.16019],[124.185748,10.166617],[124.191947,10.169432],[124.191174,10.173783]]],[[[124.113381,10.166421],[124.114856,10.174172],[124.111083,10.174279],[124.106709,10.169811],[124.113381,10.166421]]],[[[123.792132,9.885597],[123.781739,9.892358],[123.776887,9.889686],[123.765935,9.892244],[123.759489,9.889849],[123.760734,9.87459],[123.76455,9.861027],[123.772112,9.864096],[123.780162,9.875334],[123.792132,9.885597]]],[[[123.789094,9.863358],[123.785976,9.85789],[123.785562,9.850824],[123.791102,9.843141],[123.795994,9.839596],[123.802701,9.843843],[123.811631,9.846947],[123.816094,9.850408],[123.815847,9.854207],[123.808961,9.856868],[123.800645,9.862154],[123.789094,9.863358]]],[[[124.564871,9.851745],[124.569659,9.861327],[124.569237,9.86521],[124.561017,9.863985],[124.559547,9.856041],[124.564871,9.851745]]],[[[124.615209,10.153084],[124.609502,10.152625],[124.598697,10.146901],[124.590642,10.136789],[124.584829,10.135413],[124.578104,10.128952],[124.570602,10.125832],[124.572135,10.1189],[124.57021,10.114234],[124.563304,10.119259],[124.560565,10.130126],[124.553222,10.132077],[124.55111,10.129236],[124.551373,10.122231],[124.547856,10.115412],[124.541213,10.110454],[124.537663,10.115083],[124.53056,10.119571],[124.523923,10.116705],[124.521698,10.104191],[124.525709,10.097027],[124.531654,10.097822],[124.532516,10.084382],[124.527198,10.082763],[124.528815,10.075941],[124.527959,10.068452],[124.531514,10.061399],[124.539529,10.051818],[124.546618,10.051794],[124.552953,10.05612],[124.551205,10.0687],[124.560958,10.069395],[124.557532,10.075976],[124.549912,10.080106],[124.551954,10.084147],[124.561078,10.092409],[124.568805,10.090448],[124.575575,10.090958],[124.576062,10.095107],[124.585041,10.093685],[124.584272,10.089677],[124.590592,10.081971],[124.594222,10.08145],[124.604343,10.087608],[124.603322,10.094043],[124.606317,10.098392],[124.602802,10.105664],[124.602645,10.113349],[124.599196,10.114936],[124.591428,10.109428],[124.59129,10.117036],[124.595618,10.118642],[124.601283,10.136953],[124.608692,10.139483],[124.615177,10.14386],[124.618685,10.148992],[124.615209,10.153084]]],[[[124.543393,10.122518],[124.546056,10.129895],[124.540215,10.133688],[124.538793,10.126113],[124.543393,10.122518]]],[[[124.384388,10.237539],[124.379311,10.240273],[124.379368,10.227444],[124.384644,10.229371],[124.384388,10.237539]]],[[[124.331011,10.225244],[124.322261,10.223603],[124.317305,10.218539],[124.320439,10.214822],[124.331011,10.225244]]],[[[124.283591,10.187856],[124.28569,10.190691],[124.281528,10.195051],[124.272231,10.189962],[124.283591,10.187856]]],[[[124.300072,10.178335],[124.304047,10.180077],[124.301715,10.186289],[124.298101,10.186191],[124.295716,10.179631],[124.300072,10.178335]]],[[[124.375606,10.166168],[124.382802,10.172352],[124.391539,10.176825],[124.386939,10.182088],[124.381447,10.184644],[124.37671,10.183906],[124.372516,10.178678],[124.365871,10.17482],[124.351303,10.175235],[124.349329,10.172907],[124.352178,10.165359],[124.362053,10.167657],[124.368577,10.162798],[124.375606,10.166168]]],[[[123.977702,10.041495],[123.97619,10.036116],[123.981213,10.025574],[123.98358,10.025587],[123.977702,10.041495]]],[[[123.98872,9.980586],[123.985332,9.977006],[123.989755,9.971596],[123.993839,9.974426],[123.98872,9.980586]]],[[[124.513218,10.083466],[124.511031,10.092021],[124.506203,10.087075],[124.513218,10.083466]]],[[[124.574524,9.954102],[124.576477,9.958679],[124.573141,9.963803],[124.568617,9.961859],[124.570447,9.954431],[124.574524,9.954102]]],[[[123.872318,10.260483],[123.881662,10.269424],[123.879727,10.27379],[123.88169,10.279111],[123.891191,10.289384],[123.897023,10.2887],[123.907044,10.291222],[123.911681,10.299608],[123.925486,10.311266],[123.927654,10.311224],[123.940286,10.321197],[123.949604,10.319077],[123.95681,10.321676],[123.967812,10.329845],[123.971191,10.337151],[123.975877,10.340096],[123.973596,10.346449],[123.964514,10.352246],[123.960783,10.357972],[123.967604,10.360328],[123.971686,10.357523],[123.969586,10.350148],[123.977918,10.349212],[123.984466,10.353869],[124.000821,10.359148],[124.004909,10.364245],[124.010028,10.374664],[124.021273,10.38335],[124.019054,10.386792],[124.012405,10.387253],[124.002488,10.397199],[123.998779,10.407826],[123.998669,10.415602],[124.004402,10.420843],[124.010596,10.435787],[124.010031,10.444398],[124.014948,10.459162],[124.020892,10.469161],[124.02112,10.477969],[124.032213,10.496693],[124.03336,10.502788],[124.02787,10.51036],[124.028228,10.51736],[124.032861,10.528643],[124.02936,10.535065],[124.03555,10.552118],[124.029049,10.550924],[124.026522,10.557273],[124.023123,10.559498],[124.021795,10.572389],[124.027224,10.578662],[124.018487,10.585124],[124.021864,10.591269],[124.027289,10.589094],[124.032674,10.595323],[124.025955,10.60495],[124.027585,10.613465],[124.026925,10.624563],[124.028692,10.633865],[124.025853,10.637756],[124.026104,10.646769],[124.020991,10.659594],[124.021494,10.668721],[124.01771,10.675711],[124.012132,10.70328],[124.016165,10.714743],[124.014954,10.727045],[124.016536,10.730301],[124.011384,10.736877],[124.004824,10.748124],[124.005729,10.762047],[124.010259,10.768489],[124.027172,10.779119],[124.033885,10.7959],[124.034334,10.812149],[124.029492,10.826189],[124.032414,10.841215],[124.037077,10.840318],[124.041552,10.84991],[124.040388,10.861243],[124.046867,10.86856],[124.0481,10.8786],[124.053726,10.8797],[124.05182,10.893074],[124.045515,10.907459],[124.04516,10.910601],[124.035188,10.912628],[124.035555,10.917468],[124.030503,10.927845],[124.033145,10.933397],[124.031194,10.936596],[124.031256,10.944919],[124.038376,10.953143],[124.041436,10.962892],[124.041026,10.971643],[124.044286,10.976811],[124.042395,10.985531],[124.044675,10.990241],[124.039963,11.015501],[124.038112,11.018711],[124.039617,11.031317],[124.037309,11.039767],[124.0423,11.054581],[124.034755,11.054583],[124.032211,11.057422],[124.021707,11.057014],[124.011301,11.058704],[124.00817,11.053965],[123.997206,11.054197],[123.993353,11.059747],[123.997138,11.066216],[123.997124,11.070475],[123.988573,11.076436],[123.993608,11.094446],[124.000227,11.097818],[124.000096,11.102484],[124.005405,11.107611],[124.010995,11.119919],[124.013631,11.123095],[124.019479,11.122399],[124.023027,11.126765],[124.027875,11.141923],[124.035405,11.148729],[124.036413,11.164694],[124.035085,11.169182],[124.038788,11.188179],[124.037371,11.205877],[124.04276,11.21087],[124.04202,11.21466],[124.04884,11.230318],[124.052889,11.232454],[124.062136,11.241297],[124.069665,11.254114],[124.059861,11.257934],[124.056998,11.262708],[124.058259,11.269051],[124.062592,11.273686],[124.061783,11.278883],[124.055242,11.281063],[124.037486,11.278141],[124.025609,11.279643],[124.018624,11.269731],[124.001452,11.271809],[123.995366,11.265257],[123.998061,11.250107],[123.994486,11.236088],[123.986989,11.224503],[123.969946,11.212524],[123.958123,11.203009],[123.94407,11.185429],[123.944879,11.179004],[123.942114,11.159924],[123.950565,11.138941],[123.959273,11.125995],[123.964238,11.123043],[123.956267,11.113986],[123.959303,11.110707],[123.955577,11.101708],[123.958985,11.098808],[123.960507,11.090582],[123.967376,11.085122],[123.965782,11.08107],[123.958115,11.08686],[123.951066,11.087794],[123.942334,11.09639],[123.937305,11.107426],[123.933014,11.104325],[123.932371,11.091188],[123.936239,11.076648],[123.935252,11.068022],[123.93154,11.06253],[123.91802,11.04922],[123.914467,11.048436],[123.908775,11.040622],[123.902139,11.035452],[123.901346,11.029343],[123.904437,11.023443],[123.91478,11.00956],[123.922329,11.002078],[123.926397,11.007775],[123.929617,11.002917],[123.929696,10.989711],[123.926908,10.983367],[123.928543,10.979366],[123.925876,10.970989],[123.918809,10.963167],[123.921472,10.949762],[123.913156,10.944345],[123.91323,10.937372],[123.904355,10.935892],[123.901477,10.930399],[123.898086,10.917602],[123.892812,10.907501],[123.889012,10.892538],[123.884976,10.884536],[123.880827,10.870813],[123.881054,10.865986],[123.876634,10.859918],[123.871523,10.842444],[123.868991,10.837254],[123.866586,10.821448],[123.868205,10.820014],[123.863207,10.80741],[123.853749,10.799726],[123.84014,10.775211],[123.837516,10.773071],[123.83896,10.762302],[123.831115,10.755023],[123.831505,10.748669],[123.834325,10.742986],[123.831145,10.733349],[123.819834,10.728022],[123.801974,10.722952],[123.799421,10.714601],[123.791596,10.706873],[123.794134,10.699386],[123.791166,10.692056],[123.784041,10.685002],[123.774287,10.669033],[123.769897,10.667617],[123.760746,10.655682],[123.755388,10.644802],[123.743179,10.634195],[123.740663,10.629836],[123.744931,10.623909],[123.746855,10.614185],[123.740292,10.600041],[123.734945,10.593143],[123.729929,10.575656],[123.726226,10.571538],[123.717845,10.570846],[123.71185,10.567434],[123.712111,10.55201],[123.703841,10.543868],[123.706327,10.535033],[123.705051,10.525129],[123.702891,10.521705],[123.704864,10.511157],[123.710483,10.508587],[123.714169,10.497584],[123.707768,10.494293],[123.701677,10.48463],[123.687427,10.481649],[123.689664,10.463684],[123.675752,10.455713],[123.674567,10.451281],[123.676686,10.441367],[123.672544,10.435046],[123.668609,10.433146],[123.666489,10.412798],[123.652098,10.408292],[123.643212,10.402691],[123.642575,10.397673],[123.637352,10.386051],[123.637601,10.378618],[123.630758,10.373379],[123.623977,10.370585],[123.622756,10.367039],[123.614806,10.364789],[123.613117,10.358017],[123.609031,10.355107],[123.591986,10.347929],[123.581233,10.32896],[123.579617,10.322255],[123.585386,10.30699],[123.578586,10.293663],[123.581919,10.285865],[123.58146,10.274717],[123.583601,10.268804],[123.582413,10.263605],[123.569999,10.247681],[123.56053,10.240272],[123.551822,10.231515],[123.539544,10.207896],[123.536048,10.205585],[123.525851,10.190832],[123.515892,10.164215],[123.517172,10.152702],[123.51146,10.144368],[123.496086,10.12889],[123.491858,10.116782],[123.483149,10.118559],[123.479112,10.114062],[123.477172,10.107844],[123.468304,10.095901],[123.453822,10.084798],[123.444791,10.074219],[123.446107,10.064977],[123.438908,10.058973],[123.425296,10.059723],[123.414604,10.051748],[123.410404,10.033651],[123.407042,10.02837],[123.405849,10.022005],[123.40877,10.013826],[123.409994,10.003745],[123.401191,9.98894],[123.399152,9.982361],[123.403478,9.977747],[123.401987,9.973919],[123.39595,9.973925],[123.391368,9.970869],[123.389465,9.97903],[123.384696,9.986718],[123.382298,9.99744],[123.375434,9.997037],[123.371214,9.993497],[123.368289,9.984286],[123.371723,9.974627],[123.368817,9.958655],[123.366017,9.95278],[123.366242,9.946394],[123.374918,9.93438],[123.38818,9.937515],[123.393892,9.93537],[123.3977,9.928],[123.39975,9.909805],[123.401851,9.904653],[123.399653,9.900086],[123.400022,9.893518],[123.39757,9.876257],[123.391424,9.873191],[123.386393,9.864848],[123.380173,9.868069],[123.370864,9.869457],[123.367732,9.856819],[123.370219,9.845394],[123.373249,9.842171],[123.373143,9.832097],[123.371238,9.828783],[123.372433,9.820931],[123.365685,9.807576],[123.357687,9.799667],[123.346181,9.791349],[123.343888,9.779948],[123.346226,9.769092],[123.341947,9.75037],[123.339609,9.743793],[123.339793,9.725948],[123.338594,9.713417],[123.336555,9.710059],[123.334681,9.699836],[123.326692,9.680472],[123.324438,9.666278],[123.324256,9.652703],[123.32248,9.647897],[123.32605,9.637685],[123.32235,9.62165],[123.318926,9.617526],[123.320695,9.611407],[123.317134,9.596169],[123.315576,9.585173],[123.316556,9.580137],[123.311643,9.573678],[123.309109,9.556473],[123.30485,9.541313],[123.305344,9.53187],[123.300958,9.517665],[123.300956,9.511308],[123.298338,9.49994],[123.299089,9.495832],[123.296396,9.479893],[123.298525,9.465638],[123.301651,9.458194],[123.302799,9.443814],[123.300163,9.430184],[123.300274,9.418496],[123.322708,9.413278],[123.332492,9.413467],[123.342956,9.417536],[123.353915,9.425334],[123.36357,9.436195],[123.376503,9.454027],[123.378939,9.461983],[123.384908,9.473761],[123.392683,9.483909],[123.397948,9.493917],[123.411807,9.504521],[123.414765,9.50564],[123.427205,9.51664],[123.435903,9.521001],[123.438638,9.530013],[123.448297,9.545079],[123.451669,9.547258],[123.453428,9.555125],[123.457261,9.561261],[123.462799,9.565551],[123.469325,9.578842],[123.472557,9.59343],[123.478175,9.600574],[123.473065,9.605019],[123.475356,9.613707],[123.480638,9.623353],[123.48015,9.630024],[123.483577,9.632309],[123.495377,9.661626],[123.50173,9.665892],[123.502452,9.680654],[123.506558,9.686288],[123.510686,9.697929],[123.510616,9.72608],[123.50948,9.730052],[123.513885,9.741264],[123.522291,9.750558],[123.536153,9.756284],[123.536438,9.765325],[123.531004,9.774225],[123.532701,9.780981],[123.537395,9.787883],[123.534594,9.795338],[123.537074,9.805354],[123.542366,9.805631],[123.546732,9.811489],[123.552571,9.810816],[123.559463,9.816119],[123.560971,9.820815],[123.56109,9.832029],[123.566301,9.839085],[123.565832,9.843667],[123.569044,9.851524],[123.583568,9.866649],[123.592166,9.87151],[123.6036,9.874521],[123.60821,9.874482],[123.610388,9.887577],[123.605908,9.894977],[123.610235,9.909007],[123.61605,9.922719],[123.620051,9.9289],[123.624838,9.949173],[123.620997,9.952044],[123.620037,9.958642],[123.622058,9.971288],[123.624883,9.978782],[123.619254,9.984784],[123.614798,9.993736],[123.615582,10.000085],[123.619759,10.003508],[123.621812,10.017643],[123.621208,10.030724],[123.624526,10.035118],[123.628599,10.057591],[123.633905,10.057156],[123.640046,10.070315],[123.639573,10.080005],[123.641222,10.084699],[123.649341,10.08609],[123.651875,10.090534],[123.656368,10.091582],[123.663154,10.087264],[123.65932,10.083847],[123.678469,10.083682],[123.681767,10.087562],[123.683649,10.114119],[123.685824,10.116812],[123.688437,10.128606],[123.694181,10.141327],[123.696471,10.1421],[123.701431,10.151743],[123.7113,10.159599],[123.710983,10.162802],[123.720569,10.169172],[123.723887,10.174968],[123.729016,10.178492],[123.735573,10.179814],[123.737174,10.183561],[123.744527,10.186719],[123.748604,10.19384],[123.756432,10.196524],[123.761169,10.207287],[123.759929,10.213702],[123.762794,10.221669],[123.767882,10.227345],[123.785489,10.230671],[123.793609,10.236019],[123.799206,10.237958],[123.821868,10.238184],[123.834176,10.234177],[123.848002,10.240667],[123.854254,10.247004],[123.863144,10.248475],[123.872318,10.260483]]],[[[123.379701,9.89297],[123.376045,9.889882],[123.372973,9.882921],[123.373007,9.876847],[123.381896,9.874638],[123.383871,9.884947],[123.383451,9.891317],[123.379701,9.89297]]],[[[123.757827,11.151256],[123.774471,11.149579],[123.78378,11.146224],[123.792551,11.147433],[123.795043,11.150543],[123.800542,11.150342],[123.809668,11.153189],[123.80594,11.163341],[123.807049,11.165391],[123.80113,11.174217],[123.792339,11.178051],[123.782365,11.1867],[123.774585,11.19662],[123.775452,11.201512],[123.768086,11.2103],[123.766187,11.224938],[123.761619,11.236798],[123.758183,11.255436],[123.755368,11.262115],[123.75663,11.267717],[123.752361,11.274078],[123.748477,11.28666],[123.740933,11.295231],[123.729666,11.301211],[123.719863,11.283708],[123.714853,11.266337],[123.708841,11.252488],[123.699243,11.244649],[123.693086,11.231487],[123.687986,11.2255],[123.690168,11.218114],[123.699077,11.213151],[123.703433,11.196675],[123.706189,11.195771],[123.713062,11.180827],[123.717198,11.166728],[123.722703,11.16678],[123.727038,11.162768],[123.728164,11.157854],[123.717566,11.148342],[123.721195,11.145261],[123.720803,11.137205],[123.732868,11.138631],[123.742886,11.143387],[123.742417,11.146808],[123.757827,11.151256]]],[[[123.645874,11.141897],[123.6483,11.14396],[123.64347,11.149457],[123.63942,11.147619],[123.645874,11.141897]]],[[[123.701387,11.128373],[123.700943,11.117393],[123.70821,11.118631],[123.708951,11.125614],[123.701387,11.128373]]],[[[123.662304,11.093133],[123.671515,11.096165],[123.673494,11.099713],[123.670344,11.105811],[123.666527,11.103964],[123.662304,11.093133]]],[[[123.636453,11.066223],[123.640771,11.070563],[123.649145,11.073717],[123.653492,11.078307],[123.657915,11.093033],[123.65209,11.089751],[123.647404,11.093122],[123.645955,11.086369],[123.638956,11.082147],[123.638852,11.078453],[123.632178,11.073881],[123.636453,11.066223]]],[[[123.623946,11.045394],[123.633289,11.052317],[123.635046,11.05928],[123.62957,11.059288],[123.624811,11.056436],[123.621285,11.048791],[123.623946,11.045394]]],[[[123.969327,10.260317],[123.968606,10.25572],[123.976118,10.254103],[123.983111,10.258501],[123.992489,10.271522],[123.993319,10.277751],[123.999179,10.28209],[123.998851,10.285488],[124.006767,10.287558],[124.015258,10.295975],[124.017006,10.30059],[124.025452,10.313112],[124.033208,10.316442],[124.044833,10.33091],[124.040444,10.331495],[124.035088,10.328252],[124.025636,10.318153],[124.016802,10.313072],[124.008618,10.311977],[123.999186,10.317228],[123.993329,10.322162],[123.990163,10.333261],[123.98052,10.332031],[123.975687,10.32773],[123.969464,10.325755],[123.95895,10.317638],[123.954754,10.317794],[123.937831,10.306266],[123.935847,10.302451],[123.934027,10.291152],[123.924145,10.280087],[123.922621,10.269856],[123.925126,10.265453],[123.930684,10.263725],[123.935495,10.268401],[123.939337,10.265453],[123.931943,10.25121],[123.946507,10.242257],[123.956748,10.250718],[123.959319,10.254293],[123.969327,10.260317]]],[[[124.093048,11.523164],[124.092192,11.513903],[124.098729,11.505518],[124.103007,11.506118],[124.105053,11.513319],[124.099683,11.520592],[124.093048,11.523164]]],[[[124.116802,11.347984],[124.110357,11.34383],[124.113769,11.337495],[124.113218,11.326869],[124.118868,11.326633],[124.121861,11.330461],[124.118195,11.334331],[124.1188,11.340293],[124.116802,11.347984]]],[[[123.922795,11.195301],[123.917807,11.194198],[123.914884,11.189502],[123.920741,11.172741],[123.924378,11.172209],[123.926054,11.181661],[123.925414,11.194173],[123.922795,11.195301]]],[[[124.564082,10.81403],[124.547829,10.806509],[124.540291,10.804715],[124.531869,10.798193],[124.524165,10.790383],[124.514222,10.774606],[124.502172,10.761088],[124.495934,10.75237],[124.493818,10.743715],[124.501392,10.729014],[124.507774,10.732443],[124.515849,10.733632],[124.535199,10.74597],[124.53989,10.754082],[124.546031,10.758754],[124.548024,10.763293],[124.55646,10.773773],[124.553744,10.778184],[124.556902,10.79181],[124.564211,10.794869],[124.568231,10.802574],[124.568828,10.80939],[124.564082,10.81403]]],[[[124.45721,10.629786],[124.464014,10.634465],[124.472165,10.634921],[124.486805,10.637529],[124.495002,10.642534],[124.501028,10.644452],[124.511769,10.652986],[124.516484,10.660315],[124.516264,10.666395],[124.512914,10.675606],[124.509008,10.679801],[124.496723,10.684742],[124.486167,10.698255],[124.476456,10.702967],[124.461558,10.708589],[124.452096,10.714706],[124.441997,10.717511],[124.430692,10.717302],[124.42389,10.714038],[124.412756,10.705627],[124.409757,10.69821],[124.39984,10.685176],[124.397206,10.676716],[124.39543,10.663968],[124.391211,10.657656],[124.390403,10.650795],[124.381455,10.649003],[124.379465,10.654531],[124.379941,10.660555],[124.377353,10.666777],[124.377606,10.681932],[124.374078,10.690289],[124.360745,10.696035],[124.348847,10.706036],[124.344267,10.708621],[124.336584,10.707245],[124.317618,10.709848],[124.316091,10.702567],[124.311805,10.696386],[124.309492,10.685641],[124.309365,10.669576],[124.311059,10.666214],[124.30472,10.653178],[124.304657,10.645207],[124.300351,10.641628],[124.298721,10.634793],[124.292201,10.626511],[124.288466,10.625135],[124.286508,10.619896],[124.277991,10.612401],[124.273401,10.595535],[124.276094,10.589815],[124.281999,10.587314],[124.296459,10.586009],[124.304338,10.589522],[124.31245,10.586653],[124.315333,10.591865],[124.324813,10.601426],[124.328696,10.602331],[124.335403,10.608743],[124.343944,10.60854],[124.355018,10.617766],[124.359058,10.618407],[124.364205,10.614099],[124.372407,10.621389],[124.380658,10.62324],[124.381168,10.631883],[124.384033,10.637859],[124.381957,10.643031],[124.392867,10.641316],[124.392753,10.637414],[124.401126,10.628563],[124.410151,10.626846],[124.413895,10.629319],[124.423758,10.626718],[124.437427,10.628139],[124.441351,10.62699],[124.447684,10.629132],[124.45721,10.629786]]],[[[124.315693,10.725849],[124.314852,10.720538],[124.321245,10.71875],[124.320122,10.724421],[124.315693,10.725849]]],[[[123.883763,11.312573],[123.883906,11.301417],[123.887757,11.295924],[123.890912,11.296176],[123.898733,11.304432],[123.898828,11.321984],[123.902023,11.326838],[123.901397,11.34602],[123.898821,11.350726],[123.89074,11.347525],[123.884662,11.333116],[123.886438,11.326763],[123.885479,11.314859],[123.883763,11.312573]]],[[[123.82027,11.215168],[123.8129,11.212184],[123.811614,11.20425],[123.81331,11.198314],[123.811555,11.19405],[123.819722,11.190008],[123.824419,11.192407],[123.829274,11.204798],[123.828003,11.211649],[123.82027,11.215168]]],[[[124.069717,10.288827],[124.061785,10.286276],[124.051448,10.280583],[124.056127,10.271677],[124.0413,10.262972],[124.030437,10.259184],[124.02903,10.254863],[124.023244,10.247162],[124.02781,10.24226],[124.036438,10.241703],[124.046997,10.24486],[124.046123,10.250499],[124.042514,10.255831],[124.050681,10.25552],[124.050829,10.248414],[124.047842,10.245211],[124.051783,10.236486],[124.05421,10.237026],[124.057845,10.242714],[124.064931,10.261037],[124.073917,10.281549],[124.073767,10.287517],[124.069717,10.288827]]],[[[124.044508,10.238487],[124.042623,10.234932],[124.049087,10.231431],[124.052994,10.234499],[124.050242,10.237506],[124.047887,10.243783],[124.044508,10.238487]]],[[[124.03168,10.213836],[124.042382,10.217549],[124.038606,10.224241],[124.03168,10.213836]]],[[[125.323131,12.282185],[125.329339,12.281112],[125.336284,12.2739],[125.341045,12.282745],[125.342167,12.290616],[125.337799,12.29706],[125.329421,12.297996],[125.333396,12.307464],[125.338886,12.309024],[125.337672,12.316446],[125.332655,12.317361],[125.329784,12.310508],[125.324615,12.307691],[125.323064,12.301597],[125.318556,12.29896],[125.309637,12.298951],[125.301678,12.29529],[125.299032,12.291553],[125.293211,12.290057],[125.293137,12.296903],[125.287629,12.299475],[125.291599,12.307429],[125.297251,12.303885],[125.303989,12.313996],[125.302838,12.319691],[125.311093,12.32211],[125.319996,12.326975],[125.31641,12.331366],[125.312206,12.327151],[125.306249,12.333843],[125.298877,12.327613],[125.290061,12.330779],[125.286301,12.337136],[125.287228,12.340599],[125.292835,12.343836],[125.287066,12.347679],[125.286325,12.35632],[125.293391,12.361088],[125.297107,12.359574],[125.303304,12.361129],[125.304995,12.365804],[125.29816,12.366942],[125.299336,12.376923],[125.305401,12.388939],[125.298649,12.396827],[125.30389,12.401463],[125.310956,12.397468],[125.318951,12.398701],[125.323473,12.401262],[125.332155,12.396435],[125.334513,12.408068],[125.320158,12.413309],[125.314226,12.41165],[125.308859,12.41359],[125.300943,12.421422],[125.288953,12.444973],[125.28962,12.451349],[125.293148,12.45655],[125.291269,12.467958],[125.279089,12.474339],[125.269785,12.477485],[125.262545,12.47238],[125.256411,12.478842],[125.265667,12.489096],[125.255892,12.492727],[125.253334,12.498224],[125.24788,12.504314],[125.241691,12.50698],[125.24021,12.512981],[125.233003,12.515103],[125.225564,12.522576],[125.214256,12.523306],[125.210628,12.534128],[125.205008,12.534158],[125.19951,12.536973],[125.181954,12.556364],[125.170407,12.561937],[125.161608,12.567487],[125.157342,12.573071],[125.151587,12.574037],[125.145339,12.584826],[125.141135,12.580964],[125.142306,12.574265],[125.125262,12.569259],[125.117413,12.565099],[125.110119,12.563813],[125.107021,12.569461],[125.101497,12.570097],[125.099186,12.576126],[125.100026,12.581221],[125.08697,12.582448],[125.079881,12.577355],[125.072817,12.578822],[125.074214,12.572299],[125.072069,12.569525],[125.080904,12.559726],[125.079437,12.545135],[125.081042,12.541031],[125.073921,12.535619],[125.067451,12.538801],[125.061631,12.538092],[125.05783,12.541128],[125.060762,12.546705],[125.050203,12.543451],[125.040616,12.535187],[125.033754,12.534648],[125.029243,12.530364],[125.025146,12.532391],[125.023334,12.536189],[125.020414,12.550065],[125.017322,12.552235],[125.013043,12.564609],[125.006926,12.565484],[125.001637,12.559327],[124.987996,12.552214],[124.973558,12.551128],[124.960962,12.560212],[124.964256,12.564141],[124.959346,12.575912],[124.961968,12.58196],[124.955994,12.584077],[124.953615,12.578529],[124.945537,12.575769],[124.942826,12.571737],[124.930271,12.566876],[124.903194,12.567001],[124.892501,12.57165],[124.886617,12.577939],[124.875849,12.577296],[124.874931,12.579208],[124.863539,12.581838],[124.863341,12.578125],[124.874572,12.574987],[124.88257,12.565843],[124.880646,12.554357],[124.870577,12.541522],[124.85757,12.532978],[124.839168,12.529425],[124.829555,12.529007],[124.810796,12.531652],[124.802235,12.536865],[124.801411,12.541349],[124.783897,12.533184],[124.77368,12.527577],[124.765198,12.528251],[124.761302,12.523599],[124.747186,12.516792],[124.734814,12.51501],[124.71941,12.51449],[124.712299,12.517162],[124.70495,12.512281],[124.695678,12.514904],[124.687105,12.512826],[124.676858,12.508695],[124.67121,12.508937],[124.664726,12.513422],[124.655349,12.515154],[124.647201,12.508351],[124.633052,12.508202],[124.62156,12.512279],[124.616188,12.512451],[124.603347,12.517648],[124.58885,12.521211],[124.568528,12.529066],[124.557953,12.527855],[124.554376,12.52396],[124.548503,12.523963],[124.540107,12.52709],[124.535126,12.525978],[124.530924,12.5213],[124.522152,12.522337],[124.511507,12.519423],[124.499974,12.528024],[124.494442,12.533769],[124.48662,12.533886],[124.481889,12.528396],[124.477307,12.536653],[124.473355,12.536839],[124.471245,12.527852],[124.466452,12.521417],[124.459459,12.525092],[124.459084,12.529821],[124.466528,12.534668],[124.467408,12.540694],[124.457605,12.541007],[124.456265,12.535168],[124.449523,12.533458],[124.436003,12.536118],[124.429826,12.530342],[124.423417,12.5335],[124.423776,12.538001],[124.420807,12.545164],[124.413055,12.549368],[124.407795,12.547054],[124.399964,12.549203],[124.4059,12.561151],[124.38753,12.563447],[124.392344,12.551534],[124.389529,12.54624],[124.381578,12.546005],[124.379407,12.549547],[124.374369,12.5462],[124.371445,12.554362],[124.357895,12.552044],[124.357056,12.538128],[124.353426,12.536357],[124.348209,12.540209],[124.345314,12.545724],[124.338049,12.544866],[124.339652,12.540138],[124.329304,12.535263],[124.324662,12.54488],[124.326331,12.548737],[124.320409,12.551802],[124.317282,12.559093],[124.305362,12.562961],[124.298569,12.563925],[124.297302,12.574786],[124.28889,12.582767],[124.281094,12.582596],[124.274113,12.573534],[124.270269,12.571358],[124.272895,12.566727],[124.266203,12.559618],[124.262679,12.55077],[124.262805,12.544582],[124.267358,12.541207],[124.273013,12.525034],[124.277382,12.522761],[124.282675,12.516196],[124.284116,12.505735],[124.281192,12.496749],[124.28688,12.488141],[124.28236,12.478191],[124.289313,12.465164],[124.29042,12.460692],[124.301917,12.455078],[124.307783,12.448493],[124.31105,12.442353],[124.310731,12.437535],[124.315767,12.430853],[124.322054,12.427265],[124.32248,12.417846],[124.324472,12.40664],[124.32292,12.402506],[124.328741,12.390059],[124.32896,12.378831],[124.332351,12.374867],[124.335583,12.382016],[124.340978,12.376099],[124.335165,12.36766],[124.334407,12.36351],[124.33576,12.351511],[124.333173,12.348028],[124.336763,12.332631],[124.342208,12.317256],[124.338374,12.314784],[124.343471,12.30724],[124.347233,12.298891],[124.345436,12.291979],[124.354721,12.28894],[124.357393,12.281709],[124.36023,12.266709],[124.362727,12.260109],[124.366725,12.256283],[124.370264,12.24376],[124.377577,12.229713],[124.378094,12.224125],[124.383516,12.21779],[124.388121,12.199529],[124.390456,12.195107],[124.402268,12.189613],[124.40697,12.184386],[124.416345,12.18025],[124.421899,12.168434],[124.426518,12.169871],[124.43551,12.162599],[124.438773,12.163597],[124.450472,12.152978],[124.454534,12.142667],[124.452696,12.138529],[124.461858,12.137155],[124.468463,12.125741],[124.472528,12.121865],[124.473831,12.112619],[124.479591,12.108965],[124.48382,12.103002],[124.49115,12.098352],[124.493793,12.099169],[124.503906,12.090716],[124.500189,12.083191],[124.507102,12.081652],[124.511974,12.082714],[124.517324,12.076964],[124.521252,12.075997],[124.527896,12.063509],[124.536155,12.062857],[124.535743,12.058264],[124.546233,12.059012],[124.566385,12.066567],[124.577389,12.065144],[124.594274,12.065974],[124.605179,12.062412],[124.616581,12.056536],[124.635179,12.05254],[124.649417,12.043323],[124.66462,12.027874],[124.674579,12.021085],[124.67678,12.015674],[124.683315,12.010728],[124.692535,12.00642],[124.690236,12.003768],[124.689825,11.994404],[124.692599,11.985363],[124.686508,11.976529],[124.691454,11.962474],[124.699826,11.952807],[124.705082,11.945017],[124.71323,11.942155],[124.714632,11.945412],[124.720862,11.944224],[124.72654,11.933696],[124.732656,11.929117],[124.742169,11.926678],[124.747811,11.918701],[124.749165,11.913428],[124.746186,11.907875],[124.744994,11.896082],[124.751467,11.898341],[124.755919,11.902691],[124.763473,11.897617],[124.765132,11.905296],[124.771603,11.904548],[124.782302,11.909005],[124.788705,11.909745],[124.794032,11.912979],[124.80146,11.907243],[124.80969,11.906456],[124.807592,11.901052],[124.814653,11.891079],[124.811782,11.888166],[124.803444,11.893185],[124.797193,11.904557],[124.793368,11.902807],[124.793208,11.894641],[124.798961,11.886424],[124.786111,11.88481],[124.780718,11.881644],[124.785188,11.875688],[124.788988,11.877308],[124.794832,11.87049],[124.789254,11.868979],[124.785041,11.862095],[124.797911,11.858704],[124.799976,11.853323],[124.803938,11.851581],[124.804469,11.843988],[124.811647,11.843682],[124.818828,11.845888],[124.82421,11.83587],[124.835887,11.830416],[124.835825,11.822304],[124.839347,11.8173],[124.83741,11.814516],[124.830316,11.812243],[124.824049,11.8152],[124.830953,11.799222],[124.835433,11.798404],[124.839954,11.80273],[124.836178,11.807286],[124.836393,11.812406],[124.842624,11.816871],[124.850003,11.812226],[124.856435,11.813658],[124.860482,11.804342],[124.865112,11.797996],[124.865846,11.791501],[124.863644,11.786953],[124.868262,11.782089],[124.872252,11.785077],[124.877302,11.782189],[124.885151,11.762437],[124.884579,11.7567],[124.892694,11.750743],[124.900976,11.754975],[124.902548,11.7496],[124.908644,11.740831],[124.918954,11.743233],[124.928392,11.749197],[124.934829,11.750332],[124.93774,11.754044],[124.951314,11.761198],[124.956754,11.760271],[124.959893,11.767301],[124.972255,11.767916],[124.973399,11.772391],[124.97985,11.772617],[124.994757,11.777709],[124.999589,11.77541],[125.012105,11.778609],[125.016077,11.774965],[125.022387,11.76553],[125.028512,11.767054],[125.032458,11.765026],[125.044419,11.749525],[125.038684,11.742723],[125.040637,11.737484],[125.031316,11.737154],[125.023578,11.729388],[125.017895,11.718043],[125.019455,11.712485],[125.01386,11.710238],[125.009679,11.702849],[125.004532,11.699831],[125.002458,11.695383],[124.995818,11.69068],[124.99291,11.686142],[124.981386,11.680819],[124.976014,11.67466],[124.973487,11.667136],[124.97712,11.654257],[124.988832,11.638585],[124.989658,11.627288],[124.994698,11.619385],[124.991149,11.611812],[124.984979,11.616965],[124.971843,11.608383],[124.966839,11.600741],[124.957299,11.596382],[124.958048,11.585676],[124.960235,11.582479],[124.949503,11.571945],[124.937276,11.573968],[124.927166,11.567218],[124.920221,11.569636],[124.910513,11.576536],[124.896227,11.573141],[124.889359,11.57865],[124.885755,11.573975],[124.879429,11.574576],[124.880178,11.568405],[124.877299,11.566337],[124.877717,11.560437],[124.88269,11.555411],[124.893216,11.554459],[124.896027,11.547315],[124.893664,11.53873],[124.886884,11.533938],[124.8799,11.535593],[124.871904,11.533337],[124.867511,11.542324],[124.860206,11.547161],[124.852426,11.540135],[124.848794,11.541725],[124.841628,11.531533],[124.834756,11.530468],[124.832574,11.512759],[124.821852,11.510847],[124.824727,11.505212],[124.831699,11.498439],[124.829726,11.490717],[124.831578,11.478184],[124.838063,11.474824],[124.840298,11.465541],[124.845748,11.466065],[124.851897,11.463243],[124.875519,11.472506],[124.886322,11.471965],[124.884848,11.485544],[124.892857,11.494676],[124.890968,11.501512],[124.894175,11.5072],[124.906486,11.497041],[124.899554,11.492502],[124.900825,11.483339],[124.902909,11.481681],[124.902336,11.470666],[124.91027,11.470798],[124.914706,11.468024],[124.919296,11.459595],[124.929996,11.454863],[124.935176,11.454134],[124.940649,11.448706],[124.947741,11.45249],[124.959796,11.4543],[124.963412,11.45141],[124.965049,11.44456],[124.963631,11.432241],[124.973252,11.429155],[124.977731,11.430083],[124.983636,11.424454],[124.988115,11.416668],[124.986428,11.412496],[124.987309,11.404145],[124.986014,11.395149],[124.990072,11.387514],[124.986145,11.381543],[124.98903,11.372709],[124.993178,11.369886],[124.993349,11.35125],[124.985506,11.341637],[124.982015,11.331537],[124.975528,11.325836],[124.973315,11.314617],[124.973949,11.309241],[124.979614,11.296042],[124.976697,11.289487],[124.977655,11.284695],[124.988571,11.285627],[124.997892,11.277137],[124.999908,11.269756],[125.004993,11.267874],[125.011457,11.276221],[125.019468,11.277623],[125.027832,11.274522],[125.036461,11.279044],[125.044803,11.28125],[125.052807,11.281054],[125.05491,11.278727],[125.066229,11.27787],[125.071722,11.282526],[125.085817,11.279753],[125.102222,11.279792],[125.124427,11.284243],[125.138211,11.282091],[125.15105,11.275356],[125.154623,11.267324],[125.158876,11.2651],[125.160217,11.260541],[125.167054,11.256278],[125.167283,11.249213],[125.177148,11.234172],[125.17471,11.229001],[125.182518,11.212834],[125.179557,11.201993],[125.18222,11.194795],[125.189564,11.191481],[125.194256,11.183799],[125.193696,11.171948],[125.195403,11.161473],[125.198194,11.158735],[125.200273,11.146768],[125.204592,11.142644],[125.202266,11.134233],[125.208638,11.125847],[125.212307,11.116127],[125.211802,11.109338],[125.2072,11.106226],[125.209292,11.098094],[125.214401,11.097706],[125.221484,11.091632],[125.23529,11.085928],[125.242519,11.093029],[125.245556,11.10826],[125.246633,11.122447],[125.251507,11.117599],[125.25777,11.120632],[125.264051,11.13472],[125.273892,11.13794],[125.287674,11.138814],[125.297356,11.142886],[125.301585,11.137436],[125.302425,11.132094],[125.307248,11.130246],[125.310174,11.124545],[125.316944,11.125769],[125.318413,11.116692],[125.329118,11.117976],[125.332206,11.11519],[125.338352,11.123042],[125.342996,11.120576],[125.36035,11.119491],[125.369746,11.102732],[125.378442,11.100036],[125.379285,11.105625],[125.385644,11.106605],[125.393213,11.105192],[125.40648,11.099429],[125.401327,11.092732],[125.407395,11.081845],[125.415706,11.088128],[125.428835,11.089806],[125.434803,11.096386],[125.436363,11.105404],[125.441143,11.104697],[125.44528,11.100059],[125.456771,11.102155],[125.451927,11.10997],[125.448883,11.117847],[125.452354,11.121648],[125.45648,11.118364],[125.464622,11.123379],[125.467237,11.117124],[125.47648,11.114856],[125.481201,11.10695],[125.488518,11.106681],[125.490299,11.101083],[125.501331,11.092919],[125.50085,11.086696],[125.511326,11.081447],[125.511805,11.087477],[125.516887,11.088376],[125.513506,11.100464],[125.519049,11.107224],[125.516427,11.123791],[125.52265,11.141254],[125.52504,11.132933],[125.531657,11.134321],[125.52879,11.147341],[125.535551,11.150762],[125.543565,11.151414],[125.554456,11.148956],[125.559413,11.151315],[125.570278,11.150197],[125.57155,11.147779],[125.56662,11.141501],[125.568357,11.13934],[125.562725,11.128434],[125.567892,11.127501],[125.575476,11.117147],[125.573743,11.111998],[125.57557,11.107548],[125.598704,11.116252],[125.612972,11.122721],[125.618482,11.128343],[125.624952,11.129736],[125.643058,11.138861],[125.660498,11.142384],[125.666421,11.135938],[125.661849,11.13286],[125.665351,11.116722],[125.66848,11.116826],[125.68812,11.110771],[125.691466,11.10776],[125.698748,11.108474],[125.695371,11.102292],[125.687946,11.093138],[125.683117,11.093891],[125.672649,11.087787],[125.672137,11.083909],[125.679263,11.077582],[125.683844,11.07909],[125.687478,11.07551],[125.691159,11.067851],[125.701558,11.067827],[125.70534,11.056402],[125.714565,11.045696],[125.71196,11.041383],[125.717436,11.036012],[125.722644,11.027938],[125.728531,11.025484],[125.738066,11.016048],[125.750477,11.015766],[125.754516,11.011022],[125.760907,11.023981],[125.761715,11.033987],[125.758871,11.047817],[125.750111,11.060052],[125.750324,11.065143],[125.739933,11.078103],[125.73113,11.091896],[125.718831,11.107517],[125.712149,11.112311],[125.702366,11.121576],[125.695387,11.131239],[125.688732,11.143655],[125.685084,11.161862],[125.686142,11.164418],[125.679557,11.173127],[125.674402,11.184784],[125.665131,11.1982],[125.651951,11.206739],[125.635231,11.211162],[125.627049,11.215797],[125.611346,11.228613],[125.600232,11.232417],[125.595532,11.232225],[125.590943,11.22863],[125.592196,11.221383],[125.607418,11.211119],[125.614696,11.207313],[125.621187,11.201791],[125.6178,11.197391],[125.609346,11.190703],[125.604749,11.194699],[125.599455,11.18847],[125.587697,11.187185],[125.590165,11.180395],[125.582697,11.179538],[125.574355,11.183229],[125.568304,11.18232],[125.566368,11.186028],[125.559552,11.187555],[125.556813,11.181749],[125.54581,11.192841],[125.543213,11.189205],[125.535018,11.194044],[125.533123,11.19856],[125.536542,11.201289],[125.538995,11.215223],[125.533287,11.214829],[125.534082,11.220229],[125.53741,11.223282],[125.535903,11.228707],[125.540768,11.245938],[125.547949,11.260548],[125.567456,11.271612],[125.568237,11.27734],[125.57263,11.285632],[125.590955,11.291639],[125.601117,11.296791],[125.606552,11.302015],[125.611849,11.303601],[125.609452,11.308266],[125.610775,11.312661],[125.622004,11.324718],[125.622328,11.334418],[125.62591,11.337585],[125.632445,11.337011],[125.632901,11.348698],[125.631849,11.357881],[125.622652,11.368121],[125.614083,11.369847],[125.604989,11.367716],[125.597599,11.375498],[125.601292,11.378371],[125.593536,11.384454],[125.588212,11.386806],[125.588028,11.391812],[125.584518,11.39805],[125.579164,11.399013],[125.569422,11.392598],[125.563282,11.394653],[125.561621,11.398136],[125.565265,11.40519],[125.562657,11.407191],[125.556342,11.403598],[125.553009,11.405435],[125.548819,11.412092],[125.550513,11.419662],[125.542009,11.425195],[125.539217,11.435924],[125.535172,11.435824],[125.529183,11.440061],[125.528917,11.44666],[125.522338,11.453815],[125.504363,11.451298],[125.495723,11.446895],[125.493303,11.449082],[125.49602,11.455874],[125.499657,11.455998],[125.508099,11.462167],[125.509353,11.467195],[125.519159,11.473461],[125.514036,11.47927],[125.512975,11.485341],[125.515651,11.49011],[125.512807,11.496445],[125.505919,11.504358],[125.501305,11.50233],[125.496363,11.506801],[125.497309,11.511499],[125.491751,11.52013],[125.479224,11.529267],[125.473683,11.542243],[125.469561,11.545277],[125.473427,11.54918],[125.469917,11.555541],[125.467368,11.56896],[125.46864,11.579686],[125.474821,11.590928],[125.471735,11.593059],[125.459618,11.592972],[125.454285,11.587545],[125.4489,11.589224],[125.443054,11.595295],[125.441692,11.601537],[125.447437,11.60593],[125.440007,11.60845],[125.438365,11.614696],[125.439701,11.619645],[125.450529,11.627039],[125.457353,11.629104],[125.458548,11.637372],[125.462597,11.642358],[125.462626,11.646162],[125.45721,11.647966],[125.455413,11.65557],[125.448902,11.653687],[125.446621,11.658133],[125.448759,11.662302],[125.456099,11.662613],[125.451896,11.668891],[125.461438,11.668368],[125.46579,11.673735],[125.477315,11.666212],[125.481996,11.665362],[125.485211,11.669395],[125.492487,11.671231],[125.48438,11.681775],[125.479552,11.680346],[125.473064,11.681874],[125.474564,11.686398],[125.482095,11.691175],[125.480799,11.698742],[125.474487,11.698689],[125.471714,11.708291],[125.474555,11.717692],[125.470161,11.723249],[125.468621,11.730432],[125.470232,11.735521],[125.462265,11.750869],[125.461558,11.759227],[125.456629,11.75932],[125.442962,11.745727],[125.437307,11.744788],[125.425642,11.748996],[125.433642,11.756348],[125.417729,11.752597],[125.414339,11.754957],[125.414531,11.763288],[125.41868,11.765815],[125.426961,11.766966],[125.429329,11.776687],[125.434123,11.769853],[125.439412,11.772316],[125.439633,11.781262],[125.448493,11.771456],[125.455763,11.773883],[125.462414,11.77227],[125.465712,11.777788],[125.471409,11.782453],[125.47373,11.788876],[125.473214,11.798289],[125.464478,11.806011],[125.464656,11.816382],[125.457489,11.819884],[125.451613,11.815782],[125.439061,11.821001],[125.435261,11.827984],[125.438972,11.839934],[125.435344,11.849013],[125.43521,11.857665],[125.44377,11.869236],[125.434429,11.869043],[125.428295,11.875452],[125.424857,11.888706],[125.421271,11.891629],[125.420694,11.897222],[125.425301,11.914298],[125.423227,11.917255],[125.427984,11.924083],[125.423133,11.925019],[125.422555,11.929985],[125.433325,11.935478],[125.428638,11.942475],[125.431685,11.95018],[125.42623,11.955871],[125.43191,11.960235],[125.436014,11.958294],[125.439368,11.967173],[125.444091,11.965389],[125.44693,11.969212],[125.448094,11.978368],[125.454421,11.996002],[125.460693,11.99886],[125.470036,12.014551],[125.480942,12.02532],[125.48632,12.027891],[125.48557,12.032374],[125.492055,12.034065],[125.491923,12.040826],[125.495408,12.046223],[125.502065,12.052024],[125.515076,12.058636],[125.515161,12.061649],[125.507886,12.064505],[125.500397,12.05952],[125.494813,12.065022],[125.496375,12.071395],[125.490663,12.074852],[125.487554,12.079692],[125.482412,12.07863],[125.480974,12.089483],[125.473962,12.090129],[125.480015,12.096812],[125.483996,12.093437],[125.489229,12.094374],[125.485926,12.102416],[125.474862,12.108223],[125.470266,12.106253],[125.469138,12.102157],[125.456185,12.097844],[125.44547,12.102],[125.438816,12.111343],[125.436644,12.125331],[125.439561,12.133341],[125.447765,12.137041],[125.452624,12.141352],[125.457356,12.142118],[125.465707,12.137792],[125.469883,12.143365],[125.473965,12.145274],[125.473904,12.151472],[125.466208,12.155371],[125.462587,12.15242],[125.455594,12.156567],[125.454131,12.16094],[125.456948,12.166778],[125.467008,12.164329],[125.474919,12.165711],[125.479303,12.168751],[125.478553,12.174604],[125.482206,12.176316],[125.488563,12.170076],[125.496012,12.172652],[125.495944,12.17906],[125.498273,12.183221],[125.50718,12.178951],[125.506581,12.172396],[125.511646,12.17169],[125.512365,12.177559],[125.515787,12.179758],[125.514981,12.19238],[125.507143,12.201048],[125.505915,12.205853],[125.497477,12.207163],[125.493513,12.212651],[125.480305,12.211022],[125.485078,12.222117],[125.478352,12.230653],[125.465727,12.23561],[125.45666,12.226865],[125.454478,12.230273],[125.463666,12.240782],[125.454339,12.257565],[125.440646,12.26619],[125.438519,12.273084],[125.433325,12.268371],[125.425116,12.277925],[125.413472,12.280516],[125.410566,12.274064],[125.407006,12.271848],[125.397838,12.280878],[125.38765,12.279829],[125.386655,12.269048],[125.375269,12.264606],[125.372422,12.270761],[125.366771,12.270372],[125.367311,12.275222],[125.362932,12.281782],[125.368304,12.290721],[125.37555,12.291744],[125.380267,12.288519],[125.384359,12.298684],[125.379874,12.302582],[125.374539,12.301397],[125.367926,12.303588],[125.364244,12.302497],[125.357574,12.305734],[125.354007,12.300593],[125.35444,12.296244],[125.358867,12.291922],[125.357944,12.287791],[125.350524,12.285799],[125.345946,12.274693],[125.338108,12.269327],[125.332429,12.270263],[125.325856,12.274846],[125.318376,12.271451],[125.323131,12.282185]]],[[[125.480355,11.647172],[125.478914,11.641055],[125.485275,11.633009],[125.489111,11.634476],[125.485702,11.641152],[125.485959,11.645943],[125.480355,11.647172]]],[[[125.497856,11.601478],[125.496468,11.597892],[125.501121,11.592638],[125.504852,11.597081],[125.50259,11.601204],[125.497856,11.601478]]],[[[125.563195,12.067855],[125.563603,12.04732],[125.557677,12.039725],[125.561912,12.037173],[125.566632,12.044509],[125.568786,12.053937],[125.567673,12.059222],[125.563195,12.067855]]],[[[125.692746,11.055332],[125.685465,11.056141],[125.679426,11.059512],[125.67672,11.054276],[125.678842,11.048281],[125.683495,11.044595],[125.690037,11.032719],[125.694634,11.0332],[125.711129,11.044008],[125.697639,11.054445],[125.692746,11.055332]]],[[[125.76908,11.03257],[125.763596,11.030084],[125.7632,11.014265],[125.771656,11.007737],[125.773289,11.003897],[125.790945,10.994171],[125.795518,10.986504],[125.800169,10.981948],[125.805989,10.971951],[125.812659,10.966652],[125.818924,10.955516],[125.821989,10.944105],[125.824733,10.93865],[125.838385,10.940517],[125.83105,10.961366],[125.826001,10.969983],[125.816452,10.974763],[125.808671,10.982607],[125.802623,10.991652],[125.798782,11.00181],[125.78918,11.012272],[125.784135,11.020531],[125.777351,11.025896],[125.773552,11.031491],[125.76908,11.03257]]],[[[125.618086,10.994658],[125.617991,10.987467],[125.623805,10.982073],[125.640631,10.974788],[125.646253,10.9791],[125.652861,10.981115],[125.656022,10.987497],[125.656287,10.995631],[125.652004,11.004207],[125.646092,11.005098],[125.634349,11.003779],[125.628842,11.00577],[125.623287,11.005019],[125.616583,11.001374],[125.618086,10.994658]]],[[[125.833062,10.938467],[125.825421,10.93777],[125.826634,10.934136],[125.834373,10.933516],[125.833062,10.938467]]],[[[125.834653,10.931745],[125.829574,10.929421],[125.837138,10.921134],[125.840089,10.921714],[125.837936,10.929967],[125.834653,10.931745]]],[[[125.691566,10.822412],[125.677065,10.811231],[125.673651,10.805164],[125.660576,10.791111],[125.658865,10.780153],[125.662427,10.773749],[125.659433,10.766772],[125.660012,10.760159],[125.663747,10.756821],[125.67041,10.746081],[125.681204,10.741874],[125.686847,10.737347],[125.702141,10.734219],[125.696347,10.73111],[125.697504,10.724898],[125.709683,10.722878],[125.718034,10.718973],[125.725179,10.717729],[125.730876,10.709658],[125.737824,10.703404],[125.744063,10.69377],[125.755154,10.688426],[125.765839,10.688493],[125.776299,10.692923],[125.782093,10.693059],[125.800532,10.691006],[125.810787,10.696652],[125.811204,10.702919],[125.818409,10.713678],[125.819967,10.717942],[125.812864,10.729706],[125.802351,10.734115],[125.783268,10.738656],[125.767252,10.738686],[125.759335,10.737401],[125.751965,10.740156],[125.746897,10.738978],[125.733822,10.739858],[125.718562,10.746038],[125.719886,10.75223],[125.710772,10.760781],[125.714355,10.77206],[125.713621,10.777278],[125.722805,10.785056],[125.727209,10.797531],[125.723995,10.805488],[125.715292,10.81267],[125.701731,10.821117],[125.691566,10.822412]]],[[[125.957435,10.775903],[125.95305,10.773126],[125.940721,10.771225],[125.948226,10.764847],[125.950083,10.757325],[125.958865,10.753741],[125.963878,10.748515],[125.969061,10.750957],[125.965753,10.76045],[125.959091,10.774773],[125.957435,10.775903]]],[[[125.551705,11.439621],[125.548006,11.431222],[125.557037,11.432342],[125.551705,11.439621]]],[[[125.55665,12.109301],[125.560537,12.105094],[125.562996,12.09876],[125.568971,12.10113],[125.56669,12.107656],[125.553738,12.117248],[125.55665,12.109301]]],[[[125.669113,11.090815],[125.676276,11.095437],[125.677963,11.101006],[125.684364,11.099592],[125.683105,11.108449],[125.678475,11.111719],[125.664013,11.111137],[125.664737,11.101962],[125.669113,11.090815]]],[[[125.577772,11.093014],[125.58542,11.099517],[125.575556,11.107277],[125.568825,11.100184],[125.572313,11.095791],[125.577772,11.093014]]],[[[125.457664,11.869259],[125.452072,11.864084],[125.457104,11.862463],[125.457664,11.869259]]],[[[125.467583,11.861965],[125.458356,11.856494],[125.453265,11.859565],[125.450167,11.855998],[125.451667,11.851847],[125.46082,11.851636],[125.467825,11.855126],[125.474171,11.850158],[125.479262,11.854429],[125.475383,11.860639],[125.467583,11.861965]]],[[[124.753926,10.185924],[124.754167,10.170893],[124.757129,10.17221],[124.758316,10.162689],[124.756756,10.159039],[124.773063,10.143651],[124.772455,10.139772],[124.77778,10.133592],[124.784339,10.137976],[124.792172,10.136507],[124.805008,10.129834],[124.815934,10.131475],[124.821163,10.129719],[124.845315,10.132546],[124.857405,10.129103],[124.872296,10.12727],[124.880778,10.125067],[124.892581,10.118686],[124.895692,10.11136],[124.899715,10.107763],[124.898897,10.097218],[124.904353,10.090327],[124.912353,10.087404],[124.919424,10.089242],[124.937216,10.080898],[124.944335,10.06925],[124.956703,10.05975],[124.966221,10.046304],[124.983225,10.035066],[124.997881,10.034554],[125.009946,10.029149],[125.013505,10.024816],[125.012714,10.019273],[125.018185,10.010099],[125.024891,10.005012],[125.028967,10.005594],[125.027273,10.012832],[125.019012,10.028449],[125.018974,10.03205],[125.025562,10.041398],[125.026369,10.048841],[125.023803,10.05294],[125.023188,10.061074],[125.023416,10.089415],[125.017953,10.100397],[125.011841,10.104007],[125.008675,10.114956],[125.007863,10.131537],[125.000182,10.144654],[125.000137,10.149947],[125.004106,10.156584],[125.000223,10.165166],[124.996235,10.168656],[124.992082,10.178162],[124.986335,10.181484],[124.983457,10.186862],[124.983273,10.196841],[124.979347,10.203327],[124.97958,10.210022],[124.977069,10.2141],[124.981408,10.221875],[124.978105,10.232382],[124.979597,10.238747],[124.984916,10.244174],[124.986628,10.255183],[124.983993,10.256288],[124.984501,10.269894],[124.981865,10.28089],[124.980748,10.29203],[124.98251,10.301968],[124.981022,10.308793],[124.975624,10.314775],[124.976584,10.31996],[124.972347,10.328307],[124.973255,10.336391],[124.975979,10.343458],[124.973137,10.353883],[124.969828,10.357445],[124.970728,10.365902],[124.968577,10.375347],[124.970313,10.377496],[124.98227,10.383065],[124.987824,10.37943],[124.995931,10.379227],[125.003927,10.381222],[125.011129,10.379178],[125.014836,10.374175],[125.025057,10.368596],[125.026113,10.35793],[125.034874,10.343159],[125.038502,10.331916],[125.03598,10.327692],[125.038241,10.31842],[125.040857,10.315427],[125.04033,10.309907],[125.049647,10.296947],[125.052096,10.292053],[125.057918,10.288778],[125.06087,10.281419],[125.060332,10.275202],[125.064389,10.272846],[125.066389,10.267177],[125.064585,10.261245],[125.073079,10.248862],[125.077411,10.230424],[125.083809,10.217275],[125.092469,10.205063],[125.09715,10.202049],[125.102814,10.193091],[125.108198,10.192707],[125.113368,10.183137],[125.116542,10.182433],[125.119191,10.173807],[125.126402,10.164174],[125.13045,10.163232],[125.136949,10.167393],[125.138989,10.173998],[125.133704,10.186942],[125.133378,10.202943],[125.129105,10.212592],[125.129735,10.220125],[125.12778,10.227496],[125.126881,10.24687],[125.12529,10.250841],[125.125702,10.261616],[125.131466,10.275482],[125.135954,10.278492],[125.141278,10.277267],[125.155138,10.268311],[125.165253,10.263942],[125.170817,10.263848],[125.175226,10.259598],[125.18774,10.256796],[125.198874,10.249691],[125.207258,10.246589],[125.215381,10.246535],[125.225406,10.248834],[125.230693,10.251595],[125.236847,10.251724],[125.249135,10.254998],[125.254327,10.259787],[125.259317,10.271002],[125.26043,10.278735],[125.263792,10.284307],[125.26803,10.299925],[125.26576,10.308527],[125.266544,10.314738],[125.265054,10.329187],[125.260584,10.345684],[125.255376,10.351757],[125.254285,10.356883],[125.259721,10.361439],[125.260336,10.367063],[125.247482,10.384795],[125.241591,10.389259],[125.239731,10.394798],[125.23379,10.394544],[125.2253,10.388246],[125.221906,10.38214],[125.214672,10.385496],[125.200468,10.399325],[125.193998,10.41209],[125.184122,10.422321],[125.179262,10.430956],[125.179831,10.436926],[125.186999,10.440942],[125.184758,10.448277],[125.187353,10.459854],[125.186797,10.464381],[125.190917,10.471379],[125.191045,10.475181],[125.185649,10.490612],[125.181514,10.494157],[125.178675,10.503502],[125.175031,10.51047],[125.169921,10.511299],[125.169716,10.515897],[125.166251,10.519629],[125.164468,10.535021],[125.173856,10.545751],[125.17614,10.555556],[125.188118,10.560948],[125.186409,10.567621],[125.18687,10.575855],[125.191521,10.578138],[125.185755,10.585416],[125.186992,10.591181],[125.184244,10.59456],[125.173868,10.600701],[125.163135,10.60944],[125.154607,10.619184],[125.149224,10.622044],[125.145705,10.634196],[125.138239,10.642389],[125.13084,10.643519],[125.127688,10.650004],[125.122205,10.650157],[125.119732,10.65447],[125.112418,10.659624],[125.109674,10.669106],[125.105589,10.672242],[125.111583,10.68827],[125.115068,10.694952],[125.107816,10.696426],[125.101772,10.702467],[125.090533,10.704483],[125.088642,10.711137],[125.071129,10.716004],[125.061238,10.711124],[125.051036,10.715623],[125.048032,10.714701],[125.04044,10.717706],[125.039173,10.729417],[125.031181,10.726604],[125.026192,10.729255],[125.023549,10.739593],[125.015498,10.745132],[125.010231,10.758545],[125.00429,10.794642],[125.003194,10.806729],[125.002862,10.827362],[125.003965,10.846307],[125.009335,10.874465],[125.019884,10.905205],[125.027978,10.922163],[125.034658,10.931893],[125.033785,10.934922],[125.036323,10.950047],[125.037597,10.969501],[125.040491,10.994292],[125.03964,10.998478],[125.040099,11.013356],[125.039343,11.029587],[125.037286,11.045604],[125.039789,11.063552],[125.037969,11.072305],[125.035204,11.074529],[125.027373,11.089135],[125.022621,11.092867],[125.021204,11.099205],[125.022292,11.114142],[125.025476,11.125047],[125.025005,11.133394],[125.016197,11.148058],[125.009059,11.154004],[125.007247,11.157829],[125.01021,11.167964],[125.019484,11.186682],[125.025639,11.196403],[125.028203,11.207559],[125.026886,11.21131],[125.03076,11.238562],[125.024214,11.236876],[125.020162,11.226625],[125.02113,11.217446],[125.024697,11.210333],[125.017846,11.209063],[125.016541,11.21223],[125.008922,11.215155],[125.004841,11.220981],[125.004152,11.227387],[125.005743,11.238185],[125.010368,11.245614],[125.008108,11.251648],[125.001431,11.251765],[124.995055,11.248411],[124.987861,11.256951],[124.982391,11.252132],[124.975491,11.25561],[124.972742,11.262412],[124.964274,11.272814],[124.962142,11.279963],[124.965079,11.286821],[124.96614,11.302215],[124.962015,11.316718],[124.965542,11.325887],[124.965116,11.330887],[124.969974,11.337151],[124.967296,11.339822],[124.967834,11.353511],[124.970093,11.365691],[124.972292,11.369313],[124.977838,11.369414],[124.97411,11.378798],[124.980086,11.396598],[124.9658,11.39147],[124.955902,11.394396],[124.951711,11.40285],[124.954515,11.405905],[124.955207,11.413101],[124.949596,11.419271],[124.94883,11.42341],[124.941735,11.428127],[124.938681,11.424494],[124.931119,11.423854],[124.927465,11.420575],[124.927627,11.41328],[124.917903,11.409203],[124.90769,11.422329],[124.903608,11.420434],[124.899993,11.407548],[124.893574,11.401589],[124.896522,11.41395],[124.889373,11.420308],[124.890615,11.428822],[124.889456,11.434477],[124.882345,11.437739],[124.873166,11.435144],[124.875042,11.425232],[124.874336,11.419135],[124.877272,11.41424],[124.872419,11.41198],[124.8664,11.415955],[124.866701,11.422923],[124.856851,11.427749],[124.84795,11.426075],[124.842681,11.42322],[124.832624,11.424189],[124.829626,11.426559],[124.823011,11.424145],[124.815961,11.429153],[124.812023,11.424409],[124.816991,11.418592],[124.808732,11.41252],[124.811464,11.407532],[124.805338,11.400438],[124.807918,11.391623],[124.80711,11.385425],[124.799362,11.377803],[124.784777,11.372109],[124.780931,11.361424],[124.777339,11.360641],[124.772076,11.353251],[124.765752,11.349362],[124.764899,11.344182],[124.745456,11.331213],[124.736631,11.329726],[124.736498,11.333414],[124.7305,11.334561],[124.728459,11.32836],[124.715198,11.315757],[124.708013,11.314042],[124.705441,11.307311],[124.694291,11.302005],[124.676838,11.302647],[124.670271,11.304648],[124.667796,11.300002],[124.662821,11.296692],[124.648269,11.29391],[124.636864,11.295071],[124.632736,11.300562],[124.614256,11.306255],[124.607286,11.311933],[124.594009,11.303829],[124.584713,11.304962],[124.580244,11.310875],[124.564746,11.324579],[124.564011,11.327586],[124.554973,11.33496],[124.550584,11.341525],[124.551369,11.349996],[124.548377,11.35341],[124.550457,11.357267],[124.547715,11.373768],[124.541817,11.387072],[124.537617,11.392072],[124.536212,11.406489],[124.537315,11.416856],[124.536315,11.424558],[124.532232,11.426387],[124.52217,11.436445],[124.51064,11.437995],[124.498574,11.441836],[124.49361,11.446298],[124.488854,11.444996],[124.47926,11.453918],[124.469356,11.445405],[124.464982,11.447056],[124.464605,11.436873],[124.46627,11.433504],[124.465061,11.426512],[124.467196,11.42327],[124.476306,11.419318],[124.480729,11.408359],[124.478631,11.402021],[124.481871,11.398268],[124.479422,11.392704],[124.481123,11.385507],[124.477591,11.383665],[124.476703,11.376349],[124.470842,11.382784],[124.470451,11.387682],[124.466767,11.394393],[124.460347,11.398013],[124.455708,11.412127],[124.449604,11.421537],[124.436328,11.434876],[124.434648,11.444268],[124.431332,11.443839],[124.425668,11.450092],[124.409076,11.472408],[124.409464,11.476419],[124.404667,11.47884],[124.400355,11.484884],[124.395873,11.485092],[124.386364,11.494968],[124.383176,11.500643],[124.373645,11.50796],[124.368601,11.514788],[124.359643,11.520783],[124.359358,11.525278],[124.355123,11.53044],[124.347146,11.532487],[124.340652,11.538718],[124.334219,11.547693],[124.330959,11.548216],[124.325913,11.556343],[124.313544,11.563516],[124.310124,11.555362],[124.296894,11.539185],[124.288866,11.537768],[124.285679,11.52958],[124.288828,11.51821],[124.29039,11.502319],[124.289942,11.494507],[124.296446,11.47915],[124.297812,11.467671],[124.305294,11.452517],[124.30405,11.449622],[124.313776,11.445754],[124.307332,11.440495],[124.311809,11.428317],[124.318211,11.423948],[124.317628,11.413983],[124.32603,11.408537],[124.33471,11.411067],[124.335415,11.406557],[124.340862,11.406357],[124.346269,11.40887],[124.34911,11.40515],[124.340992,11.39504],[124.33374,11.393255],[124.330217,11.396235],[124.324761,11.392854],[124.329452,11.387474],[124.330507,11.378615],[124.337316,11.374346],[124.347195,11.377437],[124.351895,11.372567],[124.357197,11.373349],[124.360957,11.36477],[124.359878,11.360029],[124.352066,11.3598],[124.341819,11.363452],[124.340436,11.353673],[124.336444,11.342673],[124.340019,11.336041],[124.340854,11.317532],[124.359016,11.300672],[124.363211,11.307012],[124.366637,11.307762],[124.37225,11.303281],[124.371044,11.297806],[124.367218,11.293625],[124.367018,11.288547],[124.372026,11.288445],[124.374969,11.295592],[124.37993,11.295932],[124.381269,11.300332],[124.387494,11.299885],[124.391684,11.293642],[124.387364,11.287172],[124.382784,11.285964],[124.38415,11.276637],[124.378473,11.277083],[124.376411,11.274106],[124.379397,11.268717],[124.381058,11.258339],[124.388201,11.26175],[124.389099,11.255727],[124.38621,11.247454],[124.392977,11.246182],[124.39712,11.241893],[124.398658,11.236592],[124.395749,11.231196],[124.39692,11.226498],[124.389086,11.227916],[124.384973,11.224638],[124.389966,11.215988],[124.387927,11.207058],[124.384454,11.204779],[124.3852,11.181549],[124.391601,11.165419],[124.39576,11.150464],[124.394761,11.145296],[124.398415,11.132219],[124.402081,11.125625],[124.401868,11.111585],[124.399813,11.10381],[124.389211,11.103009],[124.384727,11.091099],[124.386895,11.080952],[124.380986,11.072702],[124.374539,11.067208],[124.36949,11.065078],[124.369885,11.060882],[124.379167,11.060986],[124.383257,11.055056],[124.381855,11.048111],[124.390076,11.041479],[124.393936,11.04088],[124.395724,11.034176],[124.402084,11.033528],[124.403648,11.018073],[124.401807,11.000446],[124.403417,10.991205],[124.407984,10.987881],[124.409973,10.982928],[124.403266,10.9782],[124.399212,10.970352],[124.394182,10.964633],[124.391275,10.953478],[124.382696,10.940429],[124.379737,10.929203],[124.375659,10.930575],[124.374984,10.92386],[124.384086,10.918738],[124.388002,10.913147],[124.396561,10.918376],[124.406663,10.919114],[124.413256,10.914005],[124.416924,10.914698],[124.417101,10.927522],[124.414337,10.938938],[124.414561,10.948489],[124.420313,10.948171],[124.421659,10.939967],[124.427269,10.937823],[124.424554,10.93045],[124.435446,10.923727],[124.438782,10.918513],[124.434207,10.908096],[124.434243,10.902021],[124.427751,10.894256],[124.432812,10.889441],[124.443974,10.887927],[124.448385,10.897974],[124.45114,10.890712],[124.460446,10.887503],[124.471653,10.877337],[124.473288,10.867972],[124.479148,10.865144],[124.497224,10.863644],[124.511457,10.869221],[124.5172,10.86895],[124.528847,10.889251],[124.533387,10.893749],[124.536788,10.905964],[124.54368,10.910307],[124.54294,10.916316],[124.544993,10.922096],[124.550223,10.927671],[124.54913,10.936327],[124.545239,10.94124],[124.550502,10.955816],[124.549406,10.965072],[124.544942,10.968769],[124.539475,10.969456],[124.537791,10.977549],[124.544689,10.984432],[124.549249,10.983102],[124.562754,10.995685],[124.570443,10.999178],[124.572882,11.00486],[124.570815,11.007938],[124.583598,11.013308],[124.597198,11.012839],[124.602783,11.004631],[124.612921,11.002186],[124.619927,10.992511],[124.622877,10.979196],[124.629905,10.976692],[124.64086,10.967358],[124.642991,10.960763],[124.650525,10.95659],[124.653585,10.951279],[124.66278,10.94722],[124.670749,10.945873],[124.683407,10.939086],[124.686783,10.932197],[124.690958,10.928106],[124.693292,10.915422],[124.702607,10.904572],[124.704035,10.895952],[124.708768,10.888446],[124.707641,10.879455],[124.719281,10.86739],[124.719883,10.863658],[124.727417,10.855598],[124.733863,10.851117],[124.744068,10.840308],[124.753508,10.827311],[124.760647,10.819915],[124.766207,10.808265],[124.770154,10.79588],[124.777286,10.786594],[124.783304,10.774516],[124.786766,10.757938],[124.785077,10.748227],[124.794177,10.73011],[124.794016,10.720675],[124.796423,10.709361],[124.794379,10.699949],[124.795233,10.679792],[124.800583,10.672162],[124.803458,10.658991],[124.800408,10.651925],[124.792412,10.643358],[124.793921,10.63819],[124.787078,10.636814],[124.783111,10.639411],[124.77553,10.638164],[124.778854,10.627855],[124.771244,10.621883],[124.768182,10.612665],[124.766264,10.599279],[124.765843,10.588483],[124.763018,10.566126],[124.764738,10.55445],[124.76371,10.543549],[124.767303,10.539476],[124.759673,10.529157],[124.758722,10.522863],[124.752309,10.521329],[124.753356,10.514146],[124.751221,10.508675],[124.739466,10.502907],[124.733999,10.497445],[124.72855,10.499317],[124.721006,10.487879],[124.721815,10.478805],[124.728684,10.475579],[124.727241,10.470761],[124.730152,10.455467],[124.72926,10.443853],[124.724742,10.434537],[124.72456,10.422012],[124.723206,10.405117],[124.724896,10.398727],[124.72975,10.389408],[124.732882,10.376554],[124.741772,10.37248],[124.761305,10.360368],[124.767492,10.355691],[124.770662,10.34909],[124.77798,10.33959],[124.785568,10.33188],[124.789635,10.324843],[124.790911,10.318703],[124.791307,10.301994],[124.788219,10.294968],[124.781589,10.272158],[124.773043,10.259326],[124.767238,10.241436],[124.770677,10.238553],[124.770369,10.231015],[124.76621,10.218646],[124.767945,10.209193],[124.76302,10.200093],[124.76054,10.191468],[124.754942,10.1904],[124.753926,10.185924]]],[[[124.959919,11.422973],[124.952253,11.418743],[124.955986,11.414606],[124.956502,11.407049],[124.952605,11.40127],[124.958024,11.394471],[124.966851,11.392678],[124.974036,11.394963],[124.977721,11.399667],[124.977664,11.405189],[124.973545,11.409599],[124.971862,11.415404],[124.964067,11.415717],[124.959919,11.422973]]],[[[124.363664,12.661194],[124.366052,12.654552],[124.374505,12.651442],[124.381426,12.643958],[124.391383,12.643211],[124.396067,12.651066],[124.39213,12.660046],[124.387686,12.664443],[124.392663,12.668499],[124.391697,12.673959],[124.384651,12.679865],[124.376964,12.682844],[124.368883,12.689814],[124.366643,12.693687],[124.35438,12.695714],[124.357787,12.685171],[124.361823,12.680924],[124.363664,12.661194]]],[[[124.380705,12.688592],[124.377638,12.683612],[124.383367,12.680927],[124.386832,12.684701],[124.380705,12.688592]]],[[[124.398591,12.677987],[124.395328,12.674476],[124.403566,12.664234],[124.41301,12.657507],[124.413855,12.652831],[124.419241,12.65364],[124.424815,12.650982],[124.427201,12.658832],[124.42371,12.668347],[124.413776,12.665228],[124.409159,12.674627],[124.398591,12.677987]]],[[[124.363908,12.643222],[124.367426,12.646436],[124.362182,12.660331],[124.35842,12.661596],[124.355754,12.656597],[124.35968,12.651039],[124.359306,12.645797],[124.363908,12.643222]]],[[[124.378297,12.631016],[124.380539,12.633354],[124.379617,12.639958],[124.375268,12.647942],[124.37075,12.645324],[124.37433,12.633056],[124.378297,12.631016]]],[[[124.417353,12.627618],[124.423287,12.627484],[124.431705,12.634332],[124.428612,12.644456],[124.422628,12.635849],[124.413707,12.631917],[124.417353,12.627618]]],[[[124.438572,12.623913],[124.429825,12.619197],[124.431568,12.615388],[124.437861,12.610417],[124.44168,12.610435],[124.446927,12.616548],[124.438572,12.623913]]],[[[124.141371,12.483036],[124.139079,12.480728],[124.133616,12.461024],[124.133804,12.456027],[124.139128,12.442235],[124.13898,12.431875],[124.146911,12.419608],[124.150485,12.409811],[124.162752,12.399152],[124.173887,12.386469],[124.18262,12.381197],[124.190542,12.389174],[124.193239,12.400587],[124.192439,12.412697],[124.189739,12.417545],[124.180838,12.425377],[124.164665,12.456303],[124.156776,12.464279],[124.149275,12.465202],[124.151372,12.47128],[124.141371,12.483036]]],[[[125.056877,12.552215],[125.062883,12.549085],[125.063831,12.556201],[125.056877,12.552215]]],[[[125.062324,12.686053],[125.047228,12.682288],[125.039275,12.682507],[125.031986,12.673992],[125.02939,12.667653],[125.037308,12.665224],[125.033454,12.660252],[125.028434,12.658755],[125.029124,12.649456],[125.037545,12.649421],[125.047583,12.646243],[125.048732,12.642049],[125.057217,12.640299],[125.058918,12.637841],[125.055701,12.629972],[125.050758,12.627292],[125.049976,12.621209],[125.04019,12.62482],[125.033433,12.620901],[125.039784,12.614145],[125.047524,12.610665],[125.055125,12.609301],[125.055812,12.604592],[125.06049,12.604176],[125.067987,12.607559],[125.070611,12.60396],[125.07614,12.604916],[125.084037,12.601895],[125.08927,12.602656],[125.087213,12.609965],[125.08973,12.618153],[125.081885,12.619375],[125.077031,12.62199],[125.07366,12.627662],[125.075741,12.634008],[125.075684,12.641923],[125.069737,12.64875],[125.073759,12.6561],[125.074227,12.663001],[125.066487,12.676505],[125.064777,12.684903],[125.062324,12.686053]]],[[[124.999085,12.663561],[124.994067,12.657881],[124.988426,12.656541],[124.990408,12.648126],[125.000443,12.642487],[125.011274,12.6416],[125.010914,12.652155],[125.007044,12.657391],[125.005419,12.663397],[124.999085,12.663561]]],[[[125.059645,12.584893],[125.053329,12.588682],[125.04383,12.586561],[125.042847,12.584593],[125.033484,12.586323],[125.02888,12.591157],[125.025554,12.590022],[125.021621,12.595975],[125.016678,12.5988],[125.011095,12.605887],[125.015996,12.612103],[125.01102,12.625143],[125.005226,12.629753],[125.001414,12.638083],[124.996131,12.641969],[124.989311,12.642257],[124.9897,12.630347],[124.994357,12.624848],[124.990718,12.618851],[124.992046,12.611901],[125.000987,12.606028],[125.002152,12.593508],[125.000627,12.587259],[125.004946,12.586558],[125.006496,12.581849],[125.003094,12.57606],[125.021284,12.562024],[125.025616,12.557387],[125.028281,12.557637],[125.030065,12.556046],[125.034011,12.552414],[125.039303,12.555162],[125.044848,12.555292],[125.048238,12.55161],[125.053883,12.552996],[125.059136,12.557941],[125.059864,12.564203],[125.06909,12.569104],[125.06866,12.574695],[125.062713,12.57715],[125.063238,12.581351],[125.059645,12.584893]]],[[[125.083725,12.630235],[125.082776,12.622499],[125.088334,12.622895],[125.088104,12.628081],[125.083725,12.630235]]],[[[125.048225,12.547278],[125.037858,12.546127],[125.028887,12.549259],[125.02769,12.55154],[125.028876,12.556432],[125.02433,12.557233],[125.019089,12.554476],[125.023174,12.549309],[125.02382,12.542287],[125.026527,12.532804],[125.032395,12.536026],[125.042338,12.538148],[125.048225,12.547278]]],[[[124.36719,12.589777],[124.372538,12.586486],[124.375084,12.593877],[124.38194,12.592222],[124.391008,12.584681],[124.392115,12.580889],[124.399809,12.588626],[124.390618,12.606079],[124.384772,12.609759],[124.379893,12.615738],[124.371568,12.6173],[124.36513,12.624862],[124.358713,12.627508],[124.354188,12.623694],[124.356538,12.614432],[124.358324,12.595093],[124.367154,12.592956],[124.36719,12.589777]]],[[[124.354317,12.585203],[124.356382,12.577076],[124.360689,12.571633],[124.362221,12.56362],[124.36889,12.562227],[124.382782,12.568314],[124.385648,12.5745],[124.385435,12.580812],[124.374032,12.581459],[124.372449,12.584977],[124.365069,12.589335],[124.353896,12.588418],[124.354317,12.585203]]],[[[125.143259,12.60189],[125.137878,12.601193],[125.136363,12.594114],[125.139743,12.587051],[125.14454,12.585227],[125.148823,12.589397],[125.14806,12.59645],[125.143259,12.60189]]],[[[124.453621,12.543853],[124.456495,12.551782],[124.453289,12.55964],[124.435309,12.561324],[124.429551,12.579778],[124.421797,12.579793],[124.422874,12.574769],[124.418538,12.564097],[124.41243,12.557082],[124.419395,12.55327],[124.426594,12.544821],[124.434409,12.539056],[124.447302,12.536012],[124.453394,12.540733],[124.453621,12.543853]]],[[[124.43477,12.536437],[124.431433,12.540446],[124.424757,12.544096],[124.422476,12.541742],[124.425153,12.534589],[124.429004,12.532683],[124.43477,12.536437]]],[[[124.246314,12.459478],[124.242241,12.458155],[124.239893,12.452591],[124.241154,12.440466],[124.248014,12.416822],[124.248504,12.408125],[124.256137,12.385827],[124.262066,12.374147],[124.269654,12.363251],[124.277394,12.363032],[124.282419,12.37143],[124.285717,12.385509],[124.285286,12.392109],[124.281809,12.397035],[124.278892,12.408701],[124.279865,12.413625],[124.269864,12.430511],[124.268324,12.434689],[124.252376,12.456968],[124.246314,12.459478]]],[[[124.48601,12.586447],[124.474517,12.578707],[124.48954,12.56996],[124.488808,12.566974],[124.492529,12.558899],[124.495083,12.548098],[124.504124,12.541889],[124.504758,12.545265],[124.512764,12.542512],[124.521096,12.543711],[124.515994,12.554349],[124.509555,12.558648],[124.511139,12.561291],[124.50355,12.569541],[124.50204,12.575516],[124.497869,12.576162],[124.48601,12.586447]]],[[[124.497362,12.540649],[124.491924,12.55089],[124.489412,12.544279],[124.497362,12.540649]]],[[[124.00465,12.37882],[124.009727,12.380509],[124.021192,12.396058],[124.024027,12.397151],[124.031844,12.408628],[124.027818,12.409127],[124.017795,12.401233],[124.01247,12.395033],[124.005337,12.394438],[124.003052,12.386421],[124.00465,12.37882]]],[[[124.078742,12.362281],[124.07828,12.371751],[124.064133,12.384897],[124.05713,12.385994],[124.056101,12.382359],[124.065843,12.373148],[124.072946,12.358681],[124.078742,12.362281]]],[[[124.014965,12.358402],[124.015934,12.369768],[124.009314,12.372069],[124.011339,12.36234],[124.014965,12.358402]]],[[[124.030517,12.345141],[124.033826,12.346401],[124.037115,12.35269],[124.033429,12.356725],[124.02648,12.346602],[124.030517,12.345141]]],[[[124.057864,12.357751],[124.055225,12.359355],[124.046488,12.352553],[124.045125,12.341505],[124.052281,12.338604],[124.061032,12.343591],[124.06091,12.352879],[124.057864,12.357751]]],[[[124.099106,12.290642],[124.089942,12.288244],[124.08455,12.282547],[124.08555,12.278799],[124.095373,12.278356],[124.097617,12.275707],[124.0996,12.261106],[124.098743,12.256899],[124.109713,12.261786],[124.11374,12.277194],[124.108302,12.28516],[124.099106,12.290642]]],[[[124.332885,11.956265],[124.329194,11.960143],[124.324087,11.954728],[124.320399,11.956971],[124.317218,11.950884],[124.313332,11.954672],[124.306556,11.950945],[124.307574,11.946789],[124.299182,11.941005],[124.301064,11.936574],[124.296187,11.930757],[124.292369,11.930943],[124.287593,11.925288],[124.28132,11.927427],[124.278782,11.921721],[124.277939,11.908338],[124.285936,11.909913],[124.282464,11.897738],[124.292538,11.899707],[124.303239,11.898869],[124.313263,11.906964],[124.315958,11.916144],[124.316038,11.923242],[124.324257,11.924624],[124.32402,11.929963],[124.334516,11.939131],[124.338341,11.949234],[124.333195,11.948389],[124.332885,11.956265]]],[[[124.365364,11.952561],[124.367704,11.94675],[124.361925,11.943791],[124.364878,11.937103],[124.372716,11.939882],[124.374532,11.951014],[124.371874,11.953716],[124.365364,11.952561]]],[[[125.072548,11.267442],[125.073936,11.25973],[125.082562,11.254275],[125.086095,11.255354],[125.079026,11.266682],[125.072548,11.267442]]],[[[124.696516,11.837014],[124.688964,11.83594],[124.692678,11.82828],[124.695068,11.818876],[124.700213,11.828443],[124.707792,11.824497],[124.70799,11.833953],[124.696516,11.837014]]],[[[124.677351,11.817251],[124.683792,11.817897],[124.683517,11.809984],[124.688242,11.801196],[124.693141,11.798893],[124.695797,11.802958],[124.689343,11.808099],[124.686095,11.818523],[124.687695,11.826944],[124.675488,11.823641],[124.677351,11.817251]]],[[[124.869884,11.715035],[124.869648,11.711751],[124.874816,11.704195],[124.880287,11.707573],[124.869884,11.715035]]],[[[124.755377,11.736378],[124.754154,11.738635],[124.745481,11.737931],[124.745752,11.734259],[124.756064,11.729606],[124.749438,11.723213],[124.752303,11.711149],[124.748295,11.707776],[124.752568,11.701475],[124.755235,11.704222],[124.761312,11.698478],[124.77029,11.702759],[124.774403,11.707297],[124.770764,11.712201],[124.772489,11.720177],[124.778897,11.725772],[124.775104,11.730084],[124.757522,11.726057],[124.760305,11.732642],[124.755377,11.736378]]],[[[124.706933,11.707213],[124.712158,11.697905],[124.714671,11.705516],[124.724714,11.695927],[124.721922,11.685606],[124.723748,11.680883],[124.720242,11.67306],[124.721535,11.666765],[124.726625,11.67152],[124.731882,11.673271],[124.732341,11.663427],[124.735611,11.662703],[124.738674,11.656311],[124.736915,11.639658],[124.741525,11.643969],[124.741051,11.650356],[124.747986,11.649947],[124.749899,11.642503],[124.755917,11.640494],[124.760628,11.629519],[124.768604,11.627796],[124.771857,11.620642],[124.77694,11.617918],[124.782216,11.609461],[124.787508,11.608595],[124.79018,11.59959],[124.786474,11.599728],[124.781413,11.594977],[124.775302,11.601183],[124.766217,11.605618],[124.760769,11.599142],[124.763392,11.591376],[124.764967,11.576471],[124.770781,11.571724],[124.777374,11.573197],[124.78099,11.567859],[124.792173,11.569604],[124.807153,11.565161],[124.802078,11.55784],[124.790801,11.559735],[124.789732,11.555332],[124.794707,11.543813],[124.804232,11.543275],[124.810857,11.535605],[124.819745,11.534242],[124.823516,11.53],[124.836069,11.543674],[124.839173,11.549468],[124.833907,11.556606],[124.835424,11.560872],[124.834242,11.56899],[124.836096,11.574507],[124.830795,11.576712],[124.836856,11.584615],[124.836536,11.59028],[124.843705,11.596663],[124.841984,11.605152],[124.832585,11.603148],[124.823251,11.607321],[124.819355,11.603046],[124.813648,11.602386],[124.808835,11.609605],[124.800045,11.608851],[124.80259,11.599726],[124.795033,11.600041],[124.79536,11.608006],[124.79125,11.608787],[124.788041,11.614424],[124.787493,11.620823],[124.795575,11.621569],[124.79154,11.630041],[124.801985,11.643541],[124.79989,11.649576],[124.794991,11.650674],[124.787803,11.656521],[124.783155,11.657365],[124.786692,11.663633],[124.776168,11.670779],[124.769066,11.667432],[124.767767,11.67063],[124.771043,11.678371],[124.774122,11.677238],[124.782332,11.684142],[124.783547,11.689474],[124.774182,11.691272],[124.769139,11.685809],[124.762429,11.685664],[124.757621,11.682165],[124.754138,11.686135],[124.757131,11.695022],[124.752885,11.700468],[124.740609,11.701689],[124.741963,11.712753],[124.732614,11.716658],[124.726818,11.729077],[124.720077,11.728005],[124.716578,11.723854],[124.720838,11.719136],[124.729481,11.716692],[124.729164,11.710534],[124.722184,11.708628],[124.7084,11.712657],[124.706933,11.707213]]],[[[124.896726,11.493317],[124.900888,11.49971],[124.896094,11.500466],[124.896726,11.493317]]],[[[124.420984,11.990846],[124.415175,11.990808],[124.411745,11.987346],[124.403912,11.985801],[124.4095,11.979877],[124.403543,11.966782],[124.408394,11.963711],[124.41212,11.958374],[124.428849,11.960441],[124.433893,11.966933],[124.436344,11.977471],[124.426557,11.987509],[124.420984,11.990846]]],[[[124.443191,11.932367],[124.437723,11.926859],[124.428149,11.920672],[124.423372,11.921455],[124.420199,11.907146],[124.413513,11.898445],[124.416582,11.890956],[124.424507,11.890579],[124.433309,11.885645],[124.442522,11.884847],[124.449009,11.879726],[124.45271,11.880561],[124.457968,11.886563],[124.463915,11.887353],[124.466976,11.890716],[124.460019,11.898499],[124.463012,11.902521],[124.462786,11.911385],[124.46068,11.916305],[124.443191,11.932367]]],[[[124.640385,11.920958],[124.635409,11.920404],[124.632219,11.915587],[124.636575,11.907862],[124.637181,11.902429],[124.64259,11.898196],[124.64821,11.899287],[124.65214,11.891331],[124.659265,11.894488],[124.658777,11.901172],[124.664473,11.908622],[124.662086,11.912999],[124.653595,11.908565],[124.644131,11.908615],[124.641199,11.913109],[124.640385,11.920958]]],[[[124.628166,11.906215],[124.63094,11.912773],[124.625106,11.914007],[124.628166,11.906215]]],[[[124.893661,11.612393],[124.88681,11.608451],[124.885154,11.600433],[124.87774,11.59129],[124.886982,11.584942],[124.891282,11.588323],[124.896328,11.586921],[124.893076,11.599897],[124.897786,11.600705],[124.892184,11.608878],[124.893661,11.612393]]],[[[124.905918,11.600039],[124.906488,11.593689],[124.916779,11.593897],[124.905918,11.600039]]],[[[124.864978,11.68527],[124.862277,11.690048],[124.85572,11.692734],[124.854856,11.687945],[124.846002,11.68498],[124.843349,11.68962],[124.834733,11.691898],[124.828648,11.698126],[124.831061,11.704746],[124.825271,11.708771],[124.826088,11.691136],[124.820114,11.685571],[124.827973,11.684207],[124.826096,11.678131],[124.832939,11.67515],[124.839615,11.669692],[124.833134,11.667194],[124.830958,11.658993],[124.835127,11.653864],[124.841692,11.64034],[124.835129,11.634372],[124.840452,11.628157],[124.846179,11.634618],[124.851734,11.628552],[124.855474,11.629228],[124.862731,11.620315],[124.872244,11.622543],[124.872864,11.626217],[124.880042,11.624553],[124.877077,11.631994],[124.878711,11.639678],[124.871617,11.645388],[124.871674,11.649469],[124.877001,11.65754],[124.889993,11.665628],[124.89414,11.671875],[124.889466,11.68088],[124.8845,11.684619],[124.881529,11.680708],[124.872697,11.676975],[124.871551,11.674324],[124.861251,11.676546],[124.864978,11.68527]]],[[[124.221288,12.084051],[124.216347,12.078269],[124.210562,12.075556],[124.20456,12.07892],[124.188418,12.077821],[124.181902,12.081076],[124.172324,12.073801],[124.168196,12.076779],[124.164676,12.070582],[124.157615,12.062626],[124.150092,12.062431],[124.15164,12.053693],[124.145176,12.046777],[124.14818,12.042543],[124.160319,12.04294],[124.175437,12.031002],[124.178304,12.040406],[124.18406,12.045595],[124.18988,12.04775],[124.197226,12.046239],[124.202499,12.048926],[124.201923,12.053424],[124.209817,12.057168],[124.215245,12.066888],[124.218748,12.061238],[124.226317,12.063856],[124.234062,12.059511],[124.236901,12.064652],[124.236167,12.077295],[124.229443,12.079086],[124.221288,12.084051]]],[[[125.22357,10.473505],[125.221492,10.463112],[125.22683,10.465283],[125.228791,10.473523],[125.22357,10.473505]]],[[[125.223967,10.424857],[125.22846,10.430128],[125.22211,10.434143],[125.218615,10.433159],[125.220343,10.425275],[125.223967,10.424857]]],[[[125.117278,10.110505],[125.119189,10.100019],[125.124227,10.093137],[125.122862,10.087085],[125.135652,10.066516],[125.134843,10.061742],[125.141246,10.058683],[125.148249,10.059098],[125.156014,10.056402],[125.167121,10.049453],[125.18071,10.043169],[125.18656,10.037019],[125.190685,10.029214],[125.190829,10.022472],[125.200756,10.011918],[125.200615,10.008809],[125.206962,9.995428],[125.210789,9.98411],[125.220381,9.974232],[125.224334,9.962699],[125.230369,9.965087],[125.239513,9.961222],[125.248468,9.946849],[125.247531,9.936529],[125.255725,9.913996],[125.265156,9.909355],[125.273367,9.91115],[125.282926,9.910472],[125.289333,9.913358],[125.293771,9.920774],[125.298854,9.925342],[125.296937,9.935777],[125.288643,9.948891],[125.278144,9.959209],[125.273382,9.965751],[125.272619,9.973013],[125.280368,9.99262],[125.274867,9.999999],[125.267059,10.006996],[125.261813,10.016432],[125.255525,10.022588],[125.25244,10.032034],[125.244628,10.04131],[125.245025,10.048751],[125.241349,10.053755],[125.239454,10.064697],[125.23362,10.073233],[125.234247,10.079808],[125.222943,10.093698],[125.221777,10.10034],[125.218402,10.104983],[125.217371,10.115297],[125.214599,10.118467],[125.210707,10.128492],[125.202734,10.126695],[125.187273,10.131333],[125.182467,10.135389],[125.167429,10.132619],[125.164302,10.133468],[125.154574,10.140683],[125.146994,10.149844],[125.135237,10.157658],[125.132512,10.161173],[125.127161,10.161822],[125.117563,10.152376],[125.116035,10.145338],[125.120727,10.13861],[125.11786,10.133837],[125.11635,10.112752],[125.117278,10.110505]]],[[[125.073512,9.895222],[125.078585,9.899875],[125.077419,9.90968],[125.080194,9.929366],[125.079448,9.935291],[125.071095,9.949843],[125.068169,9.959709],[125.064652,9.963556],[125.059619,9.963916],[125.060801,9.953131],[125.066355,9.943798],[125.07066,9.927262],[125.073794,9.922802],[125.07082,9.910678],[125.067676,9.90352],[125.073512,9.895222]]],[[[124.395097,11.596103],[124.395691,11.588896],[124.391886,11.583921],[124.39013,11.577031],[124.391243,11.560567],[124.396658,11.555963],[124.401676,11.543494],[124.406507,11.535608],[124.411955,11.538178],[124.418108,11.535212],[124.421911,11.526388],[124.42349,11.515086],[124.426799,11.512569],[124.432187,11.503448],[124.439912,11.499134],[124.444078,11.494664],[124.441372,11.48884],[124.45207,11.477997],[124.459598,11.475614],[124.462326,11.467785],[124.476662,11.466112],[124.480339,11.46274],[124.486324,11.464121],[124.490744,11.469413],[124.497422,11.4703],[124.501626,11.473915],[124.501852,11.47903],[124.508828,11.479318],[124.50811,11.474802],[124.514786,11.474044],[124.527338,11.47695],[124.536573,11.473486],[124.546119,11.478089],[124.554607,11.478184],[124.561582,11.473846],[124.572998,11.472242],[124.585795,11.475942],[124.595441,11.486605],[124.600375,11.489352],[124.605734,11.48854],[124.606511,11.494537],[124.616038,11.511685],[124.619635,11.534004],[124.616833,11.538335],[124.616334,11.544455],[124.603123,11.555519],[124.593223,11.559611],[124.58319,11.567137],[124.582049,11.57672],[124.577203,11.588314],[124.577354,11.592667],[124.568679,11.597186],[124.562727,11.60663],[124.566091,11.617304],[124.554741,11.640929],[124.548288,11.650959],[124.543023,11.654348],[124.536558,11.66791],[124.535594,11.676207],[124.520246,11.681638],[124.512161,11.680544],[124.508072,11.684656],[124.498733,11.690281],[124.484184,11.694135],[124.475935,11.697387],[124.472552,11.701699],[124.465328,11.705896],[124.437432,11.701277],[124.427019,11.707066],[124.416982,11.706059],[124.404685,11.699848],[124.398488,11.699235],[124.392891,11.696309],[124.382957,11.694872],[124.380272,11.692796],[124.372432,11.692836],[124.365641,11.684894],[124.360463,11.68122],[124.352518,11.68214],[124.34703,11.676285],[124.344982,11.680707],[124.334726,11.675928],[124.335855,11.669993],[124.346535,11.665039],[124.354505,11.664829],[124.361074,11.657101],[124.360481,11.648099],[124.356515,11.645427],[124.360879,11.639331],[124.372481,11.632613],[124.376805,11.627978],[124.379966,11.606419],[124.392736,11.599777],[124.395097,11.596103]]],[[[124.349971,11.793904],[124.350187,11.802566],[124.347405,11.808932],[124.337635,11.811471],[124.331114,11.815808],[124.322588,11.813632],[124.316367,11.81438],[124.309167,11.811282],[124.306529,11.806641],[124.300143,11.80609],[124.297851,11.800259],[124.293608,11.796079],[124.292603,11.78749],[124.294227,11.783842],[124.301571,11.776231],[124.303256,11.77084],[124.306726,11.769956],[124.311895,11.763843],[124.324995,11.759944],[124.329498,11.763803],[124.337804,11.765668],[124.347477,11.772945],[124.350189,11.778976],[124.349971,11.793904]]],[[[124.260967,11.561001],[124.264114,11.553802],[124.275067,11.563307],[124.270305,11.5777],[124.265304,11.582481],[124.255762,11.58163],[124.254352,11.577872],[124.258418,11.570803],[124.260967,11.561001]]],[[[120.901771,6.005633],[120.898853,6.005177],[120.891024,5.992064],[120.88844,5.982638],[120.888633,5.977686],[120.884659,5.968851],[120.873307,5.954409],[120.875707,5.946269],[120.875607,5.935638],[120.878947,5.928758],[120.880044,5.920293],[120.896224,5.918493],[120.905628,5.91101],[120.910559,5.909389],[120.916596,5.901678],[120.919689,5.893883],[120.922751,5.891672],[120.941623,5.890674],[120.947709,5.896331],[120.961055,5.901791],[120.96536,5.90168],[120.974468,5.906265],[120.985099,5.908149],[120.992899,5.91539],[121.00084,5.915541],[121.005474,5.92234],[121.015546,5.926001],[121.019521,5.922469],[121.023387,5.927217],[121.028464,5.924089],[121.036125,5.922747],[121.040741,5.911579],[121.045629,5.910272],[121.046243,5.905408],[121.051993,5.902157],[121.058976,5.887425],[121.066162,5.881847],[121.070684,5.88174],[121.074385,5.877613],[121.081991,5.881891],[121.080347,5.886625],[121.085175,5.891723],[121.080449,5.898784],[121.082902,5.901123],[121.091323,5.897281],[121.099869,5.89712],[121.124761,5.906086],[121.127909,5.905423],[121.134298,5.912226],[121.139409,5.912247],[121.136575,5.920595],[121.142839,5.925393],[121.149456,5.927147],[121.162214,5.924738],[121.165403,5.929326],[121.165496,5.939041],[121.167609,5.942839],[121.175562,5.943068],[121.174973,5.936606],[121.182205,5.934444],[121.186482,5.945599],[121.189769,5.949994],[121.195526,5.952538],[121.199757,5.946591],[121.206647,5.947414],[121.215646,5.943757],[121.217717,5.938961],[121.223155,5.937375],[121.232003,5.940722],[121.237505,5.936353],[121.241977,5.928615],[121.241925,5.923314],[121.24548,5.920504],[121.240515,5.916193],[121.240366,5.911646],[121.232969,5.906954],[121.235566,5.893815],[121.241361,5.888546],[121.249227,5.889166],[121.254909,5.893258],[121.258706,5.892673],[121.259692,5.884623],[121.264023,5.880432],[121.274251,5.876898],[121.279657,5.872094],[121.277429,5.862757],[121.284045,5.86485],[121.290739,5.863769],[121.295299,5.860336],[121.29923,5.866059],[121.293264,5.874164],[121.30205,5.87626],[121.309239,5.882767],[121.311037,5.887586],[121.32001,5.894321],[121.329833,5.899353],[121.335738,5.899932],[121.338331,5.903589],[121.349473,5.912408],[121.353085,5.917432],[121.360221,5.917752],[121.366647,5.91453],[121.375267,5.915519],[121.37832,5.903453],[121.386309,5.907905],[121.385967,5.912681],[121.388942,5.92168],[121.380748,5.926247],[121.383612,5.936985],[121.395618,5.942302],[121.406314,5.942459],[121.413924,5.945592],[121.42057,5.951657],[121.424841,5.958081],[121.426748,5.965623],[121.425489,5.983022],[121.418369,5.995711],[121.41037,5.99971],[121.405173,6.004193],[121.399378,6.005096],[121.394208,6.010008],[121.383621,6.010246],[121.368939,6.00528],[121.372187,6.000587],[121.367593,5.991139],[121.361084,5.990076],[121.363969,6.00483],[121.353704,6.005365],[121.34771,6.010201],[121.339498,6.008624],[121.326912,6.001729],[121.314014,6.002737],[121.307916,6.006931],[121.307938,6.011161],[121.299781,6.015652],[121.294733,6.015187],[121.279599,6.018948],[121.272122,6.017991],[121.260675,6.013773],[121.251064,6.01439],[121.244297,6.012874],[121.231907,6.005224],[121.219454,5.995561],[121.204983,5.996686],[121.200004,6.003354],[121.189593,6.014043],[121.183175,6.025177],[121.181114,6.040403],[121.162834,6.056676],[121.160574,6.05983],[121.158398,6.070151],[121.15398,6.077723],[121.147845,6.075867],[121.136019,6.078249],[121.12156,6.090423],[121.110774,6.090713],[121.08839,6.085835],[121.06547,6.086778],[121.06256,6.089386],[121.054327,6.089311],[121.043691,6.085784],[121.027109,6.090095],[121.014217,6.084979],[121.015313,6.079165],[121.012907,6.069312],[121.007659,6.06301],[120.998202,6.05467],[120.992773,6.054428],[120.985816,6.050535],[120.9835,6.044677],[120.970913,6.042673],[120.965321,6.043883],[120.956567,6.036521],[120.949932,6.033161],[120.941525,6.035014],[120.937266,6.031018],[120.928812,6.030348],[120.917971,6.024839],[120.915377,6.019692],[120.907447,6.009798],[120.901771,6.005633]]],[[[121.319435,6.016549],[121.319543,6.018883],[121.327373,6.02411],[121.324076,6.030928],[121.319045,6.030166],[121.314627,6.026592],[121.315449,6.018359],[121.319435,6.016549]]],[[[120.842484,6.320553],[120.841758,6.309846],[120.857035,6.30806],[120.868201,6.314381],[120.87099,6.314235],[120.875985,6.322779],[120.874023,6.336091],[120.866708,6.341149],[120.855072,6.34235],[120.846982,6.337834],[120.844993,6.332387],[120.846809,6.329031],[120.842484,6.320553]]],[[[120.846101,6.207025],[120.850404,6.205775],[120.860634,6.20813],[120.862669,6.213209],[120.855864,6.21827],[120.848051,6.215138],[120.845033,6.211285],[120.846101,6.207025]]],[[[121.043844,6.207889],[121.040386,6.203159],[121.045361,6.19764],[121.050092,6.195393],[121.054506,6.199699],[121.0503,6.205961],[121.043844,6.207889]]],[[[120.961814,6.17809],[120.965143,6.189195],[120.975532,6.194312],[120.978887,6.191909],[120.985725,6.194436],[120.985151,6.187059],[120.977797,6.185532],[120.980836,6.177656],[120.986324,6.178212],[120.992085,6.183733],[120.993104,6.191757],[120.988603,6.196673],[120.982836,6.199458],[120.967329,6.204451],[120.959095,6.196935],[120.957568,6.191556],[120.961814,6.17809]]],[[[120.978964,6.177687],[120.976787,6.189383],[120.96929,6.187519],[120.968847,6.180769],[120.978964,6.177687]]],[[[120.915055,6.172256],[120.905636,6.165924],[120.886956,6.150666],[120.883759,6.143581],[120.891503,6.143414],[120.89352,6.147519],[120.890572,6.151519],[120.898704,6.155615],[120.902278,6.160456],[120.907611,6.160198],[120.911585,6.165603],[120.916677,6.165834],[120.926308,6.17331],[120.931906,6.16885],[120.934181,6.171103],[120.930387,6.177941],[120.915055,6.172256]]],[[[120.999334,6.161696],[120.991902,6.168723],[120.986507,6.164303],[120.999334,6.161696]]],[[[120.897944,6.122626],[120.908621,6.12444],[120.910345,6.126972],[120.900837,6.130737],[120.894718,6.130539],[120.892176,6.127593],[120.897944,6.122626]]],[[[121.265609,6.078405],[121.264665,6.075816],[121.276302,6.074313],[121.279056,6.078272],[121.271346,6.082454],[121.277011,6.088789],[121.270811,6.089696],[121.271034,6.084863],[121.265609,6.078405]]],[[[120.698907,6.394618],[120.697367,6.397642],[120.711813,6.398176],[120.715451,6.412352],[120.714278,6.414902],[120.71594,6.426483],[120.711303,6.4374],[120.688433,6.428225],[120.67803,6.423406],[120.66887,6.416865],[120.668402,6.408206],[120.670524,6.403468],[120.689634,6.400716],[120.698907,6.394618]]],[[[120.534451,6.238921],[120.571436,6.24651],[120.577752,6.250872],[120.580578,6.269024],[120.583201,6.280645],[120.583346,6.289618],[120.58504,6.292272],[120.585722,6.307678],[120.582221,6.311596],[120.586094,6.322241],[120.585721,6.327378],[120.588794,6.34486],[120.592985,6.356523],[120.595841,6.360258],[120.601749,6.392399],[120.595784,6.394618],[120.585336,6.387574],[120.571435,6.385308],[120.564004,6.380999],[120.556699,6.374331],[120.551798,6.361887],[120.55223,6.354487],[120.547632,6.348122],[120.54312,6.345623],[120.54156,6.341294],[120.542455,6.328509],[120.539594,6.31817],[120.538641,6.309693],[120.534843,6.298635],[120.528308,6.29247],[120.521258,6.28149],[120.52146,6.267977],[120.515306,6.261234],[120.507926,6.260978],[120.496625,6.269746],[120.48774,6.27261],[120.480931,6.271929],[120.476731,6.268685],[120.477046,6.256448],[120.480058,6.252947],[120.495316,6.248849],[120.511425,6.249433],[120.522216,6.245702],[120.528528,6.240625],[120.534451,6.238921]]],[[[120.662936,6.278955],[120.667303,6.294262],[120.667484,6.305578],[120.660066,6.310706],[120.659989,6.316919],[120.651847,6.320003],[120.645598,6.31107],[120.643582,6.302132],[120.645603,6.296372],[120.650521,6.296759],[120.652194,6.301992],[120.659303,6.298401],[120.66055,6.290047],[120.654813,6.281683],[120.648209,6.291864],[120.643076,6.291994],[120.630224,6.276288],[120.628119,6.27735],[120.621134,6.266867],[120.628665,6.253027],[120.633776,6.25009],[120.642634,6.252999],[120.648676,6.258209],[120.657515,6.269921],[120.662936,6.278955]]],[[[120.442779,6.132996],[120.446415,6.136913],[120.450825,6.133173],[120.45499,6.136098],[120.45856,6.14773],[120.464573,6.156899],[120.465655,6.16288],[120.463373,6.168347],[120.456321,6.171902],[120.4436,6.170609],[120.427631,6.165848],[120.426599,6.160622],[120.417388,6.15762],[120.414648,6.154616],[120.417125,6.150089],[120.431304,6.138321],[120.442779,6.132996]]],[[[120.482012,6.148442],[120.478003,6.148193],[120.474159,6.140228],[120.476865,6.13705],[120.481597,6.137782],[120.482012,6.148442]]],[[[120.54282,6.112476],[120.552972,6.11709],[120.556838,6.124715],[120.553353,6.13382],[120.545301,6.1412],[120.537371,6.144889],[120.532688,6.141674],[120.530378,6.132074],[120.530747,6.126359],[120.535106,6.115401],[120.54282,6.112476]]],[[[120.511191,6.097736],[120.514873,6.101969],[120.511443,6.108473],[120.504648,6.112372],[120.502469,6.109142],[120.505738,6.100985],[120.511191,6.097736]]],[[[120.487771,6.048129],[120.489707,6.051607],[120.487062,6.058111],[120.483517,6.060412],[120.479773,6.053258],[120.487771,6.048129]]],[[[120.105774,5.940631],[120.111601,5.930356],[120.111794,5.92588],[120.117056,5.917697],[120.121654,5.919742],[120.122311,5.932259],[120.114567,5.936549],[120.109247,5.952831],[120.108739,5.959934],[120.102392,5.961433],[120.09592,5.976832],[120.101247,5.979091],[120.102384,5.98452],[120.108899,5.978854],[120.103301,5.976426],[120.104836,5.970546],[120.11195,5.971401],[120.116719,5.965093],[120.120943,5.970633],[120.116852,5.980227],[120.110985,5.983954],[120.110146,5.988307],[120.103575,5.989416],[120.094861,5.983662],[120.095273,5.979923],[120.089899,5.97423],[120.096094,5.966094],[120.100418,5.950994],[120.105774,5.940631]]],[[[120.120095,5.968957],[120.109828,5.954677],[120.114242,5.9427],[120.122068,5.940276],[120.12176,5.947861],[120.115173,5.946301],[120.112243,5.956068],[120.120996,5.9511],[120.124168,5.956808],[120.120095,5.968957]]],[[[119.980156,5.917048],[119.982001,5.922759],[119.989822,5.921456],[119.996916,5.922832],[120.002693,5.932488],[120.000495,5.938723],[119.991841,5.940507],[119.983506,5.937739],[119.97797,5.926566],[119.976637,5.92012],[119.980156,5.917048]]],[[[120.006377,5.902808],[120.006489,5.920299],[120.000364,5.918505],[120.00502,5.903522],[120.006377,5.902808]]],[[[120.069816,5.894141],[120.068962,5.885611],[120.07063,5.874807],[120.074794,5.870843],[120.077748,5.875745],[120.076053,5.889847],[120.069816,5.894141]]],[[[119.965622,5.884711],[119.964733,5.881732],[119.967725,5.868626],[119.971002,5.872647],[119.974994,5.888635],[119.970959,5.891103],[119.965622,5.884711]]],[[[119.974814,5.861291],[119.9934,5.863264],[120.007227,5.86778],[120.014897,5.877042],[120.015829,5.881293],[120.009985,5.886756],[120.004052,5.877921],[120.003929,5.874438],[119.991562,5.872683],[119.978058,5.867575],[119.971524,5.867568],[119.974814,5.861291]]],[[[119.960484,5.862272],[119.961791,5.870008],[119.957419,5.875896],[119.951589,5.880481],[119.946504,5.87579],[119.938646,5.884992],[119.932825,5.883561],[119.919332,5.874491],[119.92065,5.871458],[119.933955,5.865442],[119.960484,5.862272]]],[[[121.217239,5.859181],[121.219678,5.848221],[121.223539,5.842478],[121.227928,5.839607],[121.237373,5.839129],[121.235245,5.844834],[121.228576,5.853831],[121.22335,5.857906],[121.217239,5.859181]]],[[[121.080599,5.841868],[121.083899,5.839838],[121.089406,5.842345],[121.095207,5.85028],[121.09123,5.85893],[121.081826,5.85581],[121.078995,5.85011],[121.080599,5.841868]]],[[[121.13227,5.807794],[121.138023,5.789091],[121.150883,5.779839],[121.159029,5.779001],[121.16953,5.781404],[121.180004,5.787539],[121.192704,5.789619],[121.19903,5.79833],[121.205104,5.799615],[121.208252,5.808721],[121.207377,5.812231],[121.201178,5.818267],[121.198298,5.827644],[121.193696,5.835933],[121.188322,5.836261],[121.18075,5.842769],[121.166358,5.846473],[121.159695,5.843962],[121.152144,5.849664],[121.145901,5.849641],[121.140424,5.842009],[121.14177,5.838151],[121.13416,5.826077],[121.130819,5.812347],[121.13227,5.807794]]],[[[121.028241,5.833703],[121.030775,5.840065],[121.025615,5.844406],[121.021892,5.837787],[121.028241,5.833703]]],[[[121.20201,5.836158],[121.196266,5.837385],[121.197885,5.830605],[121.203707,5.830839],[121.20201,5.836158]]],[[[121.209904,5.821251],[121.209299,5.817626],[121.214408,5.812394],[121.218059,5.803821],[121.224078,5.804891],[121.238861,5.811646],[121.241882,5.814934],[121.236886,5.818472],[121.223649,5.817536],[121.209904,5.821251]]],[[[121.167309,6.071048],[121.17218,6.073363],[121.172922,6.077184],[121.164847,6.078348],[121.167309,6.071048]]],[[[120.856759,5.592195],[120.861847,5.588436],[120.873733,5.590648],[120.877228,5.594138],[120.872988,5.59819],[120.866888,5.592695],[120.859167,5.595226],[120.856759,5.592195]]],[[[120.821731,5.569804],[120.820483,5.557589],[120.812293,5.544657],[120.815472,5.537858],[120.817087,5.526016],[120.823614,5.519622],[120.830874,5.509033],[120.837261,5.505825],[120.838501,5.500917],[120.84766,5.495104],[120.850814,5.48939],[120.856915,5.487558],[120.861072,5.490243],[120.866219,5.489333],[120.877014,5.493194],[120.883676,5.49962],[120.88952,5.507819],[120.891262,5.513381],[120.896048,5.518119],[120.897402,5.522919],[120.907942,5.537873],[120.906231,5.542296],[120.899062,5.549156],[120.888599,5.553852],[120.885653,5.562017],[120.875083,5.575174],[120.872622,5.58141],[120.867431,5.585525],[120.86207,5.583847],[120.854199,5.586683],[120.850487,5.592234],[120.836309,5.583887],[120.82629,5.576551],[120.821731,5.569804]]],[[[120.915784,5.554836],[120.91466,5.54978],[120.919778,5.546529],[120.927649,5.544947],[120.926999,5.551872],[120.915784,5.554836]]],[[[120.924245,5.489777],[120.928801,5.491204],[120.926948,5.497815],[120.922144,5.492706],[120.924245,5.489777]]],[[[120.880284,5.710217],[120.88014,5.706248],[120.890586,5.694106],[120.899883,5.696588],[120.904602,5.70147],[120.916804,5.702182],[120.924527,5.705727],[120.934816,5.718137],[120.933694,5.721155],[120.936041,5.729488],[120.934713,5.737467],[120.931173,5.746228],[120.922497,5.75614],[120.91143,5.759528],[120.899511,5.757147],[120.893768,5.75331],[120.885967,5.741871],[120.883248,5.72134],[120.883505,5.715513],[120.880284,5.710217]]],[[[120.997781,5.737887],[120.99343,5.735567],[120.995292,5.723041],[120.999909,5.722118],[121.002132,5.716377],[121.01209,5.715742],[121.018353,5.723503],[121.016521,5.731846],[121.009752,5.73647],[120.997781,5.737887]]],[[[120.993664,5.698155],[120.992029,5.697286],[120.991773,5.686038],[120.999294,5.673384],[121.008768,5.666853],[121.011915,5.671666],[120.993664,5.698155]]],[[[121.045465,5.659222],[121.05385,5.66192],[121.061997,5.666801],[121.070526,5.674683],[121.072992,5.683744],[121.071746,5.690386],[121.067883,5.693941],[121.058708,5.693043],[121.043492,5.687552],[121.040489,5.682777],[121.034032,5.683411],[121.030668,5.680755],[121.021492,5.683473],[121.019781,5.686384],[121.012323,5.681862],[121.018857,5.671807],[121.028355,5.665081],[121.036254,5.664003],[121.040352,5.66009],[121.045465,5.659222]]],[[[121.835155,6.218611],[121.838297,6.21547],[121.844372,6.221155],[121.845787,6.225357],[121.84427,6.237867],[121.840138,6.242145],[121.834319,6.242506],[121.831494,6.237917],[121.831383,6.228317],[121.835155,6.218611]]],[[[121.817357,6.176416],[121.805834,6.171081],[121.800088,6.16379],[121.796082,6.152533],[121.796003,6.139642],[121.802334,6.132233],[121.809426,6.130919],[121.814379,6.138418],[121.824444,6.140972],[121.82824,6.144204],[121.830264,6.150884],[121.825678,6.159417],[121.822883,6.170347],[121.817357,6.176416]]],[[[121.840625,6.147638],[121.820643,6.136176],[121.816464,6.135418],[121.812843,6.127501],[121.820585,6.118743],[121.827008,6.115377],[121.837988,6.116845],[121.846221,6.116664],[121.852789,6.125151],[121.852636,6.139261],[121.848568,6.145873],[121.840625,6.147638]]],[[[121.763476,6.145565],[121.761894,6.138774],[121.768538,6.140062],[121.763476,6.145565]]],[[[121.761405,6.091523],[121.75642,6.078358],[121.763214,6.073541],[121.772161,6.059541],[121.777349,6.053344],[121.786482,6.051587],[121.802026,6.04245],[121.805431,6.028883],[121.817233,6.020252],[121.828889,6.018888],[121.834557,6.014403],[121.846253,6.002635],[121.856134,5.998474],[121.865669,6.000707],[121.873424,6.000649],[121.882635,6.003246],[121.895906,6.010617],[121.9035,6.016049],[121.909533,6.018021],[121.920937,6.028214],[121.944201,6.044294],[121.948718,6.05329],[121.944973,6.05418],[121.936436,6.048001],[121.930468,6.047002],[121.916549,6.040115],[121.905149,6.032784],[121.899367,6.031315],[121.895301,6.032814],[121.877618,6.028233],[121.870571,6.024207],[121.870162,6.020653],[121.862809,6.019227],[121.858125,6.022603],[121.845181,6.028868],[121.83984,6.033972],[121.829617,6.034649],[121.827246,6.037702],[121.817866,6.03926],[121.805987,6.050249],[121.797453,6.060153],[121.794323,6.061177],[121.787315,6.068215],[121.776727,6.086311],[121.770407,6.092406],[121.764226,6.094649],[121.761405,6.091523]]],[[[121.661898,6.09113],[121.658014,6.088045],[121.655008,6.078428],[121.664742,6.080721],[121.668585,6.08341],[121.667811,6.088319],[121.661898,6.09113]]],[[[121.704178,6.076704],[121.701248,6.073506],[121.709021,6.063966],[121.717512,6.059466],[121.721477,6.061323],[121.714899,6.071614],[121.704178,6.076704]]],[[[121.694202,5.998187],[121.692685,6.003894],[121.695242,6.010706],[121.703088,6.01946],[121.715051,6.024394],[121.720594,6.023953],[121.726517,6.027693],[121.725125,6.030946],[121.715903,6.034781],[121.705721,6.042004],[121.698545,6.043003],[121.689627,6.04087],[121.690839,6.04791],[121.696699,6.04768],[121.699337,6.051231],[121.691174,6.055014],[121.677349,6.057464],[121.673651,6.056427],[121.669453,6.037368],[121.682243,6.037792],[121.686778,6.029047],[121.683667,6.021969],[121.676719,6.017331],[121.67589,6.012505],[121.667496,6.010658],[121.657815,6.004485],[121.65257,5.995875],[121.655301,5.991882],[121.670513,5.988901],[121.677735,5.993901],[121.689542,5.994324],[121.694202,5.998187]]],[[[121.516228,6.050636],[121.514113,6.043111],[121.516233,6.041553],[121.522996,6.045853],[121.516228,6.050636]]],[[[121.531793,5.995703],[121.541754,6.004865],[121.541119,6.010667],[121.554245,6.013558],[121.555655,6.022668],[121.553012,6.028128],[121.558366,6.030293],[121.557949,6.036311],[121.549992,6.042221],[121.540759,6.038162],[121.533621,6.024713],[121.532165,6.019107],[121.523163,6.001811],[121.52147,5.995555],[121.525828,5.993418],[121.531793,5.995703]]],[[[121.666175,6.027979],[121.66123,6.02365],[121.657657,6.017408],[121.659922,6.013736],[121.66492,6.017295],[121.667261,6.022329],[121.666175,6.027979]]],[[[121.578163,5.979284],[121.558112,5.955212],[121.557292,5.945659],[121.561867,5.938039],[121.568743,5.933193],[121.574797,5.93307],[121.580014,5.936319],[121.596045,5.952312],[121.596971,5.961623],[121.590708,5.973174],[121.585193,5.977571],[121.578163,5.979284]]],[[[120.794854,5.669885],[120.799239,5.66294],[120.809406,5.66204],[120.81676,5.668599],[120.824146,5.670222],[120.829945,5.66939],[120.840129,5.664187],[120.848337,5.663871],[120.862625,5.666274],[120.862575,5.670669],[120.871083,5.681408],[120.885508,5.681597],[120.888218,5.684928],[120.889026,5.693502],[120.87517,5.697427],[120.863918,5.704284],[120.853097,5.708472],[120.836592,5.710143],[120.81496,5.701756],[120.809303,5.702415],[120.803475,5.697836],[120.800415,5.68958],[120.7992,5.679916],[120.794854,5.669885]]],[[[120.416235,5.773506],[120.421637,5.777972],[120.421666,5.785444],[120.419778,5.792161],[120.415768,5.794288],[120.406079,5.80354],[120.399039,5.812122],[120.394769,5.810758],[120.395638,5.800944],[120.401153,5.787964],[120.408744,5.776486],[120.416235,5.773506]]],[[[120.411511,5.746286],[120.417799,5.756281],[120.419216,5.76158],[120.415805,5.763671],[120.409649,5.761318],[120.408349,5.748323],[120.411511,5.746286]]],[[[120.399544,5.719252],[120.404082,5.728668],[120.400403,5.730191],[120.397546,5.724305],[120.399544,5.719252]]],[[[120.353204,5.660587],[120.34918,5.669829],[120.34583,5.665807],[120.353204,5.660587]]],[[[120.282905,5.620243],[120.283569,5.627993],[120.272155,5.629628],[120.269495,5.623468],[120.272157,5.615731],[120.278654,5.616344],[120.282905,5.620243]]],[[[120.771572,5.495541],[120.777675,5.497712],[120.783093,5.504434],[120.784387,5.511353],[120.788863,5.517557],[120.793732,5.517907],[120.800138,5.527772],[120.80548,5.530508],[120.8037,5.542446],[120.811202,5.554193],[120.808967,5.562581],[120.793929,5.569548],[120.786877,5.568192],[120.779464,5.564511],[120.76473,5.55969],[120.759435,5.552268],[120.756019,5.53601],[120.750489,5.532598],[120.744503,5.517647],[120.746516,5.511452],[120.752423,5.5033],[120.758786,5.497787],[120.771572,5.495541]]],[[[120.800647,5.468055],[120.794583,5.458598],[120.787997,5.459116],[120.785713,5.472892],[120.797727,5.474903],[120.800147,5.477263],[120.801889,5.488386],[120.805007,5.499595],[120.803096,5.510984],[120.798294,5.514079],[120.788484,5.511534],[120.785267,5.501159],[120.778139,5.493942],[120.777172,5.486791],[120.77423,5.484211],[120.772814,5.477156],[120.78305,5.461282],[120.790251,5.455053],[120.799923,5.455955],[120.797855,5.459933],[120.800647,5.468055]]],[[[120.766429,5.488225],[120.773131,5.478784],[120.773663,5.484375],[120.77614,5.486038],[120.777857,5.492378],[120.765543,5.495118],[120.766429,5.488225]]],[[[120.734818,5.467604],[120.739306,5.453305],[120.735661,5.451061],[120.74061,5.443678],[120.744058,5.447509],[120.743201,5.45948],[120.737968,5.470644],[120.732929,5.478169],[120.721946,5.488059],[120.716517,5.485464],[120.716366,5.478166],[120.721702,5.471446],[120.724458,5.475783],[120.719294,5.479787],[120.724138,5.482998],[120.733609,5.475557],[120.734818,5.467604]]],[[[120.800266,5.473443],[120.794141,5.473167],[120.791798,5.465914],[120.797228,5.465585],[120.800266,5.473443]]],[[[121.440367,6.057288],[121.445698,6.050376],[121.451703,6.057246],[121.458092,6.059292],[121.46133,6.064684],[121.458388,6.07299],[121.452521,6.07656],[121.446893,6.075817],[121.441715,6.071118],[121.440367,6.057288]]],[[[121.380186,6.034095],[121.381465,6.025973],[121.385703,6.017501],[121.395874,6.01456],[121.408075,6.01915],[121.415948,6.015651],[121.418314,6.012779],[121.426523,6.015449],[121.433302,6.027541],[121.433923,6.033965],[121.431119,6.042424],[121.426032,6.049492],[121.412245,6.057112],[121.404119,6.057053],[121.399523,6.054434],[121.392291,6.04365],[121.381784,6.036765],[121.380186,6.034095]]],[[[121.374047,6.010951],[121.367011,6.016271],[121.362415,6.012022],[121.368535,6.006938],[121.374047,6.010951]]],[[[123.412852,8.853366],[123.42061,8.850191],[123.421115,8.856631],[123.414504,8.860124],[123.412852,8.853366]]],[[[123.222224,8.749036],[123.217776,8.74634],[123.219806,8.742349],[123.225806,8.743182],[123.226649,8.749102],[123.222224,8.749036]]],[[[121.909699,7.15375],[121.903921,7.149565],[121.9016,7.144346],[121.903796,7.135066],[121.903569,7.123773],[121.901288,7.115903],[121.898046,7.110897],[121.901423,7.103978],[121.900335,7.088365],[121.897535,7.078916],[121.900271,7.069601],[121.904325,7.06349],[121.907232,7.049828],[121.911866,7.039293],[121.912635,7.031114],[121.918969,7.017552],[121.920329,6.998123],[121.923204,6.98841],[121.927028,6.984345],[121.934251,6.971056],[121.948238,6.955821],[121.952264,6.954527],[121.96017,6.948525],[121.965625,6.947161],[121.966029,6.952756],[121.971119,6.954284],[121.977679,6.95221],[121.985843,6.946061],[121.990681,6.939591],[122.025862,6.919935],[122.034691,6.917488],[122.053892,6.910325],[122.060243,6.911393],[122.068127,6.907323],[122.074629,6.901618],[122.078991,6.902146],[122.092403,6.894421],[122.102325,6.893259],[122.112846,6.889041],[122.12128,6.893059],[122.126806,6.89232],[122.129062,6.895475],[122.139753,6.90166],[122.142701,6.906181],[122.150213,6.906474],[122.159221,6.916042],[122.157038,6.923003],[122.162295,6.932339],[122.169004,6.935459],[122.172277,6.940965],[122.183979,6.951005],[122.186145,6.963516],[122.18434,6.973386],[122.188412,6.982538],[122.189955,6.99282],[122.193586,6.99802],[122.192067,7.003271],[122.196645,7.007404],[122.201141,7.016614],[122.203419,7.017031],[122.20484,7.026651],[122.211298,7.033177],[122.21224,7.039237],[122.202972,7.037439],[122.205399,7.042677],[122.212847,7.048667],[122.210277,7.050551],[122.212575,7.057919],[122.209633,7.064658],[122.203745,7.062836],[122.205869,7.070011],[122.214537,7.070529],[122.216564,7.076593],[122.226877,7.086194],[122.234277,7.083367],[122.240977,7.097824],[122.251725,7.105551],[122.253664,7.112407],[122.258733,7.12103],[122.258302,7.125204],[122.253484,7.132005],[122.244607,7.136626],[122.249234,7.143021],[122.25775,7.148285],[122.257293,7.156592],[122.260149,7.159404],[122.255348,7.168548],[122.248394,7.171038],[122.252658,7.175146],[122.247892,7.187674],[122.25467,7.195509],[122.249368,7.202304],[122.252471,7.208731],[122.258126,7.204327],[122.262177,7.20373],[122.265164,7.214509],[122.264374,7.219653],[122.267983,7.222302],[122.266511,7.227119],[122.277828,7.231641],[122.278961,7.235828],[122.278211,7.250304],[122.283433,7.256892],[122.284287,7.261855],[122.280267,7.26546],[122.286119,7.275238],[122.2903,7.279048],[122.289207,7.287591],[122.291074,7.298865],[122.290077,7.310189],[122.292439,7.315666],[122.290284,7.321524],[122.303996,7.336059],[122.307352,7.335411],[122.308958,7.329532],[122.316713,7.331838],[122.313668,7.322775],[122.31937,7.321723],[122.328356,7.329816],[122.334205,7.326846],[122.327501,7.316757],[122.330105,7.309727],[122.33585,7.316271],[122.338216,7.31323],[122.344123,7.317822],[122.345657,7.323151],[122.35186,7.328601],[122.356702,7.330204],[122.362562,7.336783],[122.363746,7.342384],[122.372659,7.347744],[122.372496,7.351648],[122.37709,7.359212],[122.380606,7.360601],[122.379315,7.371793],[122.383388,7.374479],[122.38393,7.378938],[122.391264,7.386472],[122.387223,7.393933],[122.374298,7.391796],[122.362527,7.396111],[122.360962,7.400629],[122.35591,7.401261],[122.349244,7.396279],[122.344284,7.403696],[122.353719,7.413056],[122.344855,7.424846],[122.346618,7.433713],[122.3461,7.442178],[122.351324,7.444386],[122.350551,7.449679],[122.35418,7.455142],[122.35242,7.457651],[122.357556,7.463061],[122.356302,7.467205],[122.361721,7.474889],[122.367349,7.476307],[122.371025,7.474179],[122.375461,7.484421],[122.383979,7.490655],[122.392243,7.48807],[122.395708,7.489612],[122.399527,7.498751],[122.410727,7.50328],[122.417801,7.503494],[122.423866,7.512527],[122.437629,7.52626],[122.448567,7.534335],[122.447569,7.538653],[122.436097,7.541894],[122.439151,7.545446],[122.449675,7.548013],[122.452624,7.536794],[122.460137,7.54105],[122.459503,7.534281],[122.455515,7.523122],[122.451655,7.521018],[122.447988,7.511358],[122.43819,7.505869],[122.440142,7.498543],[122.445431,7.502404],[122.45127,7.500834],[122.460358,7.510036],[122.460322,7.515093],[122.469192,7.521216],[122.475527,7.527606],[122.478132,7.534455],[122.484503,7.536725],[122.492257,7.55537],[122.486961,7.558903],[122.491545,7.567484],[122.500433,7.565898],[122.50146,7.571011],[122.506479,7.578297],[122.49764,7.578556],[122.494935,7.574082],[122.48211,7.569774],[122.469212,7.578167],[122.460749,7.568597],[122.452166,7.566727],[122.436723,7.56918],[122.430079,7.579467],[122.431329,7.583702],[122.439207,7.58841],[122.445334,7.594962],[122.446766,7.602487],[122.445617,7.606983],[122.452562,7.612049],[122.458635,7.610748],[122.468406,7.615322],[122.473301,7.620524],[122.47476,7.626971],[122.473617,7.631656],[122.484136,7.631591],[122.486647,7.634683],[122.47695,7.642116],[122.482698,7.646668],[122.482501,7.652619],[122.488155,7.658301],[122.492789,7.656418],[122.497188,7.665706],[122.501544,7.667505],[122.499094,7.676936],[122.504556,7.67998],[122.506191,7.685782],[122.511372,7.69321],[122.525052,7.692905],[122.52203,7.69892],[122.523422,7.702138],[122.529151,7.702414],[122.534187,7.707441],[122.532521,7.7104],[122.53557,7.717479],[122.542392,7.723839],[122.546806,7.73403],[122.555378,7.73903],[122.563341,7.739858],[122.563121,7.743732],[122.56926,7.746417],[122.580036,7.741827],[122.580062,7.746355],[122.591457,7.751892],[122.602191,7.751799],[122.604946,7.756783],[122.612198,7.759652],[122.609017,7.763556],[122.617754,7.765112],[122.623138,7.774278],[122.631729,7.776031],[122.633651,7.77836],[122.643814,7.777377],[122.65969,7.784646],[122.666894,7.784052],[122.672764,7.77828],[122.671718,7.76676],[122.675836,7.767219],[122.682908,7.779543],[122.693371,7.788561],[122.696025,7.782623],[122.716399,7.784366],[122.724667,7.780152],[122.725481,7.77367],[122.732887,7.763651],[122.737245,7.764859],[122.743205,7.760912],[122.749736,7.750639],[122.757259,7.754903],[122.765352,7.753541],[122.779756,7.752956],[122.784703,7.754852],[122.785813,7.762128],[122.797054,7.756529],[122.802364,7.751805],[122.809378,7.748714],[122.809001,7.741697],[122.805704,7.73963],[122.811483,7.72825],[122.80563,7.725456],[122.799705,7.726122],[122.799188,7.718366],[122.802,7.717254],[122.80033,7.70931],[122.801732,7.702875],[122.796893,7.70222],[122.792242,7.697026],[122.791237,7.687888],[122.786431,7.686593],[122.782546,7.674696],[122.787561,7.670858],[122.786242,7.663088],[122.788723,7.65783],[122.786849,7.653475],[122.789827,7.650324],[122.794928,7.636242],[122.793249,7.627547],[122.786926,7.615181],[122.791962,7.612281],[122.790352,7.606836],[122.792221,7.596644],[122.788914,7.591418],[122.793849,7.588627],[122.800178,7.589536],[122.801431,7.584955],[122.810653,7.581609],[122.812751,7.573223],[122.818964,7.567159],[122.823106,7.560124],[122.819808,7.55733],[122.827042,7.545122],[122.828827,7.530605],[122.824898,7.525996],[122.828209,7.521851],[122.81668,7.518544],[122.806821,7.525597],[122.809913,7.533927],[122.808233,7.538329],[122.801465,7.540943],[122.799516,7.544919],[122.792002,7.541697],[122.788099,7.537416],[122.794449,7.52274],[122.787919,7.510451],[122.781305,7.504971],[122.783373,7.496542],[122.780212,7.488591],[122.782178,7.483949],[122.779573,7.474023],[122.781992,7.470847],[122.79949,7.489751],[122.806609,7.491014],[122.810685,7.4846],[122.81886,7.478046],[122.81716,7.470303],[122.819995,7.468333],[122.81765,7.460497],[122.819628,7.457482],[122.814938,7.453223],[122.810804,7.445795],[122.810721,7.437523],[122.814946,7.4338],[122.823953,7.443515],[122.828469,7.445809],[122.837887,7.44588],[122.839787,7.438464],[122.848725,7.442811],[122.848819,7.445699],[122.856933,7.456548],[122.864246,7.455719],[122.870322,7.467122],[122.873896,7.463481],[122.877585,7.470709],[122.874422,7.478173],[122.874556,7.483514],[122.869056,7.48895],[122.861576,7.490653],[122.856704,7.495882],[122.864457,7.503807],[122.876658,7.505525],[122.885372,7.509102],[122.886346,7.522354],[122.888884,7.525733],[122.889175,7.539829],[122.894002,7.542186],[122.904786,7.544203],[122.915228,7.540279],[122.92155,7.535902],[122.922688,7.531218],[122.928644,7.525645],[122.928334,7.514458],[122.932741,7.504529],[122.942721,7.499419],[122.947997,7.490474],[122.949573,7.480765],[122.960317,7.474075],[122.964225,7.485931],[122.971768,7.486736],[122.974176,7.477967],[122.978538,7.47246],[122.983079,7.472273],[122.982021,7.466418],[122.986459,7.459291],[122.992496,7.458151],[122.995569,7.46521],[122.992339,7.470807],[122.998171,7.478322],[123.003841,7.480156],[123.002581,7.489274],[122.996074,7.499346],[123.001992,7.502274],[123.002736,7.510098],[123.007121,7.516791],[123.008041,7.526235],[123.012561,7.528355],[123.013849,7.533167],[123.019633,7.54171],[123.02351,7.541283],[123.026247,7.546458],[123.024832,7.558611],[123.029105,7.566593],[123.033534,7.569535],[123.029493,7.575355],[123.03395,7.579877],[123.035402,7.585278],[123.02979,7.603053],[123.033748,7.610585],[123.028036,7.614237],[123.030761,7.626963],[123.037726,7.624053],[123.044406,7.62446],[123.050007,7.620774],[123.055427,7.624094],[123.055563,7.635997],[123.053028,7.640187],[123.048869,7.639407],[123.047151,7.650039],[123.039441,7.655606],[123.043811,7.660636],[123.050606,7.662255],[123.055803,7.659378],[123.060809,7.662504],[123.062026,7.672869],[123.05975,7.676203],[123.062403,7.680626],[123.068348,7.679507],[123.081362,7.683073],[123.082392,7.689643],[123.086488,7.68948],[123.086583,7.695965],[123.097218,7.705587],[123.10252,7.70307],[123.110106,7.71779],[123.110818,7.725129],[123.11446,7.729426],[123.118126,7.728896],[123.117639,7.722233],[123.125217,7.714757],[123.131101,7.714348],[123.142915,7.700969],[123.145656,7.687915],[123.140045,7.685785],[123.138066,7.681978],[123.1268,7.67333],[123.128223,7.660439],[123.131865,7.654733],[123.138722,7.650061],[123.13941,7.643452],[123.145807,7.648229],[123.15347,7.646437],[123.156422,7.640282],[123.161612,7.637735],[123.166423,7.63856],[123.167078,7.644914],[123.174728,7.643805],[123.178275,7.638201],[123.174588,7.6349],[123.176957,7.626144],[123.181989,7.614343],[123.185227,7.615527],[123.189912,7.611494],[123.189696,7.606691],[123.193847,7.602121],[123.192505,7.597406],[123.195795,7.588571],[123.185064,7.584159],[123.18254,7.579951],[123.173635,7.57435],[123.168805,7.578844],[123.161486,7.5823],[123.147098,7.576679],[123.131234,7.580285],[123.130002,7.585163],[123.133865,7.589738],[123.132816,7.594746],[123.122525,7.604093],[123.112051,7.604215],[123.109227,7.606124],[123.101718,7.604547],[123.102991,7.598665],[123.115925,7.590623],[123.120243,7.58953],[123.131369,7.569564],[123.128883,7.565804],[123.115491,7.56316],[123.102309,7.557043],[123.107046,7.547503],[123.102164,7.537977],[123.108259,7.53604],[123.113176,7.529125],[123.113917,7.519494],[123.115872,7.513951],[123.127866,7.504472],[123.13357,7.503745],[123.13919,7.499435],[123.161526,7.497048],[123.165805,7.494881],[123.162187,7.488715],[123.161939,7.481676],[123.166202,7.470526],[123.174228,7.466133],[123.184119,7.469283],[123.18819,7.474313],[123.189198,7.482477],[123.197183,7.481804],[123.198286,7.484567],[123.192339,7.494905],[123.184712,7.496707],[123.182153,7.505086],[123.201525,7.515468],[123.203284,7.51885],[123.216736,7.526116],[123.220662,7.535659],[123.230239,7.537759],[123.238063,7.534275],[123.242536,7.52959],[123.252561,7.532176],[123.258086,7.536836],[123.262209,7.533081],[123.280036,7.53058],[123.289007,7.532203],[123.294955,7.529006],[123.300356,7.531863],[123.307946,7.52274],[123.306245,7.518997],[123.299679,7.514524],[123.294755,7.514646],[123.290035,7.509553],[123.290344,7.49832],[123.295419,7.493703],[123.291447,7.489811],[123.282189,7.474109],[123.285227,7.467041],[123.292547,7.464056],[123.296326,7.457338],[123.299939,7.45691],[123.310325,7.450242],[123.315818,7.44845],[123.322176,7.441925],[123.324297,7.423745],[123.334348,7.412924],[123.361441,7.403033],[123.375263,7.399249],[123.380951,7.392712],[123.382375,7.385904],[123.381328,7.377221],[123.389229,7.373729],[123.396028,7.367039],[123.396712,7.363766],[123.405707,7.357656],[123.416274,7.359551],[123.420925,7.362093],[123.420667,7.371826],[123.424735,7.374077],[123.4479,7.369243],[123.453313,7.375661],[123.452301,7.381793],[123.447884,7.386907],[123.444842,7.397594],[123.44561,7.402066],[123.441959,7.407912],[123.436275,7.410475],[123.441489,7.414783],[123.439516,7.421536],[123.440756,7.428117],[123.449878,7.434793],[123.445392,7.442969],[123.441913,7.444089],[123.435815,7.452985],[123.425644,7.455699],[123.419308,7.459639],[123.412461,7.467296],[123.408789,7.4675],[123.404987,7.460404],[123.40022,7.45793],[123.394471,7.458672],[123.395481,7.469146],[123.389068,7.479576],[123.386127,7.481263],[123.380263,7.492318],[123.380831,7.510464],[123.383334,7.511555],[123.381803,7.520998],[123.382741,7.528205],[123.376445,7.533585],[123.372598,7.533605],[123.369864,7.538841],[123.363895,7.537147],[123.360027,7.540687],[123.352255,7.541877],[123.346968,7.550575],[123.343707,7.546267],[123.337605,7.548461],[123.336618,7.553437],[123.341349,7.563983],[123.338552,7.570444],[123.348464,7.572118],[123.35587,7.579747],[123.361356,7.579335],[123.365206,7.572986],[123.370959,7.574777],[123.380161,7.566272],[123.387883,7.555781],[123.394205,7.566843],[123.394277,7.572177],[123.389311,7.576487],[123.391807,7.586002],[123.38368,7.590163],[123.381454,7.594629],[123.382668,7.602167],[123.387827,7.60395],[123.407038,7.614449],[123.417047,7.617913],[123.422916,7.61467],[123.429133,7.615179],[123.42843,7.620026],[123.435839,7.624215],[123.442623,7.623465],[123.463115,7.633179],[123.466964,7.638481],[123.464985,7.649615],[123.470812,7.654319],[123.472576,7.664064],[123.476052,7.667476],[123.475352,7.676918],[123.482234,7.681704],[123.478862,7.689033],[123.481937,7.694238],[123.476491,7.702326],[123.480733,7.707663],[123.482017,7.712656],[123.477271,7.716762],[123.477858,7.721717],[123.482625,7.727388],[123.479713,7.734184],[123.474501,7.737806],[123.471769,7.742995],[123.458441,7.743523],[123.45256,7.747882],[123.444987,7.745632],[123.441048,7.750728],[123.443696,7.76077],[123.441379,7.764645],[123.433361,7.761316],[123.426955,7.763973],[123.419904,7.771717],[123.423552,7.780427],[123.430005,7.781251],[123.4289,7.788038],[123.430526,7.793441],[123.425939,7.801208],[123.427271,7.806825],[123.422724,7.814484],[123.426941,7.816596],[123.445985,7.819611],[123.450128,7.813929],[123.457522,7.813987],[123.460458,7.811934],[123.466871,7.817228],[123.474665,7.819872],[123.477476,7.818054],[123.484902,7.819605],[123.50017,7.83025],[123.528631,7.836623],[123.527227,7.840591],[123.532526,7.845617],[123.539586,7.848821],[123.54388,7.847832],[123.567342,7.851995],[123.573141,7.851425],[123.598046,7.833239],[123.602028,7.835892],[123.608685,7.835866],[123.613414,7.829377],[123.617486,7.827769],[123.624134,7.830434],[123.627766,7.831709],[123.629745,7.825333],[123.641809,7.822303],[123.651177,7.822534],[123.664752,7.818315],[123.683524,7.815383],[123.693034,7.812348],[123.695798,7.803423],[123.69445,7.799538],[123.708299,7.796799],[123.716399,7.793822],[123.725277,7.785359],[123.727332,7.778744],[123.735305,7.770129],[123.739807,7.761869],[123.735821,7.753637],[123.735428,7.747927],[123.737961,7.743833],[123.736308,7.733333],[123.745928,7.728686],[123.746866,7.735645],[123.755343,7.73596],[123.763668,7.731712],[123.767041,7.728302],[123.771695,7.718869],[123.775897,7.714184],[123.77199,7.708028],[123.772548,7.704627],[123.780697,7.704053],[123.792362,7.70748],[123.8042,7.70436],[123.817821,7.699609],[123.820017,7.697142],[123.828606,7.696532],[123.843052,7.70024],[123.851181,7.698732],[123.865588,7.696366],[123.87469,7.700882],[123.885428,7.697532],[123.891511,7.697099],[123.903236,7.689907],[123.916349,7.692566],[123.927824,7.686783],[123.933791,7.682584],[123.952164,7.674097],[123.963401,7.667122],[123.972811,7.666352],[123.974724,7.661944],[123.972655,7.657227],[123.974216,7.651144],[123.97848,7.646166],[123.98975,7.644404],[123.999454,7.645552],[124.003494,7.641587],[124.011956,7.647785],[124.015876,7.644034],[124.016693,7.639321],[124.027043,7.634659],[124.03476,7.626376],[124.037975,7.62006],[124.044792,7.611002],[124.043798,7.602555],[124.049987,7.59658],[124.061319,7.588712],[124.067539,7.582122],[124.074825,7.569419],[124.085081,7.557286],[124.08533,7.555279],[124.096149,7.53676],[124.108252,7.525653],[124.118429,7.509966],[124.120337,7.501524],[124.127275,7.489052],[124.126912,7.486444],[124.131766,7.4719],[124.143441,7.46526],[124.1461,7.457702],[124.144402,7.451281],[124.140122,7.447561],[124.134484,7.448977],[124.12877,7.453598],[124.127938,7.447429],[124.135125,7.439941],[124.140627,7.436299],[124.145096,7.437125],[124.167645,7.428646],[124.171794,7.428314],[124.168133,7.42042],[124.169883,7.415271],[124.17863,7.415695],[124.174269,7.409249],[124.166618,7.410243],[124.1553,7.40612],[124.155754,7.401941],[124.165692,7.40118],[124.172664,7.406965],[124.182962,7.409144],[124.186709,7.412033],[124.193501,7.420195],[124.198076,7.421262],[124.204211,7.416093],[124.206308,7.409387],[124.216475,7.405994],[124.223722,7.405602],[124.226633,7.411802],[124.231893,7.415904],[124.239461,7.415556],[124.249488,7.406428],[124.250379,7.391664],[124.247842,7.385729],[124.248148,7.376745],[124.255292,7.379741],[124.259832,7.375266],[124.260714,7.368133],[124.256495,7.347947],[124.239205,7.346747],[124.237332,7.343023],[124.232059,7.342129],[124.229555,7.345676],[124.224634,7.34596],[124.224537,7.353877],[124.217665,7.357398],[124.216065,7.35395],[124.207624,7.352459],[124.215076,7.342713],[124.212713,7.333336],[124.213006,7.325558],[124.216759,7.30889],[124.215659,7.300814],[124.211237,7.291091],[124.208692,7.272347],[124.204084,7.266624],[124.207298,7.250522],[124.201466,7.252694],[124.194099,7.252857],[124.188571,7.249417],[124.188324,7.243375],[124.180609,7.229625],[124.169034,7.221648],[124.171271,7.215522],[124.163024,7.207795],[124.159097,7.202227],[124.172737,7.199453],[124.17238,7.195579],[124.165371,7.194364],[124.157685,7.175087],[124.154085,7.172274],[124.14199,7.17083],[124.132236,7.166226],[124.123661,7.157179],[124.114943,7.150936],[124.103317,7.147703],[124.0967,7.148734],[124.087335,7.145256],[124.082518,7.146496],[124.067427,7.145391],[124.06321,7.13864],[124.052123,7.129703],[124.046921,7.122839],[124.042953,7.112597],[124.036758,7.104264],[124.037651,7.0962],[124.025845,7.082431],[124.02374,7.076112],[124.01551,7.062229],[124.01462,7.053915],[124.012502,7.050464],[124.002574,7.044327],[124.000448,7.039055],[124.001056,7.032947],[123.996133,7.028434],[123.992724,7.021412],[123.995213,7.001626],[123.98312,6.980916],[123.979292,6.972154],[123.9698,6.963654],[123.971637,6.955385],[123.96939,6.938378],[123.970659,6.929883],[123.967253,6.922107],[123.964305,6.920083],[123.960919,6.912346],[123.956809,6.910164],[123.95798,6.904064],[123.956853,6.893879],[123.970256,6.883312],[123.975016,6.867743],[123.97262,6.862137],[123.966899,6.860759],[123.957986,6.855209],[123.956497,6.848516],[123.957434,6.840958],[123.963195,6.833607],[123.961672,6.827296],[123.958395,6.824678],[123.950545,6.826483],[123.944899,6.820447],[123.953015,6.819499],[123.962463,6.811868],[123.961214,6.807117],[123.963536,6.800433],[123.970729,6.797843],[123.975704,6.793832],[123.975847,6.786255],[123.969783,6.775586],[123.975634,6.768565],[123.978756,6.770939],[123.987504,6.771465],[123.991002,6.778001],[123.995307,6.791896],[123.998907,6.794936],[124.010372,6.794075],[124.019658,6.78952],[124.027414,6.782265],[124.034731,6.771266],[124.040822,6.75822],[124.041051,6.750962],[124.037965,6.743848],[124.033163,6.741122],[124.022462,6.73352],[124.017225,6.727479],[124.016018,6.718228],[124.017648,6.710271],[124.022351,6.698965],[124.034565,6.678764],[124.03262,6.677988],[124.03882,6.66215],[124.049351,6.638745],[124.052222,6.627231],[124.052142,6.615115],[124.054614,6.606336],[124.053647,6.595784],[124.044704,6.586541],[124.04278,6.57578],[124.035468,6.570257],[124.034954,6.563148],[124.047043,6.552946],[124.06217,6.547587],[124.060963,6.54007],[124.040856,6.529214],[124.029085,6.53771],[124.025282,6.531873],[124.020625,6.529212],[124.021143,6.524],[124.032855,6.516973],[124.031046,6.512396],[124.025245,6.510497],[124.024349,6.506757],[124.027232,6.500072],[124.034365,6.500281],[124.037423,6.494205],[124.039303,6.483754],[124.037029,6.475975],[124.039794,6.471302],[124.040539,6.458636],[124.027822,6.458076],[124.030649,6.450749],[124.040981,6.445144],[124.044081,6.436963],[124.041734,6.428548],[124.041794,6.422815],[124.045086,6.417572],[124.044367,6.413574],[124.04971,6.411807],[124.047618,6.398968],[124.051949,6.393434],[124.052837,6.387277],[124.057015,6.382897],[124.057375,6.378853],[124.064405,6.381325],[124.061633,6.386698],[124.065845,6.3941],[124.069108,6.395369],[124.077288,6.389819],[124.081774,6.383492],[124.082541,6.37362],[124.081045,6.369871],[124.083447,6.363779],[124.089081,6.357364],[124.095765,6.344613],[124.101214,6.33021],[124.111403,6.318417],[124.122616,6.308345],[124.136438,6.292606],[124.139229,6.286751],[124.146146,6.285161],[124.151747,6.28],[124.154353,6.27395],[124.160629,6.275108],[124.167973,6.272304],[124.168244,6.267433],[124.171522,6.260497],[124.170545,6.252082],[124.177943,6.239101],[124.181463,6.228994],[124.179582,6.222975],[124.184751,6.210646],[124.190949,6.206165],[124.196119,6.205006],[124.209614,6.195939],[124.217414,6.19183],[124.223335,6.18661],[124.233053,6.174224],[124.24377,6.164205],[124.250465,6.159874],[124.26543,6.152499],[124.266265,6.155061],[124.276801,6.158547],[124.285814,6.150176],[124.286957,6.146889],[124.295952,6.142144],[124.32311,6.114333],[124.334292,6.114365],[124.351313,6.118648],[124.363987,6.115464],[124.371446,6.110943],[124.380213,6.102386],[124.386061,6.101022],[124.392542,6.092487],[124.39738,6.091021],[124.402686,6.09385],[124.418567,6.090416],[124.42544,6.087492],[124.450982,6.067141],[124.456158,6.060548],[124.476416,6.052315],[124.488167,6.043232],[124.494974,6.039626],[124.520991,6.022053],[124.545949,6.016961],[124.558907,6.01776],[124.570035,6.017196],[124.578306,6.01513],[124.587424,6.008944],[124.593513,6.002049],[124.597028,5.991842],[124.604255,5.986506],[124.619776,5.985703],[124.627876,5.986561],[124.637533,5.985302],[124.648453,5.978038],[124.653045,5.969866],[124.658935,5.96586],[124.676467,5.957393],[124.691027,5.954412],[124.697984,5.951272],[124.707941,5.944387],[124.732277,5.93101],[124.742735,5.928496],[124.754925,5.92719],[124.768131,5.922748],[124.780037,5.915155],[124.802504,5.907764],[124.809941,5.902665],[124.823177,5.889557],[124.834814,5.885836],[124.841229,5.886604],[124.852515,5.882789],[124.866545,5.882005],[124.87883,5.879636],[124.890608,5.872556],[124.909303,5.868483],[124.917509,5.864799],[124.923771,5.860095],[124.930256,5.862442],[124.941752,5.861533],[124.94988,5.856573],[124.957391,5.855661],[124.971291,5.86107],[124.977987,5.862116],[124.99406,5.86063],[125.005872,5.855779],[125.023101,5.854283],[125.036986,5.85105],[125.049618,5.853691],[125.05754,5.856454],[125.062638,5.855521],[125.071341,5.857382],[125.080637,5.864703],[125.083834,5.870801],[125.088124,5.874011],[125.079016,5.882978],[125.07606,5.88825],[125.078426,5.898835],[125.08429,5.905597],[125.089078,5.906784],[125.096893,5.911723],[125.100427,5.921099],[125.097685,5.922429],[125.09367,5.932998],[125.096805,5.938273],[125.098809,5.951999],[125.103929,5.955319],[125.11404,5.966858],[125.114084,5.978204],[125.120273,5.983464],[125.120479,5.991039],[125.127991,5.999715],[125.131776,6.012621],[125.14071,6.019418],[125.143662,6.029704],[125.142995,6.042018],[125.148134,6.046923],[125.1509,6.060691],[125.156309,6.066124],[125.15338,6.073329],[125.156648,6.080632],[125.154272,6.082964],[125.153519,6.091183],[125.164576,6.103352],[125.170109,6.106297],[125.190458,6.104023],[125.19453,6.100638],[125.203185,6.099097],[125.216419,6.102391],[125.223162,6.095743],[125.22974,6.096941],[125.236954,6.095554],[125.241631,6.097091],[125.256567,6.093026],[125.271556,6.083907],[125.278755,6.064575],[125.274455,6.054023],[125.278782,6.047368],[125.280448,6.037898],[125.277319,6.034755],[125.277931,6.026869],[125.282467,6.018332],[125.287198,6.014542],[125.287913,6.006164],[125.291985,5.98239],[125.287011,5.971852],[125.283925,5.970036],[125.282179,5.96002],[125.278459,5.95406],[125.268649,5.944008],[125.265301,5.934906],[125.265964,5.927077],[125.270876,5.924977],[125.270222,5.91662],[125.26356,5.916741],[125.259009,5.919222],[125.246689,5.911328],[125.241955,5.910406],[125.236138,5.906053],[125.236614,5.895344],[125.228915,5.891879],[125.222203,5.891823],[125.215286,5.886576],[125.213019,5.882819],[125.219795,5.87766],[125.221907,5.867834],[125.219316,5.856981],[125.214994,5.85318],[125.214163,5.846263],[125.209755,5.844914],[125.205248,5.837227],[125.205821,5.829386],[125.20169,5.825514],[125.189504,5.830289],[125.182717,5.837641],[125.17457,5.826565],[125.176429,5.81931],[125.172513,5.814202],[125.174378,5.806923],[125.174618,5.797777],[125.185745,5.792119],[125.189055,5.787523],[125.189403,5.778111],[125.186176,5.773539],[125.194279,5.770529],[125.198864,5.773924],[125.209274,5.774417],[125.215211,5.769736],[125.222556,5.757622],[125.229597,5.73666],[125.228874,5.728831],[125.246026,5.711263],[125.250091,5.712444],[125.264648,5.708514],[125.270398,5.711223],[125.277924,5.705713],[125.282766,5.696464],[125.286252,5.693962],[125.292918,5.678543],[125.292763,5.673842],[125.29861,5.65767],[125.303836,5.651883],[125.308395,5.634114],[125.307476,5.625685],[125.299613,5.614715],[125.298892,5.607704],[125.292492,5.595457],[125.293648,5.583196],[125.299193,5.582916],[125.311008,5.576204],[125.317032,5.56864],[125.327437,5.568573],[125.330361,5.563267],[125.328126,5.556921],[125.332815,5.555971],[125.341865,5.563209],[125.352198,5.567698],[125.358658,5.567551],[125.361978,5.563876],[125.366158,5.567196],[125.371126,5.560861],[125.375729,5.558642],[125.383111,5.559758],[125.396867,5.56501],[125.410853,5.57268],[125.413727,5.572615],[125.415587,5.582809],[125.420363,5.586547],[125.428865,5.598838],[125.431211,5.605267],[125.431001,5.610886],[125.438355,5.611636],[125.444196,5.617697],[125.440972,5.62431],[125.441881,5.629211],[125.448264,5.629695],[125.454319,5.640211],[125.462928,5.65053],[125.46762,5.662365],[125.474153,5.667702],[125.482613,5.684341],[125.484022,5.695694],[125.494136,5.70275],[125.498722,5.703699],[125.498753,5.716143],[125.506134,5.736739],[125.512896,5.748675],[125.521351,5.752589],[125.52552,5.761664],[125.531221,5.767083],[125.534427,5.775136],[125.547261,5.790723],[125.558534,5.796383],[125.564366,5.802916],[125.564379,5.810309],[125.569337,5.817814],[125.577383,5.82189],[125.58239,5.833388],[125.590681,5.841912],[125.598498,5.845992],[125.599735,5.854095],[125.602364,5.860075],[125.611198,5.868391],[125.623373,5.87127],[125.628993,5.882343],[125.62919,5.890206],[125.634671,5.897903],[125.642198,5.900288],[125.64485,5.911648],[125.65105,5.919957],[125.660781,5.9205],[125.66239,5.926476],[125.662692,5.940477],[125.66556,5.94947],[125.672425,5.953876],[125.675626,5.960391],[125.678389,5.960858],[125.685533,5.971813],[125.689696,5.987017],[125.689582,5.998236],[125.693439,6.002973],[125.693256,6.017255],[125.694932,6.021204],[125.70169,6.024004],[125.70138,6.03474],[125.702866,6.038955],[125.699705,6.044771],[125.701548,6.053852],[125.699579,6.056226],[125.700505,6.067985],[125.704887,6.088589],[125.708373,6.095806],[125.714112,6.098546],[125.713963,6.11224],[125.708388,6.113589],[125.704393,6.119371],[125.703045,6.126564],[125.704222,6.135434],[125.709569,6.150967],[125.711372,6.159464],[125.711671,6.175038],[125.70942,6.175483],[125.704834,6.183802],[125.704489,6.191923],[125.701624,6.205333],[125.703553,6.212387],[125.69831,6.220228],[125.689792,6.242994],[125.684912,6.252371],[125.679217,6.256153],[125.673645,6.257001],[125.669616,6.26698],[125.6707,6.275188],[125.661134,6.289094],[125.659905,6.294449],[125.655585,6.297397],[125.657587,6.304991],[125.655692,6.315655],[125.652756,6.318252],[125.653272,6.323578],[125.644748,6.343195],[125.637297,6.35112],[125.639424,6.360645],[125.630153,6.374434],[125.621617,6.384112],[125.619257,6.388426],[125.620104,6.40483],[125.615318,6.413769],[125.610163,6.41725],[125.598487,6.431702],[125.582776,6.438835],[125.581654,6.449043],[125.58254,6.462775],[125.586866,6.472933],[125.586488,6.480525],[125.589281,6.488885],[125.595427,6.497155],[125.593023,6.502088],[125.588433,6.502679],[125.588326,6.492265],[125.583935,6.489557],[125.579712,6.490689],[125.575084,6.497262],[125.572344,6.496066],[125.565175,6.502603],[125.567852,6.51119],[125.573358,6.512622],[125.579969,6.517035],[125.566236,6.518976],[125.568774,6.525967],[125.567186,6.530091],[125.553336,6.533527],[125.549307,6.526966],[125.53694,6.528054],[125.535145,6.522589],[125.529266,6.516357],[125.521325,6.520708],[125.517824,6.538917],[125.513589,6.546],[125.514964,6.557355],[125.510302,6.555137],[125.502753,6.557948],[125.49839,6.565448],[125.493047,6.565873],[125.481395,6.572666],[125.478283,6.580538],[125.481711,6.587096],[125.484673,6.597321],[125.477804,6.593473],[125.470971,6.592117],[125.463467,6.594377],[125.458773,6.600221],[125.456207,6.609969],[125.451508,6.607316],[125.444902,6.610435],[125.438078,6.620403],[125.430923,6.625401],[125.427444,6.630794],[125.423075,6.627041],[125.42254,6.621153],[125.426224,6.618922],[125.425334,6.611916],[125.43278,6.611407],[125.440696,6.604159],[125.449159,6.593265],[125.443473,6.590162],[125.445218,6.57964],[125.440892,6.578167],[125.431406,6.579954],[125.424335,6.583894],[125.421891,6.587607],[125.415682,6.589854],[125.412272,6.598596],[125.406665,6.599536],[125.39942,6.604565],[125.392536,6.602005],[125.387506,6.60569],[125.381419,6.617438],[125.382952,6.629451],[125.386868,6.635017],[125.384101,6.640787],[125.381515,6.651227],[125.381831,6.663943],[125.383736,6.678842],[125.380579,6.685587],[125.380388,6.695606],[125.374418,6.707484],[125.374665,6.715742],[125.372766,6.724318],[125.375011,6.729529],[125.383006,6.737644],[125.387797,6.740291],[125.385009,6.744688],[125.386843,6.752727],[125.390947,6.756689],[125.387453,6.764974],[125.383781,6.76672],[125.385262,6.778483],[125.391291,6.78192],[125.390169,6.785275],[125.392529,6.792778],[125.379132,6.80459],[125.381137,6.807598],[125.390767,6.802989],[125.395089,6.806849],[125.398008,6.813206],[125.405864,6.820957],[125.409381,6.822201],[125.412582,6.830716],[125.419342,6.833297],[125.41997,6.840636],[125.418429,6.846592],[125.421265,6.850344],[125.434824,6.859917],[125.439472,6.867308],[125.451934,6.870429],[125.457513,6.882285],[125.455632,6.89471],[125.460444,6.899528],[125.466633,6.900807],[125.47374,6.904631],[125.476615,6.908399],[125.484284,6.911791],[125.490253,6.921208],[125.48884,6.930635],[125.490273,6.934587],[125.488811,6.942907],[125.485113,6.952507],[125.484304,6.963546],[125.486345,6.979155],[125.489042,6.984361],[125.504486,6.99909],[125.50683,7.006927],[125.525088,7.028325],[125.532488,7.032407],[125.536344,7.039341],[125.550309,7.045638],[125.558779,7.046239],[125.565748,7.04452],[125.572123,7.040815],[125.576181,7.035714],[125.579899,7.04049],[125.599541,7.044938],[125.607525,7.045081],[125.612037,7.049303],[125.61175,7.055836],[125.617169,7.063593],[125.626258,7.071134],[125.626583,7.081538],[125.629822,7.085621],[125.640489,7.089744],[125.642469,7.094202],[125.650024,7.097458],[125.65024,7.103254],[125.653569,7.109297],[125.662941,7.121592],[125.663587,7.131477],[125.662575,7.140166],[125.662536,7.154801],[125.659719,7.160551],[125.655093,7.180763],[125.652024,7.183249],[125.648542,7.196696],[125.648215,7.206087],[125.646514,7.212164],[125.646695,7.225009],[125.651735,7.231207],[125.647733,7.237239],[125.653584,7.247683],[125.661971,7.251828],[125.679583,7.253268],[125.680454,7.262678],[125.683404,7.267161],[125.680997,7.271132],[125.690172,7.285051],[125.697021,7.293895],[125.707515,7.289817],[125.716324,7.294154],[125.713165,7.297612],[125.718541,7.304942],[125.726861,7.309268],[125.733729,7.310027],[125.738209,7.316288],[125.737007,7.319096],[125.74246,7.32419],[125.75882,7.333937],[125.781305,7.341353],[125.791238,7.347534],[125.81151,7.365261],[125.81996,7.366355],[125.828488,7.364559],[125.836132,7.360883],[125.837788,7.36314],[125.842533,7.364139],[125.85178,7.360986],[125.851643,7.354021],[125.854024,7.351451],[125.855828,7.342199],[125.850519,7.336392],[125.846946,7.328664],[125.84576,7.321029],[125.846809,7.304521],[125.848275,7.299398],[125.847737,7.291566],[125.840528,7.286375],[125.841464,7.281049],[125.839556,7.273592],[125.841011,7.268994],[125.837783,7.254551],[125.841733,7.24513],[125.852107,7.229131],[125.858353,7.226913],[125.863424,7.22183],[125.867632,7.21112],[125.873086,7.204926],[125.870128,7.199119],[125.870726,7.192416],[125.873723,7.182719],[125.885035,7.171191],[125.88977,7.170005],[125.892658,7.165372],[125.892196,7.159839],[125.885847,7.136418],[125.888337,7.132425],[125.883886,7.126445],[125.889111,7.117921],[125.898422,7.108938],[125.902094,7.099921],[125.912773,7.090638],[125.927258,7.088618],[125.93592,7.082424],[125.938429,7.077472],[125.94416,7.074209],[125.957069,7.06631],[125.959152,7.060499],[125.952304,7.061726],[125.9473,7.057713],[125.951023,7.047047],[125.961457,7.046134],[125.967271,7.039037],[125.981869,7.029746],[125.981761,7.019339],[125.985912,7.016985],[125.983981,7.005727],[125.988567,7.00128],[125.984541,6.995279],[125.985569,6.988514],[125.97932,6.977802],[125.976598,6.96422],[125.972613,6.955029],[125.972405,6.950753],[125.977585,6.941253],[125.977005,6.927888],[125.984033,6.921157],[125.986664,6.913978],[125.991211,6.909043],[125.997316,6.899009],[126.004999,6.89132],[126.013199,6.885708],[126.023659,6.874838],[126.039682,6.866202],[126.044567,6.867634],[126.05817,6.865858],[126.067456,6.861293],[126.074915,6.855465],[126.077942,6.851106],[126.080486,6.840372],[126.077189,6.830345],[126.078883,6.824603],[126.083851,6.820834],[126.085837,6.804614],[126.080182,6.77722],[126.075668,6.773359],[126.075668,6.760376],[126.079337,6.751909],[126.088872,6.749135],[126.097506,6.737817],[126.095395,6.730392],[126.08949,6.731182],[126.092222,6.724638],[126.08642,6.707641],[126.084595,6.696785],[126.090606,6.69208],[126.092904,6.685621],[126.090628,6.678311],[126.087369,6.675796],[126.078774,6.673913],[126.073442,6.667639],[126.070711,6.661707],[126.069343,6.650252],[126.072687,6.633208],[126.077254,6.628159],[126.085615,6.598507],[126.093453,6.597844],[126.087679,6.590971],[126.09156,6.583883],[126.08675,6.569168],[126.089548,6.566569],[126.087311,6.559277],[126.089802,6.555458],[126.084463,6.5404],[126.083682,6.531449],[126.087944,6.521537],[126.089531,6.514366],[126.093676,6.506445],[126.094248,6.497656],[126.099213,6.493835],[126.101075,6.483294],[126.111007,6.472658],[126.112302,6.467611],[126.118351,6.465252],[126.11728,6.45728],[126.122868,6.447694],[126.129313,6.439774],[126.136854,6.43848],[126.141693,6.431138],[126.146819,6.427706],[126.150645,6.419125],[126.147401,6.406737],[126.145657,6.404703],[126.145802,6.395676],[126.141033,6.388856],[126.135978,6.3886],[126.145806,6.375753],[126.160407,6.371422],[126.163752,6.373233],[126.16864,6.370301],[126.166867,6.366568],[126.169841,6.358813],[126.173421,6.357707],[126.174856,6.35174],[126.17973,6.349623],[126.186736,6.338898],[126.188611,6.333341],[126.187592,6.325625],[126.191147,6.319124],[126.189388,6.314584],[126.191919,6.300865],[126.186036,6.297953],[126.189249,6.289677],[126.186862,6.286396],[126.191558,6.277498],[126.204159,6.288985],[126.205103,6.302306],[126.203875,6.310696],[126.20537,6.321319],[126.203796,6.333794],[126.199508,6.338506],[126.198189,6.352395],[126.199954,6.359586],[126.197573,6.372321],[126.199577,6.382128],[126.197696,6.38784],[126.19943,6.396501],[126.204527,6.402157],[126.205161,6.405989],[126.212753,6.42555],[126.220039,6.426577],[126.221121,6.431581],[126.225719,6.43626],[126.219275,6.450486],[126.215016,6.465686],[126.212786,6.49503],[126.212643,6.513795],[126.214402,6.51733],[126.223693,6.520927],[126.228888,6.530963],[126.227843,6.539991],[126.229884,6.551838],[126.225385,6.558452],[126.225241,6.564093],[126.228966,6.572348],[126.227037,6.587093],[126.224183,6.59074],[126.223219,6.59886],[126.22423,6.611251],[126.226641,6.616098],[126.223378,6.621795],[126.220317,6.633981],[126.222323,6.647586],[126.229035,6.653412],[126.230823,6.660624],[126.229543,6.670273],[126.236444,6.676549],[126.23616,6.684097],[126.243933,6.690425],[126.241253,6.694331],[126.24366,6.7007],[126.249294,6.70215],[126.246907,6.70728],[126.24577,6.724083],[126.251821,6.730734],[126.253618,6.741021],[126.259819,6.749389],[126.259277,6.756331],[126.242304,6.776503],[126.236386,6.785974],[126.231023,6.791902],[126.230475,6.796632],[126.219695,6.805477],[126.219261,6.808914],[126.211592,6.813486],[126.206206,6.821344],[126.206926,6.824514],[126.20071,6.83173],[126.19356,6.837033],[126.185749,6.848332],[126.177484,6.866958],[126.173662,6.871419],[126.167712,6.886854],[126.163571,6.887088],[126.158343,6.891883],[126.159198,6.897708],[126.155039,6.90606],[126.158696,6.908708],[126.163763,6.907201],[126.167102,6.900808],[126.172777,6.896435],[126.178722,6.885371],[126.176591,6.881441],[126.182814,6.876281],[126.188525,6.886147],[126.186903,6.892143],[126.179062,6.893782],[126.177178,6.898654],[126.178521,6.905818],[126.186029,6.913438],[126.187634,6.930373],[126.184579,6.933019],[126.186603,6.938959],[126.196849,6.951459],[126.210452,6.953779],[126.215278,6.950473],[126.222908,6.948364],[126.226122,6.941775],[126.239898,6.938061],[126.250871,6.92828],[126.255011,6.920973],[126.262447,6.911918],[126.264467,6.916367],[126.259144,6.919619],[126.25648,6.925249],[126.259857,6.930042],[126.264335,6.92464],[126.269937,6.911168],[126.268678,6.905495],[126.273309,6.896274],[126.277848,6.883719],[126.289449,6.873905],[126.293301,6.868964],[126.301004,6.862788],[126.300386,6.854287],[126.293067,6.845542],[126.284603,6.843504],[126.290571,6.832098],[126.286975,6.827232],[126.288099,6.822157],[126.297259,6.816677],[126.301388,6.806892],[126.306203,6.806598],[126.312259,6.802831],[126.321158,6.801961],[126.325759,6.799357],[126.331843,6.800113],[126.338458,6.798632],[126.350145,6.802546],[126.352315,6.807147],[126.348292,6.813249],[126.348083,6.820057],[126.345072,6.822899],[126.347071,6.833222],[126.346573,6.854129],[126.344619,6.858764],[126.333965,6.867503],[126.323537,6.880647],[126.308976,6.888003],[126.295354,6.89801],[126.290173,6.904024],[126.287435,6.914104],[126.281696,6.921259],[126.282812,6.92977],[126.2913,6.931144],[126.302443,6.934917],[126.307371,6.939543],[126.309029,6.957248],[126.313904,6.973046],[126.318098,6.981456],[126.324202,6.988579],[126.32796,6.99572],[126.336605,7.004884],[126.343276,7.006497],[126.355937,7.002758],[126.365773,6.992454],[126.377019,6.994539],[126.389055,6.993976],[126.395712,6.991227],[126.403843,6.99323],[126.410131,7.00177],[126.415812,7.004118],[126.425745,7.003755],[126.43545,6.998636],[126.440216,7.000779],[126.447953,6.995773],[126.45911,6.998032],[126.454344,7.006837],[126.449044,7.008756],[126.44617,7.015321],[126.448051,7.030066],[126.45339,7.042116],[126.450866,7.044524],[126.451091,7.052353],[126.455178,7.060107],[126.464234,7.06207],[126.467933,7.060385],[126.474256,7.064946],[126.469499,7.068973],[126.466511,7.080666],[126.466687,7.08589],[126.472016,7.091807],[126.477863,7.09222],[126.479376,7.10032],[126.477562,7.103062],[126.484164,7.11449],[126.492738,7.118984],[126.500587,7.117883],[126.50537,7.123875],[126.516656,7.125737],[126.515253,7.140995],[126.520092,7.146402],[126.527464,7.144844],[126.530204,7.148401],[126.524621,7.161344],[126.523786,7.16705],[126.524984,7.175949],[126.527499,7.181634],[126.537494,7.186322],[126.532476,7.196071],[126.534173,7.206781],[126.537413,7.209208],[126.548177,7.211164],[126.561591,7.202791],[126.562744,7.211265],[126.569037,7.219105],[126.571693,7.224704],[126.564434,7.233821],[126.580689,7.24552],[126.585756,7.252118],[126.593951,7.265899],[126.598774,7.270336],[126.604957,7.288555],[126.602181,7.294429],[126.595816,7.295392],[126.592106,7.292095],[126.581777,7.287645],[126.580284,7.29232],[126.566616,7.287531],[126.557556,7.297515],[126.55281,7.306657],[126.551439,7.31499],[126.557757,7.325128],[126.568971,7.326726],[126.570191,7.334387],[126.566532,7.342404],[126.554352,7.348944],[126.557446,7.357341],[126.555141,7.363623],[126.557073,7.375541],[126.567666,7.389888],[126.576325,7.391972],[126.575408,7.39992],[126.556496,7.399984],[126.549744,7.408326],[126.54814,7.423812],[126.550518,7.433693],[126.55489,7.44369],[126.557639,7.446587],[126.573259,7.44847],[126.579244,7.446043],[126.583738,7.448302],[126.594724,7.448869],[126.597005,7.456048],[126.594688,7.464195],[126.598512,7.473932],[126.599136,7.50024],[126.598498,7.507821],[126.594536,7.520452],[126.588031,7.533064],[126.584138,7.550744],[126.58104,7.556697],[126.576209,7.561468],[126.580895,7.564244],[126.58027,7.570833],[126.573016,7.574846],[126.565887,7.571752],[126.559553,7.577618],[126.558576,7.58693],[126.562282,7.591029],[126.560824,7.603538],[126.563977,7.6085],[126.577383,7.604247],[126.575552,7.617976],[126.565374,7.617633],[126.561163,7.621145],[126.561057,7.625173],[126.556228,7.629103],[126.553071,7.638233],[126.556545,7.646442],[126.55745,7.653766],[126.552897,7.663771],[126.55807,7.672068],[126.550771,7.677865],[126.554485,7.685829],[126.551179,7.693755],[126.556767,7.708866],[126.566023,7.712004],[126.570128,7.71808],[126.5661,7.723198],[126.557677,7.718363],[126.555775,7.724182],[126.561527,7.729788],[126.549314,7.729818],[126.532322,7.740353],[126.520664,7.733352],[126.517773,7.737987],[126.507177,7.735846],[126.498709,7.740849],[126.488524,7.749953],[126.471977,7.77012],[126.457798,7.78967],[126.454303,7.797115],[126.446674,7.809289],[126.436496,7.810272],[126.425849,7.809919],[126.419553,7.816565],[126.422345,7.824666],[126.414445,7.827408],[126.405004,7.82728],[126.397588,7.829025],[126.384238,7.828845],[126.383593,7.836156],[126.376178,7.840731],[126.373825,7.848788],[126.37434,7.85429],[126.381838,7.857496],[126.384066,7.861409],[126.381791,7.86807],[126.369526,7.876865],[126.364296,7.878249],[126.359319,7.886346],[126.363093,7.887982],[126.365708,7.895119],[126.359793,7.899253],[126.359098,7.906737],[126.368348,7.918813],[126.367427,7.92358],[126.370748,7.925969],[126.370162,7.934499],[126.374535,7.942631],[126.379484,7.944946],[126.386075,7.954048],[126.392985,7.956631],[126.401466,7.957697],[126.405579,7.953659],[126.4135,7.961748],[126.413667,7.966701],[126.420953,7.97399],[126.423149,7.979269],[126.434538,7.98517],[126.429961,7.993537],[126.42383,7.990735],[126.420332,7.986614],[126.416441,7.989278],[126.414959,7.996872],[126.40943,7.996338],[126.407208,8.002751],[126.408071,8.007215],[126.412804,8.01474],[126.418346,8.011617],[126.421494,8.017713],[126.415153,8.02104],[126.413809,8.032685],[126.415048,8.037696],[126.421057,8.046631],[126.420869,8.050759],[126.415484,8.051145],[126.41551,8.056017],[126.422036,8.054594],[126.421498,8.062208],[126.427926,8.07055],[126.42782,8.074192],[126.441481,8.095239],[126.448852,8.092755],[126.450083,8.100125],[126.446103,8.101403],[126.436853,8.099621],[126.428598,8.108075],[126.42876,8.116184],[126.432201,8.116394],[126.439807,8.125609],[126.435424,8.140869],[126.437637,8.145464],[126.433059,8.154808],[126.437312,8.162971],[126.444326,8.165443],[126.444008,8.174321],[126.446116,8.182199],[126.442049,8.18739],[126.443298,8.195005],[126.439919,8.202368],[126.445781,8.207531],[126.441822,8.21198],[126.445559,8.218653],[126.451292,8.22281],[126.448758,8.227296],[126.453001,8.232851],[126.459558,8.23218],[126.456023,8.239442],[126.45603,8.244562],[126.449718,8.242585],[126.440724,8.246901],[126.435802,8.242822],[126.432508,8.235738],[126.41819,8.227936],[126.417907,8.226518],[126.401152,8.215972],[126.393329,8.20482],[126.387269,8.202972],[126.384305,8.198914],[126.377077,8.195596],[126.365784,8.196402],[126.357538,8.194934],[126.350277,8.186486],[126.340831,8.183835],[126.334684,8.189808],[126.325763,8.202009],[126.317152,8.223205],[126.312139,8.224338],[126.314423,8.230041],[126.320456,8.237833],[126.326304,8.240326],[126.334215,8.248375],[126.348678,8.252615],[126.352011,8.257689],[126.357265,8.26064],[126.367232,8.269961],[126.368579,8.275266],[126.38296,8.292421],[126.375565,8.307348],[126.36626,8.310086],[126.363335,8.31292],[126.35605,8.310345],[126.344295,8.311142],[126.330497,8.313737],[126.327816,8.32954],[126.33088,8.335658],[126.328775,8.341553],[126.318741,8.352266],[126.319971,8.357219],[126.326043,8.35845],[126.332773,8.364504],[126.335252,8.362926],[126.340816,8.369438],[126.345687,8.371644],[126.355843,8.369563],[126.357708,8.378842],[126.357561,8.386283],[126.370105,8.391722],[126.372021,8.39748],[126.370333,8.402567],[126.380102,8.409415],[126.373807,8.416545],[126.375239,8.421566],[126.374155,8.431573],[126.370285,8.431111],[126.363886,8.425076],[126.358175,8.426407],[126.35414,8.424455],[126.348346,8.428564],[126.349727,8.434153],[126.357123,8.441878],[126.354247,8.445498],[126.359956,8.455565],[126.361701,8.466515],[126.369866,8.470702],[126.375417,8.466031],[126.381454,8.467766],[126.391721,8.467339],[126.389369,8.474391],[126.390393,8.479008],[126.384424,8.481117],[126.384692,8.486745],[126.390418,8.492856],[126.395903,8.493328],[126.38719,8.505449],[126.388251,8.512407],[126.379495,8.513997],[126.373374,8.51686],[126.369382,8.513922],[126.352429,8.51867],[126.352975,8.522157],[126.359353,8.529279],[126.363673,8.537679],[126.358699,8.546584],[126.345019,8.54556],[126.338055,8.538134],[126.341407,8.534147],[126.337121,8.529644],[126.332425,8.535637],[126.326023,8.535456],[126.316087,8.532424],[126.313031,8.538635],[126.304135,8.534464],[126.296642,8.534317],[126.293228,8.529043],[126.289043,8.52944],[126.276783,8.541566],[126.259242,8.551523],[126.252307,8.549077],[126.241338,8.548301],[126.220338,8.553165],[126.211334,8.557393],[126.206133,8.557666],[126.199374,8.554646],[126.1899,8.553627],[126.188232,8.548404],[126.201023,8.541905],[126.21098,8.542454],[126.214943,8.53522],[126.222963,8.534094],[126.227335,8.531307],[126.223787,8.525865],[126.218723,8.522606],[126.211756,8.5227],[126.205986,8.525289],[126.193017,8.526666],[126.191306,8.528544],[126.177071,8.5354],[126.164982,8.540144],[126.161235,8.538921],[126.158584,8.531076],[126.154155,8.527537],[126.143153,8.529568],[126.144356,8.532689],[126.139108,8.536187],[126.133093,8.537349],[126.123011,8.542569],[126.119822,8.558352],[126.113869,8.56804],[126.122136,8.574354],[126.12516,8.582517],[126.117318,8.587433],[126.095664,8.602844],[126.088625,8.605431],[126.083211,8.609678],[126.083681,8.615043],[126.096038,8.622409],[126.095676,8.642162],[126.105057,8.645846],[126.104035,8.650153],[126.113245,8.651524],[126.121348,8.654386],[126.126894,8.654281],[126.131684,8.661441],[126.139447,8.664948],[126.137721,8.671715],[126.145543,8.67447],[126.159068,8.676014],[126.163946,8.680537],[126.167754,8.680016],[126.176587,8.684492],[126.180755,8.692453],[126.188731,8.698292],[126.202864,8.696453],[126.213124,8.691465],[126.218996,8.691132],[126.226438,8.693676],[126.241453,8.693884],[126.240915,8.70073],[126.232572,8.698993],[126.224181,8.708217],[126.21794,8.706696],[126.212119,8.710594],[126.211282,8.724415],[126.21248,8.731895],[126.218155,8.739511],[126.228396,8.743188],[126.233734,8.738911],[126.237611,8.740301],[126.240726,8.748179],[126.236141,8.751871],[126.236316,8.75743],[126.241103,8.765243],[126.246412,8.764287],[126.254569,8.773354],[126.259842,8.768704],[126.263046,8.773322],[126.267713,8.774715],[126.290814,8.773593],[126.294597,8.781578],[126.303224,8.783756],[126.300616,8.798781],[126.306981,8.813049],[126.314829,8.81459],[126.32239,8.819248],[126.324474,8.824695],[126.321362,8.831915],[126.315167,8.833457],[126.327118,8.840104],[126.334148,8.840109],[126.323481,8.870114],[126.316832,8.871734],[126.313729,8.876898],[126.307217,8.880629],[126.317549,8.89511],[126.325102,8.896572],[126.322595,8.912261],[126.325687,8.915463],[126.321898,8.921251],[126.315995,8.916323],[126.311304,8.915908],[126.307812,8.926715],[126.303653,8.920589],[126.294114,8.922939],[126.290616,8.926964],[126.293508,8.933249],[126.31024,8.935712],[126.310697,8.944803],[126.307893,8.949042],[126.306663,8.956144],[126.298012,8.962704],[126.291521,8.970279],[126.290421,8.974318],[126.285517,8.976612],[126.281591,8.96741],[126.270857,8.96998],[126.271464,8.977819],[126.275424,8.98283],[126.269768,8.984453],[126.245692,9.011793],[126.234502,9.011183],[126.237762,9.017881],[126.23625,9.022525],[126.217183,9.042278],[126.210273,9.052532],[126.206151,9.062515],[126.209459,9.070465],[126.201656,9.072443],[126.201312,9.080246],[126.195549,9.081617],[126.183431,9.078254],[126.169196,9.086647],[126.162334,9.094355],[126.157985,9.105086],[126.15841,9.11132],[126.163187,9.114986],[126.162738,9.121893],[126.166753,9.129336],[126.166983,9.134866],[126.174048,9.145174],[126.175442,9.158058],[126.178636,9.165525],[126.173329,9.173019],[126.173209,9.177883],[126.180335,9.194162],[126.174843,9.202198],[126.179869,9.208883],[126.177971,9.21475],[126.183271,9.219692],[126.181744,9.225328],[126.182846,9.232053],[126.179237,9.237002],[126.191596,9.260244],[126.197033,9.271847],[126.193087,9.273534],[126.190737,9.2879],[126.19562,9.289141],[126.199971,9.297383],[126.20692,9.300101],[126.203016,9.308552],[126.195658,9.306837],[126.191397,9.312638],[126.182854,9.310707],[126.173979,9.306717],[126.169937,9.309303],[126.164422,9.302585],[126.156025,9.289145],[126.146192,9.283632],[126.140312,9.276514],[126.13723,9.270254],[126.132387,9.268866],[126.130303,9.264464],[126.124377,9.263132],[126.118571,9.256577],[126.111238,9.254088],[126.09886,9.246641],[126.094905,9.247265],[126.086686,9.243328],[126.081391,9.24569],[126.071612,9.239755],[126.061159,9.236164],[126.056607,9.233158],[126.045214,9.241024],[126.028505,9.256715],[126.025623,9.261563],[126.00306,9.290905],[125.986964,9.316539],[125.98288,9.326615],[125.985842,9.337289],[125.97267,9.354825],[125.971711,9.367585],[125.974403,9.374147],[125.985641,9.381143],[125.983369,9.390782],[125.987209,9.39409],[125.98767,9.403875],[125.981477,9.403073],[125.971984,9.393138],[125.968203,9.379233],[125.949121,9.371227],[125.94203,9.370711],[125.933501,9.374774],[125.930123,9.38837],[125.917225,9.389607],[125.918652,9.395247],[125.911197,9.400749],[125.906944,9.406526],[125.898444,9.40999],[125.894386,9.413591],[125.893564,9.419559],[125.896321,9.428915],[125.906419,9.432178],[125.913233,9.432693],[125.916424,9.438956],[125.922608,9.440322],[125.924927,9.444369],[125.929822,9.437611],[125.938573,9.442823],[125.949112,9.439516],[125.955605,9.44409],[125.957648,9.451854],[125.949186,9.453231],[125.95311,9.463101],[125.959218,9.467671],[125.962497,9.479614],[125.958918,9.483118],[125.953513,9.480263],[125.947756,9.48271],[125.94779,9.475344],[125.950916,9.469983],[125.944123,9.465636],[125.938058,9.467991],[125.937873,9.460289],[125.944571,9.453782],[125.944821,9.444996],[125.935775,9.448746],[125.936233,9.453064],[125.930852,9.456551],[125.931152,9.463976],[125.927239,9.473614],[125.920629,9.473909],[125.917176,9.476425],[125.921451,9.482667],[125.920636,9.48879],[125.917153,9.496016],[125.91122,9.499959],[125.91109,9.492874],[125.907984,9.490224],[125.898333,9.496766],[125.887586,9.491621],[125.883958,9.496626],[125.873478,9.500798],[125.871652,9.505312],[125.877712,9.513119],[125.875675,9.518133],[125.870934,9.516356],[125.867325,9.519463],[125.86694,9.526502],[125.860853,9.534326],[125.843004,9.541371],[125.831156,9.541555],[125.82357,9.546804],[125.816967,9.545074],[125.799558,9.553971],[125.792626,9.554938],[125.790078,9.558362],[125.782707,9.552671],[125.774673,9.554173],[125.767394,9.552838],[125.759894,9.560168],[125.752694,9.564064],[125.746125,9.563484],[125.740045,9.566558],[125.740547,9.572252],[125.738637,9.580306],[125.73609,9.583215],[125.722738,9.586528],[125.716007,9.58954],[125.710603,9.596011],[125.702548,9.595972],[125.687414,9.603027],[125.684164,9.601272],[125.676443,9.601746],[125.665168,9.600521],[125.644799,9.607502],[125.630334,9.61781],[125.625163,9.626496],[125.62127,9.625648],[125.616675,9.63233],[125.60836,9.633728],[125.604839,9.640793],[125.605685,9.6518],[125.601977,9.659751],[125.597677,9.660569],[125.599991,9.668478],[125.599268,9.672738],[125.603661,9.676897],[125.594036,9.686347],[125.590656,9.694248],[125.590578,9.701285],[125.599491,9.701532],[125.600052,9.707437],[125.608751,9.708103],[125.611893,9.719416],[125.611773,9.725209],[125.607793,9.730394],[125.615273,9.734935],[125.616103,9.743298],[125.618783,9.751012],[125.60912,9.754937],[125.598876,9.754452],[125.594594,9.74053],[125.585177,9.737681],[125.583768,9.743549],[125.572932,9.745197],[125.574482,9.735722],[125.567812,9.737772],[125.566343,9.742971],[125.570677,9.750034],[125.574401,9.752586],[125.57649,9.758054],[125.572737,9.762272],[125.568139,9.754953],[125.558285,9.75192],[125.554483,9.761045],[125.555688,9.764166],[125.546897,9.769232],[125.54012,9.767117],[125.5383,9.770063],[125.531809,9.77224],[125.527596,9.766876],[125.520221,9.767454],[125.518508,9.765172],[125.505947,9.766075],[125.50047,9.770227],[125.496253,9.77668],[125.501621,9.783953],[125.495706,9.792544],[125.488033,9.791366],[125.481434,9.793974],[125.476605,9.798179],[125.465651,9.799144],[125.45727,9.802351],[125.458553,9.810662],[125.454103,9.815912],[125.441041,9.824676],[125.435965,9.823184],[125.438813,9.811076],[125.440069,9.795625],[125.436231,9.789575],[125.427144,9.786681],[125.420009,9.778018],[125.410003,9.770555],[125.402257,9.769116],[125.401289,9.762947],[125.396585,9.748611],[125.396607,9.733933],[125.394673,9.727386],[125.396128,9.691876],[125.392723,9.675115],[125.395083,9.661022],[125.391695,9.657145],[125.398178,9.625754],[125.402339,9.609716],[125.407644,9.592999],[125.408768,9.585738],[125.416282,9.566412],[125.421338,9.556788],[125.427776,9.534297],[125.43117,9.513686],[125.434703,9.501531],[125.437046,9.484408],[125.447716,9.474242],[125.447491,9.455911],[125.453148,9.447953],[125.453348,9.439441],[125.44993,9.431489],[125.45034,9.421482],[125.454003,9.417753],[125.460672,9.417071],[125.462548,9.410776],[125.463636,9.399487],[125.461149,9.384477],[125.466369,9.38144],[125.469885,9.368678],[125.46994,9.361104],[125.475701,9.359838],[125.482658,9.353041],[125.484095,9.345397],[125.490908,9.335903],[125.494941,9.319417],[125.497316,9.306151],[125.503585,9.301677],[125.50608,9.291407],[125.505448,9.278752],[125.509113,9.270295],[125.504985,9.249916],[125.50511,9.244154],[125.510645,9.241531],[125.514391,9.237095],[125.511929,9.22589],[125.517458,9.218978],[125.521796,9.218583],[125.523075,9.200471],[125.530559,9.193829],[125.528681,9.179242],[125.519324,9.161509],[125.520562,9.159496],[125.519709,9.141765],[125.524814,9.129533],[125.522541,9.11963],[125.525066,9.115243],[125.53044,9.097449],[125.533141,9.091498],[125.535956,9.0785],[125.532357,9.061472],[125.525655,9.047576],[125.520289,9.038829],[125.513529,9.033141],[125.511519,9.028006],[125.514818,9.025129],[125.516778,9.018685],[125.523622,9.011303],[125.522451,9.009277],[125.516,9.011032],[125.511606,9.009243],[125.503186,9.010502],[125.492971,9.002869],[125.490729,9.003879],[125.479328,8.996893],[125.473445,8.994686],[125.464706,8.990453],[125.457251,8.989602],[125.441952,8.981311],[125.429818,8.975898],[125.417261,8.977115],[125.404516,8.983337],[125.387202,8.983713],[125.374989,8.982295],[125.36435,8.990165],[125.35878,8.992606],[125.338627,8.989532],[125.335116,8.987048],[125.336718,8.976742],[125.333049,8.97371],[125.330938,8.990652],[125.320309,8.990438],[125.311838,8.99245],[125.298856,8.991239],[125.295517,8.992489],[125.287698,8.989961],[125.278719,8.993021],[125.271537,9.001334],[125.267917,9.001417],[125.258114,9.012726],[125.255415,9.020491],[125.247238,9.02636],[125.236838,9.031212],[125.235531,9.036778],[125.236936,9.041985],[125.232198,9.050703],[125.225025,9.058574],[125.225891,9.062746],[125.221734,9.06576],[125.220819,9.080656],[125.218068,9.089728],[125.212026,9.094018],[125.207725,9.093653],[125.19003,9.082751],[125.184332,9.070323],[125.181574,9.053404],[125.181206,9.039784],[125.184678,9.027008],[125.177922,9.017703],[125.171512,9.011065],[125.171044,9.005279],[125.173947,9.001601],[125.179312,8.973072],[125.183986,8.968189],[125.18719,8.950951],[125.183938,8.939936],[125.18682,8.935427],[125.18753,8.927377],[125.185452,8.922493],[125.186759,8.916649],[125.184759,8.912207],[125.185272,8.896003],[125.179484,8.887558],[125.173961,8.883553],[125.168254,8.876223],[125.168655,8.864271],[125.164706,8.857571],[125.166978,8.851372],[125.162664,8.846969],[125.156773,8.852329],[125.149987,8.850735],[125.148866,8.847476],[125.13987,8.841375],[125.133883,8.842115],[125.130592,8.839077],[125.109219,8.832014],[125.091209,8.82836],[125.07837,8.828634],[125.070102,8.834487],[125.067773,8.840986],[125.069078,8.849388],[125.066247,8.857158],[125.056013,8.867856],[125.044158,8.875403],[125.033771,8.894943],[125.024432,8.901383],[125.02709,8.911235],[125.024196,8.919038],[125.01517,8.924362],[125.006618,8.925812],[124.990409,8.930832],[124.979675,8.940565],[124.9717,8.950775],[124.957094,8.956674],[124.941495,8.969586],[124.928285,8.971513],[124.917269,8.980338],[124.906432,8.981718],[124.903342,8.99139],[124.899598,8.994365],[124.890023,8.994582],[124.884023,8.998116],[124.874603,9.00608],[124.879829,9.011132],[124.877743,9.016126],[124.873664,9.016206],[124.865706,9.006722],[124.855421,9.006586],[124.849039,9.004337],[124.828554,9.004233],[124.82186,9.005507],[124.813582,9.00245],[124.808641,8.998662],[124.801556,8.997138],[124.786724,8.9791],[124.778884,8.976459],[124.778173,8.97174],[124.77189,8.965366],[124.773974,8.941951],[124.779647,8.928478],[124.780356,8.921402],[124.783857,8.91726],[124.786357,8.891779],[124.789258,8.881166],[124.787712,8.867605],[124.784925,8.855722],[124.787619,8.850454],[124.788184,8.832994],[124.789543,8.827877],[124.788223,8.817777],[124.784732,8.805175],[124.781545,8.797759],[124.77558,8.79266],[124.766483,8.776706],[124.763853,8.758849],[124.76597,8.75725],[124.778402,8.731994],[124.777336,8.719376],[124.77189,8.712066],[124.764383,8.71735],[124.75814,8.717212],[124.752898,8.711048],[124.744803,8.705048],[124.740725,8.693426],[124.740842,8.685236],[124.738871,8.673376],[124.742502,8.657],[124.742532,8.650144],[124.747865,8.642955],[124.757022,8.647796],[124.76256,8.641656],[124.760639,8.634412],[124.762576,8.625013],[124.760224,8.612492],[124.765716,8.600565],[124.77128,8.596246],[124.769006,8.585832],[124.762584,8.578255],[124.748154,8.568013],[124.745694,8.564306],[124.740447,8.547263],[124.740461,8.535324],[124.743563,8.526872],[124.751429,8.51983],[124.753993,8.512379],[124.751553,8.50386],[124.743352,8.494763],[124.727673,8.485081],[124.722614,8.480379],[124.712396,8.475722],[124.699604,8.472191],[124.69204,8.477691],[124.677707,8.478368],[124.666587,8.483607],[124.663621,8.489041],[124.663208,8.506195],[124.657101,8.506331],[124.65313,8.510299],[124.646521,8.510248],[124.640639,8.514382],[124.617734,8.519478],[124.613102,8.519561],[124.584658,8.518049],[124.577666,8.519007],[124.571877,8.52347],[124.573623,8.532359],[124.566485,8.540298],[124.556935,8.537225],[124.545941,8.541281],[124.543497,8.540649],[124.535591,8.552126],[124.535669,8.555599],[124.530022,8.558348],[124.512091,8.572403],[124.501194,8.579514],[124.485808,8.587473],[124.477037,8.588287],[124.471352,8.591104],[124.469679,8.598508],[124.474135,8.602957],[124.479221,8.617146],[124.473989,8.620222],[124.457209,8.624893],[124.439519,8.619839],[124.432421,8.616276],[124.433061,8.613454],[124.418045,8.606201],[124.406544,8.597582],[124.38522,8.592749],[124.368605,8.581011],[124.364395,8.572263],[124.358227,8.566423],[124.349957,8.562927],[124.340348,8.551211],[124.320825,8.546755],[124.312258,8.536184],[124.311268,8.528387],[124.308589,8.524732],[124.306501,8.516417],[124.30621,8.504882],[124.301886,8.495031],[124.294022,8.48563],[124.294948,8.471033],[124.286078,8.46542],[124.283707,8.462324],[124.283376,8.452637],[124.287971,8.446458],[124.286474,8.426954],[124.287806,8.421437],[124.284782,8.409178],[124.282871,8.396562],[124.276611,8.386588],[124.262201,8.377003],[124.261387,8.362624],[124.257237,8.339774],[124.247453,8.332102],[124.246333,8.323309],[124.250363,8.315907],[124.254509,8.304786],[124.254408,8.297661],[124.257366,8.288526],[124.261173,8.287548],[124.264458,8.282714],[124.263125,8.276176],[124.257246,8.268895],[124.2508,8.265837],[124.244558,8.256699],[124.242138,8.244918],[124.23334,8.230368],[124.231744,8.219788],[124.22234,8.211447],[124.21491,8.212411],[124.2022,8.210495],[124.200178,8.204547],[124.189118,8.196433],[124.16875,8.187895],[124.166467,8.186181],[124.154584,8.184874],[124.143165,8.185624],[124.139366,8.187159],[124.115762,8.188088],[124.108429,8.187209],[124.101461,8.192105],[124.093385,8.191912],[124.075034,8.193748],[124.067478,8.187487],[124.06345,8.19244],[124.05522,8.195708],[124.044392,8.194667],[124.033427,8.198024],[124.026386,8.195762],[124.012775,8.194587],[124.01078,8.189333],[124.005445,8.184772],[123.998193,8.184062],[123.990674,8.18126],[123.980762,8.173434],[123.962253,8.17145],[123.951904,8.165872],[123.951018,8.162257],[123.941081,8.155381],[123.931484,8.153215],[123.920004,8.139447],[123.914163,8.130097],[123.912018,8.12331],[123.898746,8.114161],[123.888967,8.113888],[123.874295,8.105583],[123.866154,8.103721],[123.857145,8.105611],[123.849117,8.111767],[123.839591,8.098137],[123.837197,8.088642],[123.833992,8.084924],[123.825295,8.084743],[123.822432,8.080876],[123.814699,8.078303],[123.807414,8.070167],[123.803984,8.063652],[123.795349,8.061332],[123.780991,8.04377],[123.779829,8.036368],[123.772549,8.024289],[123.766126,8.01798],[123.757963,8.017005],[123.752534,8.003427],[123.747228,7.997053],[123.740609,7.99375],[123.736934,7.995579],[123.719115,7.99],[123.713528,7.985604],[123.713251,7.981662],[123.708439,7.978703],[123.695725,7.979674],[123.692963,7.974574],[123.685947,7.970448],[123.680889,7.957849],[123.674824,7.953179],[123.660744,7.951166],[123.649852,7.959802],[123.640156,7.966419],[123.644434,7.969945],[123.642332,7.974044],[123.644264,7.979872],[123.641785,7.984066],[123.644365,7.991719],[123.653975,7.993445],[123.66008,7.996058],[123.660796,8.002985],[123.656067,8.008486],[123.649408,8.019598],[123.64278,8.00861],[123.63416,8.00722],[123.63583,8.01389],[123.634,8.020569],[123.64135,8.01314],[123.6449,8.01266],[123.647871,8.020375],[123.657703,8.01955],[123.660738,8.027848],[123.669088,8.035242],[123.675065,8.038584],[123.682708,8.03933],[123.692637,8.047725],[123.703967,8.052098],[123.710367,8.051901],[123.718536,8.04847],[123.721661,8.045443],[123.727604,8.048515],[123.737164,8.050734],[123.744916,8.048417],[123.748448,8.055415],[123.755164,8.055773],[123.761618,8.064545],[123.774757,8.065008],[123.769431,8.071119],[123.776719,8.076976],[123.784891,8.080543],[123.783455,8.090466],[123.787815,8.094015],[123.790199,8.099576],[123.802955,8.105542],[123.815613,8.116973],[123.822918,8.127162],[123.830509,8.129522],[123.832422,8.13797],[123.838435,8.142207],[123.846672,8.137686],[123.853199,8.146966],[123.855113,8.154987],[123.860773,8.159392],[123.866378,8.159695],[123.868863,8.171613],[123.865816,8.199892],[123.862981,8.221337],[123.864005,8.223669],[123.860683,8.236519],[123.856194,8.242667],[123.855542,8.247469],[123.848866,8.255255],[123.847212,8.273648],[123.847614,8.285724],[123.849721,8.288356],[123.847707,8.311936],[123.850253,8.315767],[123.863033,8.32331],[123.857459,8.330486],[123.8566,8.336185],[123.84986,8.340594],[123.845744,8.3542],[123.849646,8.356903],[123.843691,8.361449],[123.843113,8.372561],[123.844889,8.381623],[123.841907,8.392679],[123.839214,8.395411],[123.834843,8.405278],[123.835793,8.415771],[123.837956,8.424158],[123.836194,8.431296],[123.82553,8.439216],[123.825457,8.442622],[123.817182,8.452295],[123.815108,8.45712],[123.814952,8.464355],[123.817797,8.475291],[123.808826,8.483923],[123.809204,8.485768],[123.800744,8.494065],[123.781819,8.5073],[123.781273,8.515689],[123.785621,8.520072],[123.783461,8.535465],[123.777026,8.542249],[123.773526,8.548809],[123.774019,8.553512],[123.766175,8.557569],[123.762726,8.554792],[123.755112,8.562664],[123.752835,8.569],[123.748055,8.571309],[123.747611,8.575858],[123.743309,8.57997],[123.746099,8.584538],[123.747501,8.595565],[123.744768,8.603077],[123.739897,8.604768],[123.740217,8.608708],[123.733424,8.609765],[123.740699,8.599048],[123.72706,8.60286],[123.725844,8.608871],[123.712444,8.622073],[123.703266,8.62813],[123.697484,8.629342],[123.691828,8.638153],[123.686129,8.641409],[123.679293,8.640552],[123.670862,8.64201],[123.665698,8.645239],[123.651169,8.634961],[123.645612,8.639829],[123.638688,8.640145],[123.630594,8.646415],[123.62434,8.643129],[123.621084,8.648381],[123.614578,8.651723],[123.621279,8.656267],[123.622644,8.661455],[123.611959,8.669205],[123.590704,8.668922],[123.582285,8.662413],[123.57943,8.657607],[123.583639,8.654274],[123.58711,8.657735],[123.594765,8.661148],[123.601149,8.657966],[123.599137,8.649094],[123.601882,8.642618],[123.595239,8.643323],[123.589829,8.633844],[123.586032,8.630618],[123.580181,8.620814],[123.580022,8.614304],[123.576269,8.608173],[123.577307,8.604623],[123.576005,8.588837],[123.573024,8.577776],[123.565071,8.573492],[123.563012,8.577821],[123.564933,8.583724],[123.56165,8.591729],[123.556601,8.596665],[123.564879,8.613687],[123.563087,8.618216],[123.558484,8.619337],[123.553827,8.616683],[123.55485,8.62058],[123.544185,8.625748],[123.539614,8.620047],[123.533895,8.621248],[123.537741,8.627201],[123.527214,8.629532],[123.522881,8.625085],[123.513184,8.621306],[123.503672,8.626966],[123.500472,8.633168],[123.489654,8.640591],[123.487243,8.646651],[123.487965,8.653797],[123.484823,8.65662],[123.488102,8.660841],[123.493957,8.663109],[123.492979,8.669379],[123.500552,8.674395],[123.506566,8.680209],[123.507627,8.686646],[123.501471,8.699219],[123.497094,8.701388],[123.492902,8.699365],[123.488944,8.692601],[123.482832,8.686294],[123.478343,8.687147],[123.474698,8.681472],[123.466671,8.688675],[123.451788,8.688768],[123.453194,8.692767],[123.447347,8.702725],[123.440998,8.708149],[123.43597,8.715712],[123.389435,8.727535],[123.38045,8.726269],[123.380065,8.708796],[123.380837,8.704761],[123.390194,8.700103],[123.389427,8.696871],[123.395663,8.692155],[123.398138,8.7008],[123.405496,8.695713],[123.407245,8.688621],[123.401068,8.686605],[123.397501,8.676188],[123.401905,8.672933],[123.410904,8.672668],[123.409932,8.667757],[123.41836,8.667014],[123.420163,8.663372],[123.415631,8.646559],[123.411325,8.639572],[123.403123,8.632321],[123.392918,8.626831],[123.387114,8.629363],[123.382797,8.635359],[123.37161,8.641172],[123.356609,8.637986],[123.350719,8.634721],[123.348765,8.625928],[123.340458,8.599824],[123.337177,8.593169],[123.334337,8.574662],[123.330622,8.562595],[123.324035,8.549977],[123.318102,8.541663],[123.310384,8.533314],[123.303557,8.522782],[123.291279,8.51541],[123.276394,8.512256],[123.26626,8.512305],[123.25732,8.514424],[123.247997,8.520469],[123.232609,8.521384],[123.223593,8.523585],[123.211967,8.528234],[123.198864,8.532202],[123.183941,8.533029],[123.169999,8.529011],[123.144979,8.524609],[123.119807,8.521447],[123.110001,8.521454],[123.08594,8.517391],[123.076996,8.517409],[123.071974,8.515422],[123.059861,8.513995],[123.05503,8.510022],[123.048304,8.499873],[123.040615,8.490856],[123.030918,8.489638],[123.02237,8.471387],[123.024444,8.466386],[123.019566,8.457895],[123.019689,8.447722],[123.011465,8.437403],[123.008919,8.429117],[123.004947,8.424996],[122.994335,8.422868],[122.992686,8.418532],[122.984998,8.418842],[122.979987,8.413188],[122.97818,8.400662],[122.980946,8.390066],[122.980013,8.3799],[122.9875,8.363521],[122.987571,8.355604],[122.989915,8.349982],[122.983279,8.32835],[122.974803,8.319066],[122.967939,8.318441],[122.960557,8.314776],[122.943756,8.315194],[122.940991,8.308398],[122.937143,8.306926],[122.946515,8.291155],[122.948105,8.281645],[122.955143,8.277641],[122.956991,8.273133],[122.963156,8.268458],[122.968563,8.261114],[122.983354,8.253249],[122.994399,8.250577],[122.996021,8.245441],[122.995622,8.236592],[122.993738,8.230813],[122.996323,8.220584],[122.995782,8.214375],[122.989649,8.201583],[122.985962,8.198563],[122.977913,8.198373],[122.972508,8.195008],[122.959673,8.184453],[122.954326,8.182152],[122.9441,8.169314],[122.938941,8.166276],[122.920768,8.151749],[122.906627,8.14388],[122.899337,8.143413],[122.887861,8.145199],[122.873175,8.141369],[122.866486,8.141446],[122.861966,8.146764],[122.850744,8.135768],[122.838131,8.128795],[122.828234,8.124878],[122.823355,8.125388],[122.817521,8.1221],[122.807081,8.119366],[122.796904,8.119918],[122.792962,8.1179],[122.759103,8.113452],[122.731516,8.111785],[122.720375,8.112115],[122.704404,8.114602],[122.68558,8.121207],[122.683168,8.126265],[122.676146,8.132794],[122.673292,8.141269],[122.674749,8.156222],[122.662947,8.162219],[122.652665,8.14539],[122.637822,8.134075],[122.636882,8.128176],[122.630304,8.119761],[122.629536,8.113504],[122.615181,8.103763],[122.605031,8.100496],[122.60043,8.101629],[122.594142,8.099053],[122.590801,8.094507],[122.592598,8.09119],[122.589693,8.08652],[122.583452,8.082708],[122.566583,8.07788],[122.55528,8.079037],[122.544401,8.074551],[122.53716,8.073986],[122.529938,8.076992],[122.521874,8.075742],[122.516596,8.068268],[122.510801,8.065361],[122.497918,8.066044],[122.479468,8.072306],[122.464855,8.072896],[122.42002,8.054908],[122.407752,8.051717],[122.401205,8.047936],[122.390259,8.048737],[122.387733,8.046725],[122.365053,8.043045],[122.358892,8.042735],[122.348969,8.036319],[122.330978,8.027368],[122.320019,8.019092],[122.30907,8.015849],[122.304725,8.017349],[122.293748,8.012567],[122.288679,8.004696],[122.281887,8.001086],[122.268534,7.997791],[122.263397,7.991486],[122.254613,7.985784],[122.247515,7.974388],[122.243716,7.970443],[122.238063,7.969425],[122.232748,7.962489],[122.225719,7.95968],[122.221786,7.953439],[122.22417,7.945176],[122.231736,7.938299],[122.232713,7.926188],[122.231029,7.918513],[122.22593,7.90728],[122.220548,7.90213],[122.218328,7.896554],[122.211615,7.891497],[122.204822,7.884235],[122.189625,7.874692],[122.182,7.872848],[122.175929,7.869384],[122.170848,7.868975],[122.160273,7.858165],[122.158116,7.848033],[122.150728,7.839458],[122.153633,7.83606],[122.150412,7.829877],[122.144531,7.827542],[122.145307,7.823677],[122.142108,7.818768],[122.14294,7.80808],[122.138339,7.803651],[122.122908,7.796915],[122.124971,7.788564],[122.120033,7.776898],[122.116224,7.774539],[122.109648,7.775785],[122.10891,7.783139],[122.105013,7.786866],[122.103311,7.776074],[122.108721,7.772956],[122.115899,7.762053],[122.122198,7.761625],[122.124199,7.755574],[122.110686,7.749875],[122.110732,7.758661],[122.105395,7.762543],[122.100374,7.760013],[122.099393,7.749558],[122.096075,7.749007],[122.089061,7.743519],[122.093579,7.735796],[122.094202,7.730105],[122.098463,7.725096],[122.10418,7.726752],[122.106618,7.730201],[122.116594,7.722536],[122.11909,7.716309],[122.124883,7.690451],[122.12996,7.684092],[122.133675,7.674595],[122.136053,7.655824],[122.135448,7.643957],[122.131776,7.635766],[122.128721,7.636403],[122.124516,7.628927],[122.126361,7.625142],[122.121334,7.619369],[122.121707,7.610643],[122.116284,7.606951],[122.109762,7.605865],[122.1092,7.600309],[122.105509,7.596114],[122.116617,7.589507],[122.121274,7.582569],[122.126085,7.582895],[122.125441,7.587872],[122.129545,7.591225],[122.135972,7.589127],[122.140744,7.582382],[122.143011,7.574091],[122.139885,7.563155],[122.134668,7.560103],[122.12821,7.560285],[122.127902,7.555087],[122.120605,7.554649],[122.113326,7.551286],[122.11284,7.5424],[122.107297,7.541537],[122.102288,7.535313],[122.105281,7.528536],[122.097038,7.522228],[122.092944,7.521428],[122.084613,7.52692],[122.080162,7.523108],[122.073503,7.521958],[122.071712,7.513616],[122.078345,7.505059],[122.087686,7.502429],[122.090423,7.496462],[122.083008,7.49159],[122.075281,7.488955],[122.069486,7.475446],[122.069403,7.466672],[122.062607,7.452573],[122.055006,7.446233],[122.054644,7.441424],[122.060231,7.43547],[122.058232,7.42088],[122.059229,7.410683],[122.055885,7.397335],[122.047414,7.387082],[122.043965,7.380804],[122.048216,7.37544],[122.048148,7.371326],[122.037852,7.365634],[122.031213,7.358094],[122.032374,7.348897],[122.036155,7.347039],[122.034623,7.340898],[122.036769,7.327558],[122.051783,7.314649],[122.064027,7.314884],[122.065933,7.307937],[122.064069,7.296292],[122.060016,7.287714],[122.052486,7.28419],[122.040997,7.284586],[122.033532,7.283515],[122.027717,7.280815],[122.012255,7.278407],[122.014526,7.27316],[122.012958,7.26774],[122.006652,7.261072],[121.997987,7.257876],[121.990854,7.258208],[121.982383,7.250234],[121.972094,7.246874],[121.966475,7.237805],[121.962559,7.235351],[121.961031,7.22745],[121.947905,7.215823],[121.942659,7.213763],[121.93905,7.207632],[121.932873,7.201342],[121.923161,7.188332],[121.921967,7.184124],[121.914159,7.169884],[121.909699,7.15375]],[[124.19579,8.120438],[124.193249,8.121359],[124.192063,8.130074],[124.195997,8.133311],[124.206114,8.136035],[124.209236,8.131981],[124.20689,8.123591],[124.201874,8.120045],[124.19579,8.120438]],[[125.485736,9.454061],[125.487251,9.45829],[125.477424,9.476905],[125.479623,9.483187],[125.475503,9.488034],[125.478317,9.49768],[125.473731,9.516138],[125.475657,9.520029],[125.481783,9.52477],[125.486756,9.531198],[125.489754,9.53795],[125.509871,9.533978],[125.515607,9.535445],[125.520167,9.533719],[125.527396,9.534751],[125.539895,9.528772],[125.543764,9.528684],[125.558554,9.512897],[125.561353,9.514648],[125.569268,9.511893],[125.571819,9.504823],[125.564687,9.501029],[125.565878,9.493342],[125.559537,9.488348],[125.561103,9.478094],[125.554907,9.466234],[125.553636,9.465884],[125.553673,9.465769],[125.555441,9.462886],[125.550354,9.455247],[125.552269,9.444966],[125.550148,9.436343],[125.557529,9.426049],[125.554101,9.423722],[125.555154,9.417494],[125.548639,9.411247],[125.545021,9.405621],[125.545778,9.39785],[125.552779,9.390997],[125.559731,9.389508],[125.555619,9.372964],[125.551733,9.3685],[125.546674,9.36894],[125.545894,9.358896],[125.535672,9.35836],[125.533348,9.350363],[125.527523,9.351344],[125.522979,9.349103],[125.53014,9.342033],[125.528804,9.338585],[125.530252,9.32682],[125.526502,9.325784],[125.522129,9.329396],[125.51807,9.340901],[125.516655,9.351313],[125.511876,9.361364],[125.511571,9.367548],[125.503401,9.384902],[125.50104,9.397376],[125.501013,9.405864],[125.498608,9.414133],[125.489703,9.429755],[125.491863,9.435357],[125.488897,9.439604],[125.490076,9.444826],[125.485736,9.454061]],[[124.155006,7.870886],[124.1673,7.875184],[124.173951,7.882876],[124.185722,7.875283],[124.200043,7.882941],[124.206327,7.8922],[124.213792,7.894069],[124.214639,7.898827],[124.2053,7.900876],[124.20449,7.908569],[124.211988,7.913132],[124.221929,7.922495],[124.226017,7.922549],[124.226152,7.932832],[124.234897,7.936562],[124.233473,7.946402],[124.239571,7.952509],[124.245422,7.955184],[124.255473,7.962724],[124.256739,7.967855],[124.265784,7.96844],[124.270254,7.973377],[124.269406,7.980675],[124.278034,7.982207],[124.282694,7.988362],[124.281778,7.992483],[124.28854,7.998388],[124.291508,7.994347],[124.300402,7.987911],[124.307755,7.988295],[124.32241,8.00366],[124.329009,8.002641],[124.338031,7.99862],[124.343189,7.994348],[124.341531,7.98503],[124.3433,7.982032],[124.339823,7.974937],[124.341296,7.970511],[124.351999,7.959446],[124.357616,7.957048],[124.361957,7.959054],[124.367106,7.955732],[124.37176,7.944992],[124.367206,7.937374],[124.366397,7.931446],[124.359997,7.927118],[124.350785,7.926055],[124.337183,7.9188],[124.337637,7.91462],[124.322203,7.905773],[124.322032,7.896447],[124.324917,7.888644],[124.320805,7.884742],[124.323868,7.880514],[124.320308,7.867699],[124.325754,7.862648],[124.33326,7.83508],[124.330345,7.832234],[124.321911,7.837246],[124.311862,7.83577],[124.308478,7.828672],[124.310629,7.809401],[124.313644,7.799161],[124.32344,7.791576],[124.322287,7.787505],[124.31589,7.786473],[124.311849,7.789046],[124.297543,7.787597],[124.289607,7.789028],[124.279762,7.788868],[124.274537,7.790555],[124.261086,7.786583],[124.243726,7.786096],[124.234233,7.783937],[124.227617,7.780826],[124.215626,7.784558],[124.196002,7.787241],[124.193663,7.791826],[124.199889,7.793228],[124.201071,7.800055],[124.191195,7.800923],[124.179492,7.806107],[124.173494,7.805372],[124.161016,7.809475],[124.140677,7.806562],[124.135322,7.809226],[124.132288,7.813454],[124.126396,7.814047],[124.122794,7.817669],[124.115908,7.82034],[124.104341,7.822636],[124.105043,7.828346],[124.113374,7.829795],[124.115508,7.835045],[124.114329,7.843261],[124.109485,7.84807],[124.111643,7.851572],[124.11826,7.851217],[124.129133,7.858108],[124.139574,7.854555],[124.144348,7.858388],[124.147346,7.8639],[124.153158,7.865634],[124.155006,7.870886]]],[[[123.461429,7.604063],[123.464503,7.608437],[123.462351,7.613798],[123.458783,7.615693],[123.454642,7.607506],[123.461429,7.604063]]],[[[122.888216,7.376646],[122.873312,7.371686],[122.871283,7.373],[122.859638,7.389142],[122.859181,7.403002],[122.861487,7.405854],[122.859697,7.412576],[122.853514,7.41775],[122.848547,7.425427],[122.837816,7.430666],[122.837309,7.434452],[122.823786,7.438981],[122.817322,7.431606],[122.806722,7.427714],[122.799714,7.406823],[122.800521,7.401678],[122.79683,7.398957],[122.79432,7.391613],[122.799238,7.381181],[122.790307,7.368407],[122.787452,7.358903],[122.788352,7.345234],[122.792216,7.339285],[122.800418,7.336631],[122.803176,7.33825],[122.80773,7.333118],[122.802433,7.331616],[122.802191,7.316514],[122.80681,7.314409],[122.805285,7.298112],[122.807633,7.291438],[122.816054,7.284491],[122.828897,7.280192],[122.831488,7.277455],[122.839107,7.278443],[122.838991,7.28279],[122.834444,7.287443],[122.839973,7.300606],[122.846361,7.304702],[122.84683,7.30837],[122.855737,7.311711],[122.866324,7.311942],[122.872476,7.315604],[122.881473,7.317341],[122.891554,7.315536],[122.901175,7.320809],[122.906247,7.33388],[122.907768,7.340854],[122.913886,7.34182],[122.920371,7.348366],[122.927177,7.344391],[122.932075,7.343854],[122.93512,7.337536],[122.94305,7.334509],[122.94389,7.337306],[122.952282,7.341665],[122.952792,7.349159],[122.945697,7.348912],[122.937973,7.351127],[122.93123,7.357023],[122.926478,7.35638],[122.922198,7.361291],[122.922939,7.370136],[122.942623,7.3737],[122.950672,7.36958],[122.959008,7.368749],[122.965892,7.363226],[122.974778,7.361997],[122.973497,7.370033],[122.970345,7.371225],[122.960822,7.381545],[122.958305,7.38886],[122.952978,7.392548],[122.947148,7.39184],[122.943998,7.394332],[122.93919,7.405086],[122.945609,7.404565],[122.946364,7.408098],[122.940799,7.415401],[122.932764,7.421329],[122.93002,7.427918],[122.917762,7.427864],[122.906933,7.430814],[122.905492,7.436407],[122.898102,7.439994],[122.887613,7.427495],[122.8885,7.422367],[122.886436,7.413474],[122.889245,7.403845],[122.884809,7.397918],[122.885732,7.380599],[122.888216,7.376646]]],[[[122.851587,7.268118],[122.860034,7.274117],[122.852142,7.280716],[122.841071,7.275313],[122.851587,7.268118]]],[[[122.818315,7.529046],[122.815185,7.525202],[122.817036,7.520303],[122.82269,7.523617],[122.818315,7.529046]]],[[[122.057101,6.872739],[122.052345,6.866934],[122.059724,6.858323],[122.072168,6.861216],[122.07376,6.864248],[122.065,6.871668],[122.057101,6.872739]]],[[[122.159627,6.890513],[122.154462,6.885825],[122.14786,6.88831],[122.138746,6.886038],[122.135734,6.882062],[122.141913,6.878449],[122.144171,6.881461],[122.154331,6.881442],[122.159627,6.890513]]],[[[122.279624,6.893523],[122.273429,6.892029],[122.273412,6.882583],[122.280854,6.879877],[122.289498,6.870984],[122.293169,6.874461],[122.292093,6.883667],[122.288998,6.889695],[122.279624,6.893523]]],[[[122.35616,6.98881],[122.347305,6.978441],[122.354613,6.976843],[122.35616,6.98881]]],[[[122.272443,6.999375],[122.266746,6.997281],[122.253915,6.996001],[122.245096,6.992071],[122.237937,6.992973],[122.228954,6.991334],[122.229139,6.987301],[122.22286,6.982651],[122.215343,6.981043],[122.208759,6.97195],[122.213704,6.970635],[122.211204,6.965689],[122.209559,6.956011],[122.198365,6.952136],[122.20239,6.941482],[122.195168,6.931037],[122.195635,6.9243],[122.201053,6.921798],[122.206065,6.926765],[122.207869,6.937403],[122.211819,6.938863],[122.220588,6.938191],[122.221147,6.945518],[122.228806,6.94507],[122.236587,6.95164],[122.243128,6.953754],[122.240643,6.962367],[122.247344,6.96272],[122.250937,6.956026],[122.265473,6.953487],[122.274245,6.959541],[122.279467,6.970191],[122.283847,6.974771],[122.28364,6.980578],[122.280392,6.988539],[122.277147,6.990344],[122.272443,6.999375]]],[[[122.275209,7.170836],[122.270017,7.17193],[122.266673,7.164763],[122.275588,7.162695],[122.275209,7.170836]]],[[[122.317314,7.315339],[122.311501,7.314384],[122.31023,7.307764],[122.314272,7.307626],[122.318702,7.311441],[122.317314,7.315339]]],[[[121.946799,6.708674],[121.940884,6.71239],[121.94234,6.71821],[121.946518,6.719033],[121.959071,6.714],[121.958526,6.710903],[121.965655,6.708937],[121.971628,6.712509],[121.975318,6.717736],[121.981051,6.729572],[121.977588,6.73493],[121.980042,6.738008],[121.987977,6.740501],[121.991495,6.745371],[121.984792,6.753112],[121.979062,6.754887],[121.964299,6.745528],[121.952977,6.743816],[121.946439,6.737701],[121.941191,6.728077],[121.940059,6.72317],[121.940752,6.717031],[121.939886,6.713714],[121.94123,6.711256],[121.946799,6.708674]]],[[[121.917178,6.674741],[121.906033,6.671698],[121.90068,6.66673],[121.900304,6.6634],[121.884595,6.656578],[121.879698,6.661126],[121.868834,6.667764],[121.867943,6.673486],[121.853406,6.678502],[121.845686,6.682525],[121.840267,6.682015],[121.829904,6.677444],[121.824557,6.670109],[121.815263,6.66507],[121.802771,6.646878],[121.794992,6.630069],[121.798395,6.6251],[121.801216,6.609965],[121.794467,6.606788],[121.797967,6.598116],[121.807025,6.595935],[121.809996,6.592305],[121.82434,6.583891],[121.829484,6.582736],[121.836359,6.586954],[121.842894,6.584879],[121.849925,6.586378],[121.858795,6.578086],[121.8675,6.574842],[121.867646,6.572143],[121.874204,6.561613],[121.879384,6.559319],[121.880041,6.553931],[121.87448,6.551145],[121.87082,6.552735],[121.868579,6.541242],[121.874864,6.537191],[121.867512,6.529195],[121.864754,6.520264],[121.866165,6.513876],[121.872924,6.500248],[121.881698,6.49844],[121.885224,6.493056],[121.894639,6.49411],[121.894253,6.487784],[121.89112,6.484741],[121.896445,6.480102],[121.90077,6.482445],[121.90273,6.474875],[121.907284,6.464674],[121.919088,6.451113],[121.919082,6.447147],[121.928312,6.446817],[121.944635,6.437009],[121.947521,6.431175],[121.953635,6.427698],[121.950088,6.416035],[121.955431,6.407616],[121.962334,6.407293],[121.970022,6.413308],[121.981272,6.411638],[121.983394,6.409255],[121.990658,6.41109],[121.995435,6.410243],[122.004485,6.413266],[122.014111,6.410612],[122.018265,6.415412],[122.021658,6.410621],[122.030181,6.412133],[122.037634,6.411604],[122.050858,6.415693],[122.056555,6.419841],[122.060961,6.41752],[122.070771,6.425055],[122.079025,6.425425],[122.085162,6.428231],[122.090189,6.433186],[122.098456,6.435364],[122.106686,6.43965],[122.11491,6.440824],[122.120847,6.439107],[122.133332,6.446696],[122.140531,6.445715],[122.145215,6.448638],[122.163675,6.454235],[122.169486,6.453032],[122.182747,6.456338],[122.185436,6.459962],[122.192393,6.46147],[122.196195,6.468195],[122.193347,6.476739],[122.194248,6.482856],[122.199507,6.492896],[122.196973,6.506089],[122.191796,6.515091],[122.191113,6.521816],[122.198415,6.526664],[122.202475,6.532835],[122.202223,6.538539],[122.205684,6.547022],[122.20644,6.554832],[122.20995,6.559201],[122.208001,6.567786],[122.212125,6.580898],[122.21906,6.58343],[122.223123,6.590023],[122.233834,6.59197],[122.23869,6.595331],[122.248246,6.596104],[122.253441,6.592996],[122.256214,6.588402],[122.264318,6.59104],[122.266533,6.594208],[122.272312,6.591193],[122.28222,6.594964],[122.295749,6.590935],[122.301471,6.590381],[122.308646,6.592769],[122.316011,6.598941],[122.318181,6.606163],[122.322805,6.61348],[122.326912,6.616795],[122.327939,6.624324],[122.321689,6.635486],[122.31333,6.638795],[122.308956,6.643302],[122.302107,6.645989],[122.293315,6.647431],[122.274084,6.64504],[122.271039,6.641309],[122.266095,6.641382],[122.256743,6.646543],[122.248094,6.652803],[122.244483,6.658883],[122.235474,6.665153],[122.222349,6.661244],[122.215261,6.665503],[122.203831,6.666371],[122.201708,6.664684],[122.189712,6.669769],[122.182219,6.667634],[122.173814,6.663139],[122.170358,6.663851],[122.1593,6.672663],[122.149072,6.669028],[122.143706,6.670039],[122.146824,6.67531],[122.139744,6.676898],[122.139373,6.684115],[122.137099,6.689815],[122.141216,6.70204],[122.137215,6.713561],[122.132634,6.71922],[122.114359,6.722105],[122.10985,6.7174],[122.094392,6.714746],[122.08999,6.716557],[122.089645,6.721609],[122.082099,6.730834],[122.078639,6.74418],[122.074838,6.748916],[122.068156,6.750771],[122.056183,6.751016],[122.047158,6.749015],[122.041785,6.74037],[122.03705,6.742807],[122.032589,6.741122],[122.024831,6.745432],[122.013109,6.745754],[121.998634,6.737462],[121.997617,6.732519],[121.992408,6.732699],[121.984485,6.725678],[121.979732,6.71441],[121.959991,6.701281],[121.952414,6.699362],[121.948289,6.692378],[121.94091,6.688675],[121.939588,6.684552],[121.941229,6.675836],[121.929173,6.668566],[121.921292,6.674101],[121.917178,6.674741]]],[[[124.697068,9.110467],[124.705647,9.106947],[124.718683,9.103684],[124.727826,9.102915],[124.740715,9.103664],[124.744511,9.102719],[124.752339,9.094331],[124.757489,9.084754],[124.767225,9.078774],[124.775108,9.080204],[124.782322,9.084342],[124.787099,9.100104],[124.792804,9.102933],[124.796757,9.108153],[124.800171,9.106613],[124.805075,9.109861],[124.806325,9.122319],[124.797251,9.129144],[124.798493,9.132731],[124.793498,9.138109],[124.798327,9.146333],[124.794619,9.152783],[124.793346,9.160521],[124.783632,9.185586],[124.778889,9.203107],[124.774721,9.207927],[124.766765,9.21347],[124.762695,9.213028],[124.757677,9.216631],[124.755371,9.223332],[124.743647,9.234465],[124.741019,9.240335],[124.730803,9.249154],[124.715211,9.256672],[124.702191,9.258009],[124.688714,9.254406],[124.6751,9.252669],[124.669526,9.250777],[124.660714,9.2434],[124.658819,9.239984],[124.650508,9.238173],[124.642525,9.231126],[124.644203,9.226418],[124.635308,9.218181],[124.636839,9.211509],[124.633344,9.20529],[124.637323,9.193714],[124.633923,9.181203],[124.643085,9.152682],[124.651813,9.14108],[124.667055,9.130305],[124.670887,9.129335],[124.674894,9.120554],[124.683922,9.116846],[124.690853,9.111959],[124.697068,9.110467]]],[[[125.764986,6.892526],[125.769173,6.896378],[125.769593,6.901447],[125.777118,6.921018],[125.782691,6.92195],[125.788921,6.935129],[125.792587,6.936964],[125.788362,6.958247],[125.78621,6.975029],[125.788063,6.981251],[125.78529,6.990817],[125.786542,6.993453],[125.780384,7.008948],[125.780613,7.014373],[125.777386,7.020331],[125.775605,7.033306],[125.777564,7.037803],[125.777976,7.050436],[125.780764,7.055075],[125.781198,7.066674],[125.783753,7.076389],[125.78269,7.085212],[125.787112,7.09107],[125.788264,7.096003],[125.792248,7.098203],[125.790751,7.103993],[125.792476,7.108633],[125.797896,7.114306],[125.791938,7.12317],[125.78995,7.132501],[125.786366,7.138773],[125.776894,7.148357],[125.769579,7.152132],[125.764843,7.159353],[125.757681,7.165389],[125.746153,7.167514],[125.739261,7.170368],[125.734581,7.167233],[125.729568,7.171476],[125.727947,7.179592],[125.719351,7.194256],[125.706432,7.197365],[125.699588,7.195822],[125.696081,7.19262],[125.693133,7.183835],[125.692833,7.175822],[125.69024,7.161277],[125.686792,7.148274],[125.68664,7.13633],[125.683103,7.128715],[125.672879,7.120855],[125.663503,7.107207],[125.664038,7.093728],[125.670824,7.077972],[125.672312,7.070758],[125.678628,7.063999],[125.687771,7.065661],[125.69258,7.074663],[125.700444,7.076984],[125.707391,7.07427],[125.712509,7.069018],[125.716984,7.057077],[125.717728,7.050141],[125.722193,7.042339],[125.718571,7.034568],[125.722783,7.024989],[125.719835,7.017763],[125.725717,7.013575],[125.726803,7.006431],[125.725239,6.998269],[125.727285,6.993885],[125.72821,6.978933],[125.723665,6.973716],[125.722762,6.964787],[125.72806,6.955709],[125.735222,6.940047],[125.739172,6.937247],[125.749373,6.918729],[125.74899,6.905995],[125.751667,6.900036],[125.758634,6.899441],[125.764986,6.892526]]],[[[125.712441,6.897946],[125.716892,6.905408],[125.721804,6.910096],[125.720912,6.913228],[125.724591,6.922145],[125.720566,6.937354],[125.717383,6.938552],[125.707839,6.955276],[125.70445,6.95948],[125.697323,6.961849],[125.681825,6.9618],[125.677211,6.958651],[125.668619,6.949085],[125.669496,6.945386],[125.678538,6.932367],[125.684604,6.920775],[125.687172,6.907613],[125.691641,6.903924],[125.698508,6.902889],[125.712441,6.897946]]],[[[126.25817,6.796046],[126.260742,6.789451],[126.270594,6.78053],[126.275925,6.782609],[126.269475,6.792582],[126.25817,6.796046]]],[[[125.831775,7.268993],[125.834591,7.27648],[125.834621,7.283449],[125.830204,7.285297],[125.82845,7.274567],[125.831775,7.268993]]],[[[125.459723,5.437829],[125.454031,5.426274],[125.456055,5.423748],[125.463038,5.423482],[125.466945,5.411432],[125.464285,5.408442],[125.463193,5.396633],[125.465326,5.39178],[125.471845,5.389437],[125.478605,5.393208],[125.483884,5.406886],[125.493057,5.423188],[125.489207,5.428325],[125.489948,5.436076],[125.495542,5.444024],[125.496622,5.460069],[125.499344,5.468342],[125.496154,5.48232],[125.492251,5.48731],[125.478289,5.495731],[125.473231,5.494034],[125.469472,5.485042],[125.469334,5.478459],[125.455643,5.463905],[125.458121,5.456334],[125.467434,5.457446],[125.46356,5.449376],[125.455946,5.449982],[125.454631,5.443155],[125.459192,5.442383],[125.459723,5.437829]]],[[[125.332963,5.38686],[125.34111,5.384132],[125.348346,5.386271],[125.354141,5.378817],[125.349277,5.372178],[125.364279,5.366676],[125.373784,5.3668],[125.377512,5.371174],[125.382228,5.370703],[125.387635,5.374993],[125.402745,5.374646],[125.408338,5.377178],[125.412413,5.369603],[125.420038,5.365508],[125.424152,5.369033],[125.426102,5.374337],[125.42613,5.383412],[125.42442,5.390889],[125.426547,5.394406],[125.421079,5.403003],[125.426644,5.408897],[125.426007,5.416786],[125.42954,5.419597],[125.416625,5.427236],[125.41095,5.428053],[125.407242,5.431892],[125.392637,5.436204],[125.390817,5.433799],[125.383489,5.4352],[125.381964,5.432384],[125.369548,5.429019],[125.360987,5.42117],[125.357625,5.41476],[125.348777,5.404527],[125.34942,5.397648],[125.346251,5.392827],[125.339848,5.390389],[125.33197,5.390815],[125.332963,5.38686]]],[[[126.071442,10.040595],[126.07146,10.053916],[126.06841,10.059601],[126.063899,10.062544],[126.057649,10.060477],[126.043312,10.047138],[126.042179,10.040946],[126.036552,10.038408],[126.029442,10.02784],[126.02898,10.022427],[126.034535,10.019675],[126.034697,10.015734],[126.031097,10.010548],[126.036302,10.006935],[126.028602,9.994569],[126.024744,9.982199],[126.021347,9.975973],[126.014181,9.970733],[126.003915,9.95624],[125.999357,9.952306],[125.997262,9.946092],[125.993305,9.941376],[125.982951,9.937659],[125.979656,9.930084],[125.973304,9.923114],[125.972914,9.914349],[125.975381,9.911992],[125.974663,9.904381],[125.967907,9.900083],[125.965979,9.891837],[125.959576,9.880956],[125.965402,9.869436],[125.973991,9.863878],[125.971334,9.859725],[125.975538,9.856259],[125.968642,9.85094],[125.958647,9.852562],[125.952064,9.847666],[125.953585,9.842197],[125.950995,9.834112],[125.955993,9.834633],[125.962189,9.830529],[125.960103,9.825532],[125.974623,9.825547],[125.972321,9.819476],[125.973352,9.810879],[125.983483,9.807936],[125.990445,9.801028],[125.990302,9.794957],[125.997726,9.788507],[126.001357,9.782414],[126.002975,9.775647],[126.008589,9.771798],[126.008659,9.765345],[126.017172,9.753979],[126.031604,9.744955],[126.03621,9.750397],[126.034772,9.754262],[126.023243,9.760473],[126.02594,9.766479],[126.03835,9.76314],[126.042359,9.763546],[126.050456,9.754747],[126.060005,9.752816],[126.067355,9.753683],[126.07488,9.749875],[126.084746,9.750318],[126.094342,9.7476],[126.113113,9.747588],[126.111737,9.756925],[126.126504,9.757418],[126.12859,9.768],[126.137896,9.77478],[126.155899,9.780702],[126.16363,9.786972],[126.161014,9.802583],[126.166928,9.805809],[126.168414,9.810884],[126.163531,9.813607],[126.155279,9.809665],[126.144274,9.825701],[126.14361,9.830929],[126.139849,9.838604],[126.141054,9.845287],[126.134282,9.844773],[126.124155,9.840588],[126.117769,9.84351],[126.114075,9.849895],[126.106602,9.852885],[126.098516,9.851385],[126.094619,9.852967],[126.099751,9.862268],[126.111993,9.864876],[126.116267,9.869751],[126.120616,9.878559],[126.111144,9.895388],[126.114086,9.904776],[126.113331,9.915974],[126.115505,9.918211],[126.11225,9.927138],[126.102833,9.940487],[126.103508,9.945124],[126.097805,9.953016],[126.099432,9.964056],[126.095805,9.971815],[126.088513,9.981602],[126.087687,9.99601],[126.083627,10.004494],[126.082972,10.01019],[126.077822,10.013548],[126.075922,10.01849],[126.070286,10.023845],[126.071442,10.040595]]],[[[125.767617,9.578582],[125.759081,9.583623],[125.755595,9.577543],[125.765091,9.574892],[125.767617,9.578582]]],[[[126.043986,9.747598],[126.03941,9.750993],[126.036507,9.743212],[126.042035,9.743288],[126.043986,9.747598]]],[[[126.029826,9.734079],[126.024205,9.727642],[126.0169,9.726185],[126.023266,9.720278],[126.011007,9.715379],[126.012927,9.708943],[126.005999,9.693346],[126.0071,9.688899],[126.016192,9.691034],[126.019853,9.689156],[126.024266,9.693322],[126.027977,9.704338],[126.036286,9.713345],[126.039117,9.705231],[126.051558,9.707372],[126.055046,9.705059],[126.067849,9.706764],[126.064524,9.713447],[126.065203,9.724571],[126.053698,9.732705],[126.042521,9.731493],[126.036779,9.72623],[126.029826,9.734079]]],[[[125.98245,9.736552],[125.980704,9.719238],[125.974969,9.718437],[125.973367,9.722947],[125.965999,9.713867],[125.968629,9.709082],[125.973253,9.706883],[125.974303,9.701041],[125.972721,9.693554],[125.973976,9.689705],[125.982054,9.687377],[125.984501,9.69539],[125.994516,9.692866],[125.999503,9.696945],[126.003321,9.696502],[126.008684,9.702648],[126.004477,9.711341],[125.999977,9.713833],[125.994984,9.725219],[125.982084,9.732851],[125.98245,9.736552]]],[[[126.073965,9.696818],[126.077203,9.692114],[126.086982,9.689471],[126.090227,9.694713],[126.073965,9.696818]]],[[[125.89389,9.893458],[125.899365,9.895026],[125.903781,9.90042],[125.908632,9.912215],[125.898879,9.918761],[125.894899,9.915206],[125.892029,9.906536],[125.895354,9.903422],[125.89389,9.893458]]],[[[125.96185,9.909939],[125.96683,9.912981],[125.971073,9.923295],[125.978594,9.931493],[125.98135,9.941842],[125.979919,9.948035],[125.973239,9.948929],[125.971535,9.95276],[125.973749,9.957818],[125.968268,9.963806],[125.966593,9.957064],[125.972625,9.946117],[125.966292,9.936477],[125.954416,9.92758],[125.94587,9.924622],[125.945231,9.921033],[125.939621,9.918075],[125.93521,9.907189],[125.928532,9.908279],[125.925264,9.903645],[125.924072,9.895018],[125.914562,9.887269],[125.907677,9.887919],[125.90683,9.880168],[125.918564,9.873683],[125.926549,9.881757],[125.932863,9.884382],[125.950918,9.89465],[125.95438,9.901626],[125.96185,9.909939]]],[[[125.93864,9.856665],[125.944139,9.852066],[125.953993,9.851303],[125.964844,9.860081],[125.967561,9.866],[125.95794,9.87942],[125.959346,9.887834],[125.95412,9.892292],[125.945582,9.891136],[125.943281,9.886859],[125.934922,9.882541],[125.928239,9.872593],[125.929104,9.868352],[125.93864,9.856665]]],[[[126.171381,9.745871],[126.161177,9.742786],[126.155153,9.743015],[126.156842,9.736427],[126.164597,9.736508],[126.170643,9.73963],[126.171381,9.745871]]],[[[126.177791,9.64051],[126.173134,9.630516],[126.173058,9.622621],[126.177131,9.619198],[126.179891,9.623466],[126.179844,9.636909],[126.177791,9.64051]]],[[[126.176005,9.615663],[126.170999,9.608377],[126.176616,9.607538],[126.179083,9.612687],[126.176005,9.615663]]],[[[125.653533,9.706639],[125.650058,9.710842],[125.657673,9.715275],[125.662591,9.722147],[125.656998,9.722399],[125.648254,9.726356],[125.647023,9.723263],[125.638763,9.719107],[125.633198,9.721851],[125.634777,9.726092],[125.628588,9.727631],[125.621902,9.72341],[125.622396,9.710979],[125.619043,9.702701],[125.627268,9.70272],[125.633057,9.709697],[125.638458,9.706031],[125.642715,9.69908],[125.644867,9.672366],[125.643646,9.669485],[125.654431,9.663768],[125.660473,9.667497],[125.659452,9.673914],[125.656242,9.677427],[125.658037,9.684082],[125.65522,9.690244],[125.657671,9.692716],[125.657442,9.700841],[125.653533,9.706639]]],[[[125.98611,9.682784],[125.97455,9.686989],[125.972207,9.684378],[125.963914,9.685929],[125.962135,9.690807],[125.962072,9.701763],[125.959401,9.720507],[125.963124,9.725632],[125.970497,9.729323],[125.964576,9.735515],[125.964854,9.74263],[125.960638,9.745759],[125.957842,9.735221],[125.951744,9.740374],[125.94051,9.733864],[125.947427,9.745445],[125.941722,9.747742],[125.946866,9.754305],[125.945761,9.756937],[125.933587,9.760417],[125.927256,9.753886],[125.91947,9.757121],[125.915276,9.756585],[125.913754,9.751025],[125.916069,9.74531],[125.911684,9.741262],[125.916329,9.736628],[125.920712,9.726892],[125.911415,9.725858],[125.906253,9.720481],[125.910749,9.709796],[125.910509,9.706581],[125.919415,9.698778],[125.916222,9.694258],[125.920716,9.690676],[125.918832,9.681722],[125.927514,9.666692],[125.927076,9.654224],[125.920454,9.650892],[125.914287,9.65548],[125.908797,9.652887],[125.903128,9.636411],[125.906316,9.635484],[125.906267,9.624441],[125.898515,9.618427],[125.895597,9.619936],[125.888192,9.615586],[125.892161,9.611949],[125.89685,9.616528],[125.906211,9.611571],[125.909996,9.614083],[125.913705,9.602707],[125.91378,9.596823],[125.911184,9.591411],[125.912972,9.583087],[125.924875,9.579856],[125.935931,9.579214],[125.939743,9.566209],[125.938366,9.560243],[125.954909,9.563742],[125.962903,9.567885],[125.967136,9.580896],[125.971005,9.585466],[125.966045,9.606738],[125.965292,9.615343],[125.968124,9.623623],[125.975389,9.626592],[125.978323,9.633274],[125.985886,9.640826],[125.987908,9.649668],[125.986178,9.654321],[125.990319,9.66253],[125.989095,9.66911],[125.985278,9.672811],[125.98611,9.682784]]],[[[125.496369,9.920693],[125.501033,9.925725],[125.494989,9.929148],[125.492146,9.924334],[125.496369,9.920693]]],[[[125.511023,9.917173],[125.509337,9.910396],[125.513849,9.897484],[125.514403,9.891813],[125.510146,9.887669],[125.516471,9.881731],[125.524938,9.870476],[125.533715,9.871739],[125.536739,9.862553],[125.542678,9.862956],[125.551735,9.861227],[125.555445,9.863979],[125.54226,9.87707],[125.533353,9.881642],[125.533919,9.889658],[125.524955,9.89494],[125.515562,9.905611],[125.517781,9.909035],[125.511023,9.917173]]],[[[125.449049,9.909502],[125.445679,9.916504],[125.441895,9.912476],[125.449049,9.909502]]],[[[125.595081,9.80452],[125.600536,9.809115],[125.603367,9.816944],[125.614767,9.817317],[125.621811,9.827064],[125.629455,9.825043],[125.634851,9.827416],[125.642064,9.825079],[125.64648,9.830639],[125.653282,9.826242],[125.65936,9.827678],[125.665442,9.832563],[125.671621,9.833332],[125.679506,9.843415],[125.688074,9.8502],[125.681463,9.853732],[125.667253,9.849203],[125.657465,9.849546],[125.657081,9.854739],[125.653523,9.859374],[125.654284,9.864813],[125.644579,9.869085],[125.648506,9.873162],[125.642484,9.880612],[125.639196,9.889932],[125.643368,9.897823],[125.642125,9.916043],[125.631732,9.911321],[125.62172,9.908766],[125.623606,9.903151],[125.621551,9.897988],[125.612176,9.888717],[125.61405,9.8822],[125.602411,9.881145],[125.599296,9.876116],[125.601771,9.871617],[125.595027,9.854254],[125.587408,9.851392],[125.583019,9.842183],[125.578495,9.838968],[125.577032,9.827935],[125.580796,9.81994],[125.585198,9.82518],[125.585432,9.829577],[125.589866,9.835161],[125.596896,9.832271],[125.597682,9.825788],[125.586844,9.820762],[125.584828,9.815393],[125.586177,9.811254],[125.592462,9.812353],[125.589993,9.805477],[125.595081,9.80452]]],[[[125.611173,9.912173],[125.608507,9.908722],[125.603135,9.908739],[125.601559,9.905024],[125.593833,9.908292],[125.586743,9.897897],[125.576032,9.904271],[125.570455,9.901008],[125.564892,9.900358],[125.561375,9.893179],[125.565722,9.887878],[125.568897,9.888032],[125.580533,9.896212],[125.583586,9.894623],[125.577475,9.885446],[125.573983,9.876337],[125.578258,9.871683],[125.580873,9.864022],[125.576082,9.854142],[125.583369,9.853575],[125.582598,9.859509],[125.591703,9.878629],[125.596086,9.883722],[125.595448,9.889573],[125.609181,9.887832],[125.612618,9.890667],[125.610199,9.900148],[125.607838,9.901956],[125.611173,9.912173]]],[[[125.714407,9.799335],[125.71005,9.791612],[125.702225,9.790983],[125.696128,9.792602],[125.696888,9.78683],[125.702167,9.777239],[125.701118,9.763976],[125.712763,9.76216],[125.718325,9.763652],[125.719187,9.755817],[125.727103,9.754468],[125.723293,9.763994],[125.727241,9.767521],[125.732596,9.776733],[125.738088,9.776585],[125.738838,9.783351],[125.733238,9.782813],[125.729942,9.789572],[125.723063,9.786458],[125.719004,9.787108],[125.716333,9.799586],[125.721599,9.80613],[125.717897,9.811604],[125.71059,9.810441],[125.715182,9.804227],[125.714407,9.799335]]],[[[125.630029,9.789207],[125.638396,9.776339],[125.638025,9.769298],[125.643687,9.766281],[125.64722,9.77038],[125.657189,9.757701],[125.667348,9.755343],[125.668599,9.758372],[125.666679,9.767801],[125.659703,9.770796],[125.65067,9.778944],[125.645733,9.78908],[125.635697,9.797759],[125.630029,9.789207]]],[[[125.542339,9.779795],[125.549946,9.77721],[125.558573,9.779572],[125.557378,9.785866],[125.551903,9.788366],[125.543213,9.783913],[125.542339,9.779795]]],[[[125.536422,9.772124],[125.538611,9.778262],[125.532265,9.778229],[125.531697,9.774305],[125.536422,9.772124]]],[[[125.560737,9.767296],[125.560129,9.776767],[125.549651,9.776076],[125.54346,9.777596],[125.53987,9.77194],[125.560737,9.767296]]],[[[125.625504,9.739963],[125.635348,9.746398],[125.642281,9.759007],[125.641294,9.765927],[125.636292,9.76917],[125.626646,9.764606],[125.627318,9.758245],[125.622234,9.753216],[125.622216,9.742409],[125.625504,9.739963]]],[[[125.616254,9.753332],[125.61425,9.765575],[125.605539,9.764571],[125.599328,9.760205],[125.603998,9.754867],[125.609229,9.756175],[125.616254,9.753332]]],[[[125.694584,9.753067],[125.68328,9.746709],[125.679741,9.74237],[125.692242,9.744064],[125.691853,9.73848],[125.700352,9.735305],[125.705209,9.739684],[125.704269,9.743757],[125.699247,9.750427],[125.694584,9.753067]]],[[[125.640519,9.73248],[125.643867,9.740619],[125.638376,9.739617],[125.640519,9.73248]]],[[[125.606603,9.683245],[125.612791,9.688374],[125.607499,9.692855],[125.603464,9.687527],[125.606603,9.683245]]],[[[126.011959,9.42997],[126.007494,9.429444],[125.993304,9.415567],[125.996754,9.409901],[126.000883,9.413934],[126.008086,9.410279],[126.012095,9.413514],[126.024401,9.414122],[126.025677,9.418456],[126.022848,9.423941],[126.011959,9.42997]]],[[[125.935873,9.404484],[125.940273,9.405623],[125.936379,9.416294],[125.921513,9.416592],[125.920805,9.411924],[125.925539,9.406761],[125.929985,9.412259],[125.935864,9.408837],[125.935873,9.404484]]],[[[125.599294,10.039399],[125.598587,10.036699],[125.583198,10.050334],[125.578149,10.038621],[125.582982,10.038555],[125.586726,10.034371],[125.589196,10.026674],[125.587089,10.02387],[125.576978,10.028773],[125.574937,10.023897],[125.568625,10.018106],[125.572159,10.014235],[125.568589,10.011266],[125.569646,10.006399],[125.578107,10.002515],[125.575338,9.995172],[125.568898,9.988901],[125.575762,9.98213],[125.588193,9.98998],[125.597465,9.987874],[125.603713,9.992428],[125.608668,9.989191],[125.608409,9.983625],[125.599183,9.976897],[125.604165,9.973034],[125.602174,9.965468],[125.604372,9.962773],[125.612735,9.959516],[125.613602,9.954754],[125.596568,9.955506],[125.594201,9.961611],[125.589884,9.961229],[125.591426,9.954638],[125.59549,9.95131],[125.603116,9.952131],[125.606018,9.947718],[125.611154,9.949137],[125.620721,9.947075],[125.634822,9.937175],[125.640944,9.935597],[125.645603,9.930892],[125.646233,9.920503],[125.643961,9.916419],[125.646051,9.912685],[125.64445,9.90667],[125.64565,9.89806],[125.64222,9.89556],[125.64083,9.88833],[125.64259,9.88217],[125.65056,9.87278],[125.65028,9.86945],[125.65556,9.86528],[125.65583,9.85861],[125.66028,9.8525],[125.67223,9.85278],[125.676773,9.867633],[125.694675,9.86432],[125.701004,9.86685],[125.705387,9.875436],[125.70147,9.87872],[125.706144,9.892943],[125.706772,9.898652],[125.700744,9.908339],[125.693731,9.914986],[125.685402,9.917377],[125.683129,9.91382],[125.673031,9.917446],[125.672572,9.925244],[125.676062,9.931063],[125.672233,9.937753],[125.661508,9.942944],[125.657237,9.946726],[125.658385,9.951259],[125.664042,9.954354],[125.675567,9.957597],[125.678996,9.962199],[125.673296,9.966818],[125.679844,9.969688],[125.679288,9.980797],[125.676104,9.989028],[125.672697,9.990389],[125.680143,10.003816],[125.67962,10.00931],[125.686508,10.01914],[125.688291,10.026752],[125.684578,10.032925],[125.690633,10.036395],[125.695235,10.047548],[125.692595,10.062327],[125.695265,10.06849],[125.692439,10.080076],[125.684504,10.091301],[125.684253,10.096593],[125.676751,10.103523],[125.676837,10.107942],[125.672719,10.113259],[125.663669,10.114353],[125.661427,10.123217],[125.660675,10.134955],[125.66377,10.142454],[125.658402,10.149549],[125.663215,10.154011],[125.669716,10.152516],[125.675373,10.153918],[125.676933,10.158885],[125.676143,10.167035],[125.670525,10.173091],[125.66398,10.172176],[125.658904,10.165791],[125.651466,10.167059],[125.650307,10.175517],[125.643864,10.185145],[125.64834,10.188805],[125.652933,10.187609],[125.655604,10.192619],[125.661892,10.197224],[125.66155,10.20271],[125.654606,10.217611],[125.65355,10.229238],[125.643998,10.243003],[125.644042,10.252722],[125.650589,10.249427],[125.652874,10.251439],[125.655042,10.262313],[125.652157,10.267827],[125.65534,10.277128],[125.652493,10.281757],[125.650167,10.290868],[125.645911,10.295413],[125.6473,10.306487],[125.655437,10.322328],[125.663082,10.335055],[125.664378,10.343825],[125.667392,10.351026],[125.673169,10.355425],[125.670119,10.364272],[125.674336,10.371088],[125.675076,10.3812],[125.678466,10.383779],[125.681633,10.391692],[125.676977,10.395211],[125.674387,10.403092],[125.670939,10.406796],[125.669388,10.414629],[125.672918,10.420957],[125.668189,10.423589],[125.669331,10.429257],[125.665539,10.434239],[125.652468,10.441932],[125.655378,10.451791],[125.651425,10.455031],[125.649296,10.460925],[125.649851,10.466507],[125.642071,10.471595],[125.633415,10.468032],[125.630641,10.461144],[125.62293,10.458858],[125.620019,10.447311],[125.613586,10.443089],[125.608802,10.432263],[125.612151,10.420914],[125.611328,10.409288],[125.603343,10.408789],[125.607444,10.399114],[125.604919,10.379835],[125.59564,10.365001],[125.591817,10.365744],[125.581925,10.358802],[125.574056,10.361782],[125.566674,10.370144],[125.562296,10.381869],[125.55159,10.385373],[125.549419,10.375665],[125.546568,10.370588],[125.547691,10.356592],[125.551791,10.353226],[125.553194,10.343556],[125.555857,10.339886],[125.55526,10.326971],[125.559023,10.321618],[125.551636,10.320284],[125.543233,10.324026],[125.532644,10.324926],[125.528137,10.322227],[125.519581,10.324105],[125.513872,10.321086],[125.514199,10.315675],[125.518696,10.307846],[125.514394,10.298536],[125.51511,10.292198],[125.519627,10.290117],[125.519678,10.284454],[125.536128,10.281809],[125.530098,10.276542],[125.52139,10.277206],[125.519113,10.271413],[125.518391,10.262577],[125.521266,10.255767],[125.521144,10.245743],[125.514137,10.24689],[125.512358,10.242391],[125.514858,10.236679],[125.518921,10.234273],[125.524944,10.225302],[125.53561,10.213744],[125.540841,10.209881],[125.540666,10.204381],[125.526263,10.190778],[125.522123,10.193429],[125.520942,10.200261],[125.523021,10.20245],[125.513543,10.208701],[125.508176,10.209878],[125.499163,10.207581],[125.499932,10.202692],[125.505695,10.193832],[125.508956,10.194338],[125.514191,10.189613],[125.518664,10.189751],[125.525257,10.182774],[125.518686,10.178248],[125.510516,10.185698],[125.504432,10.185462],[125.504296,10.178787],[125.50198,10.17405],[125.498845,10.161139],[125.499477,10.155314],[125.496016,10.148391],[125.495442,10.14285],[125.490273,10.144376],[125.490203,10.13882],[125.484845,10.130945],[125.488499,10.123241],[125.48335,10.117192],[125.481108,10.121001],[125.484077,10.12443],[125.477621,10.139578],[125.47671,10.125423],[125.479027,10.121449],[125.481053,10.104153],[125.490486,10.10114],[125.497995,10.100599],[125.499978,10.09536],[125.499658,10.085531],[125.506026,10.084928],[125.505265,10.079453],[125.49715,10.078843],[125.504393,10.068063],[125.510475,10.062174],[125.5167,10.060845],[125.5285,10.062451],[125.529513,10.06764],[125.535175,10.070795],[125.539258,10.081084],[125.550502,10.078767],[125.562022,10.071358],[125.563512,10.072746],[125.572847,10.065809],[125.572699,10.071831],[125.57601,10.07835],[125.564719,10.081199],[125.569872,10.08954],[125.585343,10.081659],[125.590971,10.069169],[125.588712,10.065096],[125.590313,10.060795],[125.596699,10.065148],[125.599603,10.059172],[125.593742,10.052362],[125.597714,10.04693],[125.604261,10.043705],[125.599294,10.039399]]],[[[125.47805,10.090396],[125.476742,10.082351],[125.483141,10.086313],[125.47805,10.090396]]],[[[125.513323,10.030032],[125.516123,10.0217],[125.512492,10.0188],[125.515673,10.014124],[125.524364,10.010203],[125.537542,10.009121],[125.534059,10.017139],[125.513323,10.030032]]],[[[125.506929,10.006049],[125.50061,10.016914],[125.496011,10.012106],[125.502495,10.005099],[125.503928,9.98956],[125.509522,9.993464],[125.511127,9.997994],[125.506929,10.006049]]],[[[125.523696,9.972308],[125.524298,9.981641],[125.517864,9.982474],[125.518708,9.973745],[125.523696,9.972308]]],[[[125.628242,9.929699],[125.631846,9.932254],[125.630125,9.937725],[125.625276,9.93415],[125.628242,9.929699]]],[[[125.534712,9.989416],[125.535813,9.981686],[125.541626,9.974037],[125.547065,9.976124],[125.552795,9.972573],[125.554498,9.962221],[125.560138,9.964469],[125.560218,9.96947],[125.553571,9.977403],[125.54779,9.978794],[125.54561,9.983243],[125.534712,9.989416]]],[[[125.490169,10.422058],[125.498977,10.42438],[125.493317,10.431957],[125.498128,10.436506],[125.501618,10.44565],[125.493335,10.452721],[125.488748,10.45309],[125.484116,10.457587],[125.48063,10.457431],[125.471654,10.462174],[125.465703,10.460603],[125.46334,10.457116],[125.469363,10.445292],[125.479019,10.435617],[125.475693,10.432378],[125.476812,10.42792],[125.481445,10.424548],[125.490169,10.422058]]],[[[125.589506,10.382203],[125.587534,10.375251],[125.592346,10.373279],[125.595034,10.377866],[125.589506,10.382203]]],[[[121.823439,13.372452],[121.822301,13.363008],[121.818879,13.348876],[121.821918,13.342777],[121.838234,13.334194],[121.843472,13.328238],[121.846433,13.320097],[121.853328,13.311217],[121.854636,13.305788],[121.861825,13.290177],[121.86976,13.282625],[121.879232,13.279646],[121.884405,13.275886],[121.907409,13.272424],[121.914791,13.264975],[121.921122,13.262234],[121.926259,13.256689],[121.941248,13.253536],[121.950435,13.249267],[121.958,13.237412],[121.9623,13.227374],[121.97052,13.219168],[121.978288,13.213569],[121.982421,13.207543],[121.992235,13.204879],[121.997417,13.204905],[122.005725,13.199286],[122.016795,13.200215],[122.025639,13.19895],[122.032072,13.201791],[122.042969,13.217362],[122.052927,13.240728],[122.053905,13.255175],[122.045723,13.26321],[122.043755,13.268406],[122.045664,13.275119],[122.050465,13.279939],[122.060943,13.283653],[122.065242,13.288713],[122.064327,13.293681],[122.068549,13.306019],[122.072315,13.309099],[122.082021,13.311698],[122.095295,13.32413],[122.103174,13.327218],[122.109179,13.335209],[122.120348,13.339299],[122.123324,13.344563],[122.124538,13.356278],[122.128105,13.362365],[122.139559,13.37013],[122.148158,13.368698],[122.150331,13.372744],[122.145469,13.378242],[122.13834,13.381571],[122.143979,13.389127],[122.138544,13.391904],[122.130958,13.389273],[122.122632,13.392369],[122.122336,13.399516],[122.118852,13.408114],[122.110783,13.409699],[122.109736,13.416004],[122.104886,13.416951],[122.101471,13.421499],[122.102175,13.428379],[122.099371,13.432415],[122.105447,13.43482],[122.110448,13.428533],[122.117727,13.425819],[122.119929,13.434837],[122.118564,13.439027],[122.125759,13.441509],[122.128838,13.448259],[122.127625,13.454226],[122.123412,13.461273],[122.107857,13.476889],[122.09551,13.482458],[122.08738,13.488718],[122.082533,13.489448],[122.073326,13.484242],[122.072712,13.479777],[122.065989,13.476924],[122.061637,13.479363],[122.054021,13.477043],[122.050534,13.481481],[122.041427,13.486037],[122.046203,13.489921],[122.050633,13.490234],[122.053101,13.486393],[122.058268,13.487013],[122.050921,13.499683],[122.048451,13.512079],[122.041131,13.51352],[122.029446,13.511496],[122.024098,13.514237],[122.035246,13.518913],[122.032465,13.524766],[122.032801,13.529531],[122.026883,13.532684],[122.017073,13.543724],[122.008856,13.549471],[122.003807,13.542337],[122.005521,13.537894],[121.999747,13.536292],[121.994804,13.531784],[121.999138,13.528295],[121.998989,13.522589],[121.988536,13.525214],[121.979036,13.520965],[121.971519,13.527009],[121.951066,13.532938],[121.944094,13.530907],[121.935007,13.542795],[121.929678,13.544323],[121.92915,13.538688],[121.924872,13.534606],[121.925212,13.528898],[121.918349,13.525369],[121.911901,13.530438],[121.899279,13.532393],[121.89332,13.539491],[121.893004,13.548434],[121.888705,13.55269],[121.884136,13.551169],[121.873758,13.553579],[121.878578,13.559539],[121.874701,13.562235],[121.872747,13.568737],[121.866509,13.570692],[121.861517,13.564902],[121.854859,13.564679],[121.857026,13.557961],[121.865263,13.549928],[121.859313,13.539284],[121.87475,13.540924],[121.865043,13.534035],[121.867141,13.526687],[121.850736,13.518809],[121.85417,13.515411],[121.85099,13.505753],[121.845397,13.505131],[121.842263,13.491993],[121.834464,13.478648],[121.819046,13.465664],[121.811992,13.455959],[121.81098,13.446826],[121.817328,13.436761],[121.820958,13.427051],[121.821112,13.417451],[121.825208,13.400753],[121.823163,13.383991],[121.823439,13.372452]]],[[[121.866093,13.244299],[121.868308,13.248759],[121.86689,13.253818],[121.850413,13.249763],[121.854325,13.24593],[121.858677,13.247674],[121.866093,13.244299]]],[[[121.813015,13.220658],[121.818794,13.227575],[121.814997,13.22928],[121.805672,13.227694],[121.808068,13.222497],[121.813015,13.220658]]],[[[122.106392,13.537189],[122.109383,13.533103],[122.109956,13.525557],[122.118132,13.527184],[122.129502,13.519044],[122.135473,13.517014],[122.136464,13.523321],[122.13175,13.5315],[122.131776,13.535047],[122.1128,13.535533],[122.106392,13.537189]]],[[[122.177599,13.528388],[122.168542,13.520795],[122.175977,13.504851],[122.184543,13.505547],[122.187891,13.516162],[122.183508,13.525082],[122.177599,13.528388]]],[[[122.099423,13.503895],[122.091104,13.507539],[122.085533,13.513249],[122.08178,13.513547],[122.074541,13.520309],[122.073369,13.524053],[122.067448,13.525103],[122.064095,13.512301],[122.065628,13.503519],[122.068086,13.501784],[122.079837,13.499332],[122.088835,13.49599],[122.09987,13.496772],[122.099423,13.503895]]],[[[122.125372,13.425902],[122.120747,13.416408],[122.124183,13.414053],[122.12237,13.407558],[122.127205,13.400716],[122.130329,13.399518],[122.136125,13.405537],[122.139863,13.397962],[122.14791,13.396975],[122.149518,13.403539],[122.147612,13.407557],[122.132165,13.420787],[122.129383,13.425843],[122.125372,13.425902]]],[[[121.243504,12.207783],[121.247898,12.210038],[121.250848,12.217289],[121.254841,12.221869],[121.262946,12.238839],[121.263898,12.26723],[121.267576,12.273701],[121.274146,12.277369],[121.275321,12.283258],[121.279047,12.287471],[121.287241,12.288719],[121.296499,12.286198],[121.305318,12.293492],[121.315077,12.294549],[121.328759,12.293047],[121.331937,12.294139],[121.336596,12.304903],[121.33715,12.309917],[121.345161,12.325955],[121.351023,12.32639],[121.361787,12.32409],[121.364639,12.308852],[121.373264,12.296619],[121.369637,12.289903],[121.372544,12.286134],[121.378493,12.283884],[121.380641,12.29286],[121.383249,12.295526],[121.396585,12.285951],[121.401154,12.294746],[121.395772,12.299494],[121.393071,12.30829],[121.386001,12.318535],[121.387899,12.326229],[121.384518,12.334882],[121.383486,12.350919],[121.380545,12.354384],[121.384077,12.362532],[121.392952,12.366568],[121.398563,12.365121],[121.406603,12.368239],[121.413475,12.367209],[121.41778,12.363],[121.425318,12.359816],[121.43375,12.358788],[121.443708,12.355286],[121.452491,12.359747],[121.445249,12.365674],[121.441412,12.366788],[121.434688,12.376985],[121.429302,12.378324],[121.428559,12.385049],[121.414448,12.391851],[121.412969,12.397505],[121.417453,12.399392],[121.414522,12.409828],[121.414357,12.422799],[121.413137,12.433187],[121.41048,12.43482],[121.409663,12.444514],[121.415425,12.450342],[121.421381,12.448627],[121.425174,12.453356],[121.42166,12.462848],[121.422818,12.466487],[121.431448,12.474703],[121.437383,12.475747],[121.440862,12.472109],[121.444836,12.477326],[121.439855,12.48158],[121.437465,12.491435],[121.44207,12.495534],[121.442971,12.50421],[121.434894,12.509303],[121.436832,12.514809],[121.44315,12.521801],[121.450945,12.522451],[121.454986,12.51797],[121.462718,12.518003],[121.466438,12.524508],[121.490708,12.537698],[121.492813,12.540708],[121.503506,12.546707],[121.508085,12.55144],[121.508997,12.558141],[121.515974,12.57735],[121.531162,12.595288],[121.540577,12.600256],[121.556952,12.604407],[121.554736,12.623187],[121.548296,12.642311],[121.547614,12.652466],[121.549409,12.661069],[121.54813,12.670596],[121.539441,12.685908],[121.538586,12.696093],[121.534484,12.702815],[121.517489,12.724784],[121.516994,12.735596],[121.515521,12.737991],[121.500115,12.738215],[121.490796,12.74962],[121.483735,12.756634],[121.477393,12.76858],[121.475936,12.77438],[121.477568,12.783334],[121.48112,12.786263],[121.482991,12.793081],[121.47937,12.802112],[121.480927,12.81228],[121.484104,12.814695],[121.483814,12.827513],[121.488163,12.837915],[121.49452,12.848849],[121.493932,12.852975],[121.486026,12.870014],[121.482326,12.895593],[121.483023,12.904742],[121.488056,12.91343],[121.488672,12.917664],[121.495581,12.930605],[121.498343,12.939007],[121.495351,12.961407],[121.493331,12.967294],[121.492333,12.977559],[121.486068,12.998691],[121.485143,13.007993],[121.486008,13.016398],[121.489714,13.028994],[121.499753,13.047901],[121.505073,13.054728],[121.519353,13.065036],[121.534017,13.072923],[121.541276,13.074733],[121.544492,13.079109],[121.556438,13.088545],[121.558334,13.095833],[121.556401,13.106736],[121.553696,13.112398],[121.55684,13.117548],[121.555387,13.121231],[121.549483,13.121851],[121.5459,13.127393],[121.539349,13.131659],[121.535458,13.139913],[121.531979,13.13949],[121.525563,13.143246],[121.50338,13.146273],[121.490601,13.145473],[121.487756,13.146953],[121.475186,13.135853],[121.460396,13.138779],[121.445426,13.144717],[121.43908,13.149932],[121.439209,13.155869],[121.435372,13.160067],[121.437525,13.167858],[121.440864,13.168673],[121.443421,13.180079],[121.449647,13.189871],[121.445164,13.197195],[121.446819,13.203452],[121.442718,13.211214],[121.444492,13.214682],[121.437119,13.225056],[121.430943,13.225801],[121.421967,13.235177],[121.414965,13.237473],[121.412493,13.241577],[121.406457,13.237548],[121.395066,13.237064],[121.392118,13.241214],[121.379296,13.239255],[121.377851,13.243756],[121.381188,13.247344],[121.370586,13.257501],[121.368638,13.264596],[121.359719,13.276128],[121.355122,13.285413],[121.33153,13.311268],[121.319773,13.32049],[121.31199,13.329594],[121.304272,13.343814],[121.282153,13.358237],[121.265344,13.366541],[121.262558,13.366121],[121.252924,13.372679],[121.241537,13.384665],[121.23547,13.395],[121.227499,13.395662],[121.228124,13.403562],[121.223643,13.407821],[121.208922,13.41781],[121.201976,13.428973],[121.201977,13.435686],[121.19735,13.435961],[121.193551,13.423536],[121.184579,13.417776],[121.174818,13.414534],[121.167378,13.414757],[121.159934,13.417166],[121.156838,13.411272],[121.145866,13.410215],[121.141397,13.405305],[121.136868,13.4107],[121.131156,13.411271],[121.118116,13.415614],[121.112701,13.415543],[121.102682,13.418321],[121.096554,13.416031],[121.089641,13.415865],[121.080347,13.408984],[121.071727,13.405335],[121.062716,13.403941],[121.054846,13.406962],[121.048244,13.413857],[121.036523,13.418454],[121.026016,13.42934],[121.018237,13.442103],[121.010977,13.445043],[121.00447,13.449861],[120.997199,13.459765],[120.990533,13.462323],[120.986339,13.470612],[120.978359,13.468074],[120.974076,13.469283],[120.967176,13.483595],[120.960502,13.488417],[120.960155,13.492954],[120.955175,13.496466],[120.960153,13.501621],[120.965004,13.503277],[120.971809,13.500909],[120.970706,13.506776],[120.977934,13.507635],[120.981708,13.510157],[120.982704,13.514996],[120.988835,13.516258],[120.987878,13.52171],[120.983509,13.52301],[120.976508,13.520577],[120.964475,13.526339],[120.96116,13.524895],[120.963765,13.516947],[120.961086,13.511073],[120.951381,13.502527],[120.946982,13.508853],[120.951558,13.517692],[120.945895,13.521171],[120.941368,13.515782],[120.946749,13.509267],[120.941873,13.504061],[120.929964,13.508258],[120.92563,13.512368],[120.9072,13.511007],[120.893535,13.498678],[120.883778,13.500752],[120.874296,13.49727],[120.866945,13.490737],[120.855151,13.484727],[120.842766,13.486814],[120.827152,13.482819],[120.819267,13.478581],[120.813091,13.478439],[120.785828,13.468433],[120.778872,13.469991],[120.762708,13.464653],[120.755862,13.466426],[120.747238,13.466042],[120.734218,13.470385],[120.721624,13.479308],[120.714912,13.481835],[120.703185,13.482912],[120.679226,13.488001],[120.672479,13.491944],[120.653488,13.492372],[120.647771,13.488711],[120.638997,13.487731],[120.631536,13.488941],[120.623251,13.488164],[120.614195,13.489103],[120.60965,13.494662],[120.593676,13.496857],[120.585838,13.501766],[120.566322,13.505128],[120.560435,13.508323],[120.551627,13.504379],[120.540948,13.503944],[120.533151,13.505338],[120.526312,13.504286],[120.505457,13.509847],[120.496353,13.509352],[120.49069,13.505857],[120.483943,13.506263],[120.47822,13.503861],[120.471777,13.509341],[120.464997,13.50851],[120.455933,13.513437],[120.453713,13.518137],[120.448508,13.520956],[120.442676,13.521005],[120.435438,13.524636],[120.425707,13.525512],[120.413268,13.53084],[120.409226,13.526555],[120.40474,13.526648],[120.386608,13.522797],[120.364024,13.514656],[120.35943,13.511459],[120.345441,13.505215],[120.342111,13.49737],[120.335384,13.492778],[120.327199,13.491133],[120.320114,13.47949],[120.313334,13.476236],[120.313495,13.469067],[120.310476,13.455868],[120.306996,13.450051],[120.299176,13.445167],[120.302204,13.43868],[120.309194,13.43148],[120.308499,13.426237],[120.31065,13.420185],[120.315147,13.418753],[120.318217,13.412104],[120.324129,13.406813],[120.33488,13.391959],[120.345083,13.382094],[120.353765,13.381413],[120.361098,13.384415],[120.372937,13.377652],[120.386737,13.375044],[120.394545,13.385473],[120.393889,13.391464],[120.388802,13.40352],[120.389133,13.408695],[120.394138,13.411839],[120.402211,13.412189],[120.405747,13.414851],[120.411626,13.414591],[120.425761,13.42462],[120.435687,13.427136],[120.441964,13.425809],[120.456579,13.418639],[120.464577,13.412564],[120.465416,13.407947],[120.474222,13.396795],[120.472035,13.388832],[120.467524,13.384272],[120.466413,13.379207],[120.467853,13.36773],[120.474033,13.356905],[120.483306,13.326973],[120.48641,13.320107],[120.487762,13.304359],[120.48067,13.299437],[120.482072,13.293314],[120.499911,13.272411],[120.504881,13.265128],[120.513022,13.267242],[120.516092,13.269856],[120.523187,13.266437],[120.529995,13.24795],[120.525083,13.231103],[120.53014,13.227102],[120.54518,13.23084],[120.557268,13.225947],[120.572951,13.226952],[120.573292,13.221165],[120.587139,13.222633],[120.593696,13.221072],[120.60176,13.210786],[120.606535,13.20119],[120.609878,13.198569],[120.621642,13.198152],[120.634629,13.193328],[120.647905,13.191938],[120.653623,13.187526],[120.657287,13.175806],[120.661714,13.16887],[120.66683,13.166104],[120.669934,13.157418],[120.677386,13.151344],[120.683456,13.138182],[120.683246,13.133734],[120.69692,13.117445],[120.704188,13.106089],[120.722949,13.067274],[120.731816,13.06438],[120.737201,13.055098],[120.746697,13.033212],[120.755297,13.015521],[120.760675,13.002569],[120.764716,12.985817],[120.771398,12.952554],[120.774398,12.932882],[120.776778,12.928717],[120.779622,12.917399],[120.780342,12.903715],[120.783321,12.889841],[120.782459,12.869182],[120.778961,12.857519],[120.773054,12.845372],[120.764957,12.839469],[120.769568,12.834965],[120.773411,12.836381],[120.781235,12.829685],[120.78394,12.823705],[120.786566,12.809895],[120.785515,12.806362],[120.788245,12.800751],[120.788673,12.790124],[120.784644,12.784738],[120.78802,12.770955],[120.787364,12.766883],[120.791499,12.762096],[120.79252,12.75326],[120.789365,12.742351],[120.788991,12.73443],[120.796192,12.724349],[120.804232,12.720225],[120.81906,12.721175],[120.832406,12.727609],[120.836558,12.727594],[120.852978,12.719055],[120.859451,12.712936],[120.864785,12.695586],[120.865045,12.688986],[120.87015,12.682738],[120.879505,12.67783],[120.887576,12.663097],[120.893492,12.658093],[120.901465,12.656961],[120.912015,12.639113],[120.916029,12.625438],[120.919163,12.619495],[120.925838,12.617628],[120.928245,12.614456],[120.933706,12.596534],[120.934295,12.590723],[120.938549,12.580825],[120.93777,12.567597],[120.934303,12.558835],[120.923602,12.549946],[120.921242,12.544131],[120.919566,12.532349],[120.920681,12.524442],[120.925497,12.514754],[120.9246,12.505794],[120.9334,12.494046],[120.943796,12.487676],[120.949061,12.479202],[120.960049,12.456228],[120.965158,12.450811],[120.97208,12.439876],[120.973158,12.432831],[120.980106,12.423448],[120.990179,12.417304],[121.000853,12.415818],[121.007453,12.411374],[121.016762,12.398581],[121.027491,12.37725],[121.034086,12.36688],[121.041472,12.359665],[121.058546,12.352368],[121.067495,12.339856],[121.085143,12.328082],[121.084197,12.332871],[121.087555,12.337426],[121.085829,12.346172],[121.094476,12.340238],[121.096217,12.334226],[121.103757,12.327092],[121.111351,12.330553],[121.111298,12.334636],[121.117633,12.337066],[121.119704,12.328331],[121.118164,12.320527],[121.11448,12.314011],[121.107939,12.307096],[121.103099,12.304918],[121.093203,12.28894],[121.095476,12.281537],[121.094823,12.270025],[121.098193,12.269179],[121.103259,12.275271],[121.112527,12.266284],[121.113232,12.262308],[121.110775,12.254043],[121.114166,12.244524],[121.128195,12.240813],[121.134169,12.242969],[121.150832,12.245474],[121.15326,12.244796],[121.176378,12.245309],[121.189497,12.244013],[121.21099,12.237882],[121.219421,12.228525],[121.228251,12.227201],[121.232329,12.223636],[121.243504,12.207783]],[[121.383205,13.184408],[121.383503,13.175813],[121.388258,13.167494],[121.388405,13.159237],[121.384672,13.156587],[121.369498,13.141027],[121.37187,13.13367],[121.360592,13.13066],[121.358695,13.126786],[121.345201,13.110973],[121.329251,13.107817],[121.315634,13.112321],[121.310688,13.118109],[121.303888,13.1212],[121.305286,13.127985],[121.30892,13.132389],[121.307225,13.137668],[121.309984,13.141915],[121.309241,13.146506],[121.317291,13.154607],[121.312747,13.158586],[121.32087,13.170354],[121.320984,13.176548],[121.325394,13.181037],[121.331696,13.180658],[121.334942,13.185715],[121.329357,13.190202],[121.325135,13.190137],[121.324997,13.201135],[121.326163,13.209051],[121.323191,13.21581],[121.324914,13.22605],[121.324897,13.23426],[121.329018,13.237848],[121.339879,13.226543],[121.34459,13.23426],[121.348831,13.237296],[121.357925,13.237179],[121.376099,13.219607],[121.377302,13.206575],[121.375185,13.200853],[121.378578,13.198124],[121.377943,13.19284],[121.383205,13.184408]]],[[[120.272513,13.81486],[120.259994,13.81159],[120.263853,13.80463],[120.268593,13.807856],[120.274233,13.806408],[120.275621,13.798166],[120.274146,13.794306],[120.277068,13.788083],[120.284309,13.784519],[120.289733,13.78392],[120.298206,13.779858],[120.304879,13.779378],[120.310226,13.775112],[120.314713,13.782612],[120.330044,13.787211],[120.3302,13.791441],[120.335161,13.798093],[120.33162,13.801149],[120.335199,13.806161],[120.327076,13.80779],[120.323539,13.819447],[120.317297,13.824056],[120.308849,13.823302],[120.305235,13.831949],[120.296719,13.835864],[120.286777,13.835944],[120.284575,13.832277],[120.288232,13.827238],[120.28832,13.822623],[120.284087,13.814955],[120.27517,13.813529],[120.272513,13.81486]]],[[[120.224786,13.816908],[120.223286,13.820672],[120.211583,13.822793],[120.210547,13.812238],[120.205804,13.809756],[120.197975,13.821879],[120.192512,13.825745],[120.18394,13.825211],[120.180244,13.827352],[120.17188,13.825897],[120.163727,13.830204],[120.155298,13.843594],[120.148759,13.849473],[120.132508,13.857781],[120.122383,13.860676],[120.105438,13.863482],[120.090214,13.864585],[120.082867,13.857837],[120.076795,13.850167],[120.076835,13.845428],[120.084686,13.839152],[120.094276,13.835651],[120.092609,13.81746],[120.09088,13.810025],[120.092586,13.802713],[120.096782,13.797419],[120.099564,13.785623],[120.107637,13.781719],[120.111781,13.781731],[120.117116,13.775699],[120.122147,13.774339],[120.121197,13.769867],[120.128978,13.76482],[120.139921,13.764983],[120.14624,13.760478],[120.153772,13.758944],[120.156172,13.746355],[120.16914,13.741717],[120.174349,13.736792],[120.186452,13.741106],[120.191659,13.737524],[120.20298,13.733987],[120.209853,13.728198],[120.214292,13.720827],[120.215774,13.713654],[120.221565,13.71138],[120.234519,13.711482],[120.237572,13.708561],[120.253919,13.702343],[120.253755,13.695526],[120.259611,13.689025],[120.260169,13.683671],[120.26878,13.670377],[120.274215,13.675479],[120.277101,13.684803],[120.279962,13.687602],[120.286317,13.686472],[120.290981,13.683258],[120.295492,13.686308],[120.289945,13.691136],[120.286906,13.698434],[120.29234,13.706299],[120.287737,13.711168],[120.275684,13.704372],[120.268667,13.705411],[120.253054,13.716662],[120.25066,13.72585],[120.256691,13.733891],[120.266611,13.736654],[120.285729,13.736193],[120.278876,13.741519],[120.273566,13.749937],[120.268313,13.750945],[120.263348,13.765134],[120.26374,13.77729],[120.258739,13.77971],[120.255967,13.78411],[120.254315,13.79235],[120.245163,13.790466],[120.236163,13.792226],[120.239648,13.80135],[120.235323,13.81001],[120.224786,13.816908]]],[[[120.422621,13.627658],[120.423194,13.640755],[120.418776,13.647378],[120.40687,13.654979],[120.392149,13.653956],[120.380043,13.654375],[120.372316,13.666223],[120.367454,13.665393],[120.360542,13.668296],[120.3555,13.666332],[120.345174,13.670431],[120.340053,13.675336],[120.326779,13.675168],[120.307318,13.681515],[120.317525,13.66997],[120.324819,13.666906],[120.328954,13.663048],[120.337458,13.663894],[120.346997,13.661067],[120.353764,13.654369],[120.361095,13.650139],[120.367191,13.650006],[120.384462,13.640806],[120.384076,13.63568],[120.392842,13.632387],[120.398748,13.633019],[120.405241,13.628681],[120.422621,13.627658]]],[[[120.045412,13.866463],[120.057268,13.872209],[120.058652,13.876638],[120.05479,13.88516],[120.049744,13.888071],[120.045967,13.896656],[120.039915,13.89899],[120.02539,13.897024],[120.018032,13.888869],[120.022042,13.881559],[120.031341,13.877656],[120.040268,13.869148],[120.045412,13.866463]]],[[[121.112865,12.159283],[121.118199,12.15301],[121.124874,12.157073],[121.135141,12.159443],[121.136161,12.164425],[121.133437,12.170207],[121.124037,12.182697],[121.115772,12.198584],[121.111955,12.200708],[121.101448,12.200922],[121.104274,12.210595],[121.102926,12.213815],[121.103719,12.222909],[121.105882,12.227925],[121.102503,12.239251],[121.092747,12.256079],[121.08629,12.274015],[121.086593,12.276195],[121.078202,12.292345],[121.074215,12.297521],[121.050569,12.293939],[121.042902,12.289966],[121.041301,12.281363],[121.03506,12.272326],[121.033296,12.266601],[121.034683,12.258053],[121.032557,12.255884],[121.033299,12.243877],[121.041234,12.239713],[121.036655,12.235006],[121.039192,12.223301],[121.04451,12.223471],[121.053679,12.220763],[121.056205,12.216537],[121.06874,12.215371],[121.08047,12.206672],[121.081154,12.202165],[121.088132,12.189924],[121.088033,12.180284],[121.086004,12.176626],[121.088672,12.172635],[121.093326,12.173238],[121.09884,12.170272],[121.105122,12.171322],[121.106936,12.165307],[121.112865,12.159283]]],[[[121.027697,12.185421],[121.024251,12.193419],[121.019159,12.196057],[121.025452,12.204545],[121.029268,12.199583],[121.034516,12.197943],[121.037739,12.204158],[121.033849,12.210101],[121.025831,12.217842],[121.02139,12.22991],[121.015905,12.23461],[121.00755,12.232321],[121.003644,12.221482],[121.001592,12.219654],[121.006729,12.201414],[121.012165,12.205785],[121.018612,12.207222],[121.019576,12.201273],[121.012094,12.201008],[121.027697,12.185421]]],[[[121.46035,12.361883],[121.455539,12.368679],[121.459574,12.376062],[121.454151,12.381496],[121.44487,12.383221],[121.445219,12.36921],[121.451297,12.367463],[121.4563,12.362672],[121.46035,12.361883]]],[[[121.376241,12.267347],[121.382329,12.264882],[121.385908,12.272195],[121.381162,12.281363],[121.373161,12.278119],[121.369035,12.278538],[121.376241,12.267347]]],[[[120.951396,13.531511],[120.948088,13.525622],[120.960064,13.519007],[120.955052,13.528346],[120.951396,13.531511]]],[[[118.622673,9.489539],[118.623152,9.501838],[118.62208,9.505239],[118.628991,9.508998],[118.633701,9.502413],[118.637806,9.504738],[118.644374,9.514866],[118.645305,9.527065],[118.652882,9.538374],[118.655093,9.550402],[118.660749,9.559793],[118.674927,9.56198],[118.679576,9.56714],[118.678815,9.56998],[118.688083,9.576724],[118.695318,9.584766],[118.695775,9.591598],[118.699731,9.598158],[118.698969,9.601351],[118.703548,9.610417],[118.709805,9.615031],[118.715785,9.622306],[118.722324,9.625857],[118.726411,9.632365],[118.734733,9.642068],[118.735905,9.650028],[118.728799,9.647015],[118.720943,9.648423],[118.722686,9.657259],[118.734669,9.65352],[118.74052,9.662324],[118.747735,9.657253],[118.760593,9.6666],[118.759362,9.671207],[118.761945,9.687291],[118.755925,9.690337],[118.744664,9.682602],[118.731254,9.68415],[118.734178,9.692245],[118.732593,9.698176],[118.724,9.695065],[118.719619,9.684603],[118.707543,9.680894],[118.706073,9.688033],[118.712824,9.690838],[118.718387,9.697697],[118.724625,9.708145],[118.717746,9.712123],[118.712267,9.707251],[118.699442,9.708873],[118.694866,9.712023],[118.697008,9.717134],[118.694511,9.723254],[118.700655,9.728696],[118.697139,9.743925],[118.693172,9.74804],[118.691206,9.763757],[118.691663,9.769643],[118.697875,9.777326],[118.69987,9.774438],[118.706496,9.775359],[118.714488,9.770657],[118.719458,9.778505],[118.723715,9.781106],[118.724793,9.771213],[118.729179,9.771455],[118.730248,9.776358],[118.735685,9.773437],[118.735613,9.765319],[118.733736,9.761212],[118.738363,9.751289],[118.736861,9.744454],[118.727501,9.741955],[118.733547,9.729715],[118.756552,9.727061],[118.759668,9.723318],[118.76887,9.721559],[118.772691,9.728759],[118.772393,9.749616],[118.773175,9.754443],[118.771958,9.767922],[118.773738,9.771425],[118.772528,9.780071],[118.773904,9.784628],[118.772351,9.790613],[118.774609,9.794199],[118.771979,9.805951],[118.764366,9.815941],[118.753888,9.81863],[118.756048,9.827164],[118.745843,9.837761],[118.741743,9.844382],[118.744655,9.849135],[118.745713,9.85748],[118.743161,9.86628],[118.745283,9.870564],[118.747404,9.882567],[118.744726,9.891223],[118.741046,9.896524],[118.744543,9.903675],[118.746091,9.912414],[118.751683,9.92371],[118.750093,9.928491],[118.757869,9.932005],[118.758516,9.924043],[118.762921,9.922589],[118.763553,9.930335],[118.769966,9.929117],[118.773973,9.932965],[118.774748,9.939184],[118.791432,9.944877],[118.798072,9.939605],[118.806582,9.935566],[118.808448,9.937477],[118.822557,9.938104],[118.826324,9.944501],[118.834035,9.952396],[118.841775,9.962149],[118.853226,9.971852],[118.865927,9.977414],[118.88186,9.981267],[118.897239,9.979414],[118.900901,9.975424],[118.912502,9.97475],[118.924833,9.979785],[118.928687,9.978302],[118.939252,9.977983],[118.94966,9.98369],[118.961368,9.983197],[118.969554,9.985411],[118.972573,9.984187],[118.983936,9.986295],[118.987811,9.991757],[118.992415,9.991452],[119.00321,9.997265],[119.013501,9.998087],[119.015579,9.995954],[119.022353,9.998169],[119.030318,10.004182],[119.049563,10.008937],[119.062444,10.009514],[119.066848,10.013001],[119.072008,10.012485],[119.07772,10.018166],[119.084731,10.018449],[119.092051,10.021305],[119.099189,10.020449],[119.106768,10.02344],[119.115385,10.021844],[119.120381,10.024844],[119.136085,10.025422],[119.146986,10.025992],[119.166053,10.032537],[119.174882,10.037613],[119.180746,10.043345],[119.18699,10.043662],[119.190834,10.047503],[119.197117,10.047823],[119.203266,10.054165],[119.203467,10.06146],[119.209315,10.069346],[119.216146,10.074231],[119.218936,10.088516],[119.21719,10.092937],[119.218921,10.103627],[119.224145,10.11534],[119.227177,10.118738],[119.226897,10.127407],[119.22415,10.139049],[119.231409,10.149033],[119.228866,10.167379],[119.234299,10.178181],[119.246555,10.181854],[119.243384,10.186605],[119.242063,10.19465],[119.249908,10.215712],[119.262222,10.231835],[119.267061,10.240012],[119.276677,10.249321],[119.284962,10.255675],[119.285687,10.26334],[119.291406,10.278859],[119.294451,10.283698],[119.300402,10.284736],[119.307879,10.291533],[119.311817,10.297783],[119.321758,10.308501],[119.322108,10.310842],[119.332135,10.314979],[119.339546,10.316112],[119.352462,10.315052],[119.352593,10.32194],[119.355658,10.328696],[119.360844,10.332676],[119.365168,10.340381],[119.37425,10.345046],[119.380312,10.346187],[119.390548,10.344276],[119.393481,10.346413],[119.405883,10.347184],[119.414882,10.355532],[119.422382,10.355594],[119.427784,10.352194],[119.43451,10.355874],[119.438038,10.363316],[119.44538,10.369934],[119.447391,10.36924],[119.455517,10.374927],[119.463317,10.375856],[119.47489,10.370325],[119.484827,10.372584],[119.491992,10.370811],[119.497112,10.365876],[119.501616,10.366872],[119.507444,10.364679],[119.509937,10.360944],[119.515321,10.363976],[119.521513,10.363265],[119.536139,10.369496],[119.546398,10.371221],[119.550563,10.368577],[119.556943,10.37273],[119.562719,10.371561],[119.570694,10.373167],[119.574827,10.388674],[119.575921,10.400685],[119.583175,10.409174],[119.588135,10.419817],[119.594889,10.42181],[119.610181,10.433403],[119.614389,10.434518],[119.619599,10.442137],[119.63114,10.443176],[119.645456,10.455274],[119.647719,10.459746],[119.652927,10.461074],[119.654669,10.470581],[119.658254,10.471849],[119.676795,10.492607],[119.68668,10.493461],[119.695876,10.500111],[119.695922,10.49299],[119.704764,10.496647],[119.706201,10.500304],[119.717315,10.509287],[119.714725,10.513563],[119.716133,10.519653],[119.712632,10.527024],[119.707966,10.531972],[119.702755,10.530312],[119.699549,10.526316],[119.693468,10.528321],[119.697961,10.53895],[119.691074,10.544231],[119.687734,10.541849],[119.680668,10.54632],[119.673877,10.541659],[119.67095,10.547104],[119.674851,10.550495],[119.673853,10.556276],[119.66179,10.560639],[119.660215,10.569402],[119.663019,10.573396],[119.662031,10.578171],[119.658169,10.581856],[119.658897,10.588045],[119.653322,10.598359],[119.653454,10.607076],[119.645326,10.606749],[119.639747,10.6215],[119.629727,10.623594],[119.632965,10.62919],[119.639887,10.632237],[119.636604,10.641307],[119.627185,10.653747],[119.624918,10.661425],[119.629798,10.662787],[119.636406,10.654537],[119.644853,10.657252],[119.647092,10.651154],[119.653868,10.651896],[119.653979,10.656682],[119.664597,10.66224],[119.65201,10.662161],[119.648263,10.664629],[119.649085,10.67725],[119.645536,10.676469],[119.639946,10.681445],[119.633535,10.682969],[119.632243,10.686453],[119.624345,10.687383],[119.624596,10.682415],[119.629309,10.676366],[119.624927,10.669756],[119.617191,10.669287],[119.612013,10.664026],[119.601969,10.670307],[119.598592,10.66996],[119.597287,10.662403],[119.593032,10.661868],[119.58739,10.669192],[119.578739,10.659466],[119.574689,10.659719],[119.570431,10.665955],[119.574342,10.672756],[119.575238,10.678807],[119.586365,10.686964],[119.584697,10.693551],[119.58972,10.704302],[119.595147,10.708816],[119.592496,10.713036],[119.593101,10.718998],[119.600856,10.725106],[119.598956,10.730924],[119.594667,10.734406],[119.589765,10.734672],[119.587013,10.745836],[119.589791,10.747978],[119.590396,10.756283],[119.594566,10.759595],[119.595768,10.765853],[119.59399,10.771192],[119.582852,10.773385],[119.588241,10.786321],[119.595321,10.798142],[119.590781,10.80747],[119.581843,10.811448],[119.581743,10.81376],[119.594295,10.811675],[119.599055,10.813615],[119.592568,10.824619],[119.593224,10.830855],[119.586459,10.836754],[119.578884,10.835105],[119.574789,10.838433],[119.568778,10.836334],[119.566329,10.832916],[119.550808,10.826453],[119.540418,10.818626],[119.538462,10.812946],[119.533097,10.814522],[119.530501,10.821976],[119.523327,10.826679],[119.510627,10.829116],[119.509124,10.840356],[119.512791,10.84598],[119.510295,10.851488],[119.509123,10.861163],[119.505545,10.860843],[119.497043,10.868714],[119.484096,10.873524],[119.483923,10.881011],[119.488136,10.881347],[119.49207,10.885985],[119.490004,10.891896],[119.492588,10.912195],[119.495248,10.914814],[119.498947,10.925129],[119.495223,10.941003],[119.496231,10.948564],[119.487518,10.961452],[119.493692,10.963981],[119.49467,10.971127],[119.491793,10.973231],[119.493907,10.978542],[119.492663,10.990507],[119.499059,10.99527],[119.50308,11.00269],[119.502313,11.007514],[119.509506,11.012652],[119.52062,11.016036],[119.524329,11.010344],[119.530706,11.011752],[119.540016,11.009734],[119.546286,11.000384],[119.55762,11.002493],[119.562421,10.996138],[119.568298,11.000847],[119.569611,11.006944],[119.566265,11.011416],[119.566151,11.02422],[119.563551,11.035053],[119.558741,11.041706],[119.557908,11.053432],[119.552599,11.057006],[119.551123,11.062017],[119.559671,11.07569],[119.560188,11.084503],[119.551802,11.077939],[119.546442,11.075436],[119.542441,11.070762],[119.537463,11.068815],[119.530961,11.075732],[119.531105,11.083254],[119.526833,11.087786],[119.525209,11.093674],[119.512636,11.097051],[119.513135,11.104248],[119.510105,11.116886],[119.502397,11.125465],[119.500519,11.134188],[119.50652,11.145445],[119.514992,11.147167],[119.521103,11.155729],[119.528016,11.159813],[119.53542,11.168865],[119.538194,11.174461],[119.540559,11.196939],[119.551186,11.213805],[119.554664,11.217643],[119.556956,11.23583],[119.555207,11.239724],[119.562891,11.257584],[119.564047,11.268221],[119.566292,11.271702],[119.564641,11.280772],[119.567928,11.291648],[119.562356,11.298901],[119.561386,11.311906],[119.555882,11.318867],[119.553436,11.325528],[119.555557,11.328683],[119.551748,11.336429],[119.546396,11.340746],[119.545135,11.334803],[119.541109,11.327951],[119.541621,11.324263],[119.536798,11.321803],[119.527032,11.324121],[119.520473,11.327971],[119.516667,11.326255],[119.510282,11.331799],[119.508932,11.336583],[119.511244,11.346641],[119.507243,11.356484],[119.506886,11.362722],[119.509808,11.364517],[119.505102,11.379587],[119.50819,11.389099],[119.508559,11.400642],[119.502573,11.408397],[119.50435,11.415386],[119.498013,11.418415],[119.493779,11.413721],[119.489769,11.419505],[119.474235,11.421907],[119.474245,11.414609],[119.479996,11.409556],[119.47775,11.404889],[119.469543,11.403136],[119.471747,11.389848],[119.474274,11.386242],[119.477194,11.375326],[119.472588,11.362547],[119.464053,11.352549],[119.456329,11.348198],[119.451449,11.348012],[119.451032,11.340693],[119.453802,11.33482],[119.448915,11.332101],[119.442883,11.335101],[119.443577,11.342109],[119.436721,11.343455],[119.42996,11.339473],[119.431184,11.333921],[119.428832,11.323871],[119.425799,11.317816],[119.417609,11.30983],[119.416187,11.305844],[119.419888,11.293457],[119.417703,11.28813],[119.420198,11.277134],[119.418124,11.26628],[119.420657,11.257272],[119.415025,11.249823],[119.419353,11.244035],[119.422612,11.234221],[119.421354,11.227325],[119.415965,11.22245],[119.417368,11.213048],[119.41197,11.205494],[119.405224,11.204193],[119.39616,11.195872],[119.397099,11.191446],[119.391614,11.182101],[119.384853,11.180497],[119.381377,11.189181],[119.375967,11.185981],[119.375974,11.174538],[119.382889,11.172378],[119.384851,11.167242],[119.389147,11.166261],[119.392326,11.170353],[119.396762,11.16557],[119.398012,11.155686],[119.396705,11.146683],[119.392637,11.144166],[119.396043,11.137375],[119.400947,11.132664],[119.406085,11.135749],[119.404871,11.144157],[119.417064,11.145995],[119.423693,11.145646],[119.426863,11.139126],[119.421205,11.127981],[119.42107,11.114824],[119.423951,11.109443],[119.418903,11.104063],[119.418316,11.097282],[119.422437,11.091156],[119.421186,11.079948],[119.415522,11.077066],[119.416095,11.057785],[119.414326,11.054698],[119.414487,11.040689],[119.417098,11.036945],[119.402401,11.033681],[119.393023,11.034948],[119.391379,11.03754],[119.383057,11.040337],[119.380618,11.047435],[119.375448,11.042335],[119.372137,11.043028],[119.366235,11.049137],[119.357138,11.066687],[119.346337,11.074076],[119.347746,11.084208],[119.345908,11.090708],[119.340477,11.084691],[119.335002,11.099162],[119.323516,11.104895],[119.322065,11.099197],[119.32655,11.094052],[119.325422,11.078633],[119.326813,11.074985],[119.327915,11.060256],[119.332481,11.050572],[119.337452,11.053064],[119.341493,11.050729],[119.328087,11.038975],[119.333501,11.031035],[119.337212,11.029808],[119.343474,11.032828],[119.345402,11.02795],[119.36367,11.006123],[119.358038,10.999634],[119.347867,11.002607],[119.349389,10.995777],[119.347953,10.990909],[119.338512,10.995386],[119.336344,11.001069],[119.330389,11.009658],[119.332163,11.015779],[119.329655,11.024628],[119.323535,11.027232],[119.3204,11.032382],[119.310364,11.017032],[119.308047,11.00874],[119.304314,11.005698],[119.304982,10.998385],[119.307674,10.995261],[119.309394,10.98483],[119.308771,10.972798],[119.310485,10.968886],[119.308547,10.963665],[119.316053,10.952599],[119.322004,10.953984],[119.323378,10.947748],[119.31839,10.94435],[119.327428,10.936742],[119.337986,10.945267],[119.344181,10.943815],[119.347229,10.948279],[119.355393,10.94615],[119.361189,10.937915],[119.349141,10.915619],[119.341882,10.910145],[119.341145,10.90233],[119.33793,10.899706],[119.335084,10.891488],[119.345485,10.895155],[119.352176,10.882723],[119.359254,10.873102],[119.363967,10.874067],[119.369508,10.869016],[119.374458,10.861721],[119.382311,10.863293],[119.386772,10.869297],[119.403558,10.871643],[119.406539,10.868442],[119.412981,10.87194],[119.418516,10.866487],[119.416614,10.857846],[119.424184,10.852817],[119.428163,10.856574],[119.431976,10.848084],[119.438278,10.839989],[119.441821,10.845006],[119.450086,10.847831],[119.454472,10.841341],[119.449708,10.838468],[119.454474,10.834719],[119.450209,10.827891],[119.435018,10.826843],[119.438389,10.823153],[119.439876,10.806928],[119.436082,10.797644],[119.439533,10.796139],[119.444447,10.78471],[119.442442,10.778612],[119.445121,10.768751],[119.450756,10.761618],[119.453347,10.747888],[119.45877,10.738962],[119.460494,10.722948],[119.453871,10.72081],[119.447465,10.722054],[119.44233,10.725336],[119.432329,10.721536],[119.428947,10.721913],[119.427445,10.740588],[119.423193,10.750885],[119.418248,10.758263],[119.412286,10.75788],[119.407341,10.752667],[119.396711,10.756002],[119.395555,10.761304],[119.400651,10.761998],[119.403649,10.772509],[119.399862,10.777861],[119.392214,10.780059],[119.389766,10.789339],[119.385542,10.794142],[119.377601,10.794439],[119.372078,10.788138],[119.367396,10.789453],[119.363239,10.803476],[119.357339,10.803807],[119.353187,10.797758],[119.34637,10.798253],[119.34484,10.80544],[119.350789,10.80636],[119.350332,10.814199],[119.355364,10.81541],[119.349472,10.822561],[119.341935,10.814144],[119.335693,10.813546],[119.324063,10.817193],[119.322084,10.822344],[119.324221,10.826604],[119.316646,10.832881],[119.312189,10.829242],[119.30197,10.839375],[119.296805,10.839848],[119.292901,10.844816],[119.282678,10.847622],[119.283498,10.852489],[119.287965,10.852581],[119.290611,10.864022],[119.302642,10.866236],[119.299133,10.872847],[119.292903,10.872803],[119.289919,10.869153],[119.284844,10.869421],[119.270052,10.865317],[119.266,10.8729],[119.271469,10.874796],[119.275018,10.884167],[119.285226,10.88423],[119.288824,10.882832],[119.296896,10.892956],[119.29178,10.895674],[119.286062,10.891194],[119.277682,10.892373],[119.280776,10.907633],[119.289797,10.904714],[119.292942,10.912573],[119.284555,10.912795],[119.282877,10.922687],[119.275889,10.923208],[119.274767,10.928536],[119.281661,10.932969],[119.274063,10.935088],[119.268818,10.939896],[119.268593,10.947117],[119.263451,10.944629],[119.258165,10.935111],[119.252588,10.935941],[119.251185,10.930267],[119.255566,10.929192],[119.255293,10.924118],[119.259585,10.91877],[119.254616,10.913126],[119.24376,10.910543],[119.245499,10.921522],[119.235793,10.928863],[119.236075,10.934349],[119.241783,10.937053],[119.244219,10.945643],[119.238811,10.952229],[119.229358,10.948089],[119.228862,10.956978],[119.220769,10.95138],[119.220196,10.944091],[119.215165,10.942042],[119.216957,10.937773],[119.22813,10.938784],[119.232379,10.932572],[119.228567,10.929724],[119.227092,10.924374],[119.229755,10.921542],[119.224421,10.914766],[119.224918,10.909936],[119.229347,10.903823],[119.235231,10.901986],[119.235473,10.907756],[119.241477,10.907641],[119.243733,10.904403],[119.249895,10.903094],[119.251026,10.898921],[119.25673,10.894681],[119.259057,10.890284],[119.254385,10.885955],[119.243586,10.882612],[119.239154,10.878286],[119.237831,10.873129],[119.228913,10.872544],[119.237171,10.86417],[119.244536,10.864938],[119.246279,10.860589],[119.23609,10.854275],[119.232006,10.854295],[119.22864,10.858421],[119.22312,10.856452],[119.217671,10.859346],[119.21003,10.860116],[119.212252,10.846646],[119.223081,10.849396],[119.227603,10.847047],[119.231103,10.841032],[119.241346,10.845942],[119.243507,10.842752],[119.241588,10.833386],[119.252012,10.837914],[119.258635,10.835003],[119.26526,10.825361],[119.260652,10.81895],[119.264249,10.810148],[119.261984,10.801394],[119.263177,10.793907],[119.266528,10.789637],[119.267166,10.780329],[119.274364,10.769409],[119.275473,10.764734],[119.284913,10.766994],[119.287773,10.766069],[119.292349,10.771295],[119.303123,10.775435],[119.317891,10.769395],[119.32414,10.760112],[119.323204,10.746735],[119.329094,10.746912],[119.33959,10.74055],[119.342667,10.735805],[119.343461,10.715169],[119.340547,10.697177],[119.330063,10.669268],[119.326593,10.665197],[119.329576,10.654769],[119.327034,10.640242],[119.317608,10.613847],[119.322762,10.614025],[119.324308,10.608154],[119.31826,10.59078],[119.312693,10.583397],[119.309349,10.582631],[119.30586,10.574339],[119.292376,10.556569],[119.284461,10.549569],[119.26596,10.538817],[119.256037,10.536969],[119.252577,10.542633],[119.247542,10.545414],[119.238534,10.544354],[119.233365,10.54937],[119.230195,10.547651],[119.233814,10.539537],[119.237006,10.539073],[119.24103,10.53231],[119.248325,10.533558],[119.253419,10.529736],[119.25348,10.525299],[119.264987,10.518601],[119.268759,10.513146],[119.268547,10.507078],[119.262911,10.502205],[119.261255,10.495749],[119.255403,10.483593],[119.249628,10.480158],[119.243737,10.47977],[119.241866,10.484799],[119.234051,10.487061],[119.226725,10.486069],[119.221632,10.480786],[119.216668,10.480448],[119.214396,10.475631],[119.215982,10.466059],[119.212832,10.460005],[119.208236,10.460731],[119.204845,10.456782],[119.198667,10.456933],[119.191049,10.452195],[119.187804,10.441797],[119.187961,10.433281],[119.182462,10.427484],[119.177426,10.427202],[119.17591,10.420046],[119.178809,10.415834],[119.176151,10.411375],[119.171074,10.410066],[119.163994,10.41312],[119.158561,10.410592],[119.156582,10.40644],[119.14403,10.398832],[119.140384,10.389147],[119.142728,10.383051],[119.139059,10.381395],[119.126322,10.383836],[119.126087,10.386831],[119.120174,10.395262],[119.119835,10.4028],[119.114819,10.40693],[119.111956,10.420935],[119.113721,10.42271],[119.119126,10.445115],[119.113814,10.446256],[119.113508,10.453619],[119.110837,10.459599],[119.105343,10.458881],[119.103757,10.467806],[119.10595,10.471569],[119.113088,10.474116],[119.12046,10.471868],[119.121991,10.476139],[119.111378,10.482783],[119.108393,10.477734],[119.101724,10.479116],[119.09697,10.482755],[119.091024,10.47064],[119.08519,10.477371],[119.082637,10.475973],[119.084193,10.467336],[119.089531,10.461484],[119.079469,10.454089],[119.078021,10.448487],[119.090329,10.451997],[119.093808,10.442719],[119.104926,10.434951],[119.097317,10.427688],[119.096618,10.420586],[119.08953,10.418373],[119.084855,10.421928],[119.082255,10.416831],[119.077681,10.420022],[119.069266,10.419651],[119.07003,10.416204],[119.07626,10.409299],[119.075908,10.402657],[119.073149,10.397334],[119.0648,10.394125],[119.064151,10.389739],[119.0572,10.386424],[119.04886,10.39075],[119.043512,10.400855],[119.036573,10.397276],[119.034214,10.40311],[119.036353,10.408834],[119.031222,10.410578],[119.024193,10.4165],[119.021348,10.407859],[119.009797,10.404133],[119.005946,10.407436],[119.001459,10.40255],[118.995403,10.410812],[118.986703,10.407121],[118.991099,10.390764],[118.981293,10.386905],[118.979771,10.383045],[118.983551,10.376856],[118.97501,10.370219],[118.968716,10.372609],[118.966344,10.370674],[118.968293,10.363481],[118.975569,10.35607],[118.973977,10.35343],[118.986817,10.351417],[118.996012,10.353462],[118.995545,10.35705],[119.000953,10.36024],[119.006869,10.371564],[119.012545,10.375671],[119.018638,10.37539],[119.01852,10.368313],[119.015554,10.366081],[119.020416,10.361144],[119.014973,10.355062],[119.020171,10.350147],[119.02204,10.344293],[119.026822,10.340607],[119.025201,10.337282],[119.016435,10.337836],[119.011861,10.343436],[119.007247,10.344052],[119.003924,10.339719],[119.005471,10.334434],[118.996572,10.321873],[119.001452,10.316678],[118.997349,10.306655],[118.990944,10.301476],[118.98487,10.301371],[118.971505,10.310151],[118.978055,10.298975],[118.975377,10.29287],[118.971158,10.288551],[118.962816,10.283567],[118.958894,10.28304],[118.947476,10.291784],[118.94171,10.29152],[118.938122,10.287747],[118.939365,10.284105],[118.946189,10.284978],[118.949707,10.28236],[118.95106,10.277031],[118.959417,10.275136],[118.962629,10.26964],[118.956129,10.264747],[118.942118,10.26395],[118.951043,10.2563],[118.952706,10.251038],[118.949642,10.246693],[118.950696,10.241205],[118.944254,10.226687],[118.943639,10.219864],[118.939739,10.214944],[118.940388,10.210393],[118.936488,10.205778],[118.931173,10.204514],[118.926726,10.200444],[118.91544,10.201402],[118.907909,10.198297],[118.897186,10.19629],[118.892557,10.197147],[118.890074,10.201417],[118.88073,10.209038],[118.876437,10.209907],[118.862193,10.209456],[118.857133,10.205382],[118.850076,10.202829],[118.845688,10.195917],[118.844524,10.190086],[118.839959,10.187679],[118.831162,10.186358],[118.822564,10.191044],[118.819661,10.196087],[118.806084,10.192632],[118.808307,10.184234],[118.804705,10.174015],[118.807584,10.167026],[118.81227,10.164631],[118.809234,10.152469],[118.810888,10.138664],[118.81344,10.132723],[118.810494,10.125668],[118.807413,10.124164],[118.806963,10.116759],[118.810223,10.111397],[118.817889,10.112126],[118.821853,10.109522],[118.827013,10.111491],[118.83895,10.104112],[118.830057,10.102729],[118.823316,10.093583],[118.824532,10.089008],[118.82145,10.081854],[118.809155,10.062444],[118.806476,10.051868],[118.809768,10.034765],[118.808156,10.028181],[118.802563,10.031473],[118.7956,10.032527],[118.795899,10.023351],[118.783727,10.022057],[118.774519,10.02445],[118.773073,10.03829],[118.769738,10.04432],[118.775092,10.045027],[118.776169,10.049588],[118.773046,10.061359],[118.76485,10.059323],[118.764043,10.064186],[118.752154,10.06484],[118.743177,10.072413],[118.746639,10.079242],[118.751205,10.075991],[118.757259,10.076846],[118.771068,10.069935],[118.773831,10.070987],[118.772477,10.080225],[118.773511,10.08578],[118.767054,10.087735],[118.764427,10.091838],[118.770099,10.094236],[118.771583,10.102398],[118.770345,10.106084],[118.763588,10.11399],[118.768097,10.12169],[118.766063,10.129013],[118.762396,10.131839],[118.758504,10.129368],[118.761002,10.12309],[118.755493,10.113214],[118.752817,10.113005],[118.746598,10.10635],[118.746028,10.099677],[118.748088,10.096121],[118.743536,10.090343],[118.745831,10.084812],[118.737067,10.08088],[118.731634,10.071939],[118.726592,10.07049],[118.728042,10.066143],[118.725294,10.059317],[118.725132,10.047852],[118.72764,10.043046],[118.72148,10.03508],[118.716957,10.035606],[118.709378,10.032875],[118.703924,10.038384],[118.698836,10.03058],[118.692131,10.028635],[118.694764,10.022693],[118.692974,10.019329],[118.684719,10.013319],[118.676748,10.010095],[118.673116,10.012061],[118.663108,10.005648],[118.660609,9.998572],[118.649267,9.999769],[118.651959,9.994002],[118.650617,9.990871],[118.652182,9.982736],[118.661453,9.981842],[118.663361,9.975446],[118.659216,9.972345],[118.654746,9.964684],[118.646815,9.964073],[118.64789,9.953127],[118.642281,9.947541],[118.645986,9.937721],[118.641913,9.932157],[118.636663,9.933849],[118.635249,9.928203],[118.629694,9.925643],[118.623509,9.918105],[118.619251,9.915818],[118.609927,9.916162],[118.60643,9.908108],[118.612402,9.90352],[118.609853,9.898077],[118.61463,9.891824],[118.614174,9.888184],[118.606199,9.87153],[118.600517,9.866522],[118.594355,9.867887],[118.588922,9.855847],[118.576148,9.84818],[118.569181,9.8475],[118.567593,9.843201],[118.568338,9.834682],[118.563985,9.826854],[118.556364,9.822676],[118.553801,9.816137],[118.54066,9.806379],[118.540924,9.800699],[118.535727,9.796656],[118.534382,9.791725],[118.521774,9.777285],[118.516426,9.774677],[118.516829,9.768513],[118.512225,9.760784],[118.50249,9.759275],[118.491012,9.749942],[118.489671,9.742976],[118.481525,9.740442],[118.475433,9.73264],[118.467535,9.730616],[118.462755,9.73317],[118.455958,9.726968],[118.448672,9.727815],[118.443016,9.720152],[118.437976,9.72032],[118.43279,9.715039],[118.431473,9.708792],[118.427504,9.704123],[118.422682,9.703311],[118.419732,9.694748],[118.40915,9.686928],[118.409031,9.681079],[118.407905,9.672542],[118.410789,9.669838],[118.407071,9.663829],[118.399894,9.660933],[118.391771,9.662692],[118.385266,9.6527],[118.373404,9.644933],[118.368482,9.650437],[118.36547,9.648725],[118.355195,9.656344],[118.340709,9.648943],[118.330955,9.63066],[118.335151,9.627334],[118.340991,9.615964],[118.336698,9.604973],[118.333892,9.591433],[118.328354,9.580322],[118.318653,9.577395],[118.314375,9.572598],[118.310748,9.573637],[118.302331,9.566863],[118.295251,9.559169],[118.289072,9.549884],[118.284302,9.54884],[118.286507,9.538754],[118.282964,9.53317],[118.276555,9.531388],[118.271363,9.521311],[118.266865,9.520481],[118.260427,9.515877],[118.253916,9.514865],[118.244297,9.507887],[118.242405,9.500743],[118.236605,9.491979],[118.230204,9.496012],[118.222011,9.493505],[118.218757,9.487754],[118.211632,9.486397],[118.205433,9.473946],[118.199347,9.473108],[118.198365,9.4585],[118.194624,9.454198],[118.194151,9.44538],[118.189206,9.437978],[118.193507,9.432478],[118.1883,9.429573],[118.189122,9.421086],[118.186132,9.411007],[118.172391,9.402098],[118.165484,9.403605],[118.160315,9.400742],[118.14279,9.395497],[118.138833,9.398012],[118.129086,9.398199],[118.128813,9.38992],[118.126373,9.381536],[118.122613,9.377331],[118.11644,9.375141],[118.11676,9.36792],[118.124454,9.356941],[118.128023,9.346833],[118.126528,9.342495],[118.116052,9.339779],[118.105715,9.328452],[118.10228,9.336654],[118.099619,9.338412],[118.087865,9.334086],[118.087188,9.330124],[118.089931,9.323794],[118.086918,9.316073],[118.079929,9.316695],[118.073441,9.31218],[118.072403,9.303476],[118.065881,9.299691],[118.051939,9.300014],[118.046805,9.295056],[118.049671,9.288418],[118.049997,9.281421],[118.042831,9.276596],[118.037622,9.277571],[118.0307,9.26963],[118.026441,9.268274],[118.022658,9.26238],[118.027928,9.252875],[118.021115,9.244349],[118.012863,9.241724],[118.004476,9.246631],[117.999092,9.240935],[117.992282,9.238887],[117.977943,9.251691],[117.97932,9.263569],[117.985272,9.27058],[117.982373,9.280003],[117.972563,9.271912],[117.968345,9.273218],[117.962345,9.270335],[117.959201,9.264481],[117.952849,9.261236],[117.954891,9.254915],[117.952902,9.251826],[117.946584,9.252043],[117.942457,9.258038],[117.929498,9.252624],[117.922784,9.261403],[117.917824,9.259341],[117.905965,9.261185],[117.902265,9.256005],[117.896807,9.255143],[117.883439,9.244201],[117.882388,9.238995],[117.884628,9.234876],[117.872076,9.228045],[117.865502,9.213942],[117.859425,9.210701],[117.85907,9.216177],[117.855443,9.217518],[117.848592,9.213886],[117.846842,9.20664],[117.834812,9.201113],[117.831551,9.19304],[117.827014,9.189176],[117.819584,9.189116],[117.812869,9.198062],[117.808453,9.194527],[117.80448,9.181451],[117.797522,9.176152],[117.788053,9.176025],[117.781702,9.168112],[117.775731,9.164874],[117.77807,9.152704],[117.773208,9.14628],[117.777538,9.144062],[117.777057,9.137018],[117.767996,9.135445],[117.761916,9.128088],[117.759619,9.122378],[117.759349,9.112484],[117.753642,9.107912],[117.758816,9.094789],[117.758274,9.08949],[117.75176,9.083666],[117.752056,9.076851],[117.748823,9.070352],[117.736457,9.062992],[117.727808,9.065011],[117.724103,9.071306],[117.718125,9.062102],[117.711938,9.060256],[117.70395,9.064169],[117.699757,9.07046],[117.700294,9.079035],[117.696629,9.081347],[117.691529,9.089189],[117.687409,9.083422],[117.689241,9.075876],[117.682485,9.07062],[117.674038,9.069136],[117.668046,9.07362],[117.663723,9.073956],[117.659342,9.066254],[117.65346,9.065195],[117.652775,9.061203],[117.639779,9.04825],[117.631878,9.044503],[117.629916,9.034269],[117.621441,9.030113],[117.625517,9.023301],[117.621887,9.017053],[117.623252,9.004547],[117.621467,8.999535],[117.609881,8.993588],[117.594682,8.980406],[117.592431,8.973409],[117.588388,8.971673],[117.583486,8.962299],[117.57197,8.956704],[117.561594,8.957683],[117.547415,8.956657],[117.547254,8.944321],[117.54441,8.941631],[117.544226,8.935368],[117.531864,8.927602],[117.529182,8.920988],[117.519811,8.915724],[117.516366,8.910607],[117.510929,8.906993],[117.509941,8.899797],[117.506232,8.894687],[117.499374,8.893495],[117.490921,8.888314],[117.494436,8.881777],[117.493665,8.874797],[117.479537,8.856239],[117.467783,8.852891],[117.464918,8.848035],[117.465239,8.838538],[117.456264,8.82477],[117.4543,8.817678],[117.455154,8.810545],[117.448836,8.810821],[117.434676,8.802567],[117.431216,8.801693],[117.426902,8.79361],[117.419242,8.785827],[117.423515,8.780516],[117.425483,8.771928],[117.431074,8.768647],[117.423776,8.763259],[117.420908,8.756777],[117.408724,8.751782],[117.395067,8.751694],[117.386912,8.748313],[117.377564,8.750493],[117.368781,8.746788],[117.3576,8.734367],[117.348941,8.731532],[117.345859,8.723615],[117.346623,8.713228],[117.326508,8.698177],[117.333231,8.690037],[117.329963,8.683225],[117.332121,8.681222],[117.330201,8.672081],[117.327097,8.673601],[117.309934,8.667452],[117.30328,8.65921],[117.303274,8.656114],[117.294307,8.654548],[117.287903,8.64581],[117.279112,8.62819],[117.275578,8.625335],[117.278464,8.620791],[117.276628,8.613284],[117.277128,8.606765],[117.270427,8.604219],[117.26635,8.598519],[117.261992,8.610081],[117.257337,8.611475],[117.253611,8.605683],[117.25726,8.594216],[117.263549,8.588978],[117.265184,8.581025],[117.259776,8.573844],[117.251322,8.572371],[117.247117,8.568423],[117.238678,8.567912],[117.243538,8.559103],[117.237514,8.555862],[117.234925,8.548947],[117.241066,8.546096],[117.239486,8.539017],[117.220937,8.525858],[117.217872,8.519328],[117.224577,8.514636],[117.222201,8.506908],[117.214288,8.501541],[117.211181,8.489097],[117.216356,8.486236],[117.218973,8.477827],[117.218203,8.466955],[117.214094,8.464293],[117.216251,8.447602],[117.214093,8.442185],[117.214709,8.430325],[117.206873,8.42503],[117.203555,8.41357],[117.195648,8.408921],[117.19513,8.404211],[117.188869,8.394221],[117.186292,8.383304],[117.181657,8.379917],[117.177387,8.3686],[117.178285,8.361344],[117.173575,8.351346],[117.175965,8.343983],[117.174246,8.340623],[117.181879,8.332586],[117.190972,8.32995],[117.197355,8.332239],[117.20259,8.331071],[117.208474,8.334563],[117.2132,8.339917],[117.218543,8.35089],[117.211622,8.355032],[117.208836,8.361318],[117.215669,8.361545],[117.220225,8.357746],[117.225411,8.362324],[117.219612,8.366121],[117.223027,8.369921],[117.22664,8.368074],[117.229411,8.362365],[117.240201,8.370675],[117.249633,8.384944],[117.250126,8.388635],[117.264536,8.409182],[117.273479,8.412681],[117.278324,8.408963],[117.283377,8.410408],[117.286357,8.419837],[117.290444,8.425353],[117.302178,8.43301],[117.313559,8.441729],[117.319983,8.450707],[117.330737,8.45428],[117.336353,8.459858],[117.341783,8.462729],[117.343027,8.466843],[117.353427,8.470355],[117.358573,8.477864],[117.365113,8.474403],[117.366093,8.479821],[117.373074,8.489404],[117.372948,8.494061],[117.397438,8.489273],[117.402692,8.49378],[117.414566,8.499626],[117.42583,8.498067],[117.426809,8.50246],[117.431474,8.503294],[117.439462,8.500585],[117.448189,8.502653],[117.453231,8.505433],[117.452541,8.516273],[117.457198,8.521245],[117.465119,8.517501],[117.462877,8.509293],[117.469486,8.507473],[117.47863,8.508115],[117.484505,8.502495],[117.48612,8.49469],[117.495237,8.496602],[117.501149,8.501053],[117.507695,8.519207],[117.513841,8.533884],[117.519258,8.541232],[117.527926,8.556343],[117.538149,8.56544],[117.540921,8.573265],[117.547089,8.596792],[117.545142,8.602389],[117.53957,8.609308],[117.539145,8.61529],[117.535451,8.621991],[117.530855,8.625196],[117.537257,8.631375],[117.538851,8.635656],[117.535408,8.639995],[117.543897,8.648263],[117.548586,8.65466],[117.553957,8.657648],[117.557597,8.665009],[117.563835,8.67211],[117.570934,8.675832],[117.589043,8.672443],[117.595497,8.669586],[117.603775,8.663229],[117.624149,8.657228],[117.635819,8.660799],[117.638002,8.659992],[117.645456,8.666032],[117.653288,8.665581],[117.657964,8.668495],[117.666001,8.669881],[117.674179,8.66924],[117.680317,8.674348],[117.683401,8.679635],[117.692955,8.685602],[117.701307,8.686733],[117.713816,8.68264],[117.729828,8.68643],[117.741905,8.686958],[117.747687,8.693618],[117.754421,8.697341],[117.759246,8.704732],[117.768053,8.709853],[117.779352,8.714185],[117.780278,8.719437],[117.785382,8.727626],[117.794224,8.735106],[117.794188,8.740513],[117.798478,8.74945],[117.80257,8.753522],[117.806994,8.765912],[117.815335,8.772973],[117.822166,8.7746],[117.828583,8.772097],[117.839553,8.770877],[117.842669,8.776753],[117.848448,8.779998],[117.853341,8.788151],[117.862121,8.791501],[117.863332,8.798922],[117.866067,8.801916],[117.867818,8.809153],[117.873177,8.817481],[117.88213,8.818746],[117.88506,8.826797],[117.890531,8.830771],[117.896892,8.831175],[117.907882,8.843056],[117.912585,8.845762],[117.919155,8.845935],[117.92627,8.843015],[117.931446,8.850631],[117.940174,8.853905],[117.948423,8.864098],[117.957995,8.868092],[117.963465,8.872437],[117.969861,8.868977],[117.981409,8.869739],[117.982897,8.877156],[117.989867,8.881376],[118.003518,8.881274],[118.004311,8.889153],[118.009033,8.895735],[118.006286,8.899547],[118.006851,8.904614],[118.014665,8.904306],[118.019301,8.910869],[118.020322,8.916004],[118.024563,8.921593],[118.025711,8.932758],[118.02995,8.945057],[118.034487,8.949457],[118.04035,8.947274],[118.048535,8.961748],[118.046832,8.970124],[118.051671,8.970403],[118.060476,8.986294],[118.055135,8.990457],[118.056598,8.995911],[118.062238,8.993655],[118.067398,8.998567],[118.059698,9.008959],[118.073625,9.008885],[118.080867,9.014327],[118.085533,9.030203],[118.077543,9.037572],[118.073188,9.038259],[118.071242,9.046974],[118.07722,9.046681],[118.085589,9.04978],[118.089599,9.053132],[118.094071,9.045671],[118.098484,9.046925],[118.10239,9.052021],[118.101941,9.061323],[118.104761,9.067783],[118.10353,9.07232],[118.106166,9.07837],[118.105031,9.102799],[118.108219,9.104967],[118.10865,9.111437],[118.114769,9.115912],[118.118359,9.12586],[118.118863,9.13393],[118.122014,9.142826],[118.128651,9.14827],[118.13957,9.146307],[118.145338,9.136546],[118.148896,9.134921],[118.154297,9.139042],[118.151995,9.144864],[118.165912,9.149909],[118.166975,9.153405],[118.174385,9.154993],[118.181664,9.151713],[118.189099,9.154253],[118.190109,9.15732],[118.201097,9.16364],[118.206697,9.16474],[118.209477,9.168918],[118.216037,9.168218],[118.219687,9.162516],[118.22033,9.157519],[118.239732,9.164706],[118.244674,9.164953],[118.267764,9.175646],[118.28642,9.17907],[118.295943,9.182656],[118.309386,9.181983],[118.315159,9.178378],[118.325349,9.176798],[118.329451,9.173872],[118.336307,9.17848],[118.342839,9.177744],[118.354319,9.188472],[118.360606,9.195949],[118.363592,9.203205],[118.362276,9.209062],[118.371072,9.214357],[118.389379,9.234482],[118.398082,9.243201],[118.416198,9.245778],[118.418701,9.252408],[118.420519,9.263821],[118.423447,9.265724],[118.426348,9.274461],[118.435551,9.280958],[118.444131,9.27757],[118.4525,9.291698],[118.460004,9.29853],[118.473153,9.302872],[118.484622,9.298814],[118.489607,9.294616],[118.491595,9.303005],[118.495599,9.307298],[118.499487,9.321207],[118.505767,9.329889],[118.516847,9.331389],[118.517806,9.338351],[118.525369,9.354743],[118.533613,9.35965],[118.544324,9.369975],[118.536137,9.371558],[118.535317,9.379844],[118.537747,9.388674],[118.542425,9.395909],[118.546677,9.397918],[118.554362,9.410328],[118.568497,9.420399],[118.565696,9.423902],[118.569624,9.429355],[118.569368,9.433812],[118.574574,9.442579],[118.578362,9.444631],[118.586876,9.442199],[118.58881,9.44675],[118.585331,9.450343],[118.586434,9.455351],[118.592711,9.46061],[118.594826,9.459236],[118.603133,9.462654],[118.607195,9.469547],[118.611001,9.485013],[118.615604,9.488174],[118.628046,9.477766],[118.62845,9.48853],[118.622673,9.489539]]],[[[118.613941,9.430765],[118.618916,9.432638],[118.620109,9.437809],[118.627121,9.436854],[118.632181,9.448613],[118.632809,9.459422],[118.628221,9.462049],[118.624005,9.460537],[118.617771,9.450473],[118.610149,9.446565],[118.609008,9.439176],[118.613941,9.430765]]],[[[120.819354,11.462604],[120.813037,11.463251],[120.815526,11.457081],[120.820561,11.454207],[120.823755,11.458175],[120.819354,11.462604]]],[[[120.82976,11.449978],[120.822776,11.44509],[120.824808,11.441818],[120.827462,11.429492],[120.830289,11.421573],[120.834535,11.417596],[120.841777,11.424498],[120.847673,11.424622],[120.850728,11.42893],[120.833087,11.444537],[120.82976,11.449978]]],[[[120.769869,11.445379],[120.768255,11.439048],[120.768888,11.432657],[120.776978,11.427099],[120.779567,11.429517],[120.774997,11.435188],[120.769869,11.445379]]],[[[120.818941,11.417562],[120.812225,11.426237],[120.811389,11.436433],[120.807516,11.433592],[120.808851,11.422218],[120.813633,11.414846],[120.818941,11.417562]]],[[[120.934401,11.258194],[120.928477,11.255165],[120.927942,11.250468],[120.923481,11.243053],[120.925947,11.234367],[120.933893,11.231037],[120.940598,11.234951],[120.944576,11.246976],[120.943586,11.251598],[120.934401,11.258194]]],[[[121.06755,11.219717],[121.068794,11.226848],[121.066292,11.229851],[121.060742,11.228753],[121.059283,11.223045],[121.06755,11.219717]]],[[[120.95483,11.13212],[120.965964,11.133666],[120.971169,11.137773],[120.97451,11.145739],[120.981652,11.148637],[120.987341,11.154201],[120.987678,11.16799],[120.983561,11.173355],[120.978514,11.173862],[120.961537,11.161428],[120.947584,11.160132],[120.938414,11.15324],[120.938496,11.14384],[120.945638,11.135111],[120.95483,11.13212]]],[[[121.143754,11.126772],[121.140762,11.121659],[121.143503,11.118008],[121.148817,11.120325],[121.147225,11.126718],[121.143754,11.126772]]],[[[120.265208,10.717727],[120.262749,10.71287],[120.255847,10.715202],[120.253325,10.707629],[120.257591,10.701411],[120.255453,10.694895],[120.266272,10.695218],[120.265998,10.700801],[120.26987,10.704994],[120.265574,10.713563],[120.265208,10.717727]]],[[[120.242918,10.652625],[120.24426,10.643841],[120.248096,10.640641],[120.247418,10.632584],[120.255609,10.632641],[120.256103,10.638857],[120.250689,10.641867],[120.251698,10.649652],[120.254291,10.652005],[120.252362,10.665576],[120.245442,10.667215],[120.242092,10.659445],[120.242918,10.652625]]],[[[119.793668,10.550187],[119.787887,10.550084],[119.786046,10.555074],[119.781371,10.559018],[119.765814,10.562497],[119.761476,10.565102],[119.75187,10.560443],[119.742978,10.546565],[119.749913,10.549291],[119.751295,10.544437],[119.743572,10.542276],[119.744211,10.529702],[119.742836,10.524283],[119.750652,10.524822],[119.755201,10.532796],[119.763341,10.531167],[119.76596,10.522543],[119.764219,10.513151],[119.768631,10.50589],[119.768213,10.498124],[119.765299,10.494922],[119.766792,10.480469],[119.769758,10.472081],[119.763047,10.4712],[119.762605,10.463949],[119.774003,10.450589],[119.781005,10.453566],[119.796728,10.451796],[119.803853,10.447365],[119.804875,10.44124],[119.810597,10.444708],[119.815256,10.442903],[119.823541,10.448428],[119.832407,10.451877],[119.843104,10.45332],[119.850558,10.458268],[119.866973,10.459131],[119.875739,10.462938],[119.875539,10.469527],[119.867047,10.469833],[119.858402,10.478552],[119.864593,10.480608],[119.86676,10.485875],[119.871466,10.482724],[119.878415,10.481216],[119.896632,10.47945],[119.900928,10.482344],[119.912602,10.474648],[119.923487,10.483499],[119.91864,10.487821],[119.915411,10.495011],[119.911032,10.495132],[119.909036,10.506595],[119.904939,10.508848],[119.905331,10.521596],[119.898062,10.521237],[119.896493,10.52704],[119.896627,10.535891],[119.899897,10.541153],[119.891397,10.540307],[119.885782,10.54764],[119.88924,10.551718],[119.895255,10.551557],[119.901764,10.547769],[119.906036,10.541306],[119.90986,10.531597],[119.913243,10.517633],[119.924194,10.518478],[119.928221,10.511642],[119.928909,10.505224],[119.936083,10.507444],[119.935027,10.517195],[119.93571,10.527795],[119.944882,10.535998],[119.948142,10.534123],[119.943441,10.527631],[119.94266,10.523247],[119.948475,10.518763],[119.95841,10.5175],[119.9649,10.522763],[119.965882,10.528048],[119.970917,10.530933],[119.976591,10.528311],[119.980807,10.529635],[119.98583,10.536575],[119.977433,10.543295],[119.972338,10.544623],[119.972213,10.54922],[119.978708,10.552281],[119.976149,10.558208],[119.978364,10.569899],[119.989421,10.564763],[119.990763,10.561941],[119.987613,10.551772],[119.994487,10.552833],[119.998807,10.557012],[120.003109,10.567195],[119.995747,10.570211],[119.99047,10.579538],[119.991895,10.589686],[119.983453,10.599545],[119.974924,10.601942],[119.973063,10.598777],[119.966098,10.59786],[119.952014,10.600797],[119.939272,10.607776],[119.9316,10.605305],[119.919578,10.603613],[119.915815,10.60065],[119.905455,10.60082],[119.903697,10.605638],[119.896741,10.610236],[119.894239,10.614043],[119.875286,10.624023],[119.872243,10.630447],[119.865874,10.631866],[119.86326,10.622565],[119.853268,10.635617],[119.841324,10.641009],[119.842678,10.643569],[119.838214,10.652278],[119.834679,10.649687],[119.827533,10.649863],[119.831656,10.642614],[119.833309,10.635271],[119.834137,10.612596],[119.825913,10.60929],[119.822816,10.598588],[119.817047,10.597087],[119.804696,10.587453],[119.801321,10.576543],[119.796801,10.571425],[119.803,10.56928],[119.790425,10.56146],[119.796039,10.558058],[119.793668,10.550187]]],[[[119.746187,10.586785],[119.742887,10.582594],[119.742693,10.577358],[119.747924,10.576889],[119.748965,10.584592],[119.746187,10.586785]]],[[[119.999003,10.497839],[119.992394,10.49603],[119.992472,10.490983],[119.997208,10.489141],[119.999003,10.497839]]],[[[117.178329,8.254628],[117.187813,8.260341],[117.197468,8.262007],[117.202596,8.265725],[117.209174,8.265772],[117.217742,8.261895],[117.228979,8.266499],[117.238767,8.276108],[117.246308,8.279875],[117.256799,8.28827],[117.259321,8.29979],[117.261995,8.305578],[117.259487,8.312108],[117.247596,8.316509],[117.240788,8.308194],[117.22797,8.311693],[117.222991,8.314568],[117.228489,8.327126],[117.231223,8.328422],[117.233516,8.336744],[117.230209,8.338558],[117.224771,8.325265],[117.218819,8.315757],[117.211768,8.307868],[117.196757,8.296661],[117.19205,8.289921],[117.175996,8.284434],[117.16439,8.284268],[117.17175,8.271304],[117.176039,8.267215],[117.174342,8.263136],[117.175716,8.25556],[117.178329,8.254628]]],[[[117.288042,8.185057],[117.295509,8.178032],[117.298385,8.181894],[117.312185,8.188616],[117.328229,8.191747],[117.336911,8.195635],[117.345459,8.206942],[117.346671,8.211933],[117.342361,8.24045],[117.342168,8.251401],[117.343976,8.259574],[117.348992,8.26641],[117.350046,8.27467],[117.352683,8.280698],[117.352213,8.290774],[117.349196,8.29482],[117.343406,8.308028],[117.338112,8.308163],[117.330289,8.315474],[117.324628,8.323827],[117.311992,8.33031],[117.306374,8.330508],[117.304281,8.322947],[117.294916,8.314979],[117.278997,8.322785],[117.270213,8.312495],[117.267948,8.304598],[117.26663,8.284736],[117.269623,8.276961],[117.267245,8.267746],[117.271216,8.24469],[117.268643,8.234269],[117.271472,8.230427],[117.266279,8.227298],[117.264026,8.221419],[117.262812,8.209509],[117.269473,8.201439],[117.280219,8.19507],[117.288042,8.185057]]],[[[117.12645,8.278784],[117.127968,8.28439],[117.124491,8.287137],[117.120687,8.281094],[117.12645,8.278784]]],[[[117.117746,8.213656],[117.124291,8.215269],[117.128054,8.218947],[117.126517,8.2237],[117.116742,8.239648],[117.113049,8.242128],[117.098324,8.247355],[117.088003,8.24806],[117.079908,8.24501],[117.079327,8.231491],[117.080737,8.22176],[117.084007,8.216799],[117.090561,8.213989],[117.101848,8.214423],[117.115709,8.21268],[117.117746,8.213656]]],[[[117.027142,8.170239],[117.02875,8.171917],[117.013812,8.178726],[117.015623,8.174346],[117.027142,8.170239]]],[[[117.1728,8.148542],[117.186979,8.149428],[117.201781,8.151467],[117.205632,8.153706],[117.203844,8.16418],[117.195439,8.172938],[117.185142,8.177222],[117.172545,8.178926],[117.158149,8.179582],[117.145722,8.1778],[117.140153,8.179951],[117.132178,8.177684],[117.131679,8.173516],[117.139579,8.162958],[117.145252,8.158369],[117.148542,8.15127],[117.1728,8.148542]]],[[[117.24078,8.176847],[117.236644,8.173849],[117.241775,8.168553],[117.253177,8.167299],[117.252868,8.172432],[117.249308,8.176052],[117.24078,8.176847]]],[[[117.219719,8.159805],[117.219072,8.155205],[117.231496,8.15342],[117.227502,8.162707],[117.224373,8.163977],[117.219719,8.159805]]],[[[117.131221,8.130085],[117.136992,8.12009],[117.148738,8.111879],[117.155694,8.112999],[117.154392,8.117252],[117.141057,8.122252],[117.131221,8.130085]]],[[[117.021889,8.07078],[117.027201,8.074631],[117.042859,8.07822],[117.043951,8.081525],[117.061285,8.082673],[117.062651,8.084966],[117.053826,8.098657],[117.051509,8.105192],[117.051328,8.11684],[117.045808,8.123371],[117.037965,8.128243],[117.028959,8.130018],[117.024358,8.128743],[117.019287,8.122631],[117.01581,8.12153],[117.003435,8.112064],[116.998324,8.109487],[116.990355,8.098845],[116.990771,8.090394],[116.997125,8.087705],[117.002266,8.092517],[117.008903,8.091894],[117.009033,8.085837],[117.003818,8.082766],[117.007504,8.076539],[117.012814,8.075903],[117.015603,8.071425],[117.021889,8.07078]]],[[[116.986137,8.078107],[116.989807,8.08599],[116.987805,8.093229],[116.983687,8.0886],[116.986137,8.078107]]],[[[117.106665,8.09246],[117.104327,8.092362],[117.098109,8.072442],[117.1074,8.071173],[117.111021,8.082514],[117.106665,8.09246]]],[[[117.019446,7.803709],[117.022483,7.809374],[117.01526,7.815797],[117.014715,7.821873],[117.022802,7.820837],[117.027744,7.812709],[117.034786,7.820074],[117.042259,7.825352],[117.042979,7.829265],[117.060616,7.842149],[117.06717,7.85498],[117.067739,7.862388],[117.072531,7.862712],[117.076626,7.870915],[117.07887,7.880178],[117.077287,7.882906],[117.067641,7.886993],[117.067723,7.895001],[117.070576,7.900315],[117.080309,7.903622],[117.084756,7.901774],[117.086541,7.911597],[117.084479,7.925255],[117.085919,7.933044],[117.080317,7.945529],[117.080866,7.963678],[117.075049,7.991416],[117.065145,7.987451],[117.060967,7.988487],[117.053658,7.98471],[117.052082,7.990901],[117.058678,7.995021],[117.064544,8.002078],[117.070809,8.003994],[117.077619,8.00318],[117.078435,8.011674],[117.066345,8.011787],[117.065867,8.016058],[117.070269,8.018405],[117.078416,8.018915],[117.0781,8.029176],[117.080525,8.046066],[117.077448,8.06295],[117.071935,8.076374],[117.066028,8.080034],[117.060011,8.078424],[117.057151,8.074425],[117.052141,8.075509],[117.042872,8.066452],[117.035779,8.067925],[117.030377,8.06489],[117.0252,8.066976],[117.014155,8.063882],[117.004131,8.064301],[116.99819,8.062563],[117.004005,8.054518],[117.00029,8.050797],[117.004422,8.04393],[116.99834,8.041945],[116.995373,8.034028],[116.988432,8.035131],[116.988726,8.025958],[116.984044,8.024255],[116.978622,8.025873],[116.975235,8.020266],[116.966898,8.016886],[116.968846,8.024956],[116.96315,8.030933],[116.964107,8.037049],[116.971623,8.040823],[116.972781,8.048263],[116.966503,8.054159],[116.962511,8.047118],[116.95485,8.028886],[116.958962,8.026037],[116.956955,8.015446],[116.959932,8.014181],[116.952223,8.001007],[116.96028,7.990336],[116.965308,7.968842],[116.969186,7.967128],[116.967208,7.961474],[116.958387,7.958259],[116.960298,7.954622],[116.966913,7.953929],[116.965614,7.948249],[116.960419,7.943096],[116.952307,7.938951],[116.945461,7.930913],[116.942247,7.929612],[116.935165,7.934818],[116.928864,7.935495],[116.936188,7.921377],[116.934618,7.914806],[116.941657,7.91335],[116.947938,7.918149],[116.951484,7.918149],[116.956333,7.912393],[116.956085,7.908268],[116.967569,7.896531],[116.967745,7.892893],[116.974711,7.876623],[116.973879,7.871496],[116.980448,7.865307],[116.980249,7.85876],[116.982602,7.853888],[116.989566,7.849154],[116.995709,7.851722],[117.000513,7.850439],[116.999166,7.843069],[116.993177,7.838972],[116.992996,7.831009],[116.996327,7.823652],[116.993377,7.81425],[117.010154,7.80462],[117.019446,7.803709]]],[[[117.215407,7.830796],[117.211687,7.823784],[117.224098,7.825801],[117.215407,7.830796]]],[[[117.312332,7.506631],[117.315335,7.509353],[117.312786,7.513916],[117.307502,7.510167],[117.312332,7.506631]]],[[[117.237916,8.367154],[117.22822,8.359881],[117.230219,8.357874],[117.237322,8.363161],[117.237916,8.367154]]],[[[119.896973,12.359189],[119.90148,12.359272],[119.908002,12.365224],[119.903273,12.36928],[119.897933,12.364387],[119.896973,12.359189]]],[[[120.017187,11.998289],[120.017963,11.990948],[120.020687,11.98789],[120.028069,11.993673],[120.037597,11.996707],[120.041031,11.991725],[120.047546,11.994878],[120.050602,12.000806],[120.049334,12.005975],[120.056493,12.00656],[120.055189,12.017507],[120.061485,12.01443],[120.079284,12.00157],[120.085893,11.999949],[120.088029,11.995422],[120.081672,11.990566],[120.080376,11.985961],[120.086599,11.978562],[120.089079,11.970915],[120.092519,11.972476],[120.095481,11.963912],[120.09872,11.960992],[120.103319,11.971831],[120.112616,11.975183],[120.118594,11.973838],[120.118018,11.985519],[120.113954,11.980407],[120.108406,11.98352],[120.104604,11.994086],[120.096151,12.000529],[120.103844,12.002791],[120.114242,11.988812],[120.11834,11.992642],[120.126836,11.99093],[120.130977,11.996706],[120.128639,12.002536],[120.137372,12.00274],[120.129856,12.014421],[120.124467,12.017317],[120.123932,12.022561],[120.12626,12.028694],[120.133121,12.031986],[120.140209,12.023673],[120.148097,12.025426],[120.151196,12.022262],[120.157503,12.020913],[120.161,12.022575],[120.165292,12.029702],[120.173935,12.026463],[120.175787,12.023941],[120.175122,12.014057],[120.177281,12.008474],[120.189092,12.005459],[120.19269,12.000641],[120.200296,12.000128],[120.201332,11.996102],[120.205915,11.993788],[120.21821,11.991079],[120.217846,11.987641],[120.22515,11.982424],[120.227047,11.990252],[120.233311,11.995286],[120.244279,11.998454],[120.251642,12.006603],[120.26083,12.004094],[120.26757,12.00504],[120.270359,11.99861],[120.291311,11.983404],[120.302528,11.982351],[120.298893,11.990937],[120.306471,11.991824],[120.30982,11.997787],[120.315622,11.997472],[120.321391,12.000485],[120.328721,11.995763],[120.332639,12.005117],[120.339911,12.012359],[120.335572,12.019292],[120.330077,12.023118],[120.32418,12.031051],[120.32467,12.037959],[120.32006,12.040793],[120.31638,12.037906],[120.316552,12.030161],[120.309533,12.031675],[120.309663,12.039535],[120.316299,12.040498],[120.317783,12.045192],[120.33038,12.042399],[120.335441,12.046648],[120.340985,12.057722],[120.335942,12.069703],[120.335895,12.073637],[120.327971,12.078735],[120.32589,12.083641],[120.332295,12.087324],[120.332733,12.091372],[120.323641,12.097209],[120.318061,12.091271],[120.306908,12.098582],[120.303122,12.10563],[120.306307,12.113314],[120.304905,12.117347],[120.293708,12.119201],[120.288359,12.113979],[120.284191,12.117506],[120.283755,12.128218],[120.280137,12.130054],[120.278574,12.13691],[120.273056,12.143762],[120.270935,12.136115],[120.266012,12.130807],[120.261395,12.132098],[120.25382,12.128617],[120.245861,12.132455],[120.252204,12.145734],[120.24846,12.149834],[120.248373,12.155004],[120.241922,12.160448],[120.243912,12.168069],[120.242798,12.176034],[120.238322,12.18325],[120.240427,12.19465],[120.232663,12.198927],[120.225444,12.197516],[120.221427,12.202474],[120.221273,12.206985],[120.215146,12.215574],[120.216579,12.221788],[120.211483,12.222592],[120.207991,12.218509],[120.213348,12.214967],[120.213891,12.203119],[120.219231,12.197448],[120.219168,12.18809],[120.216377,12.184161],[120.213085,12.170203],[120.207971,12.162398],[120.207049,12.154495],[120.21529,12.145674],[120.214671,12.13419],[120.213196,12.131518],[120.192104,12.13516],[120.188848,12.133073],[120.179684,12.133033],[120.182938,12.12514],[120.189506,12.125452],[120.190161,12.121469],[120.186249,12.116916],[120.173233,12.118377],[120.16212,12.1224],[120.151149,12.133218],[120.144905,12.135456],[120.145391,12.142061],[120.128344,12.148237],[120.121878,12.159135],[120.109941,12.163172],[120.105777,12.171436],[120.09355,12.173578],[120.092774,12.180025],[120.096774,12.186048],[120.090688,12.189458],[120.095324,12.194114],[120.101413,12.192714],[120.106845,12.187472],[120.109159,12.194304],[120.099225,12.200939],[120.087554,12.203413],[120.085383,12.195391],[120.076011,12.189713],[120.061808,12.191803],[120.059963,12.201578],[120.049548,12.216263],[120.048173,12.226661],[120.04188,12.232544],[120.033341,12.235426],[120.028498,12.239679],[120.022041,12.239597],[120.009994,12.255178],[120.003916,12.256637],[119.997325,12.260894],[119.991219,12.258955],[119.984724,12.259233],[119.973473,12.267879],[119.966168,12.270794],[119.955607,12.266566],[119.948508,12.265147],[119.929646,12.270134],[119.924845,12.276384],[119.935169,12.279442],[119.938137,12.282328],[119.937027,12.287635],[119.932174,12.289138],[119.924767,12.295338],[119.923136,12.298674],[119.9268,12.314318],[119.923463,12.319622],[119.912465,12.322234],[119.90554,12.322032],[119.901957,12.327044],[119.89429,12.329635],[119.888064,12.327435],[119.880301,12.327439],[119.873744,12.31546],[119.864274,12.310386],[119.863582,12.306118],[119.868018,12.303639],[119.868734,12.288372],[119.878657,12.289665],[119.87644,12.278885],[119.871941,12.279336],[119.868803,12.272134],[119.869642,12.266704],[119.876849,12.269511],[119.89143,12.271086],[119.892576,12.27391],[119.904142,12.276773],[119.913191,12.277473],[119.910155,12.271873],[119.902188,12.267481],[119.890567,12.265642],[119.886708,12.263581],[119.878237,12.265373],[119.871497,12.258625],[119.869654,12.253951],[119.864117,12.253708],[119.859624,12.249894],[119.857399,12.242416],[119.859095,12.235255],[119.864404,12.234436],[119.87311,12.230017],[119.875407,12.223237],[119.865778,12.209613],[119.865893,12.198156],[119.864324,12.19416],[119.85333,12.184246],[119.848257,12.1749],[119.849665,12.165969],[119.854697,12.161921],[119.852436,12.154496],[119.852496,12.147932],[119.860696,12.154728],[119.863151,12.162024],[119.861756,12.167452],[119.8723,12.185508],[119.877945,12.199672],[119.881989,12.204878],[119.885729,12.205421],[119.896621,12.201441],[119.898838,12.19043],[119.904097,12.186895],[119.90543,12.181137],[119.900173,12.163334],[119.91466,12.156373],[119.921164,12.149013],[119.92605,12.140915],[119.931031,12.137887],[119.929622,12.131639],[119.934787,12.121707],[119.934342,12.1148],[119.93109,12.108251],[119.930013,12.101415],[119.933018,12.087427],[119.935516,12.0835],[119.940979,12.084673],[119.95097,12.078875],[119.950465,12.07365],[119.940858,12.076459],[119.939104,12.073152],[119.947284,12.068697],[119.951919,12.056684],[119.958868,12.057482],[119.961693,12.060949],[119.96921,12.062831],[119.97159,12.037787],[119.97034,12.032544],[119.972202,12.024091],[119.978609,12.026411],[119.98555,12.031126],[119.996393,12.022986],[119.992445,12.019962],[119.986206,12.026772],[119.983662,12.020357],[119.984472,12.016134],[119.977778,12.009688],[119.984302,12.006862],[119.989613,12.008189],[119.991893,12.003286],[119.997571,12.005955],[120.010056,12.003452],[120.016105,12.003581],[120.017187,11.998289]]],[[[119.880327,12.167928],[119.882184,12.174442],[119.878581,12.179344],[119.87519,12.17209],[119.880327,12.167928]]],[[[119.867258,12.13354],[119.867046,12.128315],[119.862342,12.122233],[119.867623,12.120018],[119.874149,12.120782],[119.874934,12.124434],[119.873188,12.139566],[119.874123,12.151995],[119.876424,12.157398],[119.871889,12.167531],[119.868039,12.163934],[119.865007,12.141373],[119.867258,12.13354]]],[[[119.813999,12.144297],[119.815592,12.145533],[119.819526,12.158757],[119.813904,12.158456],[119.813999,12.144297]]],[[[119.854468,12.112915],[119.847994,12.124285],[119.846682,12.132853],[119.843275,12.131135],[119.842194,12.124191],[119.84469,12.118868],[119.854468,12.112915]]],[[[119.954122,12.053402],[119.953071,12.048661],[119.959899,12.046167],[119.960535,12.051894],[119.954122,12.053402]]],[[[119.895422,12.04261],[119.902252,12.047791],[119.899369,12.050741],[119.895422,12.04261]]],[[[119.906281,12.026101],[119.915971,12.024392],[119.908272,12.031939],[119.906281,12.026101]]],[[[119.951324,12.031201],[119.944473,12.025556],[119.950612,12.022462],[119.951324,12.031201]]],[[[119.888025,12.015877],[119.894907,12.02289],[119.887736,12.023054],[119.888025,12.015877]]],[[[119.835895,11.988156],[119.847516,11.990325],[119.851816,11.989465],[119.854735,11.998302],[119.864514,11.991817],[119.862858,11.999343],[119.858057,11.999818],[119.841148,11.998157],[119.835895,11.988156]]],[[[121.188911,9.567225],[121.1945,9.573565],[121.199599,9.576209],[121.200466,9.581656],[121.204268,9.58601],[121.211053,9.589006],[121.215055,9.593224],[121.221845,9.591441],[121.222063,9.596195],[121.227955,9.601644],[121.225892,9.61661],[121.225584,9.627943],[121.228788,9.639494],[121.224515,9.638791],[121.225185,9.629769],[121.221032,9.619995],[121.220721,9.613246],[121.222567,9.606327],[121.21925,9.602965],[121.205996,9.59656],[121.200078,9.58958],[121.185883,9.577761],[121.18216,9.570982],[121.188911,9.567225]]],[[[121.280567,9.622999],[121.273938,9.620458],[121.266873,9.61145],[121.260135,9.604963],[121.257815,9.606042],[121.248142,9.598584],[121.250088,9.595926],[121.267586,9.607472],[121.274506,9.616342],[121.280403,9.619675],[121.280567,9.622999]]],[[[121.010261,9.607121],[121.01768,9.611875],[121.009209,9.615096],[121.004034,9.614569],[121.001832,9.611055],[121.005359,9.607565],[121.010261,9.607121]]],[[[120.36979,12.259923],[120.374902,12.263832],[120.371761,12.270806],[120.366413,12.293842],[120.360567,12.304062],[120.34648,12.302886],[120.352295,12.296672],[120.364086,12.280572],[120.365061,12.268322],[120.36979,12.259923]]],[[[120.391639,12.214489],[120.394765,12.220836],[120.393902,12.224756],[120.397195,12.229905],[120.394376,12.232953],[120.386428,12.231232],[120.391639,12.214489]]],[[[120.138361,12.19945],[120.144186,12.191316],[120.150063,12.186605],[120.147571,12.178995],[120.155662,12.170065],[120.161656,12.171588],[120.16679,12.167636],[120.174835,12.157122],[120.184754,12.155921],[120.192472,12.149327],[120.194119,12.143037],[120.200896,12.147538],[120.197869,12.155525],[120.191086,12.160416],[120.184813,12.162759],[120.179783,12.160847],[120.170756,12.167706],[120.163056,12.175944],[120.156986,12.179979],[120.154197,12.187325],[120.138361,12.19945]]],[[[120.252966,12.159487],[120.256841,12.171872],[120.255145,12.182428],[120.249464,12.181163],[120.247961,12.174596],[120.248956,12.166448],[120.252966,12.159487]]],[[[120.16647,12.151232],[120.172369,12.155469],[120.162546,12.160245],[120.16647,12.151232]]],[[[120.261405,12.145758],[120.264731,12.154212],[120.253656,12.156571],[120.255716,12.151164],[120.261405,12.145758]]],[[[120.358954,12.028197],[120.359944,12.030267],[120.357253,12.043403],[120.353558,12.038875],[120.358954,12.028197]]],[[[120.16997,11.999719],[120.177523,11.998421],[120.182718,12.00267],[120.179462,12.006112],[120.169738,12.009949],[120.161559,12.008066],[120.16997,11.999719]]],[[[120.062609,11.986731],[120.066914,11.961324],[120.071074,11.963873],[120.076442,11.958893],[120.082511,11.960164],[120.082472,11.969578],[120.077538,11.975396],[120.07708,11.979814],[120.072983,11.987185],[120.064246,11.994815],[120.062609,11.986731]]],[[[120.185712,11.965775],[120.197371,11.968485],[120.19608,11.981974],[120.189178,11.986382],[120.187284,11.990411],[120.180952,11.992001],[120.167343,11.982759],[120.14561,11.986355],[120.135274,11.991906],[120.13234,11.985241],[120.135316,11.979172],[120.132786,11.974493],[120.138913,11.97006],[120.145577,11.971042],[120.153308,11.974797],[120.15819,11.967763],[120.164872,11.971364],[120.163128,11.975881],[120.16846,11.979731],[120.176816,11.981972],[120.178068,11.975674],[120.187132,11.969026],[120.185712,11.965775]]],[[[120.011275,11.983853],[120.022249,11.977911],[120.019403,11.985071],[120.011275,11.983853]]],[[[120.258216,11.891659],[120.25605,11.897306],[120.249037,11.908549],[120.253371,11.917675],[120.25772,11.91841],[120.260989,11.913929],[120.264841,11.914779],[120.268157,11.924125],[120.274739,11.928712],[120.276494,11.935001],[120.274411,11.941512],[120.27366,11.952383],[120.266992,11.955887],[120.266136,11.959852],[120.272058,11.968468],[120.259509,11.977829],[120.254209,11.979433],[120.245443,11.985759],[120.247636,11.976247],[120.242359,11.974661],[120.23626,11.967942],[120.231848,11.966879],[120.229527,11.962648],[120.223625,11.961445],[120.21593,11.957255],[120.208387,11.94464],[120.200799,11.945761],[120.193438,11.949474],[120.194757,11.9335],[120.204003,11.926367],[120.208964,11.911243],[120.220173,11.899122],[120.224343,11.892393],[120.227746,11.883383],[120.230831,11.879589],[120.234931,11.860794],[120.23372,11.856443],[120.236688,11.846677],[120.243935,11.833861],[120.248533,11.827774],[120.254649,11.815183],[120.263162,11.807592],[120.265021,11.812695],[120.259954,11.815898],[120.258077,11.827438],[120.252524,11.830229],[120.251422,11.838533],[120.254105,11.84283],[120.247306,11.844112],[120.246546,11.848783],[120.252951,11.850808],[120.25893,11.863853],[120.258091,11.873972],[120.259269,11.885914],[120.258216,11.891659]]],[[[120.054138,11.916654],[120.058798,11.914594],[120.067568,11.916168],[120.068962,11.922922],[120.066789,11.925641],[120.054195,11.933144],[120.050675,11.9305],[120.041916,11.933887],[120.039493,11.929022],[120.044359,11.920786],[120.054138,11.916654]]],[[[120.312084,11.825981],[120.312822,11.833231],[120.316147,11.83458],[120.319525,11.841995],[120.316533,11.851256],[120.30761,11.844402],[120.306445,11.8376],[120.312084,11.825981]]],[[[120.174761,11.783752],[120.176816,11.779245],[120.18497,11.772803],[120.177909,11.771703],[120.182835,11.764603],[120.183331,11.756432],[120.177567,11.756671],[120.175787,11.763072],[120.171249,11.760064],[120.157554,11.763227],[120.151165,11.767157],[120.146113,11.76268],[120.142561,11.764022],[120.140171,11.769933],[120.141777,11.773456],[120.139687,11.77887],[120.134517,11.773997],[120.138758,11.767935],[120.134723,11.764656],[120.139633,11.760608],[120.144152,11.750929],[120.15203,11.753532],[120.15824,11.74926],[120.16286,11.748785],[120.167966,11.743468],[120.175214,11.742135],[120.179394,11.74531],[120.180998,11.750948],[120.187157,11.751614],[120.193034,11.754857],[120.198968,11.753341],[120.198826,11.763334],[120.193287,11.76529],[120.188887,11.779809],[120.174761,11.783752]]],[[[120.106754,11.73168],[120.101222,11.728007],[120.102963,11.722127],[120.108904,11.72976],[120.106754,11.73168]]],[[[120.149122,11.692421],[120.139354,11.689693],[120.138934,11.685601],[120.14262,11.681891],[120.146722,11.684813],[120.149122,11.692421]]],[[[120.108499,11.656524],[120.108515,11.650338],[120.121786,11.656471],[120.116686,11.660937],[120.108209,11.664483],[120.108499,11.656524]]],[[[120.730644,11.351447],[120.732868,11.354847],[120.725654,11.362376],[120.722829,11.357226],[120.730644,11.351447]]],[[[120.68477,11.320516],[120.677148,11.31852],[120.671483,11.305338],[120.677274,11.308386],[120.687412,11.297862],[120.68807,11.294669],[120.698102,11.297864],[120.699078,11.30289],[120.693463,11.306299],[120.697204,11.315268],[120.692736,11.320125],[120.68477,11.320516]]],[[[120.752483,11.212469],[120.759697,11.211723],[120.760205,11.218619],[120.752768,11.218625],[120.752483,11.212469]]],[[[120.775383,11.003502],[120.771942,11.005461],[120.764097,10.999452],[120.773454,10.999531],[120.775383,11.003502]]],[[[120.71883,10.963728],[120.722307,10.956801],[120.727839,10.954073],[120.734112,10.964221],[120.73314,10.968199],[120.722352,10.971478],[120.71883,10.963728]]],[[[121.045018,10.809172],[121.055227,10.805098],[121.065457,10.808135],[121.065662,10.816436],[121.060827,10.825144],[121.058967,10.840121],[121.063213,10.844854],[121.068569,10.843506],[121.081033,10.852315],[121.081882,10.856777],[121.077372,10.863749],[121.077531,10.867603],[121.070922,10.872613],[121.064552,10.871064],[121.061382,10.875468],[121.061772,10.883671],[121.068418,10.888453],[121.076007,10.89001],[121.079905,10.895249],[121.078866,10.901753],[121.075502,10.905791],[121.067605,10.907959],[121.060651,10.907597],[121.051866,10.904914],[121.05144,10.898613],[121.05312,10.882755],[121.043932,10.872484],[121.041018,10.876305],[121.028937,10.868365],[121.025277,10.869116],[121.019184,10.863396],[121.012889,10.862196],[121.006377,10.855063],[121.00728,10.843105],[121.003035,10.840156],[120.998812,10.830588],[121.003535,10.828243],[121.005964,10.81856],[121.013366,10.812217],[121.01266,10.806055],[121.016839,10.80259],[121.025744,10.798789],[121.039434,10.798624],[121.04423,10.803295],[121.045018,10.809172]]],[[[120.972254,10.808469],[120.979131,10.809493],[120.983668,10.812304],[120.986755,10.824333],[120.982763,10.829297],[120.976669,10.828856],[120.97136,10.824679],[120.964841,10.825048],[120.957953,10.821316],[120.958827,10.817099],[120.967463,10.817096],[120.968238,10.809453],[120.972254,10.808469]]],[[[120.89292,10.732574],[120.899718,10.723324],[120.905,10.723179],[120.90939,10.729732],[120.909076,10.733988],[120.903866,10.738765],[120.894856,10.739062],[120.89292,10.732574]]],[[[119.734807,10.53337],[119.739486,10.533771],[119.740712,10.5387],[119.735271,10.542165],[119.731648,10.538942],[119.734807,10.53337]]],[[[119.501413,11.425381],[119.506604,11.438786],[119.499597,11.444837],[119.495694,11.438567],[119.501413,11.425381]]],[[[119.528939,11.364019],[119.535426,11.366367],[119.539514,11.373832],[119.534026,11.374867],[119.533448,11.370201],[119.528939,11.364019]]],[[[119.407523,11.349265],[119.413892,11.356423],[119.417146,11.367337],[119.408246,11.362501],[119.404989,11.355772],[119.407523,11.349265]]],[[[119.357728,11.254073],[119.35839,11.259266],[119.352846,11.264564],[119.352267,11.270714],[119.346875,11.268101],[119.34953,11.261455],[119.357728,11.254073]]],[[[119.346402,11.226392],[119.341198,11.220497],[119.34058,11.216024],[119.345756,11.209347],[119.35479,11.206379],[119.357718,11.208703],[119.36407,11.205432],[119.366882,11.201416],[119.372889,11.200858],[119.376316,11.203332],[119.375406,11.217263],[119.359627,11.218942],[119.355821,11.22692],[119.353894,11.236874],[119.355379,11.245158],[119.346484,11.246714],[119.345417,11.232284],[119.346402,11.226392]]],[[[119.270323,11.18833],[119.272234,11.196709],[119.26818,11.209681],[119.266511,11.219605],[119.259125,11.226484],[119.257052,11.221691],[119.26052,11.217769],[119.253802,11.21472],[119.254675,11.210238],[119.263568,11.203254],[119.266436,11.190977],[119.270323,11.18833]]],[[[119.297158,11.194426],[119.298927,11.198825],[119.294714,11.215363],[119.29152,11.215022],[119.293713,11.203265],[119.292537,11.200088],[119.297158,11.194426]]],[[[119.282424,11.136578],[119.282431,11.147973],[119.284509,11.15584],[119.28278,11.163254],[119.288523,11.169945],[119.290467,11.183693],[119.284831,11.185411],[119.277857,11.197484],[119.279096,11.206852],[119.277721,11.212042],[119.274013,11.213678],[119.271915,11.207686],[119.276926,11.200419],[119.277494,11.187018],[119.281753,11.175611],[119.280464,11.168799],[119.281916,11.162742],[119.279995,11.152938],[119.279848,11.144083],[119.282424,11.136578]]],[[[119.54238,11.157253],[119.551306,11.166752],[119.548454,11.174304],[119.541294,11.158992],[119.54238,11.157253]]],[[[119.319465,11.158929],[119.309607,11.155708],[119.304902,11.145307],[119.311889,11.143135],[119.317457,11.143831],[119.324219,11.152701],[119.319465,11.158929]]],[[[119.249084,11.126892],[119.248474,11.133911],[119.241516,11.139709],[119.237915,11.136719],[119.246521,11.132874],[119.249084,11.126892]]],[[[119.261148,11.111692],[119.260297,11.121691],[119.257505,11.126096],[119.249546,11.125761],[119.261148,11.111692]]],[[[119.39097,11.099521],[119.386693,11.093422],[119.390098,11.085682],[119.398966,11.08293],[119.404775,11.073632],[119.40905,11.077941],[119.408247,11.082847],[119.402332,11.092209],[119.397049,11.091965],[119.39097,11.099521]]],[[[119.969628,11.632799],[119.972667,11.635343],[119.966468,11.654767],[119.962859,11.648947],[119.959245,11.650216],[119.954258,11.657111],[119.949651,11.653969],[119.958566,11.64061],[119.969628,11.632799]]],[[[119.927336,11.577246],[119.930858,11.577182],[119.934765,11.586288],[119.930147,11.588234],[119.926553,11.581965],[119.927336,11.577246]]],[[[119.847015,11.547791],[119.851168,11.545061],[119.858861,11.548013],[119.858295,11.554292],[119.852147,11.556558],[119.847246,11.554949],[119.847015,11.547791]]],[[[119.879591,11.526241],[119.886343,11.531326],[119.880965,11.534107],[119.879591,11.526241]]],[[[119.728384,11.445058],[119.726276,11.438632],[119.727008,11.433047],[119.736104,11.43106],[119.743884,11.423557],[119.745874,11.417663],[119.749519,11.416809],[119.751946,11.423538],[119.760291,11.419542],[119.762366,11.410691],[119.760822,11.404333],[119.764488,11.400815],[119.771761,11.398473],[119.78076,11.404238],[119.774869,11.413163],[119.776128,11.417142],[119.78587,11.425626],[119.78987,11.422051],[119.796268,11.42308],[119.801199,11.416684],[119.805265,11.415423],[119.808973,11.418739],[119.811471,11.425618],[119.82171,11.428822],[119.825887,11.419313],[119.823518,11.412741],[119.815979,11.415054],[119.810301,11.402454],[119.804898,11.407967],[119.801946,11.401574],[119.803581,11.397204],[119.812678,11.399301],[119.814529,11.387116],[119.808894,11.383339],[119.808499,11.379253],[119.819565,11.376487],[119.823563,11.378777],[119.830802,11.37797],[119.832407,11.383259],[119.830467,11.390827],[119.84,11.401966],[119.8433,11.408912],[119.851317,11.413572],[119.855125,11.425],[119.850844,11.429814],[119.851015,11.43405],[119.86019,11.435507],[119.863308,11.440218],[119.861429,11.446965],[119.868573,11.453242],[119.862347,11.46375],[119.864522,11.472168],[119.867768,11.473491],[119.868959,11.480157],[119.867242,11.485012],[119.871206,11.491303],[119.868427,11.506232],[119.863194,11.509421],[119.856318,11.507036],[119.847989,11.511541],[119.845469,11.515706],[119.836044,11.514588],[119.830232,11.509254],[119.814791,11.519437],[119.814692,11.508758],[119.821202,11.50333],[119.827619,11.505064],[119.833052,11.497294],[119.840296,11.497932],[119.847516,11.486198],[119.844138,11.476135],[119.838291,11.479358],[119.829658,11.480565],[119.827956,11.475252],[119.833374,11.473222],[119.835091,11.460925],[119.829776,11.45598],[119.823578,11.46217],[119.820962,11.468682],[119.816684,11.467495],[119.811582,11.471154],[119.80708,11.464549],[119.814489,11.455098],[119.81292,11.453001],[119.801021,11.451878],[119.794705,11.456127],[119.791368,11.461013],[119.795718,11.462931],[119.790953,11.472906],[119.784433,11.47992],[119.779835,11.487553],[119.777838,11.479739],[119.768351,11.480212],[119.765714,11.470884],[119.778022,11.469851],[119.785957,11.465408],[119.786208,11.458559],[119.782292,11.452662],[119.775041,11.459252],[119.770047,11.457446],[119.764911,11.451203],[119.767984,11.443626],[119.764311,11.436769],[119.755075,11.45347],[119.749396,11.457106],[119.74438,11.45712],[119.738289,11.466601],[119.732305,11.464525],[119.727434,11.466322],[119.729336,11.475965],[119.715308,11.472009],[119.714517,11.465757],[119.721969,11.458873],[119.722366,11.454061],[119.725976,11.451112],[119.734971,11.453596],[119.738644,11.448065],[119.734076,11.441249],[119.728384,11.445058]]],[[[119.683691,11.486597],[119.68428,11.492714],[119.687786,11.503757],[119.678615,11.502066],[119.6717,11.503624],[119.674431,11.496703],[119.679086,11.494051],[119.679865,11.488504],[119.683691,11.486597]]],[[[119.898795,11.502279],[119.890586,11.503811],[119.88157,11.49127],[119.884867,11.487932],[119.890707,11.488523],[119.893857,11.484346],[119.899671,11.487511],[119.898355,11.492323],[119.898795,11.502279]]],[[[119.659466,11.469989],[119.662427,11.478784],[119.65465,11.481236],[119.653801,11.474458],[119.659466,11.469989]]],[[[120.155557,11.431561],[120.160504,11.434517],[120.168287,11.434833],[120.174566,11.437898],[120.175874,11.441467],[120.182513,11.44827],[120.188717,11.450311],[120.197325,11.44967],[120.196307,11.455445],[120.189351,11.457709],[120.184152,11.463215],[120.178139,11.460712],[120.172514,11.450604],[120.165716,11.445548],[120.16326,11.43772],[120.155557,11.431561]]],[[[119.659538,11.395576],[119.660806,11.398748],[119.656869,11.403404],[119.661579,11.413006],[119.652689,11.41173],[119.648056,11.41278],[119.645633,11.416771],[119.644036,11.428787],[119.640271,11.43216],[119.635388,11.431928],[119.640063,11.42411],[119.642055,11.416881],[119.641566,11.410944],[119.645313,11.408524],[119.647521,11.402521],[119.651646,11.398879],[119.6567,11.400418],[119.659538,11.395576]]],[[[120.170937,11.415332],[120.178624,11.429238],[120.174479,11.428842],[120.168916,11.42071],[120.170937,11.415332]]],[[[120.09007,11.375317],[120.091088,11.365757],[120.108162,11.364195],[120.109032,11.370279],[120.113707,11.377677],[120.107053,11.38642],[120.100666,11.383328],[120.094368,11.384323],[120.094141,11.380151],[120.09007,11.375317]]],[[[119.698321,11.335353],[119.713157,11.342793],[119.700913,11.345603],[119.697989,11.340519],[119.698321,11.335353]]],[[[119.674879,11.264503],[119.681052,11.271988],[119.678721,11.281901],[119.686447,11.289705],[119.689896,11.295248],[119.691644,11.303334],[119.696078,11.311991],[119.694931,11.320912],[119.690582,11.325549],[119.686813,11.324233],[119.681369,11.318485],[119.676695,11.309876],[119.67172,11.308135],[119.663232,11.309257],[119.658813,11.305268],[119.656471,11.299433],[119.657073,11.292213],[119.659663,11.287996],[119.661501,11.279216],[119.665889,11.268925],[119.674879,11.264503]]],[[[119.62418,11.231387],[119.627114,11.234255],[119.627013,11.243718],[119.630825,11.245602],[119.630872,11.251214],[119.634197,11.258206],[119.62624,11.263684],[119.61981,11.237353],[119.62418,11.231387]]],[[[119.696544,11.228731],[119.701158,11.234541],[119.708655,11.239127],[119.712381,11.243774],[119.72984,11.252514],[119.730326,11.255971],[119.721625,11.255724],[119.715456,11.258611],[119.707621,11.247853],[119.701634,11.247118],[119.699612,11.236217],[119.696544,11.228731]]],[[[119.680311,11.246206],[119.678597,11.241251],[119.682596,11.238139],[119.684994,11.245481],[119.680311,11.246206]]],[[[120.827616,11.013404],[120.818411,11.011046],[120.818147,11.003761],[120.824828,11.004179],[120.831136,11.008233],[120.827616,11.013404]]],[[[120.945864,10.973823],[120.952485,10.975912],[120.958985,10.974772],[120.965066,10.980212],[120.963385,10.986212],[120.953052,10.998466],[120.943078,10.996967],[120.939988,10.994584],[120.938306,10.985099],[120.945864,10.973823]]],[[[121.210508,10.971509],[121.210079,10.968771],[121.217864,10.9656],[121.225778,10.956924],[121.224936,10.965452],[121.231799,10.973483],[121.219417,10.980132],[121.212672,10.979572],[121.210508,10.971509]]],[[[121.231961,10.959309],[121.229769,10.95679],[121.236325,10.952004],[121.239846,10.954263],[121.231961,10.959309]]],[[[121.044379,10.906344],[121.04583,10.913475],[121.037121,10.916068],[121.034915,10.91326],[121.044379,10.906344]]],[[[121.19546,10.888237],[121.194098,10.886394],[121.201004,10.879078],[121.208395,10.882318],[121.207295,10.889256],[121.199465,10.891949],[121.19546,10.888237]]],[[[118.426882,9.207634],[118.433258,9.212303],[118.442126,9.209938],[118.452099,9.213179],[118.456674,9.219435],[118.457736,9.225422],[118.452946,9.236072],[118.447653,9.238603],[118.440728,9.237144],[118.439557,9.239992],[118.442129,9.24826],[118.43845,9.248947],[118.433058,9.24387],[118.431218,9.239133],[118.433319,9.225879],[118.427494,9.218637],[118.425181,9.20995],[118.426882,9.207634]]],[[[117.998623,9.297334],[117.997458,9.295373],[118.000727,9.286847],[118.003398,9.288672],[117.998623,9.297334]]],[[[117.938889,9.273365],[117.938577,9.286236],[117.931907,9.285031],[117.938889,9.273365]]],[[[117.944472,9.265749],[117.94657,9.269312],[117.941008,9.274036],[117.93385,9.270807],[117.944472,9.265749]]],[[[119.352469,10.269203],[119.3605,10.27412],[119.362436,10.280781],[119.354546,10.281162],[119.350718,10.271839],[119.352469,10.269203]]],[[[119.32172,10.240408],[119.326377,10.236569],[119.332772,10.240567],[119.327439,10.249506],[119.32172,10.240408]]],[[[119.249843,10.141807],[119.25369,10.145692],[119.253226,10.150596],[119.246969,10.153443],[119.247758,10.143048],[119.249843,10.141807]]],[[[119.236113,10.087455],[119.238477,10.08647],[119.247056,10.10315],[119.246833,10.116214],[119.242155,10.126569],[119.237546,10.126871],[119.232735,10.122501],[119.233847,10.113223],[119.233717,10.101107],[119.229415,10.092778],[119.236113,10.087455]]],[[[119.219912,10.059584],[119.223945,10.06154],[119.233197,10.078104],[119.230377,10.08747],[119.227679,10.086262],[119.223853,10.074028],[119.218046,10.067279],[119.213656,10.065104],[119.214489,10.060971],[119.219912,10.059584]]],[[[119.304753,10.688317],[119.30968,10.690147],[119.311438,10.700214],[119.30694,10.703932],[119.304223,10.700785],[119.303176,10.691804],[119.304753,10.688317]]],[[[119.122684,10.548922],[119.128901,10.555323],[119.138293,10.55475],[119.148188,10.559083],[119.151367,10.562782],[119.15273,10.569086],[119.156692,10.568574],[119.164819,10.56361],[119.172342,10.569806],[119.182518,10.568893],[119.187697,10.564991],[119.196188,10.565688],[119.196746,10.568661],[119.187751,10.570221],[119.182264,10.575735],[119.17653,10.572665],[119.165973,10.570651],[119.159749,10.572723],[119.16095,10.577232],[119.156529,10.582437],[119.161721,10.587276],[119.160211,10.591962],[119.152699,10.589705],[119.139523,10.580417],[119.138221,10.586791],[119.13274,10.581604],[119.128991,10.581535],[119.122549,10.587926],[119.118782,10.583339],[119.119229,10.576781],[119.125724,10.577454],[119.129865,10.57538],[119.135328,10.56919],[119.126088,10.564414],[119.129189,10.55823],[119.123964,10.555284],[119.122684,10.548922]]],[[[119.076006,10.48522],[119.081899,10.500184],[119.076399,10.503999],[119.078137,10.510506],[119.072466,10.511371],[119.056096,10.504328],[119.062827,10.49682],[119.056018,10.491442],[119.059666,10.488008],[119.064256,10.490469],[119.070091,10.490317],[119.076006,10.48522]]],[[[119.132986,10.509298],[119.133399,10.504542],[119.130581,10.499527],[119.133416,10.495922],[119.14159,10.504299],[119.132986,10.509298]]],[[[118.999296,10.443615],[119.003635,10.447886],[119.001154,10.455628],[118.995245,10.452685],[118.999296,10.443615]]],[[[119.020491,10.418067],[119.026307,10.427895],[119.026206,10.435032],[119.019145,10.436031],[119.013593,10.441144],[119.011733,10.433461],[119.015722,10.422064],[119.020491,10.418067]]],[[[119.626434,10.722029],[119.626161,10.716401],[119.629868,10.708789],[119.635634,10.711636],[119.635055,10.720522],[119.626434,10.722029]]],[[[119.6985,10.728204],[119.694563,10.72504],[119.690264,10.716286],[119.688727,10.708144],[119.689714,10.697884],[119.693275,10.687443],[119.698318,10.687135],[119.697759,10.693827],[119.702396,10.700296],[119.699879,10.707045],[119.696294,10.710434],[119.696337,10.717242],[119.6985,10.728204]]],[[[119.625794,10.83815],[119.621114,10.83273],[119.621488,10.828724],[119.62864,10.817965],[119.63119,10.811467],[119.621925,10.807777],[119.630502,10.802576],[119.632022,10.798092],[119.639535,10.802304],[119.641588,10.80891],[119.639191,10.81293],[119.641318,10.821389],[119.636009,10.822976],[119.631472,10.828988],[119.630067,10.835772],[119.625794,10.83815]]],[[[119.63425,10.867567],[119.628113,10.866445],[119.621537,10.857486],[119.630677,10.854358],[119.634102,10.851061],[119.63425,10.867567]]],[[[119.34601,10.880332],[119.332029,10.876457],[119.331053,10.868286],[119.343535,10.868603],[119.343175,10.874665],[119.34601,10.880332]]],[[[119.714199,10.963219],[119.708594,10.960151],[119.706025,10.955045],[119.709078,10.949057],[119.708654,10.939601],[119.712549,10.936765],[119.715724,10.954969],[119.714199,10.963219]]],[[[119.291502,11.022996],[119.284785,11.011905],[119.282054,11.018462],[119.271711,11.020674],[119.273277,11.014337],[119.268996,11.003351],[119.274066,10.99725],[119.262628,10.984694],[119.263955,10.979312],[119.268605,10.976717],[119.271571,10.966048],[119.270719,10.959433],[119.276846,10.959803],[119.282332,10.956756],[119.286071,10.951879],[119.291963,10.948058],[119.29754,10.949629],[119.300517,10.956671],[119.292796,10.966414],[119.298143,10.973664],[119.292235,10.973949],[119.288712,10.977829],[119.289029,10.9835],[119.29365,10.991073],[119.302476,10.994361],[119.299433,10.999944],[119.301069,11.003652],[119.29969,11.010821],[119.30413,11.015237],[119.297363,11.020859],[119.291502,11.022996]]],[[[119.731002,11.030258],[119.72514,11.025868],[119.727229,11.017771],[119.736462,11.007992],[119.742066,11.010517],[119.746355,11.016797],[119.745532,11.019707],[119.738799,11.024667],[119.734486,11.024852],[119.731002,11.030258]]],[[[119.708142,11.0575],[119.698723,11.053196],[119.6985,11.031124],[119.702846,11.026565],[119.710729,11.032177],[119.718093,11.034469],[119.723548,11.032139],[119.723553,11.041392],[119.718891,11.040949],[119.714189,11.046312],[119.71446,11.054794],[119.708142,11.0575]]],[[[119.684507,11.072105],[119.685961,11.065962],[119.678519,11.057544],[119.671868,11.055049],[119.671667,11.032729],[119.674688,11.029071],[119.679226,11.036952],[119.686696,11.046533],[119.691174,11.046948],[119.695132,11.065525],[119.684507,11.072105]]],[[[119.729155,11.078935],[119.730287,11.072922],[119.728693,11.067738],[119.739591,11.066338],[119.737975,11.074015],[119.729155,11.078935]]],[[[119.584969,11.10013],[119.580916,11.098194],[119.580668,11.090742],[119.572476,11.082601],[119.569878,11.074602],[119.560208,11.062665],[119.558857,11.055537],[119.5617,11.043116],[119.570261,11.043513],[119.574682,11.041956],[119.57868,11.037101],[119.589358,11.033048],[119.598535,11.031817],[119.595904,11.02408],[119.59747,11.011752],[119.603434,11.01155],[119.610508,11.00499],[119.617476,11.014723],[119.620952,11.016716],[119.622229,11.02244],[119.630049,11.021529],[119.63124,11.016839],[119.627572,11.011908],[119.633152,11.00088],[119.635882,11.009757],[119.642301,11.015758],[119.642627,11.024871],[119.637764,11.036333],[119.634032,11.032441],[119.625169,11.036835],[119.627821,11.044781],[119.623177,11.047393],[119.617012,11.06596],[119.617179,11.07567],[119.622322,11.077986],[119.624205,11.083731],[119.621001,11.088451],[119.612994,11.083536],[119.606339,11.083065],[119.60047,11.09124],[119.595403,11.087747],[119.589534,11.08756],[119.584969,11.10013]]],[[[119.68777,11.123054],[119.681654,11.121807],[119.675424,11.125365],[119.667022,11.121713],[119.670205,11.112144],[119.674119,11.109268],[119.677225,11.100543],[119.682587,11.103139],[119.684619,11.08795],[119.688063,11.081976],[119.692025,11.085164],[119.693364,11.090826],[119.697277,11.09381],[119.697982,11.102521],[119.691196,11.106963],[119.692419,11.118873],[119.68777,11.123054]]],[[[119.598726,11.196638],[119.592075,11.193308],[119.589593,11.174937],[119.581959,11.179366],[119.573657,11.18038],[119.564306,11.179715],[119.556135,11.17324],[119.557019,11.16854],[119.55418,11.160877],[119.555575,11.151697],[119.561432,11.14361],[119.563874,11.137638],[119.57388,11.139093],[119.579608,11.145901],[119.584663,11.147065],[119.592499,11.141461],[119.596308,11.148976],[119.595546,11.16052],[119.601719,11.159451],[119.60618,11.150652],[119.611933,11.155986],[119.625096,11.162078],[119.630902,11.175007],[119.628415,11.179087],[119.627919,11.186577],[119.62493,11.189003],[119.605129,11.193105],[119.598726,11.196638]]],[[[119.935736,11.987166],[119.944781,11.986092],[119.950458,11.983171],[119.961081,11.987142],[119.962825,11.990346],[119.954137,11.995109],[119.945448,11.995548],[119.943451,11.992742],[119.935821,11.993797],[119.935736,11.987166]]],[[[119.973661,11.98277],[119.981871,11.976854],[119.987417,11.978634],[119.979663,11.983798],[119.973661,11.98277]]],[[[119.83041,11.93859],[119.831255,11.946366],[119.839979,11.950252],[119.843751,11.956531],[119.846877,11.966692],[119.854041,11.975356],[119.860887,11.974173],[119.871786,11.978769],[119.847278,11.981652],[119.844147,11.978862],[119.842724,11.971781],[119.834921,11.958181],[119.828842,11.953799],[119.825747,11.942327],[119.83041,11.93859]]],[[[119.939054,11.957457],[119.942608,11.958599],[119.953713,11.955963],[119.957587,11.963558],[119.968499,11.965231],[119.973603,11.968331],[119.964219,11.972636],[119.958922,11.977245],[119.950176,11.97838],[119.940355,11.981267],[119.935532,11.979105],[119.939091,11.973254],[119.944062,11.969905],[119.939096,11.965012],[119.939054,11.957457]]],[[[119.944795,11.658597],[119.952673,11.661247],[119.956448,11.658833],[119.962653,11.662339],[119.961259,11.668587],[119.965997,11.668865],[119.96879,11.673067],[119.963145,11.688236],[119.969067,11.689908],[119.971956,11.678651],[119.977318,11.673965],[119.985806,11.669816],[119.986627,11.678467],[120.00236,11.677373],[120.005456,11.682693],[120.005357,11.691243],[120.013209,11.69598],[120.021024,11.697791],[120.025282,11.706584],[120.030197,11.712356],[120.037258,11.71768],[120.045692,11.716584],[120.045514,11.734446],[120.050884,11.733316],[120.054744,11.740611],[120.053069,11.751745],[120.057888,11.756345],[120.053657,11.759935],[120.042774,11.753484],[120.034984,11.757645],[120.042237,11.763796],[120.050383,11.773494],[120.053664,11.780391],[120.057201,11.780231],[120.0715,11.785829],[120.065649,11.78909],[120.060367,11.79615],[120.06213,11.800536],[120.055569,11.804751],[120.045599,11.805113],[120.044119,11.811454],[120.038121,11.80844],[120.031663,11.810267],[120.035083,11.814338],[120.034743,11.821094],[120.030593,11.82564],[120.037301,11.827194],[120.03515,11.83245],[120.04424,11.836728],[120.034423,11.848182],[120.027324,11.843357],[120.024607,11.845622],[120.026147,11.852136],[120.037286,11.854464],[120.047936,11.846068],[120.054292,11.852167],[120.0625,11.85161],[120.063168,11.856961],[120.073243,11.859165],[120.068423,11.864775],[120.0654,11.863317],[120.062054,11.869954],[120.055335,11.866083],[120.056361,11.872969],[120.049341,11.875528],[120.049868,11.864707],[120.043708,11.865878],[120.042634,11.876356],[120.026167,11.882411],[120.020295,11.882709],[120.022387,11.892882],[120.015463,11.89678],[120.003898,11.898127],[119.998798,11.893155],[119.99313,11.892787],[119.987007,11.899946],[119.988462,11.903052],[119.994986,11.903412],[120.007784,11.909833],[120.014734,11.91191],[120.01704,11.914872],[120.023014,11.913165],[120.028675,11.917528],[120.02283,11.921085],[120.023744,11.925703],[120.017392,11.926714],[120.012373,11.933867],[120.005492,11.931194],[120.008091,11.926331],[120.002433,11.924286],[119.998793,11.934264],[119.99356,11.932523],[119.991054,11.926723],[119.979477,11.920396],[119.984305,11.909486],[119.977504,11.905273],[119.974929,11.909064],[119.979157,11.916187],[119.977263,11.91905],[119.969663,11.919667],[119.963282,11.917843],[119.958517,11.913784],[119.964595,11.905508],[119.957434,11.903843],[119.944266,11.911249],[119.955404,11.913404],[119.952568,11.920617],[119.944236,11.930042],[119.947339,11.934129],[119.945557,11.941515],[119.951851,11.940085],[119.959044,11.942225],[119.95303,11.952745],[119.946728,11.952448],[119.941504,11.949742],[119.936334,11.95367],[119.92994,11.953139],[119.921233,11.957233],[119.91466,11.969485],[119.907091,11.973498],[119.90044,11.979114],[119.89087,11.969685],[119.88905,11.977276],[119.886222,11.978181],[119.877591,11.973943],[119.872158,11.969493],[119.870707,11.962611],[119.875012,11.953695],[119.87987,11.958196],[119.883727,11.955971],[119.894352,11.944231],[119.892855,11.937711],[119.886739,11.934092],[119.894194,11.926825],[119.886309,11.923141],[119.881573,11.9253],[119.875563,11.933483],[119.877006,11.935707],[119.873881,11.943746],[119.870468,11.946445],[119.866126,11.941621],[119.858973,11.943286],[119.859502,11.947947],[119.855702,11.953886],[119.851586,11.956209],[119.847233,11.952416],[119.84601,11.94737],[119.851385,11.941196],[119.860453,11.933445],[119.868955,11.930899],[119.872349,11.925619],[119.868608,11.911823],[119.869477,11.896554],[119.872928,11.889731],[119.87663,11.887286],[119.877949,11.880469],[119.882213,11.876337],[119.886568,11.879445],[119.890602,11.877991],[119.894912,11.861052],[119.906607,11.853997],[119.910768,11.847241],[119.915259,11.843903],[119.908773,11.840032],[119.904134,11.842562],[119.901019,11.838124],[119.902875,11.834809],[119.895184,11.828462],[119.905326,11.822276],[119.902158,11.811996],[119.906437,11.812712],[119.911763,11.805245],[119.910385,11.791596],[119.913939,11.787265],[119.919696,11.785034],[119.925539,11.774388],[119.922609,11.767548],[119.928571,11.760291],[119.937609,11.761185],[119.944453,11.763616],[119.961152,11.763026],[119.962797,11.767617],[119.959056,11.786599],[119.963464,11.800352],[119.972805,11.790502],[119.984543,11.800708],[119.990869,11.796419],[119.992621,11.791303],[119.98545,11.786132],[119.991279,11.783749],[120.000716,11.789093],[120.003403,11.787056],[119.991887,11.775874],[119.997444,11.775607],[119.994965,11.76965],[119.98409,11.77018],[119.970978,11.762829],[119.968222,11.753776],[119.972385,11.750115],[119.967937,11.744601],[119.963942,11.748552],[119.954567,11.743298],[119.956413,11.737278],[119.954351,11.731726],[119.968488,11.731618],[119.970793,11.722788],[119.977294,11.719651],[119.977423,11.712596],[119.971196,11.714654],[119.971017,11.71948],[119.967437,11.728597],[119.961185,11.726844],[119.95293,11.731133],[119.947369,11.73977],[119.940733,11.734047],[119.937265,11.723405],[119.939549,11.717059],[119.937088,11.71222],[119.94083,11.708465],[119.943037,11.694619],[119.939811,11.678119],[119.946317,11.680563],[119.953105,11.671848],[119.952125,11.664953],[119.943074,11.662193],[119.944795,11.658597]]],[[[119.991751,11.94165],[119.996653,11.949287],[120.004633,11.947939],[120.008752,11.942218],[120.011072,11.950082],[120.01976,11.952253],[120.01782,11.955687],[120.006298,11.960955],[120.001456,11.965871],[119.993536,11.97014],[119.98769,11.967209],[119.98417,11.958092],[119.986065,11.953324],[119.983544,11.948755],[119.985724,11.944828],[119.991751,11.94165]]],[[[120.083952,11.858504],[120.090298,11.862229],[120.080388,11.868852],[120.075921,11.868192],[120.080708,11.859086],[120.083952,11.858504]]],[[[120.102375,11.813886],[120.110816,11.815095],[120.115521,11.818982],[120.114401,11.828628],[120.108827,11.829109],[120.100733,11.824574],[120.096674,11.826138],[120.10087,11.83439],[120.100439,11.84622],[120.09255,11.845528],[120.087674,11.850448],[120.081684,11.844347],[120.072771,11.850848],[120.069398,11.847322],[120.081781,11.832027],[120.082857,11.826916],[120.095452,11.816416],[120.099907,11.81793],[120.102375,11.813886]]],[[[120.122492,11.807241],[120.129579,11.810968],[120.131375,11.819963],[120.125888,11.823112],[120.126689,11.813905],[120.122331,11.812906],[120.113892,11.802441],[120.119751,11.799628],[120.124722,11.801755],[120.122492,11.807241]]],[[[119.952408,11.748089],[119.959434,11.74797],[119.965732,11.754963],[119.956689,11.754518],[119.952408,11.748089]]],[[[119.929781,11.723719],[119.932871,11.730823],[119.93224,11.73487],[119.93751,11.737582],[119.932482,11.747796],[119.92392,11.74429],[119.927516,11.73915],[119.929781,11.723719]]],[[[120.047382,11.681849],[120.041043,11.687535],[120.042076,11.678702],[120.047382,11.681849]]],[[[118.126318,9.089184],[118.13086,9.093981],[118.126505,9.097017],[118.122652,9.095803],[118.12256,9.090743],[118.126318,9.089184]]],[[[118.136271,9.060285],[118.141614,9.062394],[118.143701,9.066414],[118.138589,9.070297],[118.133504,9.06716],[118.136271,9.060285]]],[[[122.096172,12.354273],[122.0989,12.364341],[122.095125,12.374253],[122.094815,12.38836],[122.097417,12.396562],[122.101826,12.397819],[122.105489,12.408777],[122.104571,12.41587],[122.107185,12.424983],[122.105437,12.4304],[122.105494,12.441355],[122.107787,12.449069],[122.10641,12.460138],[122.111312,12.476741],[122.110509,12.47922],[122.111891,12.497954],[122.120044,12.507949],[122.117847,12.511748],[122.123749,12.528857],[122.138066,12.536875],[122.138477,12.540777],[122.134992,12.550344],[122.137563,12.555518],[122.13225,12.561548],[122.136183,12.568173],[122.139262,12.580695],[122.132032,12.594788],[122.130858,12.60724],[122.128033,12.611636],[122.122429,12.614613],[122.121995,12.618615],[122.126456,12.632566],[122.134055,12.633999],[122.139576,12.627771],[122.149855,12.630561],[122.162411,12.632171],[122.158174,12.639237],[122.159339,12.648001],[122.152678,12.660733],[122.145344,12.658899],[122.142995,12.661681],[122.128856,12.66333],[122.121305,12.667779],[122.119082,12.657295],[122.106433,12.650728],[122.105038,12.647253],[122.09841,12.645339],[122.097178,12.641365],[122.086923,12.636324],[122.086139,12.633088],[122.078623,12.629436],[122.077276,12.624155],[122.072098,12.621033],[122.063603,12.620154],[122.046439,12.622156],[122.03553,12.618838],[122.032299,12.610965],[122.029388,12.60871],[122.021634,12.608358],[122.018621,12.604087],[122.011529,12.603334],[122.001749,12.596792],[121.99925,12.585181],[121.999953,12.580697],[121.992192,12.570035],[121.996643,12.562397],[122.001113,12.558448],[122.00975,12.544909],[122.006219,12.533774],[122.00559,12.523395],[122.011204,12.514298],[122.0121,12.508694],[122.007377,12.498361],[122.013438,12.499641],[122.016579,12.494458],[122.013839,12.485242],[122.00583,12.482447],[122.010387,12.477906],[122.007449,12.470559],[122.009654,12.460783],[122.002818,12.454056],[122.006034,12.448666],[122.004853,12.44204],[121.997986,12.436937],[121.997643,12.430786],[121.994468,12.42512],[121.988322,12.421872],[121.991749,12.413214],[121.984657,12.405414],[121.973001,12.401674],[121.962024,12.405089],[121.957801,12.398734],[121.951031,12.399622],[121.942304,12.392517],[121.941786,12.385404],[121.943993,12.37376],[121.941485,12.366387],[121.940105,12.35576],[121.935893,12.354111],[121.929278,12.347565],[121.928605,12.343429],[121.938532,12.33969],[121.938146,12.33379],[121.932753,12.331073],[121.930343,12.32394],[121.922279,12.318436],[121.92351,12.307765],[121.920844,12.303356],[121.926076,12.298326],[121.923612,12.294319],[121.928361,12.286938],[121.934912,12.28721],[121.937892,12.29302],[121.937776,12.29916],[121.947609,12.297148],[121.945564,12.287729],[121.950485,12.278136],[121.966271,12.278645],[121.966329,12.273118],[121.963521,12.269098],[121.962862,12.262942],[121.966618,12.258072],[121.974682,12.2584],[121.976379,12.262165],[121.981412,12.262747],[121.995835,12.255801],[121.99936,12.249269],[122.012099,12.24119],[122.017194,12.235627],[122.018477,12.230196],[122.015439,12.222311],[121.99608,12.211022],[121.993419,12.200481],[121.994345,12.192798],[121.988643,12.18952],[121.977143,12.19541],[121.975124,12.199393],[121.976775,12.205059],[121.974464,12.209404],[121.975652,12.215647],[121.973301,12.219365],[121.975078,12.228959],[121.969832,12.238182],[121.965239,12.234312],[121.965156,12.225283],[121.967922,12.217275],[121.966642,12.209416],[121.959898,12.193353],[121.960213,12.174485],[121.964542,12.171205],[121.965137,12.160909],[121.969048,12.155102],[121.977012,12.155809],[121.982666,12.15378],[121.986911,12.159527],[121.993197,12.156303],[121.993395,12.152094],[121.987616,12.14805],[121.987236,12.14172],[121.997608,12.127927],[122.003769,12.123574],[122.004601,12.119368],[122.012313,12.100913],[122.016514,12.098854],[122.023747,12.111694],[122.024217,12.11778],[122.022703,12.130023],[122.018025,12.132303],[122.017069,12.137686],[122.021318,12.148804],[122.031095,12.157078],[122.038079,12.172003],[122.045915,12.179832],[122.050277,12.180874],[122.054969,12.171543],[122.059095,12.170885],[122.066131,12.174011],[122.068864,12.18197],[122.066349,12.190301],[122.063188,12.191953],[122.058186,12.18878],[122.052403,12.196608],[122.047112,12.19006],[122.043993,12.190964],[122.046807,12.199664],[122.047278,12.20863],[122.042158,12.221641],[122.04584,12.225282],[122.040285,12.228634],[122.047278,12.231547],[122.05002,12.238928],[122.057863,12.251088],[122.055705,12.258426],[122.060594,12.265407],[122.064544,12.274681],[122.067795,12.27631],[122.07244,12.29506],[122.081814,12.308472],[122.088076,12.314321],[122.080902,12.320805],[122.086389,12.330518],[122.089867,12.340585],[122.096172,12.354273]]],[[[122.032916,12.949088],[122.037769,12.948976],[122.040381,12.939016],[122.049656,12.938474],[122.055618,12.931095],[122.056509,12.918976],[122.062565,12.906342],[122.065549,12.909587],[122.078677,12.90881],[122.08374,12.911341],[122.09105,12.921665],[122.096818,12.938564],[122.095732,12.943637],[122.099288,12.952579],[122.098399,12.957862],[122.088295,12.958364],[122.075874,12.962783],[122.064644,12.961497],[122.061441,12.963086],[122.054002,12.959878],[122.045426,12.961094],[122.034555,12.954117],[122.032916,12.949088]]],[[[122.597389,12.490092],[122.58045,12.4945],[122.571973,12.49518],[122.563366,12.49904],[122.555058,12.497752],[122.548825,12.50443],[122.539811,12.505246],[122.534036,12.502516],[122.530519,12.498199],[122.517445,12.492912],[122.504439,12.496558],[122.495919,12.495841],[122.494012,12.498618],[122.4856,12.494687],[122.479976,12.488252],[122.474077,12.489977],[122.468555,12.483794],[122.461918,12.48696],[122.456325,12.482224],[122.446866,12.466859],[122.44129,12.463595],[122.433722,12.46183],[122.429324,12.458091],[122.427533,12.448378],[122.42331,12.442802],[122.424816,12.43276],[122.427903,12.427932],[122.433838,12.41276],[122.442096,12.403583],[122.452333,12.395814],[122.472701,12.389575],[122.478052,12.390101],[122.483648,12.38621],[122.493019,12.385972],[122.498824,12.383479],[122.504197,12.377574],[122.514805,12.373023],[122.526979,12.370953],[122.530809,12.366645],[122.536358,12.36458],[122.543321,12.35926],[122.552393,12.348328],[122.553075,12.34072],[122.555821,12.336069],[122.563744,12.31146],[122.580352,12.302856],[122.596472,12.304041],[122.603573,12.298083],[122.609626,12.296281],[122.618989,12.286931],[122.629506,12.270332],[122.63242,12.275218],[122.63406,12.283697],[122.650499,12.295246],[122.661953,12.304863],[122.669897,12.310138],[122.672082,12.316428],[122.679466,12.324142],[122.686377,12.340727],[122.686699,12.350648],[122.692697,12.36484],[122.686032,12.375032],[122.685951,12.381244],[122.698313,12.398149],[122.69865,12.40169],[122.694959,12.408104],[122.689747,12.412463],[122.685507,12.420699],[122.685359,12.429334],[122.68054,12.438016],[122.675118,12.439497],[122.667747,12.45302],[122.660798,12.471816],[122.65325,12.476768],[122.657151,12.480682],[122.65468,12.483956],[122.638214,12.48364],[122.634907,12.492198],[122.617932,12.493275],[122.612825,12.491448],[122.605778,12.494197],[122.597389,12.490092]]],[[[121.715846,12.895737],[121.721267,12.902115],[121.725937,12.915657],[121.731146,12.910747],[121.732421,12.919152],[121.736117,12.926856],[121.734439,12.930924],[121.729583,12.931882],[121.725702,12.943388],[121.714671,12.942966],[121.704077,12.94896],[121.695321,12.947696],[121.690268,12.940582],[121.68619,12.937906],[121.684078,12.931045],[121.686468,12.92487],[121.687144,12.916349],[121.691723,12.916964],[121.701369,12.900794],[121.703804,12.900111],[121.709853,12.909417],[121.712649,12.897553],[121.715846,12.895737]]],[[[122.050895,12.780681],[122.060906,12.784443],[122.064267,12.788009],[122.068564,12.79849],[122.073602,12.804169],[122.077364,12.813613],[122.083716,12.81924],[122.089167,12.830224],[122.089567,12.835927],[122.086009,12.837578],[122.080231,12.835352],[122.079604,12.831267],[122.074965,12.826333],[122.061706,12.823535],[122.051574,12.817346],[122.035998,12.815741],[122.026165,12.806952],[122.019242,12.795753],[122.023884,12.793443],[122.030057,12.797494],[122.032968,12.795114],[122.029541,12.790113],[122.031369,12.786825],[122.045078,12.784114],[122.050895,12.780681]]],[[[122.238635,12.647735],[122.245394,12.656627],[122.245764,12.66716],[122.239365,12.671381],[122.23041,12.66252],[122.23313,12.653474],[122.238635,12.647735]]],[[[122.255016,12.614232],[122.260471,12.618708],[122.265564,12.625917],[122.261229,12.630738],[122.251656,12.626497],[122.240154,12.623159],[122.237299,12.618157],[122.253468,12.616206],[122.255016,12.614232]]],[[[122.295776,12.601946],[122.293458,12.605863],[122.295163,12.612498],[122.293004,12.619855],[122.289224,12.619817],[122.285569,12.625479],[122.279443,12.623091],[122.276991,12.61182],[122.270374,12.607869],[122.268369,12.597943],[122.270082,12.593272],[122.275226,12.590964],[122.268801,12.583524],[122.254902,12.578784],[122.246785,12.569999],[122.254047,12.56688],[122.249269,12.561843],[122.251777,12.552801],[122.256064,12.551446],[122.261685,12.543165],[122.262099,12.53813],[122.25878,12.533771],[122.253323,12.533359],[122.253735,12.527176],[122.258439,12.526939],[122.260053,12.515386],[122.265904,12.509792],[122.267502,12.500538],[122.271189,12.49098],[122.276402,12.48537],[122.284483,12.481435],[122.3023,12.478061],[122.306102,12.482254],[122.319085,12.48957],[122.321128,12.496422],[122.326723,12.50346],[122.328115,12.508982],[122.326238,12.516379],[122.326738,12.541131],[122.32197,12.547916],[122.30855,12.55613],[122.307094,12.563003],[122.309174,12.571364],[122.300013,12.578386],[122.300029,12.582237],[122.295282,12.584753],[122.298314,12.592887],[122.295776,12.601946]]],[[[122.241102,12.583696],[122.24751,12.588118],[122.244299,12.591083],[122.240169,12.588842],[122.241102,12.583696]]],[[[121.93686,12.096794],[121.927097,12.08906],[121.915757,12.08446],[121.913536,12.080201],[121.910695,12.063014],[121.914484,12.053531],[121.924226,12.043436],[121.935072,12.038146],[121.938972,12.03771],[121.946085,12.033077],[121.952268,12.031183],[121.957501,12.032654],[121.960283,12.046819],[121.958589,12.050578],[121.961388,12.06621],[121.954525,12.073521],[121.95253,12.078502],[121.952028,12.089733],[121.947904,12.095317],[121.93686,12.096794]]],[[[118.9167,9.93361],[118.921242,9.930944],[118.923453,9.926161],[118.931342,9.931166],[118.928775,9.938801],[118.920854,9.940221],[118.9167,9.93361]]],[[[118.876355,9.913534],[118.877757,9.905477],[118.882428,9.907696],[118.882825,9.912455],[118.876355,9.913534]]],[[[118.790675,9.880508],[118.785396,9.887185],[118.776591,9.888545],[118.777598,9.881591],[118.785486,9.883027],[118.790675,9.880508]]],[[[118.763602,9.848844],[118.764469,9.855327],[118.757514,9.853218],[118.763602,9.848844]]],[[[122.588918,9.444193],[122.596481,9.43447],[122.600957,9.432185],[122.612924,9.420093],[122.623229,9.42218],[122.628976,9.418453],[122.641872,9.403605],[122.650808,9.400989],[122.659977,9.393027],[122.663195,9.392103],[122.674396,9.379782],[122.682947,9.382345],[122.689368,9.381755],[122.698681,9.376613],[122.706067,9.375163],[122.710869,9.379464],[122.724859,9.374233],[122.745752,9.37136],[122.753038,9.36757],[122.767085,9.366545],[122.776339,9.367341],[122.783165,9.366313],[122.796026,9.360495],[122.808152,9.359084],[122.814242,9.356177],[122.825311,9.348126],[122.838921,9.333314],[122.852122,9.330665],[122.856902,9.331598],[122.864853,9.328935],[122.872093,9.321026],[122.875371,9.314213],[122.87314,9.304285],[122.87366,9.296891],[122.876409,9.288212],[122.878245,9.270551],[122.874769,9.259226],[122.870573,9.256393],[122.871237,9.251921],[122.878883,9.232489],[122.879211,9.22264],[122.884433,9.219433],[122.888793,9.209915],[122.890114,9.19527],[122.893596,9.189782],[122.898888,9.169228],[122.904635,9.161812],[122.909446,9.144077],[122.908707,9.137611],[122.9145,9.134965],[122.920364,9.121696],[122.923239,9.119931],[122.928634,9.108592],[122.93378,9.093715],[122.93509,9.085827],[122.942321,9.075489],[122.948801,9.075463],[122.95655,9.07098],[122.966472,9.068759],[122.976731,9.06262],[122.980842,9.056611],[122.986128,9.052993],[122.998431,9.048397],[123.004553,9.04315],[123.014986,9.038461],[123.019773,9.039786],[123.028556,9.04712],[123.036417,9.049137],[123.0515,9.049372],[123.060027,9.051935],[123.069387,9.064256],[123.073806,9.066716],[123.093993,9.063414],[123.099065,9.06041],[123.103853,9.061175],[123.111899,9.053944],[123.127678,9.061127],[123.126753,9.054963],[123.117523,9.05375],[123.122548,9.046249],[123.130277,9.047381],[123.137712,9.058685],[123.142951,9.063195],[123.143454,9.068115],[123.151817,9.075927],[123.158105,9.071053],[123.163471,9.078509],[123.16798,9.080355],[123.170469,9.085712],[123.175511,9.087016],[123.179914,9.093069],[123.185314,9.095034],[123.1953,9.095504],[123.202256,9.093765],[123.203857,9.099617],[123.210172,9.111065],[123.212156,9.120556],[123.228245,9.135884],[123.229367,9.139621],[123.241365,9.15045],[123.244674,9.157057],[123.246557,9.165848],[123.25363,9.175427],[123.262757,9.184978],[123.270706,9.187483],[123.274521,9.197409],[123.281089,9.204089],[123.286292,9.21285],[123.28876,9.225076],[123.294357,9.235651],[123.299886,9.265172],[123.299991,9.272606],[123.306323,9.285765],[123.307582,9.292582],[123.311702,9.299495],[123.309246,9.311339],[123.312889,9.319051],[123.308322,9.339851],[123.304182,9.344403],[123.298213,9.354564],[123.291315,9.358875],[123.282461,9.362249],[123.27545,9.367384],[123.267703,9.36998],[123.264781,9.377376],[123.260099,9.381918],[123.256294,9.396999],[123.246245,9.407092],[123.241614,9.421497],[123.234792,9.42645],[123.235841,9.438889],[123.238461,9.447145],[123.236798,9.451598],[123.226902,9.466294],[123.214604,9.467965],[123.192415,9.474254],[123.184536,9.479192],[123.178804,9.505103],[123.170637,9.519625],[123.169746,9.523592],[123.162836,9.532697],[123.162141,9.538125],[123.1549,9.542294],[123.154247,9.547926],[123.148399,9.544957],[123.140853,9.544813],[123.132325,9.547223],[123.120474,9.55272],[123.127644,9.566916],[123.132768,9.583274],[123.142482,9.586312],[123.147514,9.584205],[123.153484,9.577908],[123.150012,9.561763],[123.157889,9.566044],[123.163531,9.577681],[123.154037,9.585768],[123.15316,9.595775],[123.141465,9.59596],[123.138167,9.598946],[123.136313,9.606331],[123.131276,9.605126],[123.126654,9.609611],[123.122161,9.606418],[123.115353,9.61684],[123.116102,9.620992],[123.107574,9.628466],[123.112436,9.638998],[123.113501,9.644665],[123.111899,9.651034],[123.116938,9.652069],[123.124314,9.656959],[123.128323,9.653957],[123.148724,9.653834],[123.149207,9.665737],[123.152692,9.672377],[123.150932,9.679286],[123.153496,9.690127],[123.158961,9.698875],[123.16066,9.707969],[123.156897,9.7216],[123.152646,9.727937],[123.153454,9.732538],[123.151966,9.742095],[123.154008,9.748066],[123.150098,9.761774],[123.146493,9.764786],[123.144342,9.770814],[123.151348,9.777194],[123.150706,9.783965],[123.147251,9.789666],[123.147648,9.794596],[123.140921,9.800062],[123.143057,9.805363],[123.14296,9.820425],[123.137974,9.827758],[123.1327,9.830434],[123.132466,9.840245],[123.139491,9.837468],[123.138136,9.84663],[123.143615,9.852631],[123.150384,9.854141],[123.151164,9.858874],[123.148045,9.866937],[123.150544,9.88079],[123.146898,9.891976],[123.150565,9.904453],[123.157777,9.911132],[123.157468,9.916489],[123.174471,9.921582],[123.179028,9.926744],[123.179034,9.933987],[123.176988,9.938606],[123.180272,9.942591],[123.183507,9.955528],[123.189936,9.961023],[123.189935,9.965529],[123.195816,9.969025],[123.213265,9.997356],[123.228206,10.003779],[123.226491,10.016291],[123.229407,10.02118],[123.235806,10.026854],[123.239608,10.046985],[123.243624,10.049028],[123.247747,10.055355],[123.249483,10.064942],[123.252353,10.066017],[123.254008,10.07534],[123.256874,10.07769],[123.262121,10.08926],[123.265771,10.091773],[123.265404,10.098866],[123.269002,10.112803],[123.281335,10.129111],[123.283098,10.138807],[123.280447,10.14096],[123.281467,10.157127],[123.280635,10.162526],[123.28298,10.167521],[123.282278,10.172286],[123.286222,10.178601],[123.28512,10.183874],[123.287799,10.188591],[123.294075,10.190532],[123.298547,10.19698],[123.305166,10.214405],[123.304706,10.221808],[123.308938,10.227266],[123.314242,10.228732],[123.320749,10.240903],[123.321166,10.245924],[123.325195,10.252927],[123.326277,10.273933],[123.33149,10.278055],[123.329423,10.29407],[123.327244,10.303244],[123.331276,10.30636],[123.328896,10.323126],[123.329662,10.331652],[123.325975,10.339502],[123.326519,10.346569],[123.329394,10.352061],[123.329117,10.363094],[123.332495,10.377196],[123.335915,10.382476],[123.339394,10.38417],[123.341507,10.393664],[123.346743,10.395849],[123.345237,10.400259],[123.347127,10.406914],[123.351351,10.406877],[123.353518,10.413489],[123.354654,10.425353],[123.357723,10.432529],[123.35922,10.440725],[123.366934,10.442049],[123.366834,10.451105],[123.37714,10.454045],[123.390167,10.463307],[123.39399,10.467906],[123.399498,10.469902],[123.403902,10.468597],[123.416783,10.479157],[123.422301,10.476562],[123.427095,10.487662],[123.43339,10.494874],[123.432393,10.499307],[123.438159,10.502835],[123.440855,10.499069],[123.448739,10.504196],[123.447764,10.510802],[123.463429,10.52618],[123.462045,10.532544],[123.457418,10.536401],[123.462844,10.544845],[123.471318,10.544053],[123.472947,10.550249],[123.469766,10.555127],[123.469126,10.563229],[123.476096,10.574025],[123.480095,10.589139],[123.483252,10.589838],[123.487098,10.596303],[123.485708,10.603532],[123.48888,10.605597],[123.491692,10.613333],[123.490212,10.619569],[123.493625,10.621887],[123.494611,10.628634],[123.493117,10.636284],[123.502234,10.664321],[123.504163,10.687978],[123.509422,10.69745],[123.508059,10.704604],[123.514856,10.712594],[123.524137,10.716236],[123.516561,10.72058],[123.517884,10.725603],[123.526628,10.730517],[123.531193,10.740268],[123.532013,10.746879],[123.530826,10.755048],[123.542782,10.751072],[123.548073,10.759643],[123.545793,10.764149],[123.547579,10.769562],[123.552691,10.769612],[123.559775,10.774306],[123.560142,10.788437],[123.564136,10.789283],[123.568278,10.794357],[123.565844,10.801684],[123.560861,10.809915],[123.548875,10.815689],[123.557292,10.818734],[123.560702,10.825684],[123.566976,10.828211],[123.564914,10.836623],[123.565898,10.843235],[123.559152,10.840868],[123.558515,10.837643],[123.549033,10.836794],[123.541469,10.833328],[123.532089,10.836967],[123.536199,10.846276],[123.536006,10.850675],[123.529537,10.853982],[123.522617,10.865665],[123.524209,10.870521],[123.522469,10.878194],[123.527551,10.880536],[123.516601,10.890374],[123.520073,10.897668],[123.519626,10.901228],[123.508075,10.908176],[123.514493,10.912863],[123.514519,10.918123],[123.507111,10.925374],[123.501782,10.923872],[123.496903,10.926342],[123.493043,10.93397],[123.487429,10.932958],[123.481809,10.926729],[123.47541,10.923596],[123.468604,10.923407],[123.459364,10.929625],[123.450593,10.937637],[123.44808,10.937497],[123.42927,10.945253],[123.423991,10.948258],[123.417138,10.94912],[123.408379,10.952906],[123.401371,10.949042],[123.399799,10.943257],[123.395723,10.942234],[123.396329,10.950262],[123.393733,10.95678],[123.378784,10.958561],[123.37315,10.96116],[123.367655,10.957773],[123.359627,10.956578],[123.35527,10.952154],[123.348427,10.949896],[123.331468,10.954125],[123.32107,10.950981],[123.316966,10.955485],[123.300658,10.962369],[123.282878,10.971661],[123.272713,10.978105],[123.266584,10.986152],[123.258814,10.988714],[123.247828,10.988555],[123.247611,10.996741],[123.237143,10.996664],[123.23352,10.994288],[123.220079,10.995411],[123.210997,10.998464],[123.204902,10.998405],[123.195678,11.00301],[123.189276,11.000959],[123.184959,10.992989],[123.175229,10.989833],[123.172485,10.984679],[123.165846,10.981087],[123.163263,10.976567],[123.155341,10.977486],[123.144021,10.973942],[123.140707,10.971238],[123.131592,10.971452],[123.124793,10.965727],[123.120611,10.957402],[123.112802,10.95626],[123.102816,10.943333],[123.096598,10.941562],[123.091232,10.937673],[123.088683,10.9316],[123.075586,10.915365],[123.067813,10.914104],[123.063203,10.916735],[123.048602,10.920588],[123.047256,10.923256],[123.038243,10.923838],[123.015156,10.912932],[123.006826,10.915224],[122.996463,10.913652],[122.986092,10.908335],[122.981225,10.899197],[122.974917,10.897298],[122.957287,10.896418],[122.95202,10.890964],[122.959162,10.885393],[122.960063,10.879441],[122.956854,10.867166],[122.948273,10.863394],[122.944375,10.853657],[122.946471,10.843386],[122.949336,10.836284],[122.95076,10.826542],[122.949329,10.805818],[122.962373,10.803153],[122.968083,10.795079],[122.964234,10.786247],[122.965582,10.783369],[122.961976,10.768531],[122.964342,10.754954],[122.96216,10.742366],[122.960396,10.739215],[122.962736,10.730402],[122.960196,10.725762],[122.953297,10.725007],[122.948581,10.727158],[122.945718,10.722818],[122.948985,10.715716],[122.947852,10.703533],[122.951447,10.696944],[122.951024,10.685707],[122.935898,10.691506],[122.933284,10.685341],[122.943384,10.681091],[122.938824,10.669056],[122.929546,10.660455],[122.924015,10.646335],[122.924089,10.636729],[122.926179,10.635101],[122.923608,10.62534],[122.919202,10.618316],[122.91447,10.605417],[122.902632,10.599789],[122.899971,10.595009],[122.894919,10.587139],[122.88295,10.581475],[122.882977,10.572958],[122.881049,10.565182],[122.872802,10.562254],[122.870459,10.556029],[122.866006,10.552488],[122.849435,10.547419],[122.8424,10.548278],[122.834102,10.552693],[122.831622,10.548911],[122.823925,10.551299],[122.815723,10.544686],[122.808469,10.53429],[122.795678,10.522732],[122.81016,10.506098],[122.816884,10.492147],[122.820541,10.478384],[122.823807,10.454462],[122.824008,10.441862],[122.83154,10.429524],[122.844272,10.414213],[122.850276,10.408103],[122.856916,10.40691],[122.861216,10.385036],[122.860846,10.378943],[122.863658,10.376634],[122.866071,10.35507],[122.859696,10.348916],[122.858954,10.334979],[122.857314,10.325396],[122.84947,10.316237],[122.8492,10.30781],[122.845465,10.299728],[122.841788,10.297929],[122.845774,10.281484],[122.849236,10.277199],[122.845051,10.273348],[122.843626,10.265899],[122.845399,10.24976],[122.843054,10.236257],[122.839882,10.229464],[122.841872,10.208903],[122.845632,10.1989],[122.850125,10.183142],[122.856677,10.168865],[122.859207,10.159415],[122.862182,10.141725],[122.862772,10.128197],[122.862452,10.11179],[122.863768,10.108515],[122.861143,10.101772],[122.868091,10.096646],[122.859423,10.093407],[122.848139,10.076743],[122.839953,10.072561],[122.836918,10.069195],[122.829611,10.067791],[122.821815,10.063094],[122.807733,10.061147],[122.80364,10.065008],[122.789892,10.067893],[122.782591,10.073302],[122.782125,10.067123],[122.77715,10.068415],[122.77413,10.06534],[122.774975,10.060461],[122.762778,10.054776],[122.754923,10.045122],[122.747132,10.042681],[122.743485,10.035659],[122.735449,10.030532],[122.723638,10.019393],[122.723122,10.015519],[122.708141,10.004078],[122.699753,9.994869],[122.688244,9.988462],[122.679534,9.985485],[122.669852,9.980317],[122.655428,9.976098],[122.64502,9.975309],[122.629802,9.975848],[122.616585,9.975272],[122.594124,9.97849],[122.581365,9.981357],[122.573231,9.979752],[122.543655,9.982008],[122.52291,9.985653],[122.516331,9.984709],[122.508043,9.986626],[122.49955,9.985438],[122.493435,9.981573],[122.470208,9.982075],[122.466039,9.978414],[122.458588,9.978272],[122.452107,9.976125],[122.450723,9.95989],[122.446235,9.951208],[122.447254,9.946928],[122.445495,9.937861],[122.443186,9.936857],[122.443091,9.923871],[122.440089,9.91432],[122.435604,9.910371],[122.435264,9.904481],[122.432299,9.899313],[122.426484,9.894188],[122.418749,9.890659],[122.415399,9.883169],[122.409814,9.878137],[122.408674,9.871062],[122.40108,9.862794],[122.39941,9.854943],[122.394176,9.853865],[122.386727,9.846458],[122.381793,9.844188],[122.377008,9.835856],[122.386246,9.835762],[122.388137,9.832171],[122.384559,9.823715],[122.387845,9.820117],[122.396935,9.82017],[122.401101,9.814947],[122.397713,9.806216],[122.397816,9.79783],[122.393341,9.793979],[122.393229,9.785416],[122.397013,9.775162],[122.398947,9.763991],[122.398632,9.742015],[122.394372,9.728643],[122.388426,9.726977],[122.389122,9.722727],[122.382775,9.713094],[122.380711,9.707461],[122.388243,9.702397],[122.390413,9.696178],[122.397016,9.691541],[122.402028,9.69423],[122.407741,9.701779],[122.414154,9.706436],[122.420099,9.702718],[122.420561,9.693695],[122.415358,9.687454],[122.407011,9.680356],[122.398711,9.677162],[122.403756,9.669181],[122.403877,9.665555],[122.408392,9.659436],[122.421226,9.66397],[122.430778,9.671614],[122.437895,9.669782],[122.443874,9.663232],[122.45704,9.660954],[122.458877,9.656849],[122.456212,9.650902],[122.458858,9.644429],[122.455354,9.633818],[122.450898,9.630517],[122.444732,9.631608],[122.441939,9.625875],[122.447857,9.62193],[122.455805,9.62196],[122.464452,9.625307],[122.464039,9.618193],[122.460092,9.609883],[122.471022,9.590138],[122.479309,9.57738],[122.48068,9.564795],[122.488092,9.563083],[122.497844,9.557978],[122.505228,9.556067],[122.512947,9.546465],[122.518401,9.543942],[122.520234,9.538009],[122.516689,9.534236],[122.523964,9.527426],[122.523162,9.5244],[122.527298,9.517584],[122.53312,9.517563],[122.536225,9.511394],[122.533409,9.503412],[122.53931,9.491098],[122.544894,9.48922],[122.546032,9.483761],[122.551926,9.474784],[122.55904,9.47221],[122.567666,9.458938],[122.578916,9.447301],[122.588918,9.444193]]],[[[123.544278,10.970834],[123.543677,10.964318],[123.549194,10.961265],[123.555537,10.955062],[123.572161,10.955116],[123.570797,10.963661],[123.562909,10.96966],[123.559183,10.968403],[123.555331,10.961392],[123.544278,10.970834]]],[[[123.503755,10.938251],[123.500515,10.936374],[123.501768,10.929298],[123.507308,10.928564],[123.513744,10.93223],[123.513138,10.936207],[123.503755,10.938251]]],[[[123.442829,10.477338],[123.431106,10.460241],[123.428917,10.459257],[123.417301,10.445524],[123.418374,10.440821],[123.423218,10.437158],[123.428215,10.443519],[123.431664,10.451207],[123.437121,10.456031],[123.440615,10.462859],[123.445367,10.462331],[123.448831,10.467471],[123.448954,10.478504],[123.442829,10.477338]]],[[[123.274366,9.079127],[123.273071,9.084372],[123.268761,9.08415],[123.268234,9.074117],[123.274366,9.079127]]],[[[123.608073,9.300523],[123.603058,9.300877],[123.596008,9.286745],[123.597429,9.274543],[123.596541,9.264693],[123.587322,9.248234],[123.575286,9.245842],[123.574799,9.242369],[123.569371,9.240341],[123.567382,9.234103],[123.562371,9.228098],[123.55045,9.223954],[123.524186,9.225731],[123.516533,9.220438],[123.510877,9.214236],[123.497507,9.213833],[123.491777,9.214981],[123.485711,9.219665],[123.480877,9.220105],[123.470617,9.224323],[123.46508,9.221833],[123.465068,9.214292],[123.460061,9.211584],[123.461944,9.20327],[123.460637,9.197662],[123.452452,9.192669],[123.456104,9.182807],[123.464806,9.175435],[123.471606,9.174869],[123.485584,9.16499],[123.500775,9.149351],[123.514663,9.137711],[123.522212,9.135819],[123.533695,9.127412],[123.542958,9.11568],[123.551409,9.114847],[123.556466,9.109164],[123.558229,9.102489],[123.572623,9.101411],[123.5786,9.097874],[123.587084,9.095771],[123.596648,9.095935],[123.598798,9.098315],[123.605803,9.097008],[123.610723,9.099958],[123.623707,9.102641],[123.625551,9.113186],[123.634868,9.123854],[123.640049,9.125878],[123.65111,9.123145],[123.657203,9.115143],[123.66814,9.115958],[123.676312,9.123051],[123.681276,9.121173],[123.69365,9.129746],[123.696984,9.140196],[123.701963,9.144879],[123.699323,9.15753],[123.684726,9.161132],[123.674312,9.16035],[123.66601,9.171547],[123.664026,9.171855],[123.657072,9.18622],[123.656322,9.19204],[123.660653,9.20309],[123.669077,9.212179],[123.675103,9.213769],[123.685402,9.213047],[123.686662,9.221335],[123.680831,9.225589],[123.666632,9.230983],[123.661759,9.235649],[123.65635,9.245063],[123.654598,9.258607],[123.648289,9.275797],[123.644778,9.281934],[123.632843,9.295143],[123.623142,9.300774],[123.608073,9.300523]]],[[[121.773513,6.596076],[121.772167,6.593689],[121.776302,6.587358],[121.780543,6.591541],[121.773513,6.596076]]],[[[121.803476,6.549261],[121.802094,6.557717],[121.796913,6.565568],[121.793724,6.566856],[121.789867,6.560859],[121.791135,6.551741],[121.803476,6.549261]]],[[[121.775771,6.518337],[121.781828,6.52171],[121.777905,6.526301],[121.772661,6.520521],[121.775771,6.518337]]],[[[121.826665,6.448046],[121.830375,6.449326],[121.83395,6.458321],[121.833462,6.465941],[121.826653,6.468209],[121.8164,6.461971],[121.819807,6.450752],[121.826665,6.448046]]],[[[122.259959,6.734331],[122.253601,6.733464],[122.257795,6.727162],[122.263914,6.72662],[122.259959,6.734331]]],[[[122.201353,6.515263],[122.206376,6.503098],[122.20542,6.496394],[122.217552,6.493579],[122.218876,6.499591],[122.209034,6.506824],[122.206073,6.514034],[122.201353,6.515263]]],[[[122.206179,6.479039],[122.20325,6.469051],[122.208385,6.464006],[122.205287,6.461522],[122.21966,6.453863],[122.225849,6.456489],[122.211416,6.46905],[122.206179,6.479039]]],[[[122.377083,6.775253],[122.36888,6.772318],[122.361469,6.767999],[122.362686,6.762674],[122.366878,6.760198],[122.379916,6.767762],[122.381784,6.771921],[122.377083,6.775253]]],[[[122.396297,6.750006],[122.391483,6.74566],[122.39199,6.738498],[122.405193,6.734388],[122.406853,6.742043],[122.396297,6.750006]]],[[[122.126633,6.43327],[122.129292,6.42932],[122.134736,6.43031],[122.13627,6.436229],[122.128093,6.435693],[122.126633,6.43327]]],[[[122.125052,6.432253],[122.118369,6.432169],[122.114032,6.429246],[122.116505,6.425541],[122.127477,6.427754],[122.125052,6.432253]]],[[[121.592331,6.888451],[121.594353,6.891178],[121.592952,6.903042],[121.586313,6.905584],[121.588386,6.893899],[121.592331,6.888451]]],[[[121.549481,6.835201],[121.555942,6.828408],[121.558482,6.830696],[121.561296,6.840857],[121.558999,6.845598],[121.55143,6.846386],[121.547005,6.839418],[121.549481,6.835201]]],[[[121.548773,6.813643],[121.545436,6.824108],[121.539017,6.834439],[121.534041,6.835161],[121.529866,6.829195],[121.540642,6.820063],[121.544418,6.814827],[121.548773,6.813643]]],[[[121.433831,6.756578],[121.438543,6.758601],[121.438842,6.767846],[121.432017,6.77242],[121.429544,6.764362],[121.433831,6.756578]]],[[[121.465888,6.733928],[121.468965,6.738261],[121.472189,6.748229],[121.464962,6.759914],[121.457877,6.765337],[121.453618,6.756789],[121.450699,6.746499],[121.458287,6.737869],[121.465888,6.733928]]],[[[121.703331,6.68345],[121.704594,6.661827],[121.702936,6.645176],[121.7066,6.646094],[121.712508,6.657851],[121.713331,6.665848],[121.717558,6.686125],[121.709852,6.694534],[121.704208,6.68923],[121.703331,6.68345]]],[[[121.618872,6.558917],[121.620175,6.564027],[121.619236,6.572765],[121.622901,6.579315],[121.62232,6.612166],[121.6196,6.621819],[121.621341,6.627194],[121.630944,6.646085],[121.632044,6.652973],[121.624966,6.655117],[121.613852,6.661344],[121.607842,6.674208],[121.599455,6.682219],[121.592995,6.684631],[121.585166,6.671496],[121.584709,6.663663],[121.590611,6.656701],[121.593087,6.650039],[121.600398,6.641761],[121.599401,6.624786],[121.607488,6.617308],[121.616422,6.60514],[121.618964,6.599535],[121.614978,6.593879],[121.617248,6.583754],[121.616303,6.580666],[121.616126,6.561085],[121.618872,6.558917]]],[[[121.534541,6.646156],[121.537648,6.6531],[121.534966,6.658417],[121.528865,6.655251],[121.530281,6.646721],[121.534541,6.646156]]],[[[121.583495,6.625686],[121.588441,6.625781],[121.591293,6.632038],[121.588929,6.640593],[121.589766,6.649405],[121.580486,6.648341],[121.576253,6.643688],[121.570081,6.640321],[121.569957,6.632457],[121.583495,6.625686]]],[[[121.517437,6.614577],[121.517572,6.624546],[121.513302,6.624928],[121.510177,6.620757],[121.517437,6.614577]]],[[[121.545217,6.61445],[121.554616,6.618607],[121.548123,6.623553],[121.545217,6.61445]]],[[[121.564126,6.591466],[121.566216,6.597241],[121.559514,6.601084],[121.559871,6.594005],[121.564126,6.591466]]],[[[121.691757,6.586034],[121.690013,6.579846],[121.68969,6.570455],[121.695283,6.564266],[121.697945,6.566794],[121.695049,6.574902],[121.694109,6.584769],[121.691757,6.586034]]],[[[121.975501,6.361906],[121.96969,6.35859],[121.962538,6.357961],[121.960232,6.354924],[121.950482,6.350512],[121.950799,6.345519],[121.958609,6.335781],[121.967109,6.333287],[121.977665,6.335267],[121.982334,6.3391],[121.982187,6.346928],[121.9801,6.35716],[121.975501,6.361906]]],[[[122.029072,6.35043],[122.023827,6.348218],[122.018751,6.34107],[122.017056,6.332656],[122.021286,6.326532],[122.023969,6.331449],[122.033236,6.328722],[122.040874,6.329721],[122.035944,6.337226],[122.035638,6.345222],[122.029072,6.35043]]],[[[121.923966,6.327603],[121.919624,6.322797],[121.919791,6.314572],[121.923727,6.304883],[121.927875,6.304152],[121.931172,6.30823],[121.929863,6.318234],[121.923966,6.327603]]],[[[121.993958,6.29618],[121.992438,6.303634],[121.988582,6.307981],[121.981788,6.307865],[121.977845,6.310363],[121.963484,6.313003],[121.958789,6.310362],[121.956414,6.296912],[121.963063,6.287772],[121.973656,6.294109],[121.97949,6.291874],[121.980361,6.279224],[122.002237,6.286807],[122.013816,6.288547],[122.015244,6.293445],[122.010232,6.294922],[122.008417,6.291302],[121.99485,6.285119],[121.989632,6.288552],[121.993958,6.29618]]],[[[120.13585,5.196013],[120.137563,5.188015],[120.14206,5.184003],[120.153692,5.181133],[120.15568,5.171122],[120.159538,5.1635],[120.162754,5.167552],[120.16538,5.17807],[120.169389,5.187345],[120.178738,5.183376],[120.191432,5.182128],[120.183099,5.176229],[120.175477,5.162817],[120.174807,5.159327],[120.167651,5.153569],[120.165853,5.147319],[120.16891,5.142906],[120.173376,5.14312],[120.176567,5.138589],[120.182733,5.135392],[120.186451,5.130871],[120.193098,5.135089],[120.200582,5.136097],[120.205327,5.133763],[120.207042,5.129008],[120.215635,5.125951],[120.21498,5.121874],[120.2237,5.12431],[120.225682,5.131049],[120.219212,5.133014],[120.218143,5.14756],[120.221901,5.156543],[120.226164,5.16244],[120.225783,5.170354],[120.232865,5.173157],[120.239599,5.182833],[120.235401,5.185308],[120.233058,5.193448],[120.235635,5.199516],[120.234292,5.202705],[120.241497,5.205744],[120.247462,5.210222],[120.244276,5.222862],[120.250775,5.229913],[120.25233,5.235568],[120.25229,5.246703],[120.254976,5.256597],[120.253728,5.260891],[120.247377,5.263054],[120.253423,5.277222],[120.250168,5.282975],[120.242153,5.284214],[120.240927,5.286595],[120.231851,5.284362],[120.232213,5.289589],[120.214665,5.302188],[120.214456,5.315118],[120.221269,5.327108],[120.217921,5.345127],[120.209385,5.348966],[120.198711,5.342997],[120.196264,5.345402],[120.189846,5.341561],[120.186776,5.3435],[120.17593,5.344558],[120.153223,5.327521],[120.143293,5.319325],[120.135767,5.316525],[120.12419,5.308412],[120.124498,5.304493],[120.112499,5.301111],[120.10655,5.295391],[120.100661,5.293213],[120.086115,5.283392],[120.07809,5.280646],[120.075193,5.276772],[120.077381,5.26899],[120.069972,5.269564],[120.048196,5.251596],[120.024806,5.23583],[120.016155,5.231142],[120.011119,5.2335],[119.992263,5.231821],[119.985561,5.235534],[119.978884,5.236282],[119.969375,5.228565],[119.958371,5.222731],[119.953236,5.211995],[119.9514,5.203322],[119.940242,5.187787],[119.929557,5.187648],[119.918164,5.178427],[119.904872,5.175171],[119.892737,5.163388],[119.890003,5.158442],[119.877095,5.156942],[119.857551,5.149997],[119.856922,5.146421],[119.847742,5.15253],[119.83916,5.153326],[119.833922,5.151338],[119.822246,5.142762],[119.818306,5.133967],[119.810962,5.124198],[119.820705,5.120228],[119.825427,5.109522],[119.82292,5.104517],[119.823253,5.098673],[119.819052,5.09743],[119.816263,5.081245],[119.814188,5.077724],[119.820687,5.074156],[119.82305,5.06826],[119.82029,5.056221],[119.82419,5.0535],[119.838866,5.047332],[119.84539,5.048379],[119.861807,5.04717],[119.859532,5.057851],[119.851898,5.058904],[119.853873,5.064176],[119.860942,5.061957],[119.876077,5.061829],[119.88117,5.059796],[119.879619,5.072188],[119.886665,5.066295],[119.893865,5.066733],[119.897587,5.070544],[119.903278,5.069454],[119.906767,5.075206],[119.913183,5.073399],[119.919974,5.073867],[119.920452,5.084581],[119.929895,5.087656],[119.943607,5.088299],[119.954739,5.079114],[119.961107,5.077246],[119.966658,5.083484],[119.973368,5.087629],[119.976927,5.095137],[119.981102,5.098881],[119.983188,5.105028],[119.977766,5.112474],[119.97772,5.117076],[119.984593,5.115285],[119.991623,5.122608],[119.990077,5.13494],[119.987227,5.141725],[119.992638,5.142378],[119.994924,5.132352],[119.998434,5.130015],[120.002949,5.137884],[120.004127,5.144011],[120.002445,5.151317],[119.996457,5.15588],[120.019577,5.160351],[120.022471,5.167618],[120.031105,5.171743],[120.034762,5.179053],[120.040797,5.1818],[120.048809,5.181358],[120.055966,5.176619],[120.060475,5.161463],[120.066976,5.162229],[120.075855,5.170381],[120.077727,5.160928],[120.076904,5.156717],[120.070757,5.150051],[120.07607,5.147643],[120.083894,5.159787],[120.0876,5.152033],[120.094587,5.150477],[120.101248,5.158543],[120.099697,5.166188],[120.10324,5.168649],[120.108343,5.167435],[120.110833,5.171097],[120.11079,5.177281],[120.11506,5.185722],[120.121349,5.185382],[120.123252,5.191482],[120.12175,5.195985],[120.122816,5.204368],[120.125749,5.208525],[120.129707,5.196132],[120.13585,5.196013]]],[[[120.055954,5.149024],[120.06381,5.161287],[120.0542,5.16014],[120.051724,5.158188],[120.044774,5.160972],[120.040627,5.155556],[120.04225,5.150285],[120.05209,5.15183],[120.055954,5.149024]]],[[[119.987909,5.084609],[119.994079,5.088149],[119.996713,5.093474],[119.995317,5.098963],[119.99134,5.101782],[119.987588,5.099604],[119.983906,5.086672],[119.987909,5.084609]]],[[[119.934339,5.073782],[119.942806,5.078945],[119.94148,5.086032],[119.937592,5.085408],[119.932466,5.078598],[119.934339,5.073782]]],[[[119.994748,4.953309],[120.001491,4.952359],[120.010641,4.962186],[120.013154,4.970655],[120.013436,4.984114],[120.020051,4.98756],[120.025898,5.006836],[120.016667,5.014363],[120.012061,5.0087],[120.006669,5.012333],[119.99328,5.005794],[119.995214,4.998533],[120.000313,4.990324],[119.992742,4.984175],[119.990459,4.97472],[119.989307,4.9603],[119.994748,4.953309]]],[[[119.749928,5.034333],[119.762717,5.038766],[119.775573,5.04811],[119.778885,5.041677],[119.785423,5.041806],[119.792114,5.047568],[119.788434,5.052608],[119.790955,5.058658],[119.80203,5.051697],[119.808934,5.056872],[119.817776,5.060974],[119.820354,5.067272],[119.807768,5.078308],[119.813708,5.091296],[119.804192,5.096913],[119.804173,5.101022],[119.808557,5.105453],[119.806612,5.116849],[119.798028,5.118926],[119.792919,5.111787],[119.786555,5.108263],[119.781577,5.108041],[119.774485,5.104446],[119.765265,5.094277],[119.763651,5.08938],[119.758147,5.082265],[119.744922,5.058546],[119.740854,5.047581],[119.739643,5.039298],[119.741559,5.036448],[119.749928,5.034333]]],[[[119.816112,5.093145],[119.816403,5.101744],[119.808819,5.104864],[119.804657,5.100028],[119.805748,5.096153],[119.816112,5.093145]]],[[[119.796728,5.025023],[119.804672,5.035189],[119.797303,5.038478],[119.787742,5.039828],[119.778078,5.037254],[119.779516,5.034487],[119.79108,5.031411],[119.796728,5.025023]]],[[[119.745651,5.006155],[119.748495,5.008257],[119.75652,5.008338],[119.763317,5.011777],[119.772471,5.012805],[119.772504,5.016203],[119.779869,5.025653],[119.77608,5.030522],[119.77118,5.031581],[119.760412,5.031001],[119.758398,5.035497],[119.747779,5.031499],[119.741106,5.034094],[119.737785,5.028411],[119.736232,5.016358],[119.741533,5.007613],[119.745651,5.006155]]],[[[118.535048,6.963885],[118.532302,6.967432],[118.522889,6.97437],[118.517351,6.975506],[118.515163,6.988366],[118.518464,7.001538],[118.517647,7.006506],[118.519798,7.013657],[118.524732,7.018035],[118.526758,7.031366],[118.524316,7.039547],[118.513438,7.047662],[118.506693,7.049223],[118.499458,7.048461],[118.492974,7.044148],[118.486883,7.036776],[118.478108,7.033621],[118.473604,7.028813],[118.463754,7.03448],[118.453683,7.036151],[118.447574,7.031829],[118.428,7.026418],[118.414918,7.017388],[118.414769,7.011871],[118.424146,7.011427],[118.430466,7.007218],[118.427018,6.996868],[118.428204,6.990871],[118.439005,6.989041],[118.451008,6.981334],[118.456144,6.98342],[118.458638,6.97932],[118.467375,6.981113],[118.471922,6.975724],[118.480674,6.983174],[118.485176,6.976424],[118.479972,6.97067],[118.485262,6.967341],[118.507237,6.96911],[118.512548,6.974629],[118.521827,6.96679],[118.535048,6.963885]]],[[[118.394841,6.870753],[118.398818,6.871416],[118.40084,6.87719],[118.393927,6.876883],[118.394841,6.870753]]],[[[119.789453,4.913931],[119.792434,4.890795],[119.8006,4.864768],[119.804373,4.854697],[119.808186,4.85373],[119.824699,4.855585],[119.841419,4.863401],[119.85351,4.865625],[119.850181,4.894648],[119.842874,4.906929],[119.832491,4.916207],[119.825983,4.916263],[119.828805,4.904502],[119.823034,4.902018],[119.817033,4.904881],[119.815705,4.909559],[119.823111,4.918941],[119.820995,4.924025],[119.798742,4.924987],[119.794069,4.923701],[119.78943,4.918728],[119.789453,4.913931]]],[[[119.826305,4.822649],[119.817706,4.822238],[119.808494,4.817434],[119.809133,4.805623],[119.814396,4.798243],[119.822993,4.7941],[119.841039,4.790271],[119.865968,4.794304],[119.868527,4.800178],[119.866995,4.803739],[119.854056,4.810944],[119.847934,4.810504],[119.843525,4.812925],[119.833423,4.821664],[119.826305,4.822649]]],[[[119.408689,4.874947],[119.409485,4.881828],[119.403486,4.89902],[119.397299,4.906559],[119.390666,4.902052],[119.388655,4.897569],[119.390392,4.893222],[119.400175,4.883657],[119.405226,4.875996],[119.408689,4.874947]]],[[[119.415948,4.846399],[119.414729,4.862511],[119.408899,4.858283],[119.412175,4.849911],[119.415948,4.846399]]],[[[119.401884,4.669034],[119.404503,4.674248],[119.406831,4.685447],[119.41112,4.692022],[119.412864,4.705124],[119.418931,4.737582],[119.421093,4.763936],[119.419926,4.76932],[119.422914,4.781962],[119.418079,4.779138],[119.41359,4.771672],[119.411417,4.764657],[119.399098,4.75846],[119.400645,4.752782],[119.397014,4.748727],[119.389321,4.744614],[119.395367,4.738488],[119.39976,4.739267],[119.403928,4.73617],[119.406177,4.725071],[119.403416,4.719047],[119.401689,4.706384],[119.394332,4.703196],[119.396907,4.692419],[119.393567,4.682433],[119.395144,4.678083],[119.393158,4.669657],[119.401884,4.669034]]],[[[119.401445,4.656944],[119.399701,4.664863],[119.391416,4.663642],[119.394682,4.658803],[119.401445,4.656944]]],[[[119.395869,4.640477],[119.400195,4.644094],[119.397844,4.648626],[119.390208,4.650202],[119.391751,4.64225],[119.395869,4.640477]]],[[[119.390703,4.616001],[119.39158,4.622812],[119.384674,4.626096],[119.382653,4.62348],[119.383692,4.616868],[119.390703,4.616001]]],[[[120.585772,5.466573],[120.577903,5.460086],[120.580015,5.445976],[120.584573,5.442838],[120.591224,5.445939],[120.589634,5.457426],[120.589879,5.465723],[120.585772,5.466573]]],[[[120.578913,5.405076],[120.582718,5.404759],[120.59225,5.398782],[120.607868,5.405164],[120.608141,5.411717],[120.59966,5.419094],[120.59156,5.432714],[120.581328,5.436337],[120.578353,5.43388],[120.578929,5.420381],[120.585325,5.424815],[120.59298,5.422776],[120.596912,5.419344],[120.600257,5.409751],[120.594103,5.406156],[120.593885,5.414072],[120.589866,5.416429],[120.585507,5.412194],[120.579806,5.417475],[120.57457,5.41938],[120.572463,5.415362],[120.578913,5.405076]]],[[[120.569048,5.30536],[120.566127,5.296034],[120.573637,5.293033],[120.575973,5.297972],[120.569048,5.30536]]],[[[120.37263,5.272376],[120.368464,5.26804],[120.375854,5.258953],[120.380269,5.260906],[120.383009,5.267126],[120.37263,5.272376]]],[[[120.639107,5.235012],[120.633753,5.234125],[120.629112,5.229985],[120.635615,5.222028],[120.647909,5.222624],[120.648968,5.227398],[120.639107,5.235012]]],[[[120.660791,5.22299],[120.672709,5.209085],[120.678645,5.207285],[120.680294,5.213418],[120.670786,5.219847],[120.660791,5.22299]]],[[[120.600595,5.213301],[120.606143,5.219871],[120.599519,5.219862],[120.587554,5.217753],[120.576532,5.213004],[120.570516,5.212649],[120.572729,5.206611],[120.590274,5.205494],[120.599354,5.202883],[120.600595,5.213301]]],[[[120.518139,5.197604],[120.511533,5.203256],[120.508419,5.201897],[120.511882,5.194136],[120.522408,5.188227],[120.522383,5.192456],[120.518139,5.197604]]],[[[120.499939,5.187035],[120.48149,5.19414],[120.481605,5.18485],[120.48809,5.174419],[120.487719,5.166755],[120.49327,5.161043],[120.499286,5.158719],[120.501317,5.166753],[120.508756,5.173931],[120.504483,5.183852],[120.499939,5.187035]]],[[[120.229773,5.32407],[120.224863,5.325758],[120.218358,5.312847],[120.219923,5.302445],[120.230665,5.298152],[120.237634,5.298733],[120.240214,5.301763],[120.236417,5.307468],[120.235415,5.314101],[120.229773,5.32407]]],[[[120.26595,5.313853],[120.264821,5.307613],[120.268478,5.302966],[120.27669,5.299484],[120.277155,5.304534],[120.26595,5.313853]]],[[[120.305758,5.283249],[120.304655,5.27821],[120.310079,5.274554],[120.313031,5.279085],[120.305758,5.283249]]],[[[120.291737,5.262614],[120.296376,5.268219],[120.291088,5.270211],[120.28942,5.274356],[120.284676,5.273133],[120.291737,5.262614]]],[[[120.265268,5.253098],[120.269008,5.259346],[120.263136,5.259587],[120.265268,5.253098]]],[[[120.360098,5.257463],[120.352677,5.256685],[120.346082,5.249522],[120.349162,5.243593],[120.344516,5.235399],[120.340557,5.234182],[120.331651,5.22447],[120.328864,5.211208],[120.330391,5.206716],[120.336507,5.208574],[120.33518,5.198545],[120.331058,5.198467],[120.332918,5.191379],[120.339242,5.188923],[120.340123,5.182909],[120.343466,5.181772],[120.349998,5.193917],[120.352023,5.202748],[120.347443,5.207335],[120.347081,5.215711],[120.356961,5.221847],[120.358745,5.227291],[120.355726,5.230182],[120.367163,5.250064],[120.367676,5.254895],[120.360098,5.257463]]],[[[120.280199,5.258524],[120.277861,5.251984],[120.281721,5.24808],[120.286541,5.248111],[120.287816,5.254266],[120.280199,5.258524]]],[[[120.267605,5.173054],[120.272745,5.171581],[120.280068,5.18154],[120.285003,5.180378],[120.296866,5.182785],[120.302108,5.190713],[120.305397,5.190843],[120.309855,5.195783],[120.311716,5.201155],[120.318493,5.204918],[120.317547,5.210349],[120.310616,5.212432],[120.30685,5.223295],[120.301367,5.229877],[120.29642,5.231717],[120.291108,5.23844],[120.281764,5.243415],[120.270887,5.25621],[120.266301,5.251631],[120.260471,5.248935],[120.256752,5.230409],[120.257209,5.217042],[120.243612,5.19057],[120.246494,5.180538],[120.250205,5.180162],[120.267307,5.186567],[120.267605,5.173054]]],[[[120.316107,5.235401],[120.321379,5.243509],[120.320803,5.248505],[120.314348,5.251087],[120.303354,5.246044],[120.298372,5.237959],[120.30245,5.231803],[120.310712,5.224569],[120.316107,5.235401]]],[[[120.322073,5.235435],[120.325892,5.236608],[120.325897,5.24346],[120.321809,5.242409],[120.322073,5.235435]]],[[[120.26093,5.16505],[120.269234,5.167473],[120.262631,5.172935],[120.258454,5.168016],[120.26093,5.16505]]],[[[120.143505,5.158582],[120.15007,5.158686],[120.152304,5.165542],[120.145122,5.163653],[120.143505,5.158582]]],[[[120.281046,5.151556],[120.288012,5.155102],[120.282865,5.161672],[120.277981,5.159141],[120.281046,5.151556]]],[[[120.345127,5.155916],[120.344009,5.160853],[120.336756,5.159791],[120.325193,5.153316],[120.323067,5.148689],[120.320291,5.130879],[120.326504,5.122039],[120.336447,5.117175],[120.344096,5.124328],[120.348255,5.133497],[120.348714,5.142935],[120.345127,5.155916]]],[[[118.075914,6.281835],[118.081212,6.282973],[118.081938,6.288319],[118.076988,6.289486],[118.075914,6.281835]]],[[[118.118069,6.183622],[118.122481,6.185634],[118.120542,6.190634],[118.114421,6.186036],[118.118069,6.183622]]],[[[118.309962,6.071494],[118.317906,6.073319],[118.321389,6.082459],[118.319511,6.086672],[118.308799,6.076628],[118.309962,6.071494]]],[[[120.249982,5.441313],[120.249989,5.445971],[120.238772,5.445019],[120.238938,5.442085],[120.229805,5.442288],[120.227586,5.445083],[120.230032,5.456375],[120.234624,5.458051],[120.239804,5.454663],[120.245821,5.458615],[120.233908,5.465968],[120.227835,5.463389],[120.227179,5.452255],[120.225406,5.444978],[120.229103,5.440967],[120.240841,5.439655],[120.249982,5.441313]]],[[[120.193225,5.449392],[120.193677,5.456773],[120.190546,5.461567],[120.186141,5.460013],[120.181033,5.453283],[120.180896,5.449252],[120.184781,5.444348],[120.193184,5.443199],[120.193225,5.449392]]],[[[120.368286,5.388123],[120.372498,5.390076],[120.383911,5.39032],[120.393311,5.392273],[120.403503,5.398499],[120.401906,5.402973],[120.391187,5.404987],[120.377028,5.40263],[120.366688,5.391207],[120.368286,5.388123]]],[[[120.306042,5.362543],[120.323955,5.367511],[120.334219,5.373755],[120.33927,5.379133],[120.338661,5.382254],[120.329433,5.381188],[120.323145,5.383538],[120.322016,5.386576],[120.314411,5.38622],[120.310619,5.381159],[120.298748,5.382392],[120.294122,5.375972],[120.294076,5.369759],[120.301792,5.363463],[120.306042,5.362543]]],[[[120.223502,5.349082],[120.225706,5.33754],[120.244187,5.323975],[120.246657,5.33283],[120.24307,5.341278],[120.243324,5.346306],[120.23716,5.354733],[120.227695,5.358565],[120.22006,5.35591],[120.223502,5.349082]]],[[[119.939935,5.233324],[119.941127,5.228481],[119.947764,5.234159],[119.94922,5.240719],[119.942272,5.23874],[119.939935,5.233324]]],[[[120.31896,5.119418],[120.318876,5.122705],[120.311903,5.130401],[120.299451,5.120264],[120.294037,5.111907],[120.288787,5.10864],[120.278214,5.105314],[120.269894,5.093805],[120.269061,5.090283],[120.281765,5.082739],[120.293934,5.088579],[120.303471,5.09082],[120.308576,5.097453],[120.318344,5.103845],[120.31896,5.119418]]],[[[120.27292,5.082655],[120.272112,5.085185],[120.261691,5.087554],[120.258997,5.090382],[120.251736,5.082906],[120.249326,5.074467],[120.246274,5.072716],[120.250837,5.065142],[120.261457,5.065694],[120.26929,5.073453],[120.27292,5.082655]]],[[[120.209423,5.044875],[120.20498,5.042176],[120.199819,5.035791],[120.191181,5.028984],[120.191071,5.024813],[120.196047,5.018447],[120.203443,5.015754],[120.214647,5.015194],[120.228471,5.033305],[120.22211,5.041016],[120.21772,5.043448],[120.209423,5.044875]]],[[[120.136554,5.015025],[120.134592,5.020529],[120.119251,5.029734],[120.105241,5.036963],[120.100963,5.029457],[120.104981,5.025563],[120.114753,5.022225],[120.119555,5.0169],[120.121286,5.008664],[120.125057,5.003836],[120.134053,5.003747],[120.138115,5.009492],[120.136554,5.015025]]],[[[119.455695,4.65122],[119.457986,4.642098],[119.469852,4.654089],[119.47639,4.658713],[119.476666,4.663083],[119.481015,4.672033],[119.487974,4.689912],[119.490373,4.699962],[119.493506,4.706614],[119.494903,4.715519],[119.49797,4.719272],[119.500759,4.731271],[119.505493,4.744374],[119.506973,4.761184],[119.503979,4.787078],[119.497959,4.812712],[119.496412,4.828688],[119.485599,4.858179],[119.484517,4.862439],[119.474959,4.884681],[119.46833,4.898372],[119.461977,4.908839],[119.456498,4.913643],[119.449345,4.912594],[119.445027,4.903779],[119.44658,4.880109],[119.454553,4.845355],[119.459412,4.832546],[119.463443,4.812936],[119.466082,4.790027],[119.466073,4.762055],[119.46456,4.732942],[119.462283,4.724548],[119.457868,4.693588],[119.456168,4.686137],[119.45448,4.665935],[119.459219,4.661742],[119.455695,4.65122]]],[[[124.015458,7.312996],[124.018486,7.299453],[124.027294,7.294636],[124.036744,7.302273],[124.044653,7.313305],[124.040426,7.328414],[124.046954,7.339829],[124.05703,7.345049],[124.058805,7.347819],[124.069316,7.353653],[124.072892,7.358788],[124.078081,7.37277],[124.06802,7.3754],[124.064329,7.37315],[124.057596,7.365062],[124.04462,7.356688],[124.036713,7.347459],[124.034407,7.342962],[124.024027,7.337339],[124.016154,7.327053],[124.01458,7.31914],[124.015458,7.312996]]]]}}
